make,model,trim,model_year,drivetrain,fuel_type,body_style,exterior_color_options,interior_color_material_options,wheel_options,roof_options,seating_configuration,drivetrain_engine_variants,common_features,package_definitions,sources,discrepancy_notes,confidence_notes
Honda,Civic,LX,2026,FWD,Gas,sedan,Crystal Black Pearl | Standalone | included |  ;; Meteorite Gray Metallic | Standalone | included |  ;; Rallye Red | Standalone | included |  ;; Solar Silver Metallic | Standalone | included |  ;; Blue Lagoon Pearl | Standalone | $455 |  ;; Platinum White Pearl | Standalone | $455 | ,Black Cloth | Standard | included | ,"16-Inch Wheels with Covers | Standard | included |  ;; 18-Inch Black Coal Alloy Wheels | Standalone | $1,600 | ",Moonroof/Sunroof | Unavailable | | ,5-seat (standard),"CVT w/ 2.0L 4-cyl, 150 hp | Standard (only powertrain offered) | included | ","Leather seating | Unavailable | |  ;; Heated front seats | Unavailable | |  ;; Heated steering wheel | Unavailable | |  ;; Adaptive Cruise Control w/Low-Speed Follow | Standard | |  ;; Wireless phone charging | Unavailable | |  ;; Moonroof | Unavailable | |  ;; Honda Sensing suite (CMBS, Road Departure Mitigation, Lane Keeping Assist, Traffic Sign Recognition, ACC) | Standard | | ","All-Season Protection Package I | $470 | contents: All-Season Floor Mats, Splash Guard Set, Trunk Tray",https://automobiles.honda.com/tools/build-and-price-result?modelid=FE2F2TEW&modelseries=civic-sedan&modelyear=2026 ; https://automobiles.honda.com/civic-sedan/specs-feature-modals/see-more-lx?modelyear=2026&modelseries=civic-sedan&modeltrim=LX&modelid=FE2F2TEW&stub=smf,None found; Honda's own live configurator and feature page agreed.,High confidence -- all data pulled live from Honda's own Build & Price configurator (automobiles.honda.com) on 2026-09-09.
Honda,Civic,Sport,2026,FWD,Gas,sedan,Crystal Black Pearl | Standalone | included |  ;; Meteorite Gray Metallic | Standalone | included |  ;; Rallye Red | Standalone | included |  ;; Solar Silver Metallic | Standalone | included |  ;; Blue Lagoon Pearl | Standalone | $455 |  ;; Platinum White Pearl | Standalone | $455 |  ;; Urban Gray Pearl | Standalone | $455 | ,Black Cloth | Standard | included | ,"18-Inch Gloss-Black Alloy Wheels | Standard | included |  ;; 18-Inch Black Coal Alloy Wheels | Standalone | $1,600 | ",Moonroof/Sunroof | Unavailable | | ,5-seat (standard),"CVT w/ 2.0L 4-cyl, 150 hp, paddle shifters, 3-Mode Drive System | Standard (only powertrain offered) | included | ",Leather seating | Unavailable | |  ;; Heated front seats | Unavailable | |  ;; Heated steering wheel | Unavailable | |  ;; Adaptive Cruise Control w/Low-Speed Follow | Standard | |  ;; Wireless phone charging | Unavailable | |  ;; Moonroof | Unavailable | |  ;; Honda Sensing suite (adds Blind Spot Information w/Cross Traffic Monitor over LX) | Standard | | ,"All-Season Protection Package I | $470 | contents: All-Season Floor Mats, Splash Guard Set, Trunk Tray ;; All-Season Protection Package II | $410 | contents: All-Season Floor Mats, Wheel Locks, Trunk Tray ;; Protection Package | $345 | contents: Splash Guard Set, Trunk Tray, Wheel Locks",https://automobiles.honda.com/tools/build-and-price-result?modelid=FE2F5TEW&modelseries=civic-sedan&modelyear=2026 ; https://automobiles.honda.com/civic-sedan/specs-feature-modals/see-more-sport?modelyear=2026&modelseries=civic-sedan&modeltrim=Sport&modelid=FE2F5TEW&stub=smf,None found.,High confidence -- all data pulled live from Honda's own Build & Price configurator.
Honda,Civic,Sport Hybrid,2026,FWD,Hybrid,sedan,Crystal Black Pearl | Standalone | included |  ;; Meteorite Gray Metallic | Standalone | included |  ;; Rallye Red | Standalone | included |  ;; Solar Silver Metallic | Standalone | included |  ;; Blue Lagoon Pearl | Standalone | $455 |  ;; Platinum White Pearl | Standalone | $455 |  ;; Urban Gray Pearl | Standalone | $455 | ,"Black Cloth | Standard | included |  ;; Gray Cloth | Standalone (conditional -- only paired with Meteorite Gray Metallic or Platinum White Pearl exterior, per Edmunds/Honda Feature Guide) | included | ","18-Inch Gloss-Black Alloy Wheels | Standard | included |  ;; 18-Inch Black Coal Alloy Wheels | Standalone | $1,600 | ",One-Touch Power Moonroof | Standard | | ,5-seat (standard),"2.0L 4-cyl + 2-motor hybrid system (Two-Motor Hybrid), 200 hp | Standard (only powertrain offered) | included | ",Leather seating | Unavailable | |  ;; Heated front seats | Standard | |  ;; Heated steering wheel | Unavailable | |  ;; Adaptive Cruise Control w/Low-Speed Follow | Standard | |  ;; Wireless phone charging | Unavailable | |  ;; Moonroof | Standard | |  ;; Honda Sensing suite | Standard | | ,"All-Season Protection Package I | $470 | contents: All-Season Floor Mats - Hybrid, Splash Guard Set, Trunk Tray ;; All-Season Protection Package II | $410 | contents: All-Season Floor Mats, Wheel Locks, Trunk Tray ;; Protection Package | $345 | contents: Splash Guard Set, Trunk Tray, Wheel Locks","https://automobiles.honda.com/tools/build-and-price-result?modelid=FE4F8TJW&modelseries=civic-sedan&modelyear=2026 ; https://automobiles.honda.com/civic-sedan/specs-feature-modals/see-more-sport-hybrid?modelyear=2026&modelseries=civic-sedan&modeltrim=Sport+Hybrid&modelid=FE4F8TJW&stub=smf ; https://www.edmunds.com/honda/civic/2026/hybrid/st-402072059/features-specs/ (cross-check, interior color conditionality) ; https://www.hondainfocenter.com/2026/Civic-Hatchback/Feature-Guide/Colors/ (Gray Cloth conditional-availability corroboration)","Honda's live configurator showed only 1 interior color (""Interior Color (1): Black Cloth"") when the default exterior color (Solar Silver Metallic) was selected. Edmunds' spec sheet for this trim lists both ""Gray, cloth"" and ""Black, cloth"" as available, and Honda's own Feature Guide for the hatchback version of this trim confirms Gray Cloth exists but is only offered paired with Meteorite Gray Metallic or Platinum White Pearl exterior paint. This strongly suggests Honda's tool filters interior options by the currently-selected exterior color rather than showing all trim-level options at once -- flagged as a genuine trim-level option, not an error.","High confidence on core config (live Honda data); interior-color-by-exterior-color conditionality inferred from Edmunds + Honda Feature Guide cross-check, not independently re-verified against every exterior color in Honda's own tool."
Honda,Civic,Sport Touring Hybrid,2026,FWD,Hybrid,sedan,Crystal Black Pearl | Standalone | included |  ;; Meteorite Gray Metallic | Standalone | included |  ;; Rallye Red | Standalone | included |  ;; Solar Silver Metallic | Standalone | included |  ;; Blue Lagoon Pearl | Standalone | $455 |  ;; Platinum White Pearl | Standalone | $455 |  ;; Urban Gray Pearl | Standalone | $455 | ,Black Leather | Standard | included |  ;; Gray Leather | Standalone | included | ,"18-Inch Alloy Wheels with Matte Shark Gray Inserts | Standard | included |  ;; 18-Inch Black Coal Alloy Wheels | Standalone | $1,600 | ",One-Touch Power Moonroof | Standard | | ,5-seat (standard); adds power front seats,"2.0L 4-cyl + 2-motor hybrid system, 200 hp, 4-Mode Drive System (adds Individual mode) | Standard (only powertrain offered) | included | ",Leather seating | Standard | |  ;; Heated front seats | Standard | |  ;; Heated steering wheel | Unavailable (not mentioned in Honda spec) | |  ;; Adaptive Cruise Control w/Low-Speed Follow | Standard | |  ;; Wireless phone charging | Standard | |  ;; Moonroof | Standard | |  ;; Honda Sensing suite | Standard | |  ;; Google built-in / 12-speaker Bose Premium Sound System | Standard | | ,"All-Season Protection Package I | $470 | contents: All-Season Floor Mats, Splash Guard Set, Trunk Tray ;; All-Season Protection Package II | $410 | contents: All-Season Floor Mats, Wheel Locks, Trunk Tray ;; Protection Package | $345 | contents: Splash Guard Set, Trunk Tray, Wheel Locks",https://automobiles.honda.com/tools/build-and-price-result?modelid=FE4F8TKNW&modelseries=civic-sedan&modelyear=2026 ; https://automobiles.honda.com/civic-sedan/specs-feature-modals/see-more-touring?modelyear=2026&modelseries=civic-sedan&modeltrim=Sport+Touring+Hybrid&modelid=FE4F8TKNW&stub=smf ; https://www.edmunds.com/honda/civic/2026/st-402072058/features-specs/ (cross-check),None found.,High confidence -- all core data pulled live from Honda's own Build & Price configurator. Heated steering wheel absence confirmed by omission across Honda's own feature list and Edmunds.
Honda,Civic,Si,2026,FWD,Gas,sedan,Crystal Black Pearl | Standalone | included |  ;; Rallye Red | Standalone | included |  ;; Platinum White Pearl | Standalone | extra cost (amount not confirmed) |  ;; Urban Gray Pearl | Standalone | extra cost (amount not confirmed) | ,Black/Red Cloth | Standard (only option) | included | ,18-Inch Matte Black Alloy Wheels | Standard (only option; no upgrade wheel offered) | included | ,One-Touch Power Moonroof w/ Tilt Feature | Standard | | ,5-seat (standard),"1.5L Turbo 4-cyl, 6-speed manual w/ rev-match control, limited-slip differential, 3-Mode Drive System | Standard (manual is the only transmission offered on Si -- no CVT option) | included | ",Leather seating | Unavailable (cloth only) | |  ;; Heated front seats | Standard (multi-level heated driver + passenger) | |  ;; Heated steering wheel | Unavailable (not mentioned in Honda's own spec sheet) | |  ;; Adaptive Cruise Control (Honda Sensing) | Standard | |  ;; Wireless phone charging | Unavailable (not mentioned in Honda's own spec sheet) | |  ;; Moonroof | Standard | |  ;; Honda Sensing suite | Standard | | ,No packages identified for Si.,https://www.edmunds.com/honda/civic/2026/si/features-specs/ ; https://hondanews.com/en-US/honda-automobiles/releases/release-a6c73f4ff003188036052dfe2601819b-2026-honda-civic-si-specifications-features (Honda official press release) ; https://www.hondainfocenter.com/2026/Civic-Si/Feature-Guide/Colors/ ; https://www.hondainfocenter.com/2026/Civic-Si/Feature-Guide/Exterior-Features/Wheels-and-Tires/ ; https://www.hondainfocenter.com/2026/Civic-Si/ (feature-guide index),"FALLBACK TIER for this row. Edmunds and Honda's official press release (hondanews.com) agree on all core specs. Exact dollar amount for the two premium exterior colors (Platinum White Pearl, Urban Gray Pearl) could not be confirmed without Honda's live configurator (it was $455 on every other trim checked live, but this is not confirmed for Si).","FALLBACK TIER: Honda's live Build & Price browser tool disconnected mid-session (Chrome extension dropped, 3 retries over ~45s failed) before this trim could be reached; data sourced from Edmunds features-specs, Honda's official press release (hondanews.com), and Honda's own dealer-facing Feature Guide (hondainfocenter.com), per the approved fallback tier. Premium exterior color surcharge amount left unconfirmed (likely $455 based on pattern from other trims, but not independently verified for Si)."
Honda,Civic,Sport Hatchback,2026,FWD,Gas,hatchback,Crystal Black Pearl | Standalone | included |  ;; Meteorite Gray Metallic | Standalone | included |  ;; Rallye Red | Standalone | included |  ;; Solar Silver Metallic | Standalone | included |  ;; Boost Blue Pearl | Standalone | $455 |  ;; Platinum White Pearl | Standalone | $455 |  ;; Sand Dune Pearl | Standalone | $455 |  ;; Urban Gray Pearl | Standalone | $455 | ,Black Cloth | Standard | included | ,"18-Inch Gloss Black Alloy Wheels | Standard | included |  ;; 18-Inch Black Coal Alloy Wheels | Standalone | $1,600 | ",Moonroof/Sunroof | Unavailable | | ,5-seat (standard),"CVT w/ 2.0L 4-cyl, 150 hp, paddle shifters, 3-Mode Drive System | Standard (only powertrain offered) | included | ","Leather seating | Unavailable | |  ;; Heated front seats | Unavailable | |  ;; Heated steering wheel | Unavailable | |  ;; Adaptive Cruise Control w/Low-Speed Follow | Standard | |  ;; Wireless phone charging | Unavailable | |  ;; Moonroof | Unavailable | |  ;; Honda Sensing suite (incl. Blind Spot Information, Rear Cross Traffic Monitor) | Standard | | ","Cargo Package | $230 | contents: Cargo Tray, First Aid Kit, Cargo Net ;; All-Season Protection Package I | $470 | contents: All-Season Floor Mats, Splash Guard Set, Trunk Tray ;; All-Season Protection Package II | $410 | contents: All-Season Floor Mats, Wheel Locks, Trunk Tray ;; Protection Package | $345 | contents: Splash Guard Set, Trunk Tray, Wheel Locks",https://automobiles.honda.com/tools/build-and-price-result?modelid=FL2H8TEW&modelseries=civic-hatchback&modelyear=2026 ; https://automobiles.honda.com/civic-hatchback/modals-trim-full-spec/sport/sport-see-more?modelyear=2026&modelseries=civic-hatchback&modeltrim=Sport&modelid=FL2H8TEW&stub=smf,None found.,High confidence -- all data pulled live from Honda's own Build & Price configurator.
Honda,Civic,Sport Hybrid Hatchback,2026,FWD,Hybrid,hatchback,"Crystal Black Pearl | Standalone | included |  ;; Meteorite Gray Metallic | Standalone | included |  ;; Rallye Red | Standalone | included |  ;; Solar Silver Metallic | Standalone | included |  ;; Boost Blue Pearl | Standalone | extra cost (Honda Feature Guide notes premium cost, exact amount unconfirmed) |  ;; Platinum White Pearl | Standalone | extra cost |  ;; Sand Dune Pearl | Standalone | extra cost |  ;; Urban Gray Pearl | Standalone | extra cost |  ;; Sonic Gray Pearl | Standalone (Sport Hybrid-exclusive color, limited availability per Honda Feature Guide) | extra cost | ","Black Cloth | Standard | included |  ;; Gray Cloth | Standalone (conditional -- only paired with Meteorite Gray Metallic or Platinum White Pearl exterior, per Honda Feature Guide) | included | ",18-Inch Gloss Black Alloy Wheels | Standard | included | ,One-Touch Power Moonroof | Standard | | ,5-seat (standard),"2.0L 4-cyl + 2-motor hybrid system, 200 hp, Deceleration Selectors, 3-Mode Drive System | Standard (only powertrain offered) | included | ",Leather seating | Unavailable | |  ;; Heated front seats | Standard | |  ;; Heated steering wheel | Unavailable | |  ;; Adaptive Cruise Control w/Low-Speed Follow | Standard | |  ;; Wireless phone charging | Unavailable | |  ;; Moonroof | Standard | |  ;; Honda Sensing suite | Standard | | ,Not confirmed for this specific trim (see confidence_notes); pattern from Sport Hatchback suggests a similarly-priced Cargo Package and All-Season Protection Packages likely exist.,"https://automobiles.honda.com/civic-hatchback/modals-trim-full-spec/sport-hybrid/sport-hybrid-see-more?modelyear=2026&modelseries=civic-hatchback&modeltrim=Sport+Hybrid&modelid=FL4H8TJYW&stub=smf ; https://www.hondainfocenter.com/2026/Civic-Hatchback/Feature-Guide/Colors/ ; https://www.hondainfocenter.com/2026/Civic-Hatchback/Feature-Guide/Exterior-Features/Wheels-and-Tires/ ; https://www.edmunds.com/honda/civic/2026/hatchback/features-specs/ ; https://www.edmunds.com/honda/civic/2026/hybrid/st-402072059/features-specs/ (sedan equivalent cross-check) [Honda live Build & Price configurator for this exact hatchback trim was NOT reachable this session -- browser tool disconnected before this trim; wheel-upgrade price and package list are inferred from the Sport Hatchback pattern, not independently confirmed]","FALLBACK TIER for exterior/interior color list, wheel-upgrade option, and packages -- Honda's live Build & Price browser session disconnected before this trim was reached. Standard equipment (moonroof, heated seats, drivetrain) confirmed directly from Honda's own 'see more' feature page, which loaded successfully via a direct fetch. Whether an 18-Inch Black Coal Alloy Wheels ($1,600) upgrade exists for this trim (as it does on every other trim checked live) could not be confirmed.","FALLBACK TIER: Honda's live Build & Price browser tool disconnected mid-session (Chrome extension dropped, 3 retries over ~45s failed) before this trim could be reached; data sourced from Edmunds features-specs, Honda's official press release (hondanews.com), and Honda's own dealer-facing Feature Guide (hondainfocenter.com), per the approved fallback tier. Left blank/unconfirmed: exact premium-color surcharge amounts, existence/price of an upgraded wheel option, and full accessory package list."
Honda,Civic,Sport Touring Hybrid Hatchback,2026,FWD,Hybrid,hatchback,Crystal Black Pearl | Standalone | included (availability on this exact trim not 100% confirmed -- see discrepancy notes) |  ;; Meteorite Gray Metallic | Standalone | included |  ;; Solar Silver Metallic | Standalone | included |  ;; Platinum White Pearl | Standalone | extra cost |  ;; Sand Dune Pearl | Standalone | extra cost |  ;; Urban Gray Pearl | Standalone | extra cost |  ;; Rallye Red | Standalone | availability on this exact trim not confirmed -- see discrepancy notes | ,Black Leather | Standard | included |  ;; Gray Leather | Standalone | included | ,"18-Inch Alloy Wheels, unique machine-finished design | Standard | included | ",One-Touch Power Moonroof | Standard | | ,5-seat (standard); adds power front seats,"2.0L 4-cyl + 2-motor hybrid system, 200 hp, 4-Mode Drive System (adds Individual mode), Deceleration Selectors | Standard (only powertrain offered) | included | ","Leather seating | Standard | |  ;; Heated front seats | Standard | |  ;; Heated steering wheel | Unavailable (not mentioned in Honda spec) | |  ;; Adaptive Cruise Control w/Low-Speed Follow | Standard | |  ;; Wireless phone charging | Standard | |  ;; Moonroof | Standard | |  ;; Honda Sensing suite (adds Low-Speed Braking Control, Parking Sensors) | Standard | |  ;; Google built-in, Alexa built-in, Wi-Fi Hotspot, 12-speaker Bose Premium Sound System | Standard | | ",Not confirmed for this specific trim (see confidence_notes).,"https://automobiles.honda.com/civic-hatchback/modals-trim-full-spec/sport-touring-hybrid/touring-see-more?modelyear=2026&modelseries=civic-hatchback&modeltrim=Sport+Touring+Hybrid&modelid=FL4H9TKYW&stub=smf ; https://www.hondainfocenter.com/2026/Civic-Hatchback/Feature-Guide/Colors/ ; https://www.hondainfocenter.com/2026/Civic-Hatchback/Feature-Guide/Exterior-Features/Wheels-and-Tires/ ; https://www.edmunds.com/honda/civic/2026/hatchback/features-specs/ ; https://www.edmunds.com/honda/civic/2026/st-402072058/features-specs/ (Sport Touring Hybrid cross-check) [Honda live Build & Price configurator for this exact hatchback trim was NOT reachable this session -- browser tool disconnected before this trim; wheel-upgrade price and package list are inferred from the sedan/Sport Hatchback pattern, not independently confirmed]","FALLBACK TIER for exterior color list, wheel-upgrade option, and packages -- Honda's live Build & Price browser session disconnected before this trim was reached. Honda's own dealer Feature Guide (hondainfocenter.com) listed the Sport Touring Hybrid Hatchback's exterior color set WITHOUT Rallye Red or Boost Blue Pearl (both of which ARE offered on the Sport / Sport Hybrid Hatchback trims and on the Sport Touring Hybrid SEDAN, which does offer Rallye Red live per Honda's own sedan configurator). This could mean the touring hatchback genuinely restricts these 2 colors, or it could be a summarization gap in the fallback source -- flagged rather than guessed. Standard equipment (moonroof, heated seats, leather, wireless charging, Bose, drivetrain) is confirmed directly from Honda's own 'see more' feature page.","FALLBACK TIER: Honda's live Build & Price browser tool disconnected mid-session (Chrome extension dropped, 3 retries over ~45s failed) before this trim could be reached; data sourced from Edmunds features-specs, Honda's official press release (hondanews.com), and Honda's own dealer-facing Feature Guide (hondainfocenter.com), per the approved fallback tier. Left blank/unconfirmed: whether Rallye Red and Boost Blue Pearl are actually offered on this exact trim, exact premium-color surcharge amounts, existence/price of an upgraded wheel option, and full accessory package list."
Honda,Civic,Type R,2026,FWD,Gas,hatchback,Crystal Black Pearl | Standalone | included |  ;; Rallye Red | Standalone | included |  ;; Championship White | Standalone | extra cost (amount not confirmed) |  ;; Sonic Gray Pearl | Standalone | extra cost (amount not confirmed) |  ;; Boost Blue Pearl | Standalone | extra cost (amount not confirmed) | ,"Black/Red Suede-Effect Fabric (cloth/sueded microfiber), high-bolstered sport seats w/ double red stitching | Standard (only option) | included | ",19x9.5J Matte Black Alloy Wheels w/ 265/30ZR19 Michelin Pilot Sport 4S tires | Standard (only option; no alternative wheel offered) | included | ,Moonroof/Sunroof | Unavailable (not offered on Type R) | | ,"4-seat (Type R has NO rear center seat / no 5th seating position -- differs from every other Civic trim, which are 5-seat)","2.0L Turbo 4-cyl (K20C1), 6-speed manual w/ rev-match control, helical limited-slip differential | Standard (manual is the only transmission -- no CVT/automatic option exists for Type R) | included | ",Leather seating | Unavailable (suede-effect fabric/cloth only) | |  ;; Heated front seats | Unavailable (not mentioned in Honda's official press release or Edmunds; a well-documented omission on Type R) | |  ;; Heated steering wheel | Unavailable (not mentioned in Honda's official press release) | |  ;; Adaptive Cruise Control (ACC) | Standard | |  ;; Wireless phone charging | Standard | |  ;; Moonroof | Unavailable | |  ;; Honda Sensing suite | Standard | | ,No packages identified for Type R.,https://hondanews.com/en-US/honda-automobiles/releases/release-80046da63cbf9f2582c8895ecb00c4b6-2026-honda-civic-type-r-specifications-features (Honda official press release) ; https://www.edmunds.com/honda/civic/2026/type-r/features-specs/ ; https://www.hondainfocenter.com/2026/Civic-Type-R/Feature-Guide/Colors/ ; https://www.hondainfocenter.com/2026/Civic-Type-R/Feature-Guide/Exterior-Features/Wheels-and-Tires/ ; https://www.hondainfocenter.com/2026/Civic-Type-R/Feature-Guide/ (feature-guide index),FALLBACK TIER for this row (Honda's live Build & Price browser session disconnected before Type R was reached). Honda's own official press release (hondanews.com) and Edmunds independently agree that heated seats are NOT listed as standard equipment on Type R -- notable since heated seats are standard on every hybrid Civic trim and even the cheaper Si. Exact dollar amounts for the 3 premium exterior colors could not be confirmed.,"FALLBACK TIER: Honda's live Build & Price browser tool disconnected mid-session (Chrome extension dropped, 3 retries over ~45s failed) before this trim could be reached; data sourced from Edmunds features-specs, Honda's official press release (hondanews.com), and Honda's own dealer-facing Feature Guide (hondainfocenter.com), per the approved fallback tier. Left blank/unconfirmed: exact premium exterior-color surcharge amounts. Heated-seat and heated-steering-wheel unavailability is corroborated by two independent sources (Honda press release + Edmunds), so confidence on those specific findings is high despite being fallback-tier."
Honda,Accord,LX,2026,FWD,Gas,sedan,Crystal Black Pearl | Standard | $0 (included) | ;; Meteorite Gray Metallic | Standard | $0 (included) | ;; Solar Silver Metallic | Standalone | +$455 | ;; Platinum White Pearl | Standalone | +$455 | ;; Radiant Red Metallic | Standalone | +$455 | ,Black Cloth | Standard | $0 | ,"17-Inch Silver-Painted Alloy Wheels | Standard | $0 (included, sole wheel option on this trim) | ",Moonroof/Sunroof | Unavailable | | ,5-seat sedan | Standard | $0 | ;; 60/40-style fold-down rear seatback | Standard | $0 | ,"1.5L Turbocharged I4, 192 hp, CVT | Standard (sole powertrain offered on this trim) | $0 (included) | ","Leather seating | Unavailable | | ;; Heated front seats | Unavailable | | ;; Heated steering wheel | Unavailable | | ;; Adaptive Cruise Control w/Low-Speed Follow (Honda Sensing) | Standard | $0 | ;; Wireless phone charger | Standard | $0 | ;; Moonroof | Unavailable | | ;; Honda Sensing safety suite (Collision Mitigation Braking, Road Departure Mitigation, Lane Keeping Assist, Traffic Jam Assist, Traffic Sign Recognition) | Standard | $0 | ","Cargo Package | $225 | contents: First Aid Kit, Cargo Hook, Trunk Tray (dealer/factory-installed accessory package under Honda B&P's 'Manufacture Packages' tab -- not a feature-gating package; none of the 7 tracked feature categories are locked behind any package on this trim)","https://automobiles.honda.com/tools/build-and-price-result?modelid=CY1F2TEW&modelseries=accord-sedan&modelyear=2026 (LX, Honda Build & Price, live browser session) ;; https://automobiles.honda.com/tools/build-and-price-trimwalk?modelseries=accord-sedan&modelyear=2026",None found -- Edmunds' Accord Hybrid feature page does not cover the gas-only LX trim.,"All fields directly confirmed live on Honda's Build & Price configurator (Design tab: Exterior Color (5), Interior Color (1), Wheels (1); Packages tab: Manufacture Packages (1)) and Honda's own 'See More' full spec modal for LX. High confidence."
Honda,Accord,SE,2026,FWD,Gas,sedan,Canyon River Blue Metallic | Standard | $0 (included) | ;; Crystal Black Pearl | Standard | $0 (included) | ;; Meteorite Gray Metallic | Standard | $0 (included) | ;; Solar Silver Metallic | Standalone | +$455 | ;; Platinum White Pearl | Standalone | +$455 | ;; Radiant Red Metallic | Standalone | +$455 | ;; Urban Gray Pearl | Standalone | +$455 | ,Black Cloth | Standard | $0 | ,"19-Inch Machine-Finished Alloy Wheels with Black Inserts | Standard | $0 (included) | ;; HPD 19-Inch Black Alloy Wheels | Standalone | +$2,040 | ",One-Touch Power Moonroof | Standard | $0 | ,5-seat sedan | Standard | $0 | ;; 60/40 Split Fold-Down Rear Seats | Standard | $0 | ,"1.5L Turbocharged I4, 192 hp, CVT | Standard (sole powertrain offered on this trim) | $0 (included) | ","Leather seating | Unavailable | | ;; Heated front seats | Standard | $0 | ;; Heated steering wheel | Unavailable | | ;; Adaptive Cruise Control w/Low-Speed Follow (Honda Sensing) | Standard | $0 | ;; Wireless phone charger | Standard | $0 | ;; Moonroof | Standard | $0 | ;; Honda Sensing safety suite, plus Blind Spot Information System and Rear Cross Traffic Monitor | Standard | $0 | ","Cargo Package | $225 | contents: First Aid Kit, Cargo Hook, Trunk Tray (dealer/factory-installed accessory package, same as LX; not a feature-gating package)","https://automobiles.honda.com/tools/build-and-price-result?modelid=CY1F4TJW&modelseries=accord-sedan&modelyear=2026 (SE, Honda Build & Price, live browser session) ;; https://automobiles.honda.com/tools/build-and-price-trimwalk?modelseries=accord-sedan&modelyear=2026","None found. Note SE adds Heated Front Seats, Power Driver Seat, Dual-Zone Climate Control, One-Touch Power Moonroof, and Blind Spot Information System vs. LX -- all confirmed standard on Honda's own site.","All fields directly confirmed live on Honda's Build & Price configurator (Exterior Color (7), Interior Color (1), Wheels (2)) and Honda's own 'See More' full spec modal for SE. High confidence."
Honda,Accord,Sport,2026,FWD,Hybrid,sedan,Crystal Black Pearl | Standard | $0 (included) | ;; Solar Silver Metallic | Standalone | +$455 | ;; Platinum White Pearl | Standalone | +$455 | ;; Radiant Red Metallic | Standalone | +$455 | ;; Still Night Pearl | Standalone | +$455 | ;; Urban Gray Pearl | Standalone | +$455 | ,Black Cloth | Standard | $0 | ,"19-Inch Machine-Finished Alloy Wheels with Black Inserts | Standard | $0 (included) | ;; HPD 19-Inch Black Alloy Wheels | Standalone | +$2,040 | ",One-Touch Power Moonroof | Standard | $0 | ,5-seat sedan | Standard | $0 | ;; 60/40 Split Fold-Down Rear Seats | Standard | $0 | ,"2.0L Atkinson-cycle I4 two-motor hybrid, 204 hp, Direct Drive Unit, 4-Mode Drive System (Sport/ECON/Normal/Individual) | Standard (sole powertrain offered on this trim) | $0 (included) | ","Leather seating | Unavailable (Cloth Seats standard; only Leather-Wrapped Steering Wheel, not seats) | | ;; Heated front seats | Unavailable -- not listed in Honda's own Sport Hybrid 'See More' spec modal, despite the lower-priced gas SE trim having heated front seats standard (see discrepancy_notes) | | ;; Heated steering wheel | Unavailable | | ;; Adaptive Cruise Control w/Low-Speed Follow (Honda Sensing) | Standard | $0 | ;; Wireless phone charger | Standard | $0 | ;; Moonroof | Standard | $0 | ;; Honda Sensing safety suite, plus Blind Spot Information System and Alexa Built-in | Standard | $0 | ","No manufacturer/accessory packages captured live for this trim before the browser disconnected; the generic Cargo Package ($225, First Aid Kit/Cargo Hook/Trunk Tray) seen on LX and SE is assumed to carry over but was not directly re-verified on this trim's Packages tab -- see confidence_notes.","https://automobiles.honda.com/tools/build-and-price-result?modelid=CY2F5TJW&modelseries=accord-sedan&modelyear=2026 (Sport Hybrid, Honda Build & Price, live browser session) ;; https://automobiles.honda.com/tools/build-and-price-trimwalk?modelseries=accord-sedan&modelyear=2026","Biggest discrepancy found in this pass: Honda's own 'See More' spec modal lists Heated Front Seats as standard on the cheaper gas SE trim ($30,695) but does NOT list heated seats anywhere in the Sport Hybrid's ($33,795) full feature breakdown (Performance/Exterior/Interior/Technology/Safety sections all checked) -- i.e. a ~$3,100-pricier trim that appears to omit a comfort feature the trim below it has standard. This was read directly off Honda's own site (not a third-party aggregation error): Edmunds' Accord Hybrid page states heated seats are standard 'across all hybrid trims,' which conflicts with what Honda's own Sport Hybrid spec modal shows. Flagging for confirmation with a dealer or by re-checking Honda's site once accessible again, rather than resolving it either way.","Exterior/interior/wheel/roof data and the full feature list directly confirmed live on Honda's Build & Price configurator (Exterior Color (6), Interior Color (1), Wheels (2)) and Honda's own 'See More' full spec modal for Sport Hybrid -- high confidence for all of the above except the Packages tab, which was not reached for this trim before the browser disconnected (see package_definitions)."
Honda,Accord,EX-L,2026,FWD,Hybrid,sedan,Canyon River Blue Metallic | Standard | $0 (included) | ;; Crystal Black Pearl | Standard | $0 (included) | ;; Meteorite Gray Metallic | Standard | $0 (included) | ;; Solar Silver Metallic | Standalone | +$455 | ;; Platinum White Pearl | Standalone | +$455 | ;; Radiant Red Metallic | Standalone | +$455 | ;; Urban Gray Pearl | Standalone | +$455 | ,Black Perforated Leather | Standalone | $0 (no extra charge) | ;; Gray Perforated Leather | Standalone | $0 (no extra charge) | ,"17-Inch Pewter-Painted Alloy Wheels | Standard | $0 (included, sole wheel option on this trim) | ",One-Touch Power Moonroof | Standard | $0 | ,5-seat sedan | Standard | $0 | ;; 60/40 Split Fold-Down Rear Seats | Standard | $0 | ,"2.0L Atkinson-cycle I4 two-motor hybrid, 204 hp, Direct Drive Unit, 4-Mode Drive System (Sport/ECON/Normal/Individual) | Standard (sole powertrain offered on this trim) | $0 (included) | ","Leather-trimmed seats | Standard | $0 | ;; Heated front seats | Standard | $0 | ;; Heated steering wheel | Unavailable | | ;; Adaptive Cruise Control w/Low-Speed Follow (Honda Sensing) | Standard | $0 | ;; Wireless phone charger | Standard | $0 | ;; Moonroof | Standard | $0 | ;; Honda Sensing safety suite plus Blind Spot Information System, Parking Sensors, Power Front Seats w/Driver Memory Seat, and Heated Side Mirrors | Standard | $0 | ",No manufacturer/accessory packages captured for this trim; the generic Cargo Package ($225) pattern seen on LX/SE is assumed to carry over but was not directly re-verified on this trim's Packages tab.,"https://automobiles.honda.com/tools/build-and-price-result?modelid=CY2F6TJNW&modelseries=accord-sedan&modelyear=2026 (EX-L Hybrid, Honda Build & Price, live browser session) ;; https://automobiles.honda.com/tools/build-and-price-trimwalk?modelseries=accord-sedan&modelyear=2026",None found.,"Exterior/interior/wheel/roof data and the full feature list directly confirmed live on Honda's Build & Price configurator (Exterior Color (7), Interior Color (2), Wheels (1)) and Honda's own 'See More' full spec modal for EX-L Hybrid -- high confidence."
Honda,Accord,Sport-L,2026,FWD,Hybrid,sedan,"Crystal Black Pearl | Standard (inferred) | $0 (included, inferred) | ;; Solar Silver Metallic | Standalone (inferred) | +$455 (inferred) | ;; Platinum White Pearl | Standalone (inferred) | +$455 (inferred) | ;; Radiant Red Metallic | Standalone (inferred) | +$455 (inferred) | ;; Still Night Pearl | Standalone (inferred) | +$455 (inferred) | ;; Urban Gray Pearl | Standalone (confirmed available on this trim via dealer inventory; price inferred) | +$455 (inferred) | ",Black Leather | Standard (confirmed leather standard; exact color-option count/name not directly verified) | $0 | ,19-Inch Matte-Black Alloy Wheels | Standard | $0 (included) | ,One-Touch Power Moonroof | Standard | $0 | ,5-seat sedan | Standard | $0 | ;; 60/40 Split Fold-Down Rear Seats | Standard | $0 | ,"2.0L Atkinson-cycle I4 two-motor hybrid, 204 hp, Direct Drive Unit, 4-Mode Drive System (Sport/ECON/Normal/Individual) | Standard (sole powertrain offered on this trim) | $0 (included) | ","Leather-Trimmed Seats | Standard | $0 | ;; Heated front seats | Standard | $0 | ;; Heated steering wheel | Unavailable (Leather-Wrapped Steering Wheel is standard, but Honda's own 'See More' feature list for this trim never uses the word 'heated' in connection with the wheel) | | ;; Adaptive Cruise Control w/Low-Speed Follow (Honda Sensing) | Standard | $0 | ;; Wireless phone charger | Standard | $0 | ;; Moonroof | Standard | $0 | ;; Honda Sensing safety suite plus Blind Spot Information System, Rear Cross Traffic Monitor, Power Front Seats w/Driver Memory Seat, Gloss-Black Decklid Spoiler, and Rear Diffuser | Standard | $0 | ",Not captured for this trim (browser disconnected before the Packages tab was checked); the generic Cargo Package ($225) pattern seen on other trims is assumed to carry over but is unverified here.,"Honda 'See More' trim spec modal for Accord Sport-L Hybrid, captured from https://automobiles.honda.com/tools/build-and-price-trimwalk?modelseries=accord-sedan&modelyear=2026 (Top Features > See More), live browser session ;; https://www.edmunds.com/2026-honda-accord-sport-l-hybrid/ ;; https://www.smailhonda.com/inventory/new-2026-honda-accord-sport-l-fwd-4dr-car-1hgcy2f79ta004439/ (dealer inventory listing confirming Urban Gray Pearl exists on Sport-L) ;; https://automobiles.honda.com/tools/build-and-price-trimwalk?modelseries=accord-sedan&modelyear=2026","The full feature list (leather, heated seats, moonroof, wheels, spoiler/diffuser, Honda Sensing items) was captured live and directly from Honda's own Sport-L Hybrid 'See More' spec modal -- high confidence for those items. However, the exterior color palette and exact interior color count for this specific trim were NOT captured live (the Chrome browser session disconnected before the Design tab could be opened for Sport-L). The 6-color list above is inferred by pattern-matching against the Sport Hybrid trim, which shares the same sport-appearance styling (matte/gloss-black wheels, spoiler, diffuser) and was confirmed live to offer exactly this 6-color palette. A dealer inventory listing for a Sport-L unit finished in Urban Gray Pearl (smailhonda.com) independently corroborates that color's availability on this trim, but the other 5 colors and their exact prices are unconfirmed for Sport-L specifically.","HIGH confidence: all common_features, roof, seating, and drivetrain fields (sourced from Honda's own live 'See More' spec modal for Sport-L Hybrid). LOW-MEDIUM confidence / INFERRED: exterior_color_options (pattern-matched from the confirmed Sport Hybrid palette, not independently verified for Sport-L) and interior_color_material_options (leather standard is confirmed; whether a second color like Gray Leather is offered on this trim, as it is on EX-L, is unconfirmed). package_definitions is also unverified for this trim. Recommend re-checking Honda's Build & Price Design tab for Sport-L directly once available before using the color/interior fields for pricing decisions."
Honda,Accord,Touring,2026,FWD,Hybrid,sedan,"Canyon River Blue Metallic | Standard (inferred) | $0 (included, inferred) | ;; Crystal Black Pearl | Standard (inferred) | $0 (included, inferred) | ;; Meteorite Gray Metallic | Standard (inferred) | $0 (included, inferred) | ;; Solar Silver Metallic | Standalone (inferred) | +$455 (inferred) | ;; Platinum White Pearl | Standalone (inferred) | +$455 (inferred) | ;; Radiant Red Metallic | Standalone (inferred) | +$455 (inferred) | ;; Urban Gray Pearl | Standalone (inferred) | +$455 (inferred) | ","Black Perforated Leather | Standard (inferred, matches EX-L pattern) | $0 | ;; Gray Perforated Leather | Standalone (inferred, matches EX-L pattern; not independently verified for Touring) | $0 | ",19-Inch Alloy Wheels | Standard | $0 (included) | ,One-Touch Power Moonroof | Standard | $0 | ,5-seat sedan | Standard | $0 | ;; 60/40 Split Fold-Down Rear Seats | Standard | $0 | ,"2.0L Atkinson-cycle I4 two-motor hybrid, 204 hp, Direct Drive Unit, 4-Mode Drive System (Sport/ECON/Normal/Individual) | Standard (sole powertrain offered on this trim) | $0 (included) | ","Leather-Trimmed Seats | Standard | $0 | ;; Heated AND Ventilated front seats | Standard | $0 | ;; Heated, Leather-Wrapped steering wheel | Standard -- the only Accord trim confirmed to have this feature | $0 | ;; Adaptive Cruise Control w/Low-Speed Follow (Honda Sensing) | Standard | $0 | ;; Wireless phone charger | Standard | $0 | ;; Moonroof | Standard | $0 | ;; Honda Sensing safety suite plus Blind Spot Information System, Rear Cross Traffic Monitor, Parking Sensors, Google built-in, Head-Up Display, Bose Premium Sound System, HD Radio, and Low Speed Braking Control | Standard | $0 | ",Not captured for this trim (browser disconnected before the Packages tab was checked); the generic Cargo Package ($225) pattern seen on other trims is assumed to carry over but is unverified here.,"Honda 'See More' trim spec modal for Accord Touring Hybrid, captured from https://automobiles.honda.com/tools/build-and-price-trimwalk?modelseries=accord-sedan&modelyear=2026 (Top Features > See More), live browser session ;; https://www.edmunds.com/honda/accord/2026/hybrid/features-specs/ ;; https://automobiles.honda.com/tools/build-and-price-trimwalk?modelseries=accord-sedan&modelyear=2026",None found in the confirmed feature data. Touring is the only Accord trim with a heated steering wheel and heated+ventilated seats (vs. only heated on lower hybrid trims) per Honda's own live 'See More' spec modal.,"HIGH confidence: common_features, roof, seating, and drivetrain fields (sourced from Honda's own live 'See More' spec modal for Touring Hybrid). LOW-MEDIUM confidence / INFERRED: exterior_color_options and interior_color_material_options -- the Chrome browser session disconnected before the Design tab could be opened for this trim, so the 7-color 'comfort' palette and 2-color leather list are inferred from the confirmed EX-L Hybrid pattern (both are non-sport-appearance trims), not independently verified for Touring. Recommend re-checking Honda's Build & Price Design tab for Touring directly before using the color/interior fields for pricing decisions."
Honda,Prelude,Hybrid,2026,FWD,Hybrid,coupe,Crystal Black Pearl | Standard | $0 (included) | ;; Meteorite Gray Metallic | Standard | $0 (included) | ;; Rallye Red | Standard | $0 (included) | ;; Boost Blue Pearl | Standalone | +$455 | ;; Winter Frost Pearl (bodycolor roof) | Standalone | +$655 | ,Black Leather | Standard | $0 | ;; Blue/White Leather (high-contrast blue accent stitching) | Standard | $0 (availability tied to certain exterior colors per dealer research page -- exact color-to-interior pairing not confirmed; see discrepancy_notes) | ,"19 x 8.5-inch Berlina Black Alloy Wheels | Standard | $0 (included) | ;; 19-Inch Gloss-Black Machined-Finish Alloy Wheels | Standalone (genuine Honda accessory upgrade) | +$2,000 | ",Moonroof/Sunroof | Unavailable | | ,4-seat / 2+2 coupe (Honda's own spec sheet lists '4-Person Seating Capacity'; some secondary sources describe the same layout as '2+2 seating') | Standard | $0 | ;; 60/40 Split Fold-Down Rear Seatback | Standard | $0 | ,"2.0L Atkinson-cycle I4 two-motor hybrid, 200 hp / 232 lb-ft, Electrically variable-speed automatic (e-CVT), Honda S+ Shift | Standard (sole powertrain offered) | $0 (included) | ","Leather-Trimmed Sport Seats | Standard | $0 | ;; Multi-level heated driver AND passenger seats | Standard | $0 | ;; Heated steering wheel | Unavailable (not mentioned on Honda's official press-kit spec sheet or its main Prelude site) | | ;; Adaptive Cruise Control (ACC) w/Low-Speed Follow | Standard | $0 | ;; Wireless phone charger (Qi) | Standard | $0 | ;; Moonroof | Unavailable | | ;; Honda Sensing safety suite (Collision Mitigation Braking, Lane Keeping Assist, Road Departure Mitigation, Rearview Camera w/Dynamic Guidelines) | Standard | $0 | ","All-Season Protection Package I | $470 | contents: All-Season Floor Mats, Cargo Tray, Splash Guards ;; All-Season Protection Package II | $435 | contents: All-Season Floor Mats, Cargo Tray ;; Cargo Protection Package | $485 | contents: Cargo Tray, Splash Guard Set, Wheel Locks ;; Protection Package | $370 | contents: Splash Guard Set, Wheel Locks (all four are dealer/factory-installed Genuine Honda Accessory packages seen on Honda's own configurator; none gate any of the 7 tracked feature categories)","https://automobiles.honda.com/tools/build-and-price-trimwalk?modelseries=prelude&modelyear=2026 (Honda Build & Price trimwalk, fetched after live browser session disconnected -- see confidence_notes) ;; https://hondanews.com/en-US/honda-automobiles/releases/release-0af91089c672e8c7eef0558d76011ab6-2026-honda-prelude-specifications-features (official Honda press-kit spec sheet) ;; https://hondanews.com/en-US/honda-automobiles/releases/release-0af91089c672e8c7eef0558d7600fbde-new-2026-honda-prelude-sports-coupe-expands-honda-hybrid-electric-lineup-to-four-fun-to-drive-and-fuel-efficient-models ;; https://www.edmunds.com/honda/prelude/2026/features-specs/ ;; https://www.carsdirect.com/honda/prelude/2026/colors ;; https://www.motor1.com/news/779696/2026-honda-prelude-configurator-live-build/ (journalist walkthrough of Honda's own Build & Price configurator, with exact color/wheel/package prices)","Interior color-to-exterior pairing is not resolved: a dealer research page (Space Coast Honda) states buyers 'can choose between black leather or blue and white leather interiors depending on the exterior color selected' for the base Hybrid trim, implying the two interiors are NOT freely combinable with all 5 exterior colors, but the exact pairing matrix was not found on any source checked. Also note: Honda's own Build & Price trimwalk (fetched non-interactively) shows this trim's starting MSRP as $42,000, which matches Edmunds and CarsDirect exactly -- no price discrepancy there. Seating is described inconsistently across sources as strict '4-seat' (Honda's own spec sheet) vs. '2+2' (CarsDirect) -- likely describing the same physical layout, but flagged since the task explicitly asks for actual capacity confirmation.","MEDIUM-HIGH confidence overall, but sourced via non-interactive fetch of Honda's own live pages plus Edmunds/CarsDirect/Motor1/press-kit cross-checks rather than the interactive Build & Price browser session (which disconnected before any Prelude trim could be opened -- see the note logged at the top of this script). Exterior colors, wheel options, package list and prices, and the feature list are each corroborated by at least two independent sources (Honda press kit + Edmunds + Motor1's direct configurator walkthrough) and are consistent with each other. The interior color-to-exterior pairing restriction is real but unquantified (see discrepancy_notes) -- flagged rather than guessed at."
Honda,Prelude,Hybrid Two-Tone,2026,FWD,Hybrid,coupe,"Winter Frost Pearl with Black Roof and Black Mirror Caps | Package-only | $500 premium over base Hybrid trim's starting price (per Honda's Build & Price trimwalk: $42,500 vs $42,000) | Two-Tone Black Roof treatment -- this color/roof combination IS the defining feature of this trim/configuration and is not available on any other exterior color per Honda's own press kit and a dealer research page ",Blue/White Leather (high-contrast blue accent stitching) | Standard (exclusive interior for this configuration per dealer research page) | $0 | ,"19 x 8.5-inch Berlina Black Alloy Wheels | Standard | $0 (included) | ;; 19-Inch Gloss-Black Machined-Finish Alloy Wheels | Standalone (genuine Honda accessory upgrade) | +$2,000 | ","Moonroof/Sunroof | Unavailable (the 'black roof' here is an exterior paint/trim treatment, not a glass sunroof or moonroof) | | ",4-seat / 2+2 coupe (same as base Hybrid trim) | Standard | $0 | ;; 60/40 Split Fold-Down Rear Seatback | Standard | $0 | ,"2.0L Atkinson-cycle I4 two-motor hybrid, 200 hp / 232 lb-ft, Electrically variable-speed automatic (e-CVT), Honda S+ Shift | Standard (sole powertrain offered; identical to base Hybrid trim) | $0 (included) | ",Leather-Trimmed Sport Seats | Standard | $0 | ;; Multi-level heated driver AND passenger seats | Standard | $0 | ;; Heated steering wheel | Unavailable | | ;; Adaptive Cruise Control (ACC) w/Low-Speed Follow | Standard | $0 | ;; Wireless phone charger (Qi) | Standard | $0 | ;; Moonroof | Unavailable | | ;; Honda Sensing safety suite (same as base Hybrid trim) | Standard | $0 | ,"All-Season Protection Package I | $470 | contents: All-Season Floor Mats, Cargo Tray, Splash Guards ;; All-Season Protection Package II | $435 | contents: All-Season Floor Mats, Cargo Tray ;; Cargo Protection Package | $485 | contents: Cargo Tray, Splash Guard Set, Wheel Locks ;; Protection Package | $370 | contents: Splash Guard Set, Wheel Locks (same dealer/factory-installed Genuine Honda Accessory packages as the base Hybrid trim)","https://automobiles.honda.com/tools/build-and-price-trimwalk?modelseries=prelude&modelyear=2026 (Honda Build & Price trimwalk, fetched after live browser session disconnected -- see confidence_notes) ;; https://hondanews.com/en-US/honda-automobiles/releases/release-0af91089c672e8c7eef0558d76011ab6-2026-honda-prelude-specifications-features (official Honda press-kit spec sheet) ;; https://hondanews.com/en-US/honda-automobiles/releases/release-0af91089c672e8c7eef0558d7600fbde-new-2026-honda-prelude-sports-coupe-expands-honda-hybrid-electric-lineup-to-four-fun-to-drive-and-fuel-efficient-models ;; https://www.spacecoasthonda.com/new-honda-prelude-trims-configurations (dealer research page confirming Two-Tone is exclusive to Winter Frost Pearl + black roof + Blue/White leather interior) ;; https://www.edmunds.com/honda/prelude/2026/features-specs/ ;; https://www.carsdirect.com/honda/prelude/2026/colors","Important structural note: this is NOT a separate marketing 'trim level' in Honda's own press materials -- Honda's press kit explicitly states the 2026 Prelude 'comes in a single well-equipped trim' and describes Two-Tone as a Winter-Frost-Pearl-only paint/roof treatment, not a distinct trim. However, Honda's own Build & Price CONFIGURATOR presents 'Prelude Hybrid' and 'Prelude Hybrid Two-Tone' as two separate selectable trim cards with two different starting prices ($42,000 vs $42,500), which is the framing this task asked for and the framing used throughout this row. Treat 'Hybrid Two-Tone' as a single fixed configuration (one exterior color, one interior color, one roof treatment) rather than a trim with its own independent option list.","MEDIUM confidence, non-interactive fallback sourcing (see note on the base Hybrid row above -- the browser session never reached any Prelude trim before disconnecting). The exclusivity of Winter Frost Pearl + black roof + Blue/White leather to this configuration is corroborated by two independent sources (Honda's own press kit and a Honda dealer's research page), which increases confidence in that specific claim despite the lack of interactive verification."
Honda,Prelude,Hybrid,2027,FWD,Hybrid,coupe,Crystal Black Pearl | Standard | $0 (included) | ;; Meteorite Gray Metallic | Standard | $0 (included) | ;; Rallye Red | Standard | $0 (included) | ;; Boost Blue Pearl | Standalone | +$455 | ;; Winter Frost Pearl (bodycolor roof) | Standalone | +$655 | ,"Black Leather | Standard | $0 | ;; Blue/White Leather (high-contrast blue accent stitching) | Standard | $0 (availability tied to certain exterior colors -- exact pairing not confirmed; same caveat as MY2026, see discrepancy_notes) | ","19 x 8.5-inch Berlina Black Alloy Wheels | Standard | $0 (included) | ;; 19-Inch Gloss-Black Machined-Finish Alloy Wheels | Standalone (genuine Honda accessory upgrade) | +$2,000 (price carried over from MY2026; not independently re-confirmed for MY2027) | ",Moonroof/Sunroof | Unavailable | | ,4-seat / 2+2 coupe | Standard | $0 | ;; 60/40 Split Fold-Down Rear Seatback | Standard | $0 | ,"2.0L Atkinson-cycle I4 two-motor hybrid, 200 hp / 232 lb-ft, Electrically variable-speed automatic (e-CVT), Honda S+ Shift | Standard (sole powertrain offered; unchanged from MY2026) | $0 (included) | ",Leather-Trimmed Sport Seats | Standard | $0 | ;; Heated front seats | Standard | $0 | ;; Heated steering wheel | Unavailable | | ;; Adaptive Cruise Control (ACC) w/Low-Speed Follow | Standard | $0 | ;; Wireless phone charger (Qi) | Standard | $0 | ;; Moonroof | Unavailable | | ;; Honda Sensing safety suite | Standard | $0 | ,"Not independently re-verified for MY2027; the MY2026 dealer-accessory package list (All-Season Protection I $470, All-Season Protection II $435, Cargo Protection $485, Protection Package $370) is assumed to carry over unchanged.","https://automobiles.honda.com/tools/build-and-price-trimwalk?modelseries=prelude&modelyear=2027 (Honda Build & Price trimwalk, fetched after live browser session disconnected -- see confidence_notes) ;; https://automobiles.honda.com/prelude ;; https://www.edmunds.com/honda/prelude/2027/features-specs/","MY2027 pricing is $400 higher across the board vs MY2026 per Honda's own Build & Price trimwalk ($42,400 vs $42,000 for Hybrid; $42,900 vs $42,500 for Hybrid Two-Tone) -- a routine model-year price increase, not a spec change. One secondary source (Autoblog) mentioned a sixth color, 'Platinum White Pearl,' for MY2027, which conflicts with every other source checked (Honda's own press kit, Edmunds, and Honda's own site) and is treated as a likely error/confusion with the unrelated Accord color of the same name -- excluded from the color list above. Interior color-to-exterior pairing remains unresolved, same as MY2026.","MEDIUM confidence. Pricing figures ($42,400 base) confirmed directly from Honda's own Build & Price trimwalk and Honda's main Prelude page via non-interactive fetch (browser session disconnected before reaching any Prelude trim interactively). Feature list, wheel, and roof fields are carried over from the MY2026 row on the assumption of no mid-cycle spec change (typical for a second model year), which is a reasonable but not independently re-verified assumption for every line item."
Honda,Prelude,Hybrid Two-Tone,2027,FWD,Hybrid,coupe,"Winter Frost Pearl with Black Roof and Black Mirror Caps | Package-only | $500 premium over base Hybrid trim's MY2027 starting price (per Honda's Build & Price trimwalk: $42,900 vs $42,400) | Two-Tone Black Roof treatment -- same single fixed configuration as MY2026, not available on other exterior colors ","Blue/White Leather (high-contrast blue accent stitching) | Standard (exclusive interior for this configuration, unchanged from MY2026) | $0 | ","19 x 8.5-inch Berlina Black Alloy Wheels | Standard | $0 (included) | ;; 19-Inch Gloss-Black Machined-Finish Alloy Wheels | Standalone (genuine Honda accessory upgrade) | +$2,000 (carried over from MY2026; not independently re-confirmed) | ","Moonroof/Sunroof | Unavailable (the 'black roof' is an exterior paint/trim treatment, not a glass sunroof or moonroof) | | ",4-seat / 2+2 coupe (same as base Hybrid trim) | Standard | $0 | ;; 60/40 Split Fold-Down Rear Seatback | Standard | $0 | ,"2.0L Atkinson-cycle I4 two-motor hybrid, 200 hp / 232 lb-ft, Electrically variable-speed automatic (e-CVT), Honda S+ Shift | Standard (sole powertrain offered; identical to base Hybrid trim) | $0 (included) | ",Leather-Trimmed Sport Seats | Standard | $0 | ;; Heated front seats | Standard | $0 | ;; Heated steering wheel | Unavailable | | ;; Adaptive Cruise Control (ACC) w/Low-Speed Follow | Standard | $0 | ;; Wireless phone charger (Qi) | Standard | $0 | ;; Moonroof | Unavailable | | ;; Honda Sensing safety suite (same as base Hybrid trim) | Standard | $0 | ,Not independently re-verified for MY2027; the MY2026 dealer-accessory package list is assumed to carry over unchanged (see Hybrid MY2027 row).,"https://automobiles.honda.com/tools/build-and-price-trimwalk?modelseries=prelude&modelyear=2027 (Honda Build & Price trimwalk, fetched after live browser session disconnected -- see confidence_notes) ;; https://automobiles.honda.com/prelude ;; https://www.spacecoasthonda.com/new-honda-prelude-trims-configurations (dealer research page confirming Two-Tone is exclusive to Winter Frost Pearl + black roof + Blue/White leather interior)","Same structural note as the MY2026 Hybrid Two-Tone row: this is Honda's Build & Price configurator's second selectable 'trim card,' not an independent marketing trim level in Honda's own press materials. MY2027 price is $400 higher than MY2026 ($42,900 vs $42,500), consistent with the base Hybrid trim's $400 model-year increase.",MEDIUM confidence. Pricing confirmed directly from Honda's own Build & Price trimwalk via non-interactive fetch. All other fields carried over from the MY2026 Hybrid Two-Tone row on the assumption of no mid-cycle spec change -- reasonable but not independently re-verified line-by-line for MY2027.
Honda,CR-V,LX,2026,FWD,Gas,SUV,Crystal Black Pearl | Standard |  |  ;; Meteorite Gray Metallic | Standard |  |  ;; Solar Silver Metallic | Standard |  |  ;; Platinum White Pearl | Standalone | $455 |  ;; Radiant Red Metallic | Standalone | $455 |  ;; Urban Gray Metallic | Standalone | $455 | ,Black Cloth | Standard |  | ,"17-Inch Steel Wheels with Covers | Standard |  |  ;; 18-Inch Black Alloy Wheels | Standalone (Honda Genuine Accessory, dealer-installed) | $2,232 |  ;; 18-Inch Rugged Black Alloy Wheels | Standalone (Honda Genuine Accessory, dealer-installed) | $1,840 |  ;; 18-Inch HPD (TM) Bronze Alloy Wheels | Standalone (Honda Genuine Accessory, dealer-installed) | $1,840 | ",One-Touch Power Moonroof with Tilt Feature | Unavailable |  | ,"5-seat (2-row), no alternate/3rd-row seating configuration offered on CR-V; 60/40 split fold-down rear seatback standard on every trim","2WD (FWD), 1.5L turbocharged I4, 190 hp/179 lb-ft, CVT | Standard/Included |  |  ;; Real-Time AWD with Intelligent Control System (TM), 1.5L turbocharged I4, 190 hp/179 lb-ft, CVT | Standalone | $1,500 | ","Leather-trimmed seats | Unavailable |  |  ;; Heated front seats | Unavailable |  |  ;; Heated steering wheel | Unavailable |  |  ;; Power liftgate/tailgate | Unavailable (manual liftgate) |  |  ;; Adaptive Cruise Control (ACC) with Low-Speed Follow | Standard |  |  ;; Wireless Charging Pad (Qi) | Standard |  |  ;; Moonroof (One-Touch Power Moonroof with Tilt Feature) | Unavailable |  |  ;; Honda Sensing (R) suite -- Collision Mitigation Braking System, Road Departure Mitigation, Forward Collision Warning, Lane Departure Warning, Lane Keeping Assist System, Traffic Sign Recognition, Auto High-Beam Headlights | Standard |  | ","No factory content/option packages exist on CR-V LX -- Honda's Build & Price Packages tab shows only Honda Genuine Accessory (dealer-installed) bundles, confirmed live for MY2026 LX, which add no vehicle content beyond protective/utility accessories | prices $345-$1,862 per package | All Season Protection Package I ($474, contents not itemized beyond name), All Season Protection Package II ($414, contents not itemized beyond name), HPD (TM) Package ($1,862, contents not itemized beyond name), Protection Package ($345, contents not itemized beyond name), Utility Package ($1,830, contents not itemized beyond name) -- exact contents list for each package was not opened/confirmed",https://automobiles.honda.com/tools/build-and-price-result?modelid=RS3H2TEW&modelseries=cr-v&modelyear=2026&extcolorcode=NH-731P ;; https://automobiles.honda.com/tools/build-and-price-trimwalk?modelseries=cr-v&modelyear=2026 ;; https://hondanews.com/en-US/releases/release-cf005034e20eb27505fd8e6bbb056d5c-2026-honda-cr-v-pricing-and-epa-ratings-3 ;; https://www.sloanehonda.com/honda-crv-colors.html,"No discrepancy found for this specific field set versus the other model year / versus Edmunds, beyond what is called out in confidence_notes.","Honda's live Build & Price tool (automobiles.honda.com) was reachable and used as the primary source for this row's Powertrain, Design (Exterior Color/Interior Color/Wheels), and Packages tabs, confirmed live on 2026-09-09 for MY2026 LX specifically. Pricing cross-checked against Honda's own Jan 6, 2026 pricing/EPA press release (hondanews.com), which matches the live configurator's $30,920 2WD base MSRP exactly. Colors cross-checked against a dealer color guide (Sloane Honda), which independently lists the same 6 colors for the non-hybrid/base trims. No blanks were left for this row."
Honda,CR-V,EX,2026,FWD,Gas,SUV,Crystal Black Pearl | Standard |  |  ;; Meteorite Gray Metallic | Standard |  |  ;; Solar Silver Metallic | Standard |  |  ;; Platinum White Pearl | Standalone | $455 |  ;; Radiant Red Metallic | Standalone | $455 |  ;; Urban Gray Metallic | Standalone | $455 | ,Black Cloth | Standard |  |  ;; Gray Cloth | Standard |  | ,18-Inch Sparkle Silver Alloy Wheels | Standard (only wheel offered per Honda trim-comparison page) |  | ,One-Touch Power Moonroof with Tilt Feature | Standard |  | ,"5-seat (2-row), no alternate/3rd-row seating configuration offered on CR-V; 60/40 split fold-down rear seatback standard on every trim","2WD (FWD), 1.5L turbocharged I4, 190 hp/179 lb-ft, CVT | Standard/Included |  |  ;; Real-Time AWD with Intelligent Control System (TM), 1.5L turbocharged I4, 190 hp/179 lb-ft, CVT | Standalone | $1,500 | ","Leather-trimmed seats | Unavailable |  |  ;; Heated front seats | Standard |  |  ;; Heated steering wheel | Unavailable |  |  ;; Power liftgate/tailgate | Unavailable (manual liftgate) |  |  ;; Adaptive Cruise Control (ACC) with Low-Speed Follow | Standard |  |  ;; Wireless Charging Pad (Qi) | Standard |  |  ;; Moonroof (One-Touch Power Moonroof with Tilt Feature) | Standard |  |  ;; Honda Sensing (R) suite -- Collision Mitigation Braking System, Road Departure Mitigation, Forward Collision Warning, Lane Departure Warning, Lane Keeping Assist System, Traffic Sign Recognition, Auto High-Beam Headlights | Standard |  | ","Not independently re-confirmed for this trim -- browser session disconnected before this trim's Packages tab could be opened. CR-V LX (confirmed live) showed only Honda Genuine Accessory dealer-installed bundles (All-Season Protection I/II, HPD Package, Protection Package, Utility Package), not manufacturer content packages; CR-V trims otherwise appear to bundle comfort/tech features into fixed trim levels rather than optional packages (per Honda's trim-comparison page and Edmunds), so this trim likely follows the same pattern, but that has not been directly verified for this specific trim/year.",https://automobiles.honda.com/tools/build-and-price-trimwalk?modelseries=cr-v&modelyear=2026 ;; https://hondanews.com/en-US/releases/release-cf005034e20eb27505fd8e6bbb056d5c-2026-honda-cr-v-pricing-and-epa-ratings-3 ;; https://hondanews.com/en-US/honda-automobiles/releases/release-0d29cf91ab5515b985a1c286910fb0f9-2026-honda-cr-v-pricing-and-epa-ratings ;; https://www.edmunds.com/honda/cr-v/2026/trims/ ;; https://www.edmunds.com/honda/cr-v/2026/features-specs/ ;; https://www.sloanehonda.com/honda-crv-colors.html ;; https://www.rensselaerhonda.com/2026-honda-cr-v-trim-levels.htm,"No discrepancy found for this specific field set versus the other model year / versus Edmunds, beyond what is called out in confidence_notes.","Honda's live Build & Price tool became unreachable (Chrome extension disconnected) after MY2026 LX was captured, before this trim's own Design/Packages tabs could be opened -- per the approved fallback, this row uses Honda's official Jan 6, 2026 pricing/EPA press release (hondanews.com, primary/manufacturer source) for MSRP, cross-checked against Edmunds (2026 trims + features-specs pages) and dealer trim-level guides (Rensselaer Honda, Sloane Honda color guide) for feature/wheel/color content. Exact per-swatch color pricing and wheel-name-to-trim mapping are carried over from Honda's own MY2027 trim-comparison page (same model generation, one model-year apart) rather than independently observed for MY2026 on this specific trim -- flagged as inferred-from-adjacent-year-primary-source rather than fabricated. The TrailSport Hybrid seat material (leather vs. cloth) conflict between sources is called out explicitly in that row's discrepancy_notes."
Honda,CR-V,EX-L,2026,FWD,Gas,SUV,Crystal Black Pearl | Standard |  |  ;; Meteorite Gray Metallic | Standard |  |  ;; Solar Silver Metallic | Standard |  |  ;; Platinum White Pearl | Standalone | $455 |  ;; Radiant Red Metallic | Standalone | $455 |  ;; Urban Gray Metallic | Standalone | $455 | ,Black Leather-Trimmed | Standard |  | ,18-Inch Shark Gray Alloy Wheels | Standard (only wheel offered per Honda trim-comparison page) |  | ,One-Touch Power Moonroof with Tilt Feature | Standard |  | ,"5-seat (2-row), no alternate/3rd-row seating configuration offered on CR-V; 60/40 split fold-down rear seatback standard on every trim","2WD (FWD), 1.5L turbocharged I4, 190 hp/179 lb-ft, CVT | Standard/Included |  |  ;; Real-Time AWD with Intelligent Control System (TM), 1.5L turbocharged I4, 190 hp/179 lb-ft, CVT | Standalone | $1,500 | ","Leather-trimmed seats | Standard |  |  ;; Heated front seats | Standard |  |  ;; Heated steering wheel | Unavailable |  |  ;; Power liftgate/tailgate | Standard (programmable height) |  |  ;; Adaptive Cruise Control (ACC) with Low-Speed Follow | Standard |  |  ;; Wireless Charging Pad (Qi) | Standard |  |  ;; Moonroof (One-Touch Power Moonroof with Tilt Feature) | Standard |  |  ;; Honda Sensing (R) suite -- Collision Mitigation Braking System, Road Departure Mitigation, Forward Collision Warning, Lane Departure Warning, Lane Keeping Assist System, Traffic Sign Recognition, Auto High-Beam Headlights | Standard |  | ","Not independently re-confirmed for this trim -- browser session disconnected before this trim's Packages tab could be opened. CR-V LX (confirmed live) showed only Honda Genuine Accessory dealer-installed bundles (All-Season Protection I/II, HPD Package, Protection Package, Utility Package), not manufacturer content packages; CR-V trims otherwise appear to bundle comfort/tech features into fixed trim levels rather than optional packages (per Honda's trim-comparison page and Edmunds), so this trim likely follows the same pattern, but that has not been directly verified for this specific trim/year.",https://automobiles.honda.com/tools/build-and-price-trimwalk?modelseries=cr-v&modelyear=2026 ;; https://hondanews.com/en-US/releases/release-cf005034e20eb27505fd8e6bbb056d5c-2026-honda-cr-v-pricing-and-epa-ratings-3 ;; https://hondanews.com/en-US/honda-automobiles/releases/release-0d29cf91ab5515b985a1c286910fb0f9-2026-honda-cr-v-pricing-and-epa-ratings ;; https://www.edmunds.com/honda/cr-v/2026/trims/ ;; https://www.edmunds.com/honda/cr-v/2026/features-specs/ ;; https://www.sloanehonda.com/honda-crv-colors.html ;; https://www.rensselaerhonda.com/2026-honda-cr-v-trim-levels.htm,"No discrepancy found for this specific field set versus the other model year / versus Edmunds, beyond what is called out in confidence_notes.","Honda's live Build & Price tool became unreachable (Chrome extension disconnected) after MY2026 LX was captured, before this trim's own Design/Packages tabs could be opened -- per the approved fallback, this row uses Honda's official Jan 6, 2026 pricing/EPA press release (hondanews.com, primary/manufacturer source) for MSRP, cross-checked against Edmunds (2026 trims + features-specs pages) and dealer trim-level guides (Rensselaer Honda, Sloane Honda color guide) for feature/wheel/color content. Exact per-swatch color pricing and wheel-name-to-trim mapping are carried over from Honda's own MY2027 trim-comparison page (same model generation, one model-year apart) rather than independently observed for MY2026 on this specific trim -- flagged as inferred-from-adjacent-year-primary-source rather than fabricated. The TrailSport Hybrid seat material (leather vs. cloth) conflict between sources is called out explicitly in that row's discrepancy_notes."
Honda,CR-V,Sport Hybrid,2026,FWD,Hybrid,SUV,Crystal Black Pearl | Standard |  |  ;; Meteorite Gray Metallic | Standard |  |  ;; Solar Silver Metallic | Standard |  |  ;; Platinum White Pearl | Standalone | $455 |  ;; Radiant Red Metallic | Standalone | $455 |  ;; Urban Gray Metallic | Standalone | $455 |  ;; Canyon River Blue Metallic | Standalone | $455 | ,Black Cloth | Standard |  | ,18-Inch Berlina Black Alloy Wheels | Standard (only wheel offered per Honda trim-comparison page) |  | ,One-Touch Power Moonroof with Tilt Feature | Standard |  | ,"5-seat (2-row), no alternate/3rd-row seating configuration offered on CR-V; 60/40 split fold-down rear seatback standard on every trim","2WD (FWD), 2.0L Atkinson-cycle I4 two-motor hybrid, 204 hp system, e-CVT | Standard/Included |  |  ;; Real-Time AWD with Intelligent Control System (TM), 2.0L Atkinson-cycle I4 two-motor hybrid, 204 hp system, e-CVT | Standalone | $1,500 | ","Leather-trimmed seats | Unavailable (cloth; leather-wrapped steering wheel only) |  |  ;; Heated front seats | Standard |  |  ;; Heated steering wheel | Unavailable |  |  ;; Power liftgate/tailgate | Unavailable (manual liftgate) |  |  ;; Adaptive Cruise Control (ACC) with Low-Speed Follow | Standard |  |  ;; Wireless Charging Pad (Qi) | Standard |  |  ;; Moonroof (One-Touch Power Moonroof with Tilt Feature) | Standard |  |  ;; Honda Sensing (R) suite -- Collision Mitigation Braking System, Road Departure Mitigation, Forward Collision Warning, Lane Departure Warning, Lane Keeping Assist System, Traffic Sign Recognition, Auto High-Beam Headlights | Standard |  | ","Not independently re-confirmed for this trim -- browser session disconnected before this trim's Packages tab could be opened. CR-V LX (confirmed live) showed only Honda Genuine Accessory dealer-installed bundles (All-Season Protection I/II, HPD Package, Protection Package, Utility Package), not manufacturer content packages; CR-V trims otherwise appear to bundle comfort/tech features into fixed trim levels rather than optional packages (per Honda's trim-comparison page and Edmunds), so this trim likely follows the same pattern, but that has not been directly verified for this specific trim/year.",https://automobiles.honda.com/tools/build-and-price-trimwalk?modelseries=cr-v&modelyear=2026 ;; https://hondanews.com/en-US/releases/release-cf005034e20eb27505fd8e6bbb056d5c-2026-honda-cr-v-pricing-and-epa-ratings-3 ;; https://hondanews.com/en-US/honda-automobiles/releases/release-0d29cf91ab5515b985a1c286910fb0f9-2026-honda-cr-v-pricing-and-epa-ratings ;; https://www.edmunds.com/honda/cr-v/2026/trims/ ;; https://www.edmunds.com/honda/cr-v/2026/features-specs/ ;; https://www.sloanehonda.com/honda-crv-colors.html ;; https://www.rensselaerhonda.com/2026-honda-cr-v-trim-levels.htm,"No discrepancy found for this specific field set versus the other model year / versus Edmunds, beyond what is called out in confidence_notes.","Honda's live Build & Price tool became unreachable (Chrome extension disconnected) after MY2026 LX was captured, before this trim's own Design/Packages tabs could be opened -- per the approved fallback, this row uses Honda's official Jan 6, 2026 pricing/EPA press release (hondanews.com, primary/manufacturer source) for MSRP, cross-checked against Edmunds (2026 trims + features-specs pages) and dealer trim-level guides (Rensselaer Honda, Sloane Honda color guide) for feature/wheel/color content. Exact per-swatch color pricing and wheel-name-to-trim mapping are carried over from Honda's own MY2027 trim-comparison page (same model generation, one model-year apart) rather than independently observed for MY2026 on this specific trim -- flagged as inferred-from-adjacent-year-primary-source rather than fabricated. The TrailSport Hybrid seat material (leather vs. cloth) conflict between sources is called out explicitly in that row's discrepancy_notes."
Honda,CR-V,Sport-L Hybrid,2026,FWD,Hybrid,SUV,Crystal Black Pearl | Standard |  |  ;; Meteorite Gray Metallic | Standard |  |  ;; Solar Silver Metallic | Standard |  |  ;; Platinum White Pearl | Standalone | $455 |  ;; Radiant Red Metallic | Standalone | $455 |  ;; Urban Gray Metallic | Standalone | $455 |  ;; Canyon River Blue Metallic | Standalone | $455 | ,Black Leather-Trimmed with orange contrast stitching | Standard |  | ,18-Inch Berlina Black Alloy Wheels | Standard (only wheel offered per Honda trim-comparison page) |  | ,One-Touch Power Moonroof with Tilt Feature | Standard |  | ,"5-seat (2-row), no alternate/3rd-row seating configuration offered on CR-V; 60/40 split fold-down rear seatback standard on every trim","2WD (FWD), 2.0L Atkinson-cycle I4 two-motor hybrid, 204 hp system, e-CVT | Standard/Included |  |  ;; Real-Time AWD with Intelligent Control System (TM), 2.0L Atkinson-cycle I4 two-motor hybrid, 204 hp system, e-CVT | Standalone | $1,500 | ","Leather-trimmed seats | Standard (orange contrast stitching) |  |  ;; Heated front seats | Standard |  |  ;; Heated steering wheel | Unavailable |  |  ;; Power liftgate/tailgate | Standard (programmable height) |  |  ;; Adaptive Cruise Control (ACC) with Low-Speed Follow | Standard |  |  ;; Wireless Charging Pad (Qi) | Standard |  |  ;; Moonroof (One-Touch Power Moonroof with Tilt Feature) | Standard |  |  ;; Honda Sensing (R) suite -- Collision Mitigation Braking System, Road Departure Mitigation, Forward Collision Warning, Lane Departure Warning, Lane Keeping Assist System, Traffic Sign Recognition, Auto High-Beam Headlights | Standard |  | ","Not independently re-confirmed for this trim -- browser session disconnected before this trim's Packages tab could be opened. CR-V LX (confirmed live) showed only Honda Genuine Accessory dealer-installed bundles (All-Season Protection I/II, HPD Package, Protection Package, Utility Package), not manufacturer content packages; CR-V trims otherwise appear to bundle comfort/tech features into fixed trim levels rather than optional packages (per Honda's trim-comparison page and Edmunds), so this trim likely follows the same pattern, but that has not been directly verified for this specific trim/year.",https://automobiles.honda.com/tools/build-and-price-trimwalk?modelseries=cr-v&modelyear=2026 ;; https://hondanews.com/en-US/releases/release-cf005034e20eb27505fd8e6bbb056d5c-2026-honda-cr-v-pricing-and-epa-ratings-3 ;; https://hondanews.com/en-US/honda-automobiles/releases/release-0d29cf91ab5515b985a1c286910fb0f9-2026-honda-cr-v-pricing-and-epa-ratings ;; https://www.edmunds.com/honda/cr-v/2026/trims/ ;; https://www.edmunds.com/honda/cr-v/2026/features-specs/ ;; https://www.sloanehonda.com/honda-crv-colors.html ;; https://www.rensselaerhonda.com/2026-honda-cr-v-trim-levels.htm,"No discrepancy found for this specific field set versus the other model year / versus Edmunds, beyond what is called out in confidence_notes.","Honda's live Build & Price tool became unreachable (Chrome extension disconnected) after MY2026 LX was captured, before this trim's own Design/Packages tabs could be opened -- per the approved fallback, this row uses Honda's official Jan 6, 2026 pricing/EPA press release (hondanews.com, primary/manufacturer source) for MSRP, cross-checked against Edmunds (2026 trims + features-specs pages) and dealer trim-level guides (Rensselaer Honda, Sloane Honda color guide) for feature/wheel/color content. Exact per-swatch color pricing and wheel-name-to-trim mapping are carried over from Honda's own MY2027 trim-comparison page (same model generation, one model-year apart) rather than independently observed for MY2026 on this specific trim -- flagged as inferred-from-adjacent-year-primary-source rather than fabricated. The TrailSport Hybrid seat material (leather vs. cloth) conflict between sources is called out explicitly in that row's discrepancy_notes."
Honda,CR-V,TrailSport Hybrid,2026,AWD,Hybrid,SUV,Crystal Black Pearl | Standard |  |  ;; Meteorite Gray Metallic | Standard |  |  ;; Solar Silver Metallic | Standard |  |  ;; Platinum White Pearl | Standalone | $455 |  ;; Radiant Red Metallic | Standalone | $455 |  ;; Urban Gray Metallic | Standalone | $455 |  ;; Ash Green Metallic | Standalone (TrailSport-exclusive color) | $455 | ,Black Leather-Trimmed with orange contrast stitching | Standard (per Sloane Honda color guide) |  |  ;; ,"18-Inch Shark Gray Alloy Wheels with All-Terrain Tires | Standard (per Honda trim-comparison page; same wheel-finish name Honda lists for EX-L, but paired with all-terrain tires unique to TrailSport) |  | ",One-Touch Power Moonroof with Tilt Feature | Standard |  | ,"5-seat (2-row), no alternate/3rd-row seating configuration offered on CR-V; 60/40 split fold-down rear seatback standard on every trim","Real-Time AWD with Intelligent Control System (TM), 2.0L Atkinson-cycle I4 two-motor hybrid, 204 hp system, e-CVT | Standard/Included (no FWD/2WD build option offered on this trim) |  | ","Leather-trimmed seats | Standard per Sloane Honda color guide (orange contrast stitching) -- CONFLICTS with Honda Info Center's 2027 Features-by-Trim guide, which describes TrailSport Hybrid seats as 'cloth with orange accents' (i.e. NOT leather); could not be resolved live because the Chrome browser session disconnected before TrailSport Hybrid's Design/Interior tab could be opened on Honda's own Build & Price tool -- flagged, not resolved |  |  ;; Heated front seats | Standard |  |  ;; Heated steering wheel | Standard |  |  ;; Power liftgate/tailgate | Standard (programmable height) |  |  ;; Adaptive Cruise Control (ACC) with Low-Speed Follow | Standard |  |  ;; Wireless Charging Pad (Qi) | Standard |  |  ;; Moonroof (One-Touch Power Moonroof with Tilt Feature) | Standard |  |  ;; Honda Sensing (R) suite -- Collision Mitigation Braking System, Road Departure Mitigation, Forward Collision Warning, Lane Departure Warning, Lane Keeping Assist System, Traffic Sign Recognition, Auto High-Beam Headlights | Standard |  | ","Not independently re-confirmed for this trim -- browser session disconnected before this trim's Packages tab could be opened. CR-V LX (confirmed live) showed only Honda Genuine Accessory dealer-installed bundles (All-Season Protection I/II, HPD Package, Protection Package, Utility Package), not manufacturer content packages; CR-V trims otherwise appear to bundle comfort/tech features into fixed trim levels rather than optional packages (per Honda's trim-comparison page and Edmunds), so this trim likely follows the same pattern, but that has not been directly verified for this specific trim/year.",https://automobiles.honda.com/tools/build-and-price-trimwalk?modelseries=cr-v&modelyear=2026 ;; https://hondanews.com/en-US/releases/release-cf005034e20eb27505fd8e6bbb056d5c-2026-honda-cr-v-pricing-and-epa-ratings-3 ;; https://hondanews.com/en-US/honda-automobiles/releases/release-0d29cf91ab5515b985a1c286910fb0f9-2026-honda-cr-v-pricing-and-epa-ratings ;; https://www.edmunds.com/honda/cr-v/2026/trims/ ;; https://www.edmunds.com/honda/cr-v/2026/features-specs/ ;; https://www.sloanehonda.com/honda-crv-colors.html ;; https://www.rensselaerhonda.com/2026-honda-cr-v-trim-levels.htm,"Seat material conflict: Sloane Honda's color/trim guide lists TrailSport Hybrid interior as Black Leather-Trimmed (grouping it with EX-L/Sport-L Hybrid/Sport Touring Hybrid), while Honda Info Center's 2027 CR-V Features-by-Trim guide instead describes TrailSport Hybrid seats as 'cloth with orange accents' (i.e., not leather). Not resolved live because the Chrome extension disconnected before this trim's Design/Interior tab could be opened on Honda's own Build & Price tool. Recommend confirming directly against a current window sticker or the live configurator before using this field.","Honda's live Build & Price tool became unreachable (Chrome extension disconnected) after MY2026 LX was captured, before this trim's own Design/Packages tabs could be opened -- per the approved fallback, this row uses Honda's official Jan 6, 2026 pricing/EPA press release (hondanews.com, primary/manufacturer source) for MSRP, cross-checked against Edmunds (2026 trims + features-specs pages) and dealer trim-level guides (Rensselaer Honda, Sloane Honda color guide) for feature/wheel/color content. Exact per-swatch color pricing and wheel-name-to-trim mapping are carried over from Honda's own MY2027 trim-comparison page (same model generation, one model-year apart) rather than independently observed for MY2026 on this specific trim -- flagged as inferred-from-adjacent-year-primary-source rather than fabricated. The TrailSport Hybrid seat material (leather vs. cloth) conflict between sources is called out explicitly in that row's discrepancy_notes."
Honda,CR-V,Sport Touring Hybrid,2026,AWD,Hybrid,SUV,Crystal Black Pearl | Standard |  |  ;; Meteorite Gray Metallic | Standard |  |  ;; Solar Silver Metallic | Standard |  |  ;; Platinum White Pearl | Standalone | $455 |  ;; Radiant Red Metallic | Standalone | $455 |  ;; Urban Gray Metallic | Standalone | $455 |  ;; Canyon River Blue Metallic | Standalone | $455 | ,Black Leather-Trimmed | Standard |  |  ;; Gray Leather-Trimmed | Standard (Sport Touring Hybrid exclusive) |  | ,19-Inch Berlina Black Alloy Wheels | Standard (only wheel offered per Honda trim-comparison page) |  | ,One-Touch Power Moonroof with Tilt Feature | Standard |  | ,"5-seat (2-row), no alternate/3rd-row seating configuration offered on CR-V; 60/40 split fold-down rear seatback standard on every trim","Real-Time AWD with Intelligent Control System (TM), 2.0L Atkinson-cycle I4 two-motor hybrid, 204 hp system, e-CVT | Standard/Included (no FWD/2WD build option offered on this trim) |  | ","Leather-trimmed seats | Standard |  |  ;; Heated front seats | Standard |  |  ;; Heated steering wheel | Standard |  |  ;; Power liftgate/tailgate | Standard (hands-free access) |  |  ;; Adaptive Cruise Control (ACC) with Low-Speed Follow | Standard |  |  ;; Wireless Charging Pad (Qi) | Standard |  |  ;; Moonroof (One-Touch Power Moonroof with Tilt Feature) | Standard |  |  ;; Honda Sensing (R) suite -- Collision Mitigation Braking System, Road Departure Mitigation, Forward Collision Warning, Lane Departure Warning, Lane Keeping Assist System, Traffic Sign Recognition, Auto High-Beam Headlights | Standard |  | ","Not independently re-confirmed for this trim -- browser session disconnected before this trim's Packages tab could be opened. CR-V LX (confirmed live) showed only Honda Genuine Accessory dealer-installed bundles (All-Season Protection I/II, HPD Package, Protection Package, Utility Package), not manufacturer content packages; CR-V trims otherwise appear to bundle comfort/tech features into fixed trim levels rather than optional packages (per Honda's trim-comparison page and Edmunds), so this trim likely follows the same pattern, but that has not been directly verified for this specific trim/year.",https://automobiles.honda.com/tools/build-and-price-trimwalk?modelseries=cr-v&modelyear=2026 ;; https://hondanews.com/en-US/releases/release-cf005034e20eb27505fd8e6bbb056d5c-2026-honda-cr-v-pricing-and-epa-ratings-3 ;; https://hondanews.com/en-US/honda-automobiles/releases/release-0d29cf91ab5515b985a1c286910fb0f9-2026-honda-cr-v-pricing-and-epa-ratings ;; https://www.edmunds.com/honda/cr-v/2026/trims/ ;; https://www.edmunds.com/honda/cr-v/2026/features-specs/ ;; https://www.sloanehonda.com/honda-crv-colors.html ;; https://www.rensselaerhonda.com/2026-honda-cr-v-trim-levels.htm,"Honda's Jan 6, 2026 pricing update raised Sport Touring Hybrid AWD MSRP from $42,250 (May 2025 original release) to $42,550 -- a $300 mid-cycle increase not seen on any other MY2026 CR-V trim.","Honda's live Build & Price tool became unreachable (Chrome extension disconnected) after MY2026 LX was captured, before this trim's own Design/Packages tabs could be opened -- per the approved fallback, this row uses Honda's official Jan 6, 2026 pricing/EPA press release (hondanews.com, primary/manufacturer source) for MSRP, cross-checked against Edmunds (2026 trims + features-specs pages) and dealer trim-level guides (Rensselaer Honda, Sloane Honda color guide) for feature/wheel/color content. Exact per-swatch color pricing and wheel-name-to-trim mapping are carried over from Honda's own MY2027 trim-comparison page (same model generation, one model-year apart) rather than independently observed for MY2026 on this specific trim -- flagged as inferred-from-adjacent-year-primary-source rather than fabricated. The TrailSport Hybrid seat material (leather vs. cloth) conflict between sources is called out explicitly in that row's discrepancy_notes."
Honda,CR-V,LX,2027,FWD,Gas,SUV,Crystal Black Pearl | Standard |  |  ;; Meteorite Gray Metallic | Standard |  |  ;; Solar Silver Metallic | Standard |  |  ;; Platinum White Pearl | Standalone | $455 |  ;; Radiant Red Metallic | Standalone | $455 |  ;; Urban Gray Metallic | Standalone | $455 | ,Black Cloth | Standard |  | ,"17-Inch Steel Wheels with Covers | Standard |  |  ;; 18-Inch Black Alloy Wheels | Standalone (Honda Genuine Accessory, dealer-installed) | $2,232 |  ;; 18-Inch Rugged Black Alloy Wheels | Standalone (Honda Genuine Accessory, dealer-installed) | $1,840 |  ;; 18-Inch HPD (TM) Bronze Alloy Wheels | Standalone (Honda Genuine Accessory, dealer-installed) | $1,840 | ",One-Touch Power Moonroof with Tilt Feature | Unavailable |  | ,"5-seat (2-row), no alternate/3rd-row seating configuration offered on CR-V; 60/40 split fold-down rear seatback standard on every trim","2WD (FWD), 1.5L turbocharged I4, 190 hp/179 lb-ft, CVT | Standard/Included |  |  ;; Real-Time AWD with Intelligent Control System (TM), 1.5L turbocharged I4, 190 hp/179 lb-ft, CVT | Standalone | $1,500 | ","Leather-trimmed seats | Unavailable |  |  ;; Heated front seats | Unavailable |  |  ;; Heated steering wheel | Unavailable |  |  ;; Power liftgate/tailgate | Unavailable (manual liftgate) |  |  ;; Adaptive Cruise Control (ACC) with Low-Speed Follow | Standard |  |  ;; Wireless Charging Pad (Qi) | Standard |  |  ;; Moonroof (One-Touch Power Moonroof with Tilt Feature) | Unavailable |  |  ;; Honda Sensing (R) suite -- Collision Mitigation Braking System, Road Departure Mitigation, Forward Collision Warning, Lane Departure Warning, Lane Keeping Assist System, Traffic Sign Recognition, Auto High-Beam Headlights | Standard |  | ","No factory content/option packages exist on CR-V LX -- Honda's Build & Price Packages tab shows only Honda Genuine Accessory (dealer-installed) bundles, confirmed live for MY2026 LX, which add no vehicle content beyond protective/utility accessories | prices $345-$1,862 per package | All Season Protection Package I ($474, contents not itemized beyond name), All Season Protection Package II ($414, contents not itemized beyond name), HPD (TM) Package ($1,862, contents not itemized beyond name), Protection Package ($345, contents not itemized beyond name), Utility Package ($1,830, contents not itemized beyond name) -- exact contents list for each package was not opened/confirmed",https://automobiles.honda.com/tools/build-and-price-result?modelid=RS3H2VEW&modelseries=cr-v&modelyear=2027&extcolorcode=NH-731P ;; https://automobiles.honda.com/cr-v/specs-features-trim-comparison ;; https://automobiles.honda.com/tools/build-and-price-trimwalk?modelseries=cr-v&modelyear=2027 ;; https://www.edmunds.com/honda/cr-v/2027/trims/ ;; https://www.hondainfocenter.com/2027/CR-V/Feature-Guide/Features-by-Trim/,"MY2026-to-MY2027 base-MSRP increase confirmed via Honda's own live trim-comparison page vs. Honda's Jan 2026 pricing press release: LX +$600 ($30,920 -> $31,520), EX +$400 ($33,150 -> $33,550), EX-L +$400 ($35,400 -> $35,800), Sport Hybrid +$400 ($35,630 -> $36,030), Sport-L Hybrid +$400 ($38,725 -> $39,125), TrailSport Hybrid +$400 ($38,800 -> $39,200), Sport Touring Hybrid +$400 ($42,550 -> $42,950). Honda's 'Starting at' MSRP figures on both the live comparison page and the press releases exclude the destination charge; Honda's Jan 2026 press release states destination as $1,450, while the live Build & Price summary screen observed for MY2026 LX during this session showed $1,550 destination -- a discrepancy between the official press release and what the configurator displayed live, not resolved.","Honda's official live trim-comparison page (automobiles.honda.com/cr-v/specs-features-trim-comparison, which defaults to MY2027) was reachable and used as the primary source for MY2027 starting MSRP, wheel name/size per trim, engine/hybrid-system specs, and the full standard-feature name list (Honda Sensing, moonroof, leather, heated seats/wheel, power tailgate, wireless charging, etc.) before the Chrome extension disconnected. However, that page's checkmark/availability icons carry no machine-readable per-cell text in the accessibility tree, so which specific trims have each boolean feature could not be read directly off that page for every row -- that mapping is filled in from Honda Info Center's 2027 CR-V Features-by-Trim guide, Edmunds' 2027 trims page, and the same dealer guides used for MY2026, cross-checked against the MY2026 Honda press release's feature ladder (same generation, adjacent model year). AWD upcharge for FWD-optional trims is carried forward from the confirmed MY2026 $1,500 delta (not independently re-priced live for MY2027 on Honda's site before disconnection)."
Honda,CR-V,EX,2027,FWD,Gas,SUV,Crystal Black Pearl | Standard |  |  ;; Meteorite Gray Metallic | Standard |  |  ;; Solar Silver Metallic | Standard |  |  ;; Platinum White Pearl | Standalone | $455 |  ;; Radiant Red Metallic | Standalone | $455 |  ;; Urban Gray Metallic | Standalone | $455 | ,Black Cloth | Standard |  |  ;; Gray Cloth | Standard |  | ,18-Inch Sparkle Silver Alloy Wheels | Standard (only wheel offered per Honda trim-comparison page) |  | ,One-Touch Power Moonroof with Tilt Feature | Standard |  | ,"5-seat (2-row), no alternate/3rd-row seating configuration offered on CR-V; 60/40 split fold-down rear seatback standard on every trim","2WD (FWD), 1.5L turbocharged I4, 190 hp/179 lb-ft, CVT | Standard/Included |  |  ;; Real-Time AWD with Intelligent Control System (TM), 1.5L turbocharged I4, 190 hp/179 lb-ft, CVT | Standalone | $1,500 | ","Leather-trimmed seats | Unavailable |  |  ;; Heated front seats | Standard |  |  ;; Heated steering wheel | Unavailable |  |  ;; Power liftgate/tailgate | Unavailable (manual liftgate) |  |  ;; Adaptive Cruise Control (ACC) with Low-Speed Follow | Standard |  |  ;; Wireless Charging Pad (Qi) | Standard |  |  ;; Moonroof (One-Touch Power Moonroof with Tilt Feature) | Standard |  |  ;; Honda Sensing (R) suite -- Collision Mitigation Braking System, Road Departure Mitigation, Forward Collision Warning, Lane Departure Warning, Lane Keeping Assist System, Traffic Sign Recognition, Auto High-Beam Headlights | Standard |  | ","Not independently re-confirmed for this trim -- browser session disconnected before this trim's Packages tab could be opened. CR-V LX (confirmed live) showed only Honda Genuine Accessory dealer-installed bundles (All-Season Protection I/II, HPD Package, Protection Package, Utility Package), not manufacturer content packages; CR-V trims otherwise appear to bundle comfort/tech features into fixed trim levels rather than optional packages (per Honda's trim-comparison page and Edmunds), so this trim likely follows the same pattern, but that has not been directly verified for this specific trim/year.",https://automobiles.honda.com/tools/build-and-price-result?modelid=RS3H4VJW&modelseries=cr-v&modelyear=2027&extcolorcode=NH-904M ;; https://automobiles.honda.com/cr-v/specs-features-trim-comparison ;; https://automobiles.honda.com/tools/build-and-price-trimwalk?modelseries=cr-v&modelyear=2027 ;; https://www.edmunds.com/honda/cr-v/2027/trims/ ;; https://www.hondainfocenter.com/2027/CR-V/Feature-Guide/Features-by-Trim/,"MY2026-to-MY2027 base-MSRP increase confirmed via Honda's own live trim-comparison page vs. Honda's Jan 2026 pricing press release: LX +$600 ($30,920 -> $31,520), EX +$400 ($33,150 -> $33,550), EX-L +$400 ($35,400 -> $35,800), Sport Hybrid +$400 ($35,630 -> $36,030), Sport-L Hybrid +$400 ($38,725 -> $39,125), TrailSport Hybrid +$400 ($38,800 -> $39,200), Sport Touring Hybrid +$400 ($42,550 -> $42,950). Honda's 'Starting at' MSRP figures on both the live comparison page and the press releases exclude the destination charge; Honda's Jan 2026 press release states destination as $1,450, while the live Build & Price summary screen observed for MY2026 LX during this session showed $1,550 destination -- a discrepancy between the official press release and what the configurator displayed live, not resolved.","Honda's official live trim-comparison page (automobiles.honda.com/cr-v/specs-features-trim-comparison, which defaults to MY2027) was reachable and used as the primary source for MY2027 starting MSRP, wheel name/size per trim, engine/hybrid-system specs, and the full standard-feature name list (Honda Sensing, moonroof, leather, heated seats/wheel, power tailgate, wireless charging, etc.) before the Chrome extension disconnected. However, that page's checkmark/availability icons carry no machine-readable per-cell text in the accessibility tree, so which specific trims have each boolean feature could not be read directly off that page for every row -- that mapping is filled in from Honda Info Center's 2027 CR-V Features-by-Trim guide, Edmunds' 2027 trims page, and the same dealer guides used for MY2026, cross-checked against the MY2026 Honda press release's feature ladder (same generation, adjacent model year). AWD upcharge for FWD-optional trims is carried forward from the confirmed MY2026 $1,500 delta (not independently re-priced live for MY2027 on Honda's site before disconnection)."
Honda,CR-V,EX-L,2027,FWD,Gas,SUV,Crystal Black Pearl | Standard |  |  ;; Meteorite Gray Metallic | Standard |  |  ;; Solar Silver Metallic | Standard |  |  ;; Platinum White Pearl | Standalone | $455 |  ;; Radiant Red Metallic | Standalone | $455 |  ;; Urban Gray Metallic | Standalone | $455 | ,Black Leather-Trimmed | Standard |  | ,18-Inch Shark Gray Alloy Wheels | Standard (only wheel offered per Honda trim-comparison page) |  | ,One-Touch Power Moonroof with Tilt Feature | Standard |  | ,"5-seat (2-row), no alternate/3rd-row seating configuration offered on CR-V; 60/40 split fold-down rear seatback standard on every trim","2WD (FWD), 1.5L turbocharged I4, 190 hp/179 lb-ft, CVT | Standard/Included |  |  ;; Real-Time AWD with Intelligent Control System (TM), 1.5L turbocharged I4, 190 hp/179 lb-ft, CVT | Standalone | $1,500 | ","Leather-trimmed seats | Standard |  |  ;; Heated front seats | Standard |  |  ;; Heated steering wheel | Unavailable |  |  ;; Power liftgate/tailgate | Standard (programmable height) |  |  ;; Adaptive Cruise Control (ACC) with Low-Speed Follow | Standard |  |  ;; Wireless Charging Pad (Qi) | Standard |  |  ;; Moonroof (One-Touch Power Moonroof with Tilt Feature) | Standard |  |  ;; Honda Sensing (R) suite -- Collision Mitigation Braking System, Road Departure Mitigation, Forward Collision Warning, Lane Departure Warning, Lane Keeping Assist System, Traffic Sign Recognition, Auto High-Beam Headlights | Standard |  | ","Not independently re-confirmed for this trim -- browser session disconnected before this trim's Packages tab could be opened. CR-V LX (confirmed live) showed only Honda Genuine Accessory dealer-installed bundles (All-Season Protection I/II, HPD Package, Protection Package, Utility Package), not manufacturer content packages; CR-V trims otherwise appear to bundle comfort/tech features into fixed trim levels rather than optional packages (per Honda's trim-comparison page and Edmunds), so this trim likely follows the same pattern, but that has not been directly verified for this specific trim/year.",https://automobiles.honda.com/tools/build-and-price-result?modelid=RS3H7VJW&modelseries=cr-v&modelyear=2027&extcolorcode=NH-731P ;; https://automobiles.honda.com/cr-v/specs-features-trim-comparison ;; https://automobiles.honda.com/tools/build-and-price-trimwalk?modelseries=cr-v&modelyear=2027 ;; https://www.edmunds.com/honda/cr-v/2027/trims/ ;; https://www.hondainfocenter.com/2027/CR-V/Feature-Guide/Features-by-Trim/,"MY2026-to-MY2027 base-MSRP increase confirmed via Honda's own live trim-comparison page vs. Honda's Jan 2026 pricing press release: LX +$600 ($30,920 -> $31,520), EX +$400 ($33,150 -> $33,550), EX-L +$400 ($35,400 -> $35,800), Sport Hybrid +$400 ($35,630 -> $36,030), Sport-L Hybrid +$400 ($38,725 -> $39,125), TrailSport Hybrid +$400 ($38,800 -> $39,200), Sport Touring Hybrid +$400 ($42,550 -> $42,950). Honda's 'Starting at' MSRP figures on both the live comparison page and the press releases exclude the destination charge; Honda's Jan 2026 press release states destination as $1,450, while the live Build & Price summary screen observed for MY2026 LX during this session showed $1,550 destination -- a discrepancy between the official press release and what the configurator displayed live, not resolved.","Honda's official live trim-comparison page (automobiles.honda.com/cr-v/specs-features-trim-comparison, which defaults to MY2027) was reachable and used as the primary source for MY2027 starting MSRP, wheel name/size per trim, engine/hybrid-system specs, and the full standard-feature name list (Honda Sensing, moonroof, leather, heated seats/wheel, power tailgate, wireless charging, etc.) before the Chrome extension disconnected. However, that page's checkmark/availability icons carry no machine-readable per-cell text in the accessibility tree, so which specific trims have each boolean feature could not be read directly off that page for every row -- that mapping is filled in from Honda Info Center's 2027 CR-V Features-by-Trim guide, Edmunds' 2027 trims page, and the same dealer guides used for MY2026, cross-checked against the MY2026 Honda press release's feature ladder (same generation, adjacent model year). AWD upcharge for FWD-optional trims is carried forward from the confirmed MY2026 $1,500 delta (not independently re-priced live for MY2027 on Honda's site before disconnection)."
Honda,CR-V,Sport Hybrid,2027,FWD,Hybrid,SUV,Crystal Black Pearl | Standard |  |  ;; Meteorite Gray Metallic | Standard |  |  ;; Solar Silver Metallic | Standard |  |  ;; Platinum White Pearl | Standalone | $455 |  ;; Radiant Red Metallic | Standalone | $455 |  ;; Urban Gray Metallic | Standalone | $455 |  ;; Canyon River Blue Metallic | Standalone | $455 | ,Black Cloth | Standard |  | ,18-Inch Berlina Black Alloy Wheels | Standard (only wheel offered per Honda trim-comparison page) |  | ,One-Touch Power Moonroof with Tilt Feature | Standard |  | ,"5-seat (2-row), no alternate/3rd-row seating configuration offered on CR-V; 60/40 split fold-down rear seatback standard on every trim","2WD (FWD), 2.0L Atkinson-cycle I4 two-motor hybrid, 204 hp system, e-CVT | Standard/Included |  |  ;; Real-Time AWD with Intelligent Control System (TM), 2.0L Atkinson-cycle I4 two-motor hybrid, 204 hp system, e-CVT | Standalone | $1,500 | ","Leather-trimmed seats | Unavailable (cloth; leather-wrapped steering wheel only) |  |  ;; Heated front seats | Standard |  |  ;; Heated steering wheel | Unavailable |  |  ;; Power liftgate/tailgate | Unavailable (manual liftgate) |  |  ;; Adaptive Cruise Control (ACC) with Low-Speed Follow | Standard |  |  ;; Wireless Charging Pad (Qi) | Standard |  |  ;; Moonroof (One-Touch Power Moonroof with Tilt Feature) | Standard |  |  ;; Honda Sensing (R) suite -- Collision Mitigation Braking System, Road Departure Mitigation, Forward Collision Warning, Lane Departure Warning, Lane Keeping Assist System, Traffic Sign Recognition, Auto High-Beam Headlights | Standard |  | ","Not independently re-confirmed for this trim -- browser session disconnected before this trim's Packages tab could be opened. CR-V LX (confirmed live) showed only Honda Genuine Accessory dealer-installed bundles (All-Season Protection I/II, HPD Package, Protection Package, Utility Package), not manufacturer content packages; CR-V trims otherwise appear to bundle comfort/tech features into fixed trim levels rather than optional packages (per Honda's trim-comparison page and Edmunds), so this trim likely follows the same pattern, but that has not been directly verified for this specific trim/year.",https://automobiles.honda.com/tools/build-and-price-result?modelid=RS5H5VESW&modelseries=cr-v&modelyear=2027&extcolorcode=NH-932M ;; https://automobiles.honda.com/cr-v/specs-features-trim-comparison ;; https://automobiles.honda.com/tools/build-and-price-trimwalk?modelseries=cr-v&modelyear=2027 ;; https://www.edmunds.com/honda/cr-v/2027/trims/ ;; https://www.hondainfocenter.com/2027/CR-V/Feature-Guide/Features-by-Trim/,"MY2026-to-MY2027 base-MSRP increase confirmed via Honda's own live trim-comparison page vs. Honda's Jan 2026 pricing press release: LX +$600 ($30,920 -> $31,520), EX +$400 ($33,150 -> $33,550), EX-L +$400 ($35,400 -> $35,800), Sport Hybrid +$400 ($35,630 -> $36,030), Sport-L Hybrid +$400 ($38,725 -> $39,125), TrailSport Hybrid +$400 ($38,800 -> $39,200), Sport Touring Hybrid +$400 ($42,550 -> $42,950). Honda's 'Starting at' MSRP figures on both the live comparison page and the press releases exclude the destination charge; Honda's Jan 2026 press release states destination as $1,450, while the live Build & Price summary screen observed for MY2026 LX during this session showed $1,550 destination -- a discrepancy between the official press release and what the configurator displayed live, not resolved.","Honda's official live trim-comparison page (automobiles.honda.com/cr-v/specs-features-trim-comparison, which defaults to MY2027) was reachable and used as the primary source for MY2027 starting MSRP, wheel name/size per trim, engine/hybrid-system specs, and the full standard-feature name list (Honda Sensing, moonroof, leather, heated seats/wheel, power tailgate, wireless charging, etc.) before the Chrome extension disconnected. However, that page's checkmark/availability icons carry no machine-readable per-cell text in the accessibility tree, so which specific trims have each boolean feature could not be read directly off that page for every row -- that mapping is filled in from Honda Info Center's 2027 CR-V Features-by-Trim guide, Edmunds' 2027 trims page, and the same dealer guides used for MY2026, cross-checked against the MY2026 Honda press release's feature ladder (same generation, adjacent model year). AWD upcharge for FWD-optional trims is carried forward from the confirmed MY2026 $1,500 delta (not independently re-priced live for MY2027 on Honda's site before disconnection)."
Honda,CR-V,Sport-L Hybrid,2027,FWD,Hybrid,SUV,Crystal Black Pearl | Standard |  |  ;; Meteorite Gray Metallic | Standard |  |  ;; Solar Silver Metallic | Standard |  |  ;; Platinum White Pearl | Standalone | $455 |  ;; Radiant Red Metallic | Standalone | $455 |  ;; Urban Gray Metallic | Standalone | $455 |  ;; Canyon River Blue Metallic | Standalone | $455 | ,Black Leather-Trimmed with orange contrast stitching | Standard |  | ,18-Inch Berlina Black Alloy Wheels | Standard (only wheel offered per Honda trim-comparison page) |  | ,One-Touch Power Moonroof with Tilt Feature | Standard |  | ,"5-seat (2-row), no alternate/3rd-row seating configuration offered on CR-V; 60/40 split fold-down rear seatback standard on every trim","2WD (FWD), 2.0L Atkinson-cycle I4 two-motor hybrid, 204 hp system, e-CVT | Standard/Included |  |  ;; Real-Time AWD with Intelligent Control System (TM), 2.0L Atkinson-cycle I4 two-motor hybrid, 204 hp system, e-CVT | Standalone | $1,500 | ","Leather-trimmed seats | Standard (orange contrast stitching) |  |  ;; Heated front seats | Standard |  |  ;; Heated steering wheel | Unavailable |  |  ;; Power liftgate/tailgate | Standard (programmable height) |  |  ;; Adaptive Cruise Control (ACC) with Low-Speed Follow | Standard |  |  ;; Wireless Charging Pad (Qi) | Standard |  |  ;; Moonroof (One-Touch Power Moonroof with Tilt Feature) | Standard |  |  ;; Honda Sensing (R) suite -- Collision Mitigation Braking System, Road Departure Mitigation, Forward Collision Warning, Lane Departure Warning, Lane Keeping Assist System, Traffic Sign Recognition, Auto High-Beam Headlights | Standard |  | ","Not independently re-confirmed for this trim -- browser session disconnected before this trim's Packages tab could be opened. CR-V LX (confirmed live) showed only Honda Genuine Accessory dealer-installed bundles (All-Season Protection I/II, HPD Package, Protection Package, Utility Package), not manufacturer content packages; CR-V trims otherwise appear to bundle comfort/tech features into fixed trim levels rather than optional packages (per Honda's trim-comparison page and Edmunds), so this trim likely follows the same pattern, but that has not been directly verified for this specific trim/year.",https://automobiles.honda.com/tools/build-and-price-result?modelid=RS5H8VESW&modelseries=cr-v&modelyear=2027&extcolorcode=NH-932M ;; https://automobiles.honda.com/cr-v/specs-features-trim-comparison ;; https://automobiles.honda.com/tools/build-and-price-trimwalk?modelseries=cr-v&modelyear=2027 ;; https://www.edmunds.com/honda/cr-v/2027/trims/ ;; https://www.hondainfocenter.com/2027/CR-V/Feature-Guide/Features-by-Trim/,"MY2026-to-MY2027 base-MSRP increase confirmed via Honda's own live trim-comparison page vs. Honda's Jan 2026 pricing press release: LX +$600 ($30,920 -> $31,520), EX +$400 ($33,150 -> $33,550), EX-L +$400 ($35,400 -> $35,800), Sport Hybrid +$400 ($35,630 -> $36,030), Sport-L Hybrid +$400 ($38,725 -> $39,125), TrailSport Hybrid +$400 ($38,800 -> $39,200), Sport Touring Hybrid +$400 ($42,550 -> $42,950). Honda's 'Starting at' MSRP figures on both the live comparison page and the press releases exclude the destination charge; Honda's Jan 2026 press release states destination as $1,450, while the live Build & Price summary screen observed for MY2026 LX during this session showed $1,550 destination -- a discrepancy between the official press release and what the configurator displayed live, not resolved.","Honda's official live trim-comparison page (automobiles.honda.com/cr-v/specs-features-trim-comparison, which defaults to MY2027) was reachable and used as the primary source for MY2027 starting MSRP, wheel name/size per trim, engine/hybrid-system specs, and the full standard-feature name list (Honda Sensing, moonroof, leather, heated seats/wheel, power tailgate, wireless charging, etc.) before the Chrome extension disconnected. However, that page's checkmark/availability icons carry no machine-readable per-cell text in the accessibility tree, so which specific trims have each boolean feature could not be read directly off that page for every row -- that mapping is filled in from Honda Info Center's 2027 CR-V Features-by-Trim guide, Edmunds' 2027 trims page, and the same dealer guides used for MY2026, cross-checked against the MY2026 Honda press release's feature ladder (same generation, adjacent model year). AWD upcharge for FWD-optional trims is carried forward from the confirmed MY2026 $1,500 delta (not independently re-priced live for MY2027 on Honda's site before disconnection)."
Honda,CR-V,TrailSport Hybrid,2027,AWD,Hybrid,SUV,Crystal Black Pearl | Standard |  |  ;; Meteorite Gray Metallic | Standard |  |  ;; Solar Silver Metallic | Standard |  |  ;; Platinum White Pearl | Standalone | $455 |  ;; Radiant Red Metallic | Standalone | $455 |  ;; Urban Gray Metallic | Standalone | $455 |  ;; Ash Green Metallic | Standalone (TrailSport-exclusive color) | $455 | ,Black Leather-Trimmed with orange contrast stitching | Standard (per Sloane Honda color guide) |  |  ;; ,"18-Inch Shark Gray Alloy Wheels with All-Terrain Tires | Standard (per Honda trim-comparison page; same wheel-finish name Honda lists for EX-L, but paired with all-terrain tires unique to TrailSport) |  | ",One-Touch Power Moonroof with Tilt Feature | Standard |  | ,"5-seat (2-row), no alternate/3rd-row seating configuration offered on CR-V; 60/40 split fold-down rear seatback standard on every trim","Real-Time AWD with Intelligent Control System (TM), 2.0L Atkinson-cycle I4 two-motor hybrid, 204 hp system, e-CVT | Standard/Included (no FWD/2WD build option offered on this trim) |  | ","Leather-trimmed seats | Standard per Sloane Honda color guide (orange contrast stitching) -- CONFLICTS with Honda Info Center's 2027 Features-by-Trim guide, which describes TrailSport Hybrid seats as 'cloth with orange accents' (i.e. NOT leather); could not be resolved live because the Chrome browser session disconnected before TrailSport Hybrid's Design/Interior tab could be opened on Honda's own Build & Price tool -- flagged, not resolved |  |  ;; Heated front seats | Standard |  |  ;; Heated steering wheel | Standard |  |  ;; Power liftgate/tailgate | Standard (programmable height) |  |  ;; Adaptive Cruise Control (ACC) with Low-Speed Follow | Standard |  |  ;; Wireless Charging Pad (Qi) | Standard |  |  ;; Moonroof (One-Touch Power Moonroof with Tilt Feature) | Standard |  |  ;; Honda Sensing (R) suite -- Collision Mitigation Braking System, Road Departure Mitigation, Forward Collision Warning, Lane Departure Warning, Lane Keeping Assist System, Traffic Sign Recognition, Auto High-Beam Headlights | Standard |  | ","Not independently re-confirmed for this trim -- browser session disconnected before this trim's Packages tab could be opened. CR-V LX (confirmed live) showed only Honda Genuine Accessory dealer-installed bundles (All-Season Protection I/II, HPD Package, Protection Package, Utility Package), not manufacturer content packages; CR-V trims otherwise appear to bundle comfort/tech features into fixed trim levels rather than optional packages (per Honda's trim-comparison page and Edmunds), so this trim likely follows the same pattern, but that has not been directly verified for this specific trim/year.",https://automobiles.honda.com/tools/build-and-price-result?modelid=RS6H6VESW&modelseries=cr-v&modelyear=2027&extcolorcode=G-545M ;; https://automobiles.honda.com/cr-v/specs-features-trim-comparison ;; https://automobiles.honda.com/tools/build-and-price-trimwalk?modelseries=cr-v&modelyear=2027 ;; https://www.edmunds.com/honda/cr-v/2027/trims/ ;; https://www.hondainfocenter.com/2027/CR-V/Feature-Guide/Features-by-Trim/,"MY2026-to-MY2027 base-MSRP increase confirmed via Honda's own live trim-comparison page vs. Honda's Jan 2026 pricing press release: LX +$600 ($30,920 -> $31,520), EX +$400 ($33,150 -> $33,550), EX-L +$400 ($35,400 -> $35,800), Sport Hybrid +$400 ($35,630 -> $36,030), Sport-L Hybrid +$400 ($38,725 -> $39,125), TrailSport Hybrid +$400 ($38,800 -> $39,200), Sport Touring Hybrid +$400 ($42,550 -> $42,950). Honda's 'Starting at' MSRP figures on both the live comparison page and the press releases exclude the destination charge; Honda's Jan 2026 press release states destination as $1,450, while the live Build & Price summary screen observed for MY2026 LX during this session showed $1,550 destination -- a discrepancy between the official press release and what the configurator displayed live, not resolved. Seat material conflict: Sloane Honda's color/trim guide lists TrailSport Hybrid interior as Black Leather-Trimmed (grouping it with EX-L/Sport-L Hybrid/Sport Touring Hybrid), while Honda Info Center's 2027 CR-V Features-by-Trim guide instead describes TrailSport Hybrid seats as 'cloth with orange accents' (i.e., not leather). Not resolved live because the Chrome extension disconnected before this trim's Design/Interior tab could be opened on Honda's own Build & Price tool. Recommend confirming directly against a current window sticker or the live configurator before using this field.","Honda's official live trim-comparison page (automobiles.honda.com/cr-v/specs-features-trim-comparison, which defaults to MY2027) was reachable and used as the primary source for MY2027 starting MSRP, wheel name/size per trim, engine/hybrid-system specs, and the full standard-feature name list (Honda Sensing, moonroof, leather, heated seats/wheel, power tailgate, wireless charging, etc.) before the Chrome extension disconnected. However, that page's checkmark/availability icons carry no machine-readable per-cell text in the accessibility tree, so which specific trims have each boolean feature could not be read directly off that page for every row -- that mapping is filled in from Honda Info Center's 2027 CR-V Features-by-Trim guide, Edmunds' 2027 trims page, and the same dealer guides used for MY2026, cross-checked against the MY2026 Honda press release's feature ladder (same generation, adjacent model year). AWD upcharge for FWD-optional trims is carried forward from the confirmed MY2026 $1,500 delta (not independently re-priced live for MY2027 on Honda's site before disconnection)."
Honda,CR-V,Sport Touring Hybrid,2027,AWD,Hybrid,SUV,Crystal Black Pearl | Standard |  |  ;; Meteorite Gray Metallic | Standard |  |  ;; Solar Silver Metallic | Standard |  |  ;; Platinum White Pearl | Standalone | $455 |  ;; Radiant Red Metallic | Standalone | $455 |  ;; Urban Gray Metallic | Standalone | $455 |  ;; Canyon River Blue Metallic | Standalone | $455 | ,Black Leather-Trimmed | Standard |  |  ;; Gray Leather-Trimmed | Standard (Sport Touring Hybrid exclusive) |  | ,19-Inch Berlina Black Alloy Wheels | Standard (only wheel offered per Honda trim-comparison page) |  | ,One-Touch Power Moonroof with Tilt Feature | Standard |  | ,"5-seat (2-row), no alternate/3rd-row seating configuration offered on CR-V; 60/40 split fold-down rear seatback standard on every trim","Real-Time AWD with Intelligent Control System (TM), 2.0L Atkinson-cycle I4 two-motor hybrid, 204 hp system, e-CVT | Standard/Included (no FWD/2WD build option offered on this trim) |  | ","Leather-trimmed seats | Standard |  |  ;; Heated front seats | Standard |  |  ;; Heated steering wheel | Standard |  |  ;; Power liftgate/tailgate | Standard (hands-free access) |  |  ;; Adaptive Cruise Control (ACC) with Low-Speed Follow | Standard |  |  ;; Wireless Charging Pad (Qi) | Standard |  |  ;; Moonroof (One-Touch Power Moonroof with Tilt Feature) | Standard |  |  ;; Honda Sensing (R) suite -- Collision Mitigation Braking System, Road Departure Mitigation, Forward Collision Warning, Lane Departure Warning, Lane Keeping Assist System, Traffic Sign Recognition, Auto High-Beam Headlights | Standard |  | ","Not independently re-confirmed for this trim -- browser session disconnected before this trim's Packages tab could be opened. CR-V LX (confirmed live) showed only Honda Genuine Accessory dealer-installed bundles (All-Season Protection I/II, HPD Package, Protection Package, Utility Package), not manufacturer content packages; CR-V trims otherwise appear to bundle comfort/tech features into fixed trim levels rather than optional packages (per Honda's trim-comparison page and Edmunds), so this trim likely follows the same pattern, but that has not been directly verified for this specific trim/year.",https://automobiles.honda.com/tools/build-and-price-result?modelid=RS6H9VJSW&modelseries=cr-v&modelyear=2027&extcolorcode=NH-904M ;; https://automobiles.honda.com/cr-v/specs-features-trim-comparison ;; https://automobiles.honda.com/tools/build-and-price-trimwalk?modelseries=cr-v&modelyear=2027 ;; https://www.edmunds.com/honda/cr-v/2027/trims/ ;; https://www.hondainfocenter.com/2027/CR-V/Feature-Guide/Features-by-Trim/,"MY2026-to-MY2027 base-MSRP increase confirmed via Honda's own live trim-comparison page vs. Honda's Jan 2026 pricing press release: LX +$600 ($30,920 -> $31,520), EX +$400 ($33,150 -> $33,550), EX-L +$400 ($35,400 -> $35,800), Sport Hybrid +$400 ($35,630 -> $36,030), Sport-L Hybrid +$400 ($38,725 -> $39,125), TrailSport Hybrid +$400 ($38,800 -> $39,200), Sport Touring Hybrid +$400 ($42,550 -> $42,950). Honda's 'Starting at' MSRP figures on both the live comparison page and the press releases exclude the destination charge; Honda's Jan 2026 press release states destination as $1,450, while the live Build & Price summary screen observed for MY2026 LX during this session showed $1,550 destination -- a discrepancy between the official press release and what the configurator displayed live, not resolved.","Honda's official live trim-comparison page (automobiles.honda.com/cr-v/specs-features-trim-comparison, which defaults to MY2027) was reachable and used as the primary source for MY2027 starting MSRP, wheel name/size per trim, engine/hybrid-system specs, and the full standard-feature name list (Honda Sensing, moonroof, leather, heated seats/wheel, power tailgate, wireless charging, etc.) before the Chrome extension disconnected. However, that page's checkmark/availability icons carry no machine-readable per-cell text in the accessibility tree, so which specific trims have each boolean feature could not be read directly off that page for every row -- that mapping is filled in from Honda Info Center's 2027 CR-V Features-by-Trim guide, Edmunds' 2027 trims page, and the same dealer guides used for MY2026, cross-checked against the MY2026 Honda press release's feature ladder (same generation, adjacent model year). AWD upcharge for FWD-optional trims is carried forward from the confirmed MY2026 $1,500 delta (not independently re-priced live for MY2027 on Honda's site before disconnection)."
Honda,Odyssey,EX-L,2027,FWD,Gas,minivan,Crystal Black Pearl | Standard |  |  ;; Modern Steel Metallic | Standard |  |  ;; Smoke Blue Pearl | Standard |  |  ;; Solar Silver Metallic | Standard |  |  ;; Platinum White Pearl | Standalone | $455 |  ;; Radiant Red Metallic II | Standalone | $455 | ,Black HondaTex (synthetic leather) | Standard |  |  ;; Gray HondaTex (synthetic leather) | Standard |  | ,18-Inch Machine-Finished Alloy Wheels | Standard |  | ,One-Touch Power Moonroof (tilt feature) | Standard |  | ,"5-door minivan; 2nd row is Magic Slide(R) sliding 3-across BENCH seat on every trim (EX-L, Sport-L, Touring, Elite) -- confirmed live on Honda's own trim-comparison 'See More' feature modal for all four MY2027 trims, and corroborated by Honda's official Feature-Guide 'Features by Trim' page for both MY2026 and MY2027. Honda does NOT offer a 2nd-row captain's-chair/2-passenger option on the current-generation Odyssey at any trim -- this is a genuine, confirmed finding (not a gap in research), worth flagging since older Odyssey generations offered captain's chairs on upper trims and some competitors (e.g. Sienna, Pacifica) still do. Total seating is 8-passenger (2-2... actually 2 front + 3 2nd-row bench + 3 3rd-row = 8) per Edmunds' EX-L spec sheet (32.8 cu.ft. cargo, 8-passenger rating).","280-hp, 3.5L V-6, 10-Speed Automatic Transmission w/Intelligent Traction Management (Snow Mode) | Standard/Included (single powertrain; no engine or transmission choice offered on any Odyssey trim) |  | ","Leather-trimmed seats | Unavailable (HondaTex synthetic-leather trim only on this trim) |  |  ;; Heated front seats | Standard |  |  ;; Heated steering wheel | Unavailable |  |  ;; Heated/ventilated seats | Unavailable |  |  ;; Power sliding doors | Standard |  |  ;; Power tailgate (programmable height) | Standard |  |  ;; Hands-Free Access power tailgate | Unavailable (standard only on Elite) |  |  ;; Adaptive Cruise Control w/Low-Speed Follow (Honda Sensing) | Standard |  |  ;; Wireless phone charger | Standard |  |  ;; One-Touch Power Moonroof | Standard |  |  ;; Magic Slide 2nd-row bench seats | Standard |  |  ;; 2nd-row integrated sunshades | Standard |  |  ;; Power front seats w/driver's memory | Standard |  |  ;; Tri-zone automatic climate control | Standard |  |  ;; 7-speaker, 160-watt audio system | Standard |  |  ;; 9-inch touchscreen, wireless Apple CarPlay/Android Auto | Standard |  |  ;; CabinWatch/CabinTalk | Unavailable (standard only on Touring/Elite) |  |  ;; Advanced Rear Entertainment System | Unavailable (standard only on Touring/Elite) |  |  ;; Honda Satellite-Linked Navigation | Unavailable (standard only on Touring/Elite) |  |  ;; Wi-Fi Hotspot | Unavailable (standard only on Touring/Elite) |  |  ;; Collision Mitigation Braking, Road Departure Mitigation, Blind Spot Info w/Cross Traffic Monitor, Rearview Camera w/Dynamic Guidelines (Honda Sensing suite) | Standard |  | ","No factory-installed FEATURE packages/option packages are offered on the Odyssey -- each trim (EX-L, Sport-L, Touring, Elite) is a fixed, non-configurable equipment tier (confirmed live: Honda's Build & Price Packages tab for EX-L 2027 shows only THREE dealer-installed Honda Genuine ACCESSORY packages, not feature/option packages): 'All-Season Protection Package I' ($540: All-Season Floor Mats, Cargo Tray, Splash Guards + additional items not fully captured) ;; 'All-Season Protection Package II' (price not fully captured: All-Season Floor Mats, Cargo Tray, Wheel Locks + additional items not fully captured) ;; 'Protection Package' (price not fully captured: Cargo Tray, Splash Guard Set, Wheel Locks). These are cosmetic/protective dealer accessories, not standard-equipment differentiators, and were only verified for the EX-L trim specifically -- exact pricing/contents for the other three trims was not independently re-confirmed (dealer accessory packages are typically identical across trims of the same model, but this was not verified for Sport-L/Touring/Elite).",https://automobiles.honda.com/tools/build-and-price-result?modelid=RL6H6VJNW&modelseries=odyssey&modelyear=2027&extcolorcode=NH-932M ;; https://automobiles.honda.com/tools/build-and-price-trimwalk?modelseries=odyssey&modelyear=2027 ;; https://automobiles.honda.com/odyssey,"Confirmed MY2026-to-MY2027 running spec change on EX-L and Sport-L: Honda's own official Feature-Guide reference site (hondainfocenter.com) labels the MY2026 EX-L/Sport-L interior simply as 'Leather' / 'Leather-trimmed seats with red stitching', while the SAME reference site for MY2027 explicitly renames the identical trim-tier's material to 'HondaTex Synthetic Leather' / 'HondaTex-Trimmed Seats' -- and this was independently corroborated live on Honda's own interactive Build & Price configurator, which named the MY2027 EX-L and Sport-L material 'HondaTex' in the trim's own standard-equipment feature modal (never using the word 'leather' for these two trims). Genuine leather is reserved for Touring/Elite in MY2027. This reads as a running downgrade from (or reclassification of) leather to synthetic HondaTex on the two lower Odyssey trims between MY2026 and MY2027 -- flagged as the most notable spec discrepancy found in this research pass rather than silently resolved either way.","Honda's live Build & Price tool (automobiles.honda.com) was reached and used as the PRIMARY source for this row, accessed 2026-09-09: the trim's own Choose-a-Trim starting MSRP, its 'See More' full standard-equipment feature modal (Performance/Exterior/Interior/Technology/Safety & Alerts), and its own Build & Price Powertrain + Design (Exterior Color / Interior Color / Wheels) tabs were all opened and read directly. No fields in this row required a non-Honda fallback."
Honda,Odyssey,Sport-L,2027,FWD,Gas,minivan,Crystal Black Pearl | Standard |  |  ;; Platinum White Pearl | Standalone | $455 |  ;; Radiant Red Metallic II | Standalone | $455 |  ;; Sonic Gray Pearl | Standalone | $455 |  ;; NOTE: Sport-L is NOT offered in Modern Steel Metallic or Smoke Blue Pearl (both EX-L-only colors) -- confirmed live: Sport-L's Design/Exterior Color tab shows only these 4 choices vs. EX-L's 6.,Black HondaTex w/Red Stitching (synthetic leather) | Standard |  | (single interior option; no color choice),19-Inch Gloss-Black Alloy Wheels | Standard |  | ,One-Touch Power Moonroof (tilt feature) | Standard |  | ,"5-door minivan; 2nd row is Magic Slide(R) sliding 3-across BENCH seat on every trim (EX-L, Sport-L, Touring, Elite) -- confirmed live on Honda's own trim-comparison 'See More' feature modal for all four MY2027 trims, and corroborated by Honda's official Feature-Guide 'Features by Trim' page for both MY2026 and MY2027. Honda does NOT offer a 2nd-row captain's-chair/2-passenger option on the current-generation Odyssey at any trim -- this is a genuine, confirmed finding (not a gap in research), worth flagging since older Odyssey generations offered captain's chairs on upper trims and some competitors (e.g. Sienna, Pacifica) still do. Total seating is 8-passenger (2-2... actually 2 front + 3 2nd-row bench + 3 3rd-row = 8) per Edmunds' EX-L spec sheet (32.8 cu.ft. cargo, 8-passenger rating).","280-hp, 3.5L V-6, 10-Speed Automatic Transmission w/Intelligent Traction Management (Snow Mode) | Standard/Included (single powertrain; no engine or transmission choice offered on any Odyssey trim) |  | ","Leather-trimmed seats | Unavailable (HondaTex synthetic-leather trim w/red stitching only) |  |  ;; Heated front seats | Standard |  |  ;; Heated steering wheel | Unavailable |  |  ;; Heated/ventilated seats | Unavailable |  |  ;; Power sliding doors | Standard |  |  ;; Power tailgate (programmable height) | Standard |  |  ;; Hands-Free Access power tailgate | Unavailable (standard only on Elite) |  |  ;; Adaptive Cruise Control w/Low-Speed Follow (Honda Sensing) | Standard |  |  ;; Wireless phone charger | Standard |  |  ;; One-Touch Power Moonroof | Standard |  |  ;; Magic Slide 2nd-row bench seats | Standard |  |  ;; Red ambient LED lighting, Sport-L-exclusive exterior/interior styling | Standard |  |  ;; 2nd-row integrated sunshades | Standard |  |  ;; Power front seats w/driver's memory | Standard |  |  ;; Tri-zone automatic climate control | Standard |  |  ;; 7-speaker, 160-watt audio system | Standard |  |  ;; 9-inch touchscreen, wireless Apple CarPlay/Android Auto | Standard |  |  ;; CabinWatch/CabinTalk | Unavailable (standard only on Touring/Elite) |  |  ;; Advanced Rear Entertainment System | Unavailable (standard only on Touring/Elite) |  |  ;; Honda Satellite-Linked Navigation | Unavailable (standard only on Touring/Elite) |  |  ;; Wi-Fi Hotspot | Unavailable (standard only on Touring/Elite) |  |  ;; Collision Mitigation Braking, Road Departure Mitigation, Blind Spot Info w/Cross Traffic Monitor, Rearview Camera w/Dynamic Guidelines (Honda Sensing suite) | Standard |  | ","No factory-installed FEATURE packages/option packages are offered on the Odyssey -- each trim (EX-L, Sport-L, Touring, Elite) is a fixed, non-configurable equipment tier (confirmed live: Honda's Build & Price Packages tab for EX-L 2027 shows only THREE dealer-installed Honda Genuine ACCESSORY packages, not feature/option packages): 'All-Season Protection Package I' ($540: All-Season Floor Mats, Cargo Tray, Splash Guards + additional items not fully captured) ;; 'All-Season Protection Package II' (price not fully captured: All-Season Floor Mats, Cargo Tray, Wheel Locks + additional items not fully captured) ;; 'Protection Package' (price not fully captured: Cargo Tray, Splash Guard Set, Wheel Locks). These are cosmetic/protective dealer accessories, not standard-equipment differentiators, and were only verified for the EX-L trim specifically -- exact pricing/contents for the other three trims was not independently re-confirmed (dealer accessory packages are typically identical across trims of the same model, but this was not verified for Sport-L/Touring/Elite).",https://automobiles.honda.com/tools/build-and-price-result?modelid=RL6H7VJNW&modelseries=odyssey&modelyear=2027&extcolorcode=NH-731P ;; https://automobiles.honda.com/tools/build-and-price-trimwalk?modelseries=odyssey&modelyear=2027 ;; https://automobiles.honda.com/odyssey,"Confirmed MY2026-to-MY2027 running spec change on EX-L and Sport-L: Honda's own official Feature-Guide reference site (hondainfocenter.com) labels the MY2026 EX-L/Sport-L interior simply as 'Leather' / 'Leather-trimmed seats with red stitching', while the SAME reference site for MY2027 explicitly renames the identical trim-tier's material to 'HondaTex Synthetic Leather' / 'HondaTex-Trimmed Seats' -- and this was independently corroborated live on Honda's own interactive Build & Price configurator, which named the MY2027 EX-L and Sport-L material 'HondaTex' in the trim's own standard-equipment feature modal (never using the word 'leather' for these two trims). Genuine leather is reserved for Touring/Elite in MY2027. This reads as a running downgrade from (or reclassification of) leather to synthetic HondaTex on the two lower Odyssey trims between MY2026 and MY2027 -- flagged as the most notable spec discrepancy found in this research pass rather than silently resolved either way.","Honda's live Build & Price tool (automobiles.honda.com) was reached and used as the PRIMARY source for this row, accessed 2026-09-09: the trim's own Choose-a-Trim starting MSRP, its 'See More' full standard-equipment feature modal (Performance/Exterior/Interior/Technology/Safety & Alerts), and its own Build & Price Powertrain + Design (Exterior Color / Interior Color / Wheels) tabs were all opened and read directly. No fields in this row required a non-Honda fallback."
Honda,Odyssey,Touring,2027,FWD,Gas,minivan,Crystal Black Pearl | Standard |  |  ;; Modern Steel Metallic | Standard |  |  ;; Smoke Blue Pearl | Standard |  |  ;; Solar Silver Metallic | Standard |  |  ;; Platinum White Pearl | Standalone | $455 |  ;; Radiant Red Metallic II | Standalone | $455 |  ;; Sonic Gray Pearl | Standalone | $455 | ,"Gray Leather | Standard |  | (single option confirmed live; Honda's Feature-Guide reference site separately lists Black/Gray/Brown leather as choices offered on Touring -- this could not be independently re-confirmed live and is flagged as a possible discrepancy, see discrepancy_notes)",19-Inch Alloy Wheels (silver-painted finish per Honda Feature-Guide) | Standard |  | ,One-Touch Power Moonroof (tilt feature) | Standard |  | ,"5-door minivan; 2nd row is Magic Slide(R) sliding 3-across BENCH seat on every trim (EX-L, Sport-L, Touring, Elite) -- confirmed live on Honda's own trim-comparison 'See More' feature modal for all four MY2027 trims, and corroborated by Honda's official Feature-Guide 'Features by Trim' page for both MY2026 and MY2027. Honda does NOT offer a 2nd-row captain's-chair/2-passenger option on the current-generation Odyssey at any trim -- this is a genuine, confirmed finding (not a gap in research), worth flagging since older Odyssey generations offered captain's chairs on upper trims and some competitors (e.g. Sienna, Pacifica) still do. Total seating is 8-passenger (2-2... actually 2 front + 3 2nd-row bench + 3 3rd-row = 8) per Edmunds' EX-L spec sheet (32.8 cu.ft. cargo, 8-passenger rating).","280-hp, 3.5L V-6, 10-Speed Automatic Transmission w/Intelligent Traction Management (Snow Mode) | Standard/Included (single powertrain; no engine or transmission choice offered on any Odyssey trim) |  | ","Leather-trimmed seats | Standard |  |  ;; Heated front seats | Standard |  |  ;; Heated steering wheel | Unavailable (standard only on Elite) |  |  ;; Heated/ventilated seats | Unavailable (heated-only; standard ventilated only on Elite) |  |  ;; Power sliding doors | Standard |  |  ;; Power tailgate (programmable height) | Standard |  |  ;; Hands-Free Access power tailgate | Unavailable (standard only on Elite) |  |  ;; Adaptive Cruise Control w/Low-Speed Follow (Honda Sensing) | Standard |  |  ;; Wireless phone charger | Standard |  |  ;; Wi-Fi Hotspot | Standard |  |  ;; One-Touch Power Moonroof | Standard |  |  ;; Magic Slide 2nd-row bench seats | Standard |  |  ;; 2nd- and 3rd-row integrated sunshades | Standard |  |  ;; Power front seats w/driver's memory | Standard |  |  ;; Tri-zone automatic climate control | Standard |  |  ;; Advanced Rear Entertainment System | Standard |  |  ;; CabinWatch and CabinTalk | Standard |  |  ;; Honda Satellite-Linked Navigation System | Standard |  |  ;; 9-inch touchscreen, wireless Apple CarPlay/Android Auto | Standard |  |  ;; Parking Sensors | Standard |  |  ;; Collision Mitigation Braking, Road Departure Mitigation, Blind Spot Info w/Cross Traffic Monitor, Rearview Camera w/Dynamic Guidelines (Honda Sensing suite) | Standard |  | ","No factory-installed FEATURE packages/option packages are offered on the Odyssey -- each trim (EX-L, Sport-L, Touring, Elite) is a fixed, non-configurable equipment tier (confirmed live: Honda's Build & Price Packages tab for EX-L 2027 shows only THREE dealer-installed Honda Genuine ACCESSORY packages, not feature/option packages): 'All-Season Protection Package I' ($540: All-Season Floor Mats, Cargo Tray, Splash Guards + additional items not fully captured) ;; 'All-Season Protection Package II' (price not fully captured: All-Season Floor Mats, Cargo Tray, Wheel Locks + additional items not fully captured) ;; 'Protection Package' (price not fully captured: Cargo Tray, Splash Guard Set, Wheel Locks). These are cosmetic/protective dealer accessories, not standard-equipment differentiators, and were only verified for the EX-L trim specifically -- exact pricing/contents for the other three trims was not independently re-confirmed (dealer accessory packages are typically identical across trims of the same model, but this was not verified for Sport-L/Touring/Elite).",https://automobiles.honda.com/tools/build-and-price-result?modelid=RL6H8VKNW&modelseries=odyssey&modelyear=2027&extcolorcode=B-642P ;; https://automobiles.honda.com/tools/build-and-price-trimwalk?modelseries=odyssey&modelyear=2027 ;; https://automobiles.honda.com/odyssey ;; https://www.hondainfocenter.com/2027/Odyssey/Feature-Guide/Colors/,"Honda's own live Build & Price Design tab shows Touring's interior as a single 'Gray Leather' option, but Honda's separate Feature-Guide reference site lists Black/Gray/Brown leather as Touring interior choices. Could not reconcile which is authoritative for the CURRENT ordering window -- flagged rather than silently picking one.","Honda's live Build & Price tool (automobiles.honda.com) was reached and used as the PRIMARY source for this row, accessed 2026-09-09: the trim's own Choose-a-Trim starting MSRP, its 'See More' full standard-equipment feature modal (Performance/Exterior/Interior/Technology/Safety & Alerts), and its own Build & Price Powertrain + Design (Exterior Color / Interior Color / Wheels) tabs were all opened and read directly. No fields in this row required a non-Honda fallback."
Honda,Odyssey,Elite,2027,FWD,Gas,minivan,Crystal Black Pearl | Standard |  |  ;; Modern Steel Metallic | Standard |  |  ;; Smoke Blue Pearl | Standard |  |  ;; Solar Silver Metallic | Standard |  |  ;; Platinum White Pearl | Standalone | $455 |  ;; Radiant Red Metallic II | Standalone | $455 |  ;; Sonic Gray Pearl | Standalone | $455 | ,Black Perforated Leather | Standard |  | (single interior option; no color choice -- confirmed live),19-Inch Alloy Wheels (machine-finished per Honda Feature-Guide) | Standard |  | ,One-Touch Power Moonroof (tilt feature) | Standard |  | ,"5-door minivan; 2nd row is Magic Slide(R) sliding 3-across BENCH seat on every trim (EX-L, Sport-L, Touring, Elite) -- confirmed live on Honda's own trim-comparison 'See More' feature modal for all four MY2027 trims, and corroborated by Honda's official Feature-Guide 'Features by Trim' page for both MY2026 and MY2027. Honda does NOT offer a 2nd-row captain's-chair/2-passenger option on the current-generation Odyssey at any trim -- this is a genuine, confirmed finding (not a gap in research), worth flagging since older Odyssey generations offered captain's chairs on upper trims and some competitors (e.g. Sienna, Pacifica) still do. Total seating is 8-passenger (2-2... actually 2 front + 3 2nd-row bench + 3 3rd-row = 8) per Edmunds' EX-L spec sheet (32.8 cu.ft. cargo, 8-passenger rating).","280-hp, 3.5L V-6, 10-Speed Automatic Transmission w/Intelligent Traction Management (Snow Mode) | Standard/Included (single powertrain; no engine or transmission choice offered on any Odyssey trim) |  | ","Leather-trimmed seats (perforated, w/contrast stitching) | Standard |  |  ;; Heated AND ventilated front seats | Standard |  |  ;; Heated, leather-wrapped steering wheel | Standard |  |  ;; Power sliding doors | Standard |  |  ;; Hands-Free Access power tailgate | Standard |  |  ;; Adaptive Cruise Control w/Low-Speed Follow (Honda Sensing) | Standard |  |  ;; Wireless phone charger | Standard |  |  ;; Wi-Fi Hotspot | Standard |  |  ;; One-Touch Power Moonroof | Standard |  |  ;; Magic Slide 2nd-row bench seats | Standard |  |  ;; 2nd- and 3rd-row integrated sunshades | Standard |  |  ;; Power front seats w/driver's memory | Standard |  |  ;; Tri-zone automatic climate control | Standard |  |  ;; 11-speaker, 500-watt premium audio system (Multi-Zone Audio) | Standard |  |  ;; Advanced Rear Entertainment System | Standard |  |  ;; CabinWatch and CabinTalk | Standard |  |  ;; Honda Satellite-Linked Navigation System | Standard |  |  ;; 9-inch touchscreen, wireless Apple CarPlay/Android Auto | Standard |  |  ;; Parking Sensors | Standard |  |  ;; Collision Mitigation Braking, Road Departure Mitigation, Blind Spot Info w/Cross Traffic Monitor, Rearview Camera w/Dynamic Guidelines (Honda Sensing suite) | Standard |  | ","No factory-installed FEATURE packages/option packages are offered on the Odyssey -- each trim (EX-L, Sport-L, Touring, Elite) is a fixed, non-configurable equipment tier (confirmed live: Honda's Build & Price Packages tab for EX-L 2027 shows only THREE dealer-installed Honda Genuine ACCESSORY packages, not feature/option packages): 'All-Season Protection Package I' ($540: All-Season Floor Mats, Cargo Tray, Splash Guards + additional items not fully captured) ;; 'All-Season Protection Package II' (price not fully captured: All-Season Floor Mats, Cargo Tray, Wheel Locks + additional items not fully captured) ;; 'Protection Package' (price not fully captured: Cargo Tray, Splash Guard Set, Wheel Locks). These are cosmetic/protective dealer accessories, not standard-equipment differentiators, and were only verified for the EX-L trim specifically -- exact pricing/contents for the other three trims was not independently re-confirmed (dealer accessory packages are typically identical across trims of the same model, but this was not verified for Sport-L/Touring/Elite).",https://automobiles.honda.com/tools/build-and-price-trimwalk?modelseries=odyssey&modelyear=2027 ;; https://automobiles.honda.com/odyssey ;; https://www.hondainfocenter.com/2027/Odyssey/Feature-Guide/Colors/ ;; https://www.carsdirect.com/honda/odyssey/2027/colors ;; https://automobiles.honda.com/odyssey/specs-features-trim-comparison,"Confirmed MY2026-to-MY2027 running spec change on EX-L and Sport-L: Honda's own official Feature-Guide reference site (hondainfocenter.com) labels the MY2026 EX-L/Sport-L interior simply as 'Leather' / 'Leather-trimmed seats with red stitching', while the SAME reference site for MY2027 explicitly renames the identical trim-tier's material to 'HondaTex Synthetic Leather' / 'HondaTex-Trimmed Seats' -- and this was independently corroborated live on Honda's own interactive Build & Price configurator, which named the MY2027 EX-L and Sport-L material 'HondaTex' in the trim's own standard-equipment feature modal (never using the word 'leather' for these two trims). Genuine leather is reserved for Touring/Elite in MY2027. This reads as a running downgrade from (or reclassification of) leather to synthetic HondaTex on the two lower Odyssey trims between MY2026 and MY2027 -- flagged as the most notable spec discrepancy found in this research pass rather than silently resolved either way.","Honda's live Build & Price tool (automobiles.honda.com) was reached and used as the PRIMARY source for this row, accessed 2026-09-09: the trim's own Choose-a-Trim starting MSRP, its 'See More' full standard-equipment feature modal (Performance/Exterior/Interior/Technology/Safety & Alerts), and its own Build & Price Powertrain + Design (Exterior Color / Interior Color / Wheels) tabs were all opened and read directly. Note: mid-session the Chrome browser extension disconnected for an extended period before the Design tab could be opened for this specific trim; while disconnected, exterior/interior colors were provisionally cross-checked via Honda's own Feature-Guide reference site (hondainfocenter.com) plus CarsDirect and Edmunds, which gave inconsistent per-trim color-availability breakdowns on repeated extraction attempts (the underlying page uses a checkbox grid that a text-summarizing fetch tool parsed differently each time) and so were not trusted as final. The browser extension subsequently reconnected, at which point this trim's live Design tab was opened directly and exterior_color_options / interior_color_material_options above reflect that direct live observation (7 exterior colors -- 4 standard, 3 at +$455 each -- identical palette/pricing pattern to Touring; single standard Black Perforated Leather interior, no color choice), superseding the earlier fallback attempt. No fields in this row ultimately required a non-Honda fallback."
Honda,Odyssey,EX-L,2026,FWD,Gas,minivan,Crystal Black Pearl | Standard (availability/cost pattern per Honda Feature-Guide; per-color extra-cost pricing not stated on that page and not independently confirmed for MY2026) |  |  ;; Modern Steel Metallic | Standard |  |  ;; Platinum White Pearl | Standalone/possible extra-cost color (unconfirmed exact price for MY2026) |  |  ;; Radiant Red Metallic II | Standalone/possible extra-cost color (unconfirmed exact price for MY2026) |  |  ;; Smoke Blue Pearl | Standard |  |  ;; Solar Silver Metallic | Standard |  |  ;; Sonic Gray Pearl | Standalone/possible extra-cost color (unconfirmed exact price for MY2026) |  | (Honda's Feature-Guide colors chart shows this color offered on EX-L),"Black Leather | Standard |  |  ;; Gray Leather | Standard |  | NOTE: Honda's own Feature-Guide reference site labels MY2026 EX-L/Sport-L interior simply as ""Leather"" (no HondaTex/synthetic distinction mentioned), which DIFFERS from the MY2027 Odyssey where the SAME Honda reference site explicitly calls out ""HondaTex Synthetic Leather"" for EX-L/Sport-L (real leather reserved for Touring/Elite only) -- this is a genuine flagged discrepancy/likely running spec change between model years, not a research error; see discrepancy_notes.",18-Inch Machine-Finished Alloy Wheels (P235/60R18 tires) | Standard |  | ,One-motion power moonroof w/tilt | Standard |  | ,"5-door minivan; 2nd row is Magic Slide(R) sliding 3-across BENCH seat on every trim (EX-L, Sport-L, Touring, Elite) -- confirmed live on Honda's own trim-comparison 'See More' feature modal for all four MY2027 trims, and corroborated by Honda's official Feature-Guide 'Features by Trim' page for both MY2026 and MY2027. Honda does NOT offer a 2nd-row captain's-chair/2-passenger option on the current-generation Odyssey at any trim -- this is a genuine, confirmed finding (not a gap in research), worth flagging since older Odyssey generations offered captain's chairs on upper trims and some competitors (e.g. Sienna, Pacifica) still do. Total seating is 8-passenger (2-2... actually 2 front + 3 2nd-row bench + 3 3rd-row = 8) per Edmunds' EX-L spec sheet (32.8 cu.ft. cargo, 8-passenger rating).","280-hp, 3.5L V-6, 10-Speed Automatic Transmission w/Intelligent Traction Management (Snow Mode) | Standard/Included (single powertrain; no engine or transmission choice offered on any Odyssey trim) |  | ",Heated front seats (not ventilated) | Standard |  |  ;; Heated steering wheel | Unavailable (standard only on Elite) |  |  ;; Power sliding doors | Standard |  |  ;; Adaptive Cruise Control w/Low-Speed Follow (Honda Sensing) | Standard |  |  ;; Wireless phone charger | Standard |  |  ;; One-motion power moonroof w/tilt | Standard |  |  ;; Magic Slide 2nd-row bench seats | Standard |  | ,"No factory-installed FEATURE packages/option packages are offered on the Odyssey -- each trim (EX-L, Sport-L, Touring, Elite) is a fixed, non-configurable equipment tier (confirmed live: Honda's Build & Price Packages tab for EX-L 2027 shows only THREE dealer-installed Honda Genuine ACCESSORY packages, not feature/option packages): 'All-Season Protection Package I' ($540: All-Season Floor Mats, Cargo Tray, Splash Guards + additional items not fully captured) ;; 'All-Season Protection Package II' (price not fully captured: All-Season Floor Mats, Cargo Tray, Wheel Locks + additional items not fully captured) ;; 'Protection Package' (price not fully captured: Cargo Tray, Splash Guard Set, Wheel Locks). These are cosmetic/protective dealer accessories, not standard-equipment differentiators, and were only verified for the EX-L trim specifically -- exact pricing/contents for the other three trims was not independently re-confirmed (dealer accessory packages are typically identical across trims of the same model, but this was not verified for Sport-L/Touring/Elite).",https://www.hondainfocenter.com/2026/Odyssey/Feature-Guide/Colors/ ;; https://www.hondainfocenter.com/2026/Odyssey/Feature-Guide/Features-by-Trim/ ;; https://www.edmunds.com/honda/odyssey/2026/features-specs/ ;; https://automobiles.honda.com/tools/build-and-price-trimwalk?modelseries=odyssey&modelyear=2026,"Confirmed MY2026-to-MY2027 running spec change on EX-L and Sport-L: Honda's own official Feature-Guide reference site (hondainfocenter.com) labels the MY2026 EX-L/Sport-L interior simply as 'Leather' / 'Leather-trimmed seats with red stitching', while the SAME reference site for MY2027 explicitly renames the identical trim-tier's material to 'HondaTex Synthetic Leather' / 'HondaTex-Trimmed Seats' -- and this was independently corroborated live on Honda's own interactive Build & Price configurator, which named the MY2027 EX-L and Sport-L material 'HondaTex' in the trim's own standard-equipment feature modal (never using the word 'leather' for these two trims). Genuine leather is reserved for Touring/Elite in MY2027. This reads as a running downgrade from (or reclassification of) leather to synthetic HondaTex on the two lower Odyssey trims between MY2026 and MY2027 -- flagged as the most notable spec discrepancy found in this research pass rather than silently resolved either way.","Honda's live Build & Price tool defaults to the newer MY2027 Odyssey and the Chrome browser session was lost (extension disconnect that did not recover after repeated retries) before MY2026 could be separately queried. This row is built from Honda's own official Feature-Guide reference site (hondainfocenter.com, a Honda-run dealer/consumer specifications reference -- NOT the interactive Build & Price configurator, but still a first-party Honda source) for exterior colors, interior materials, wheels, moonroof, seating, heated seats, heated steering wheel, power sliding doors, adaptive cruise control, and wireless charging; MSRP is from Edmunds. Per-color extra-cost pricing is NOT stated on Honda's Feature-Guide page and could not be independently confirmed for MY2026 specifically, so it is left blank rather than assumed to match MY2027's confirmed $455 upcharge."
Honda,Odyssey,Sport-L,2026,FWD,Gas,minivan,Crystal Black Pearl | Standard (availability/cost pattern per Honda Feature-Guide; per-color extra-cost pricing not stated on that page and not independently confirmed for MY2026) |  |  ;; Modern Steel Metallic | Standard |  |  ;; Platinum White Pearl | Standalone/possible extra-cost color (unconfirmed exact price for MY2026) |  |  ;; Radiant Red Metallic II | Standalone/possible extra-cost color (unconfirmed exact price for MY2026) |  |  ;; Smoke Blue Pearl | Standard |  |  ;; Solar Silver Metallic | Standard |  |  ;; Sonic Gray Pearl | Standalone/possible extra-cost color (unconfirmed exact price for MY2026) |  | (Honda's Feature-Guide colors chart shows this color offered on Sport-L),Black Leather w/red stitching | Standard |  | NOTE: same MY2026-vs-MY2027 leather/HondaTex material discrepancy as EX-L above applies here -- see discrepancy_notes.,19-Inch Gloss-Black Alloy Wheels (P235/55R19 tires) | Standard |  | ,One-motion power moonroof w/tilt | Standard |  | ,"5-door minivan; 2nd row is Magic Slide(R) sliding 3-across BENCH seat on every trim (EX-L, Sport-L, Touring, Elite) -- confirmed live on Honda's own trim-comparison 'See More' feature modal for all four MY2027 trims, and corroborated by Honda's official Feature-Guide 'Features by Trim' page for both MY2026 and MY2027. Honda does NOT offer a 2nd-row captain's-chair/2-passenger option on the current-generation Odyssey at any trim -- this is a genuine, confirmed finding (not a gap in research), worth flagging since older Odyssey generations offered captain's chairs on upper trims and some competitors (e.g. Sienna, Pacifica) still do. Total seating is 8-passenger (2-2... actually 2 front + 3 2nd-row bench + 3 3rd-row = 8) per Edmunds' EX-L spec sheet (32.8 cu.ft. cargo, 8-passenger rating).","280-hp, 3.5L V-6, 10-Speed Automatic Transmission w/Intelligent Traction Management (Snow Mode) | Standard/Included (single powertrain; no engine or transmission choice offered on any Odyssey trim) |  | ",Heated front seats (not ventilated) | Standard |  |  ;; Heated steering wheel | Unavailable (standard only on Elite) |  |  ;; Power sliding doors | Standard |  |  ;; Adaptive Cruise Control w/Low-Speed Follow (Honda Sensing) | Standard |  |  ;; Wireless phone charger | Standard |  |  ;; One-motion power moonroof w/tilt | Standard |  |  ;; Magic Slide 2nd-row bench seats | Standard |  | ,"No factory-installed FEATURE packages/option packages are offered on the Odyssey -- each trim (EX-L, Sport-L, Touring, Elite) is a fixed, non-configurable equipment tier (confirmed live: Honda's Build & Price Packages tab for EX-L 2027 shows only THREE dealer-installed Honda Genuine ACCESSORY packages, not feature/option packages): 'All-Season Protection Package I' ($540: All-Season Floor Mats, Cargo Tray, Splash Guards + additional items not fully captured) ;; 'All-Season Protection Package II' (price not fully captured: All-Season Floor Mats, Cargo Tray, Wheel Locks + additional items not fully captured) ;; 'Protection Package' (price not fully captured: Cargo Tray, Splash Guard Set, Wheel Locks). These are cosmetic/protective dealer accessories, not standard-equipment differentiators, and were only verified for the EX-L trim specifically -- exact pricing/contents for the other three trims was not independently re-confirmed (dealer accessory packages are typically identical across trims of the same model, but this was not verified for Sport-L/Touring/Elite).",https://www.hondainfocenter.com/2026/Odyssey/Feature-Guide/Colors/ ;; https://www.hondainfocenter.com/2026/Odyssey/Feature-Guide/Features-by-Trim/ ;; https://www.edmunds.com/honda/odyssey/2026/features-specs/ ;; https://automobiles.honda.com/tools/build-and-price-trimwalk?modelseries=odyssey&modelyear=2026,"Confirmed MY2026-to-MY2027 running spec change on EX-L and Sport-L: Honda's own official Feature-Guide reference site (hondainfocenter.com) labels the MY2026 EX-L/Sport-L interior simply as 'Leather' / 'Leather-trimmed seats with red stitching', while the SAME reference site for MY2027 explicitly renames the identical trim-tier's material to 'HondaTex Synthetic Leather' / 'HondaTex-Trimmed Seats' -- and this was independently corroborated live on Honda's own interactive Build & Price configurator, which named the MY2027 EX-L and Sport-L material 'HondaTex' in the trim's own standard-equipment feature modal (never using the word 'leather' for these two trims). Genuine leather is reserved for Touring/Elite in MY2027. This reads as a running downgrade from (or reclassification of) leather to synthetic HondaTex on the two lower Odyssey trims between MY2026 and MY2027 -- flagged as the most notable spec discrepancy found in this research pass rather than silently resolved either way.","Honda's live Build & Price tool defaults to the newer MY2027 Odyssey and the Chrome browser session was lost (extension disconnect that did not recover after repeated retries) before MY2026 could be separately queried. This row is built from Honda's own official Feature-Guide reference site (hondainfocenter.com, a Honda-run dealer/consumer specifications reference -- NOT the interactive Build & Price configurator, but still a first-party Honda source) for exterior colors, interior materials, wheels, moonroof, seating, heated seats, heated steering wheel, power sliding doors, adaptive cruise control, and wireless charging; MSRP is from Edmunds. Per-color extra-cost pricing is NOT stated on Honda's Feature-Guide page and could not be independently confirmed for MY2026 specifically, so it is left blank rather than assumed to match MY2027's confirmed $455 upcharge."
Honda,Odyssey,Touring,2026,FWD,Gas,minivan,Crystal Black Pearl | Standard (availability/cost pattern per Honda Feature-Guide; per-color extra-cost pricing not stated on that page and not independently confirmed for MY2026) |  |  ;; Modern Steel Metallic | Standard |  |  ;; Platinum White Pearl | Standalone/possible extra-cost color (unconfirmed exact price for MY2026) |  |  ;; Radiant Red Metallic II | Standalone/possible extra-cost color (unconfirmed exact price for MY2026) |  |  ;; Smoke Blue Pearl | Standard |  |  ;; Solar Silver Metallic | Standard |  |  ;; Sonic Gray Pearl | Standalone/possible extra-cost color (unconfirmed exact price for MY2026) |  | (Honda's Feature-Guide colors chart shows this color offered on Touring),Black Leather | Standard |  |  ;; Gray Leather | Standard |  |  ;; Brown Leather | Standard | | ,19-Inch Silver-Painted Alloy Wheels (P235/55R19 tires) | Standard |  | ,One-motion power moonroof w/tilt | Standard |  | ,"5-door minivan; 2nd row is Magic Slide(R) sliding 3-across BENCH seat on every trim (EX-L, Sport-L, Touring, Elite) -- confirmed live on Honda's own trim-comparison 'See More' feature modal for all four MY2027 trims, and corroborated by Honda's official Feature-Guide 'Features by Trim' page for both MY2026 and MY2027. Honda does NOT offer a 2nd-row captain's-chair/2-passenger option on the current-generation Odyssey at any trim -- this is a genuine, confirmed finding (not a gap in research), worth flagging since older Odyssey generations offered captain's chairs on upper trims and some competitors (e.g. Sienna, Pacifica) still do. Total seating is 8-passenger (2-2... actually 2 front + 3 2nd-row bench + 3 3rd-row = 8) per Edmunds' EX-L spec sheet (32.8 cu.ft. cargo, 8-passenger rating).","280-hp, 3.5L V-6, 10-Speed Automatic Transmission w/Intelligent Traction Management (Snow Mode) | Standard/Included (single powertrain; no engine or transmission choice offered on any Odyssey trim) |  | ",Heated front seats (not ventilated) | Standard |  |  ;; Heated steering wheel | Unavailable (standard only on Elite) |  |  ;; Power sliding doors | Standard |  |  ;; Adaptive Cruise Control w/Low-Speed Follow (Honda Sensing) | Standard |  |  ;; Wireless phone charger | Standard |  |  ;; One-motion power moonroof w/tilt | Standard |  |  ;; Magic Slide 2nd-row bench seats | Standard |  | ,"No factory-installed FEATURE packages/option packages are offered on the Odyssey -- each trim (EX-L, Sport-L, Touring, Elite) is a fixed, non-configurable equipment tier (confirmed live: Honda's Build & Price Packages tab for EX-L 2027 shows only THREE dealer-installed Honda Genuine ACCESSORY packages, not feature/option packages): 'All-Season Protection Package I' ($540: All-Season Floor Mats, Cargo Tray, Splash Guards + additional items not fully captured) ;; 'All-Season Protection Package II' (price not fully captured: All-Season Floor Mats, Cargo Tray, Wheel Locks + additional items not fully captured) ;; 'Protection Package' (price not fully captured: Cargo Tray, Splash Guard Set, Wheel Locks). These are cosmetic/protective dealer accessories, not standard-equipment differentiators, and were only verified for the EX-L trim specifically -- exact pricing/contents for the other three trims was not independently re-confirmed (dealer accessory packages are typically identical across trims of the same model, but this was not verified for Sport-L/Touring/Elite).",https://www.hondainfocenter.com/2026/Odyssey/Feature-Guide/Colors/ ;; https://www.hondainfocenter.com/2026/Odyssey/Feature-Guide/Features-by-Trim/ ;; https://www.edmunds.com/honda/odyssey/2026/features-specs/ ;; https://automobiles.honda.com/tools/build-and-price-trimwalk?modelseries=odyssey&modelyear=2026,,"Honda's live Build & Price tool defaults to the newer MY2027 Odyssey and the Chrome browser session was lost (extension disconnect that did not recover after repeated retries) before MY2026 could be separately queried. This row is built from Honda's own official Feature-Guide reference site (hondainfocenter.com, a Honda-run dealer/consumer specifications reference -- NOT the interactive Build & Price configurator, but still a first-party Honda source) for exterior colors, interior materials, wheels, moonroof, seating, heated seats, heated steering wheel, power sliding doors, adaptive cruise control, and wireless charging; MSRP is from Edmunds. Per-color extra-cost pricing is NOT stated on Honda's Feature-Guide page and could not be independently confirmed for MY2026 specifically, so it is left blank rather than assumed to match MY2027's confirmed $455 upcharge."
Honda,Odyssey,Elite,2026,FWD,Gas,minivan,Crystal Black Pearl | Standard (availability/cost pattern per Honda Feature-Guide; per-color extra-cost pricing not stated on that page and not independently confirmed for MY2026) |  |  ;; Modern Steel Metallic | Standard |  |  ;; Platinum White Pearl | Standalone/possible extra-cost color (unconfirmed exact price for MY2026) |  |  ;; Radiant Red Metallic II | Standalone/possible extra-cost color (unconfirmed exact price for MY2026) |  |  ;; Smoke Blue Pearl | Standard |  |  ;; Solar Silver Metallic | Standard |  |  ;; Sonic Gray Pearl | Standalone/possible extra-cost color (unconfirmed exact price for MY2026) |  | (Honda's Feature-Guide colors chart shows this color offered on Elite),Black Leather | Standard |  |  ;; Gray/Black Leather | Standard |  |  ;; Brown/Black Leather | Standard | | ,19-Inch Machine-Finished Alloy Wheels | Standard |  | ,One-motion power moonroof w/tilt | Standard |  | ,"5-door minivan; 2nd row is Magic Slide(R) sliding 3-across BENCH seat on every trim (EX-L, Sport-L, Touring, Elite) -- confirmed live on Honda's own trim-comparison 'See More' feature modal for all four MY2027 trims, and corroborated by Honda's official Feature-Guide 'Features by Trim' page for both MY2026 and MY2027. Honda does NOT offer a 2nd-row captain's-chair/2-passenger option on the current-generation Odyssey at any trim -- this is a genuine, confirmed finding (not a gap in research), worth flagging since older Odyssey generations offered captain's chairs on upper trims and some competitors (e.g. Sienna, Pacifica) still do. Total seating is 8-passenger (2-2... actually 2 front + 3 2nd-row bench + 3 3rd-row = 8) per Edmunds' EX-L spec sheet (32.8 cu.ft. cargo, 8-passenger rating).","280-hp, 3.5L V-6, 10-Speed Automatic Transmission w/Intelligent Traction Management (Snow Mode) | Standard/Included (single powertrain; no engine or transmission choice offered on any Odyssey trim) |  | ","Heated AND ventilated front seats | Standard |  |  ;; Heated, leather-wrapped steering wheel | Standard |  |  ;; Power sliding doors | Standard |  |  ;; Adaptive Cruise Control w/Low-Speed Follow (Honda Sensing) | Standard |  |  ;; Wireless phone charger | Standard |  |  ;; One-motion power moonroof w/tilt | Standard |  |  ;; Magic Slide 2nd-row bench seats | Standard |  | ","No factory-installed FEATURE packages/option packages are offered on the Odyssey -- each trim (EX-L, Sport-L, Touring, Elite) is a fixed, non-configurable equipment tier (confirmed live: Honda's Build & Price Packages tab for EX-L 2027 shows only THREE dealer-installed Honda Genuine ACCESSORY packages, not feature/option packages): 'All-Season Protection Package I' ($540: All-Season Floor Mats, Cargo Tray, Splash Guards + additional items not fully captured) ;; 'All-Season Protection Package II' (price not fully captured: All-Season Floor Mats, Cargo Tray, Wheel Locks + additional items not fully captured) ;; 'Protection Package' (price not fully captured: Cargo Tray, Splash Guard Set, Wheel Locks). These are cosmetic/protective dealer accessories, not standard-equipment differentiators, and were only verified for the EX-L trim specifically -- exact pricing/contents for the other three trims was not independently re-confirmed (dealer accessory packages are typically identical across trims of the same model, but this was not verified for Sport-L/Touring/Elite).",https://www.hondainfocenter.com/2026/Odyssey/Feature-Guide/Colors/ ;; https://www.hondainfocenter.com/2026/Odyssey/Feature-Guide/Features-by-Trim/ ;; https://www.edmunds.com/honda/odyssey/2026/features-specs/ ;; https://automobiles.honda.com/tools/build-and-price-trimwalk?modelseries=odyssey&modelyear=2026,,"Honda's live Build & Price tool defaults to the newer MY2027 Odyssey and the Chrome browser session was lost (extension disconnect that did not recover after repeated retries) before MY2026 could be separately queried. This row is built from Honda's own official Feature-Guide reference site (hondainfocenter.com, a Honda-run dealer/consumer specifications reference -- NOT the interactive Build & Price configurator, but still a first-party Honda source) for exterior colors, interior materials, wheels, moonroof, seating, heated seats, heated steering wheel, power sliding doors, adaptive cruise control, and wireless charging; MSRP is from Edmunds. Per-color extra-cost pricing is NOT stated on Honda's Feature-Guide page and could not be independently confirmed for MY2026 specifically, so it is left blank rather than assumed to match MY2027's confirmed $455 upcharge."
Honda,CR-V e:FCEV,e:FCEV,2026,FWD,EV,SUV,"Meteorite Gray Metallic (NH-904M) | Standard |  |  ;; Platinum White Pearl (NH-883P) | Standard |  | (only 2 exterior colors offered -- confirmed via Honda's own Feature-Guide reference site colors chart; Honda's live cr-v-fcev product page independently corroborates these same 2 colors. Whether either carries an extra cost could not be confirmed from any source -- Honda's Feature-Guide page does not indicate standard vs. premium pricing for this model, and the interactive Build & Price Design tab for this model was not reached before the browser session was lost.)",Black Bio-Synthetic Leather-Trimmed Seats w/Honeycomb Interior Trim | Standard |  | (single interior option; no color choice -- confirmed via Honda's own Feature-Guide reference site and Honda's live cr-v-fcev product page),18 x 7.5-Inch Gloss-Black Alloy Wheels (235/60R18 tires) | Standard |  | ,"Moonroof/Sunroof | Not mentioned in any source reviewed (Honda's own product page, trim-comparison page, and Feature-Guide colors page); most likely Unavailable on this single-trim model but this is an ABSENCE of confirmation, not a confirmed 'Unavailable' -- left flagged rather than asserted either way, per instructions never to fabricate a value.","5-passenger, 2-row SUV w/60/40 split fold-down rear seatback; single trim, no seating configuration choice.","174-hp electric motor powered by hydrogen fuel cell + plug-in rechargeable battery (Level 1/Level 2 charging capable, ~29 mi of battery-only range added via Level 2 in ~2.5 hrs); ~270-mile total EPA range; 1,500-watt exportable power supply connector | Standard/Included (single powertrain; no engine/motor choice -- this is Honda's only fuel-cell EV model) |  | ","Bio-synthetic leather seating (not genuine leather) | Standard |  |  ;; Heated front seats | Standard |  |  ;; Heated steering wheel | Standard |  |  ;; Hands-Free Access power tailgate | Standard |  |  ;; Adaptive Cruise Control w/Low-Speed Follow (Honda Sensing) | Standard |  |  ;; Wireless (Qi) phone charger | Standard |  |  ;; Power sliding doors | Unavailable (SUV body style; conventional doors) |  |  ;; 10.2-inch digital instrument cluster, 9-inch touchscreen w/navigation, wireless Apple CarPlay/Android Auto | Standard |  |  ;; Bose premium 12-speaker audio system | Standard |  |  ;; Rearview camera w/dynamic guidelines | Standard |  |  ;; Full Honda Sensing suite (collision mitigation braking, etc.) | Standard |  | ","No factory-installed feature/option packages identified for this single-trim model in any source reviewed -- Honda's live product page and trim-comparison page describe a single, fully-equipped 'e:FCEV' trim with no build-your-own configurator options beyond the 2 exterior colors noted above. This model is sold/leased only at select dealerships in California due to hydrogen fueling-station infrastructure limits -- a very low-volume, limited-availability vehicle, not a mass-market nationwide offering.",https://automobiles.honda.com/cr-v-fcev ;; https://automobiles.honda.com/cr-v-fcev/specs-features-trim-comparison ;; https://www.hondainfocenter.com/2026/CR-V-eFCEV/Feature-Guide/Colors/ ;; https://www.jdpower.com/cars/2026/honda/cr-v-efcev/trim ;; https://www.autoblog.com/cars/honda/cr-v-fuel-cell/2026,,"Honda's own live cr-v-fcev product page was reached and read directly (2026-09-09), and cross-checked against Honda's Feature-Guide reference site and third-party sources (JD Power, Autoblog, CarBuzz) for corroboration -- these agree closely on trim structure (single trim), pricing ($50,000 MSRP), colors (2), interior material, wheels, and most features. The interactive Build & Price Design tab specifically for this model (which would show authoritative per-color/per-option pricing) was NOT reached because the Chrome browser extension disconnected before this model could be queried there, and did not recover after 6+ retries with waits up to 60 seconds -- so exact color pricing and moonroof availability are left blank/flagged rather than assumed. This is Honda's lowest-volume model: sold or leased only at select dealerships in California (hydrogen fueling infrastructure is essentially California-only in the U.S.), so real-world build/inventory variation is expected to be minimal to nonexistent."
Honda,HR-V,LX,2026,FWD,Gas,SUV,Crystal Black Pearl | Standard |  |  ;; Modern Steel Metallic | Standard |  |  ;; Solar Silver Metallic | Standard |  |  ;; Nordic Forest Pearl | Standalone | $455 |  ;; Platinum White Pearl | Standalone | $455 | ,Black Cloth | Standard |  | ,"17-Inch Pewter Gray Alloy Wheels | Standard |  |  ;; 17-Inch HPD (TM) Bronze-Finish Alloy Wheels w/All-Terrain Tires | Standalone (Honda Genuine Accessory, dealer-installed) | $2,077 |  ;; 17-Inch Glint Black Alloy Wheels w/All-Terrain Tires | Standalone (Honda Genuine Accessory, dealer-installed) | $2,077 | ",Moonroof/Sunroof | Unavailable |  | ,"5-seat (2-row); manual-adjust cloth front seats, no power seat option; no bench/captain's-chair or alternate seating configuration offered","2WD (FWD), 158-hp 2.0L 4-cyl., CVT | Standard/Included |  |  ;; Real Time AWD (TM), 158-hp 2.0L 4-cyl., CVT | Standalone | $1,500 | ","Leather upholstery | Unavailable |  |  ;; Heated front seats | Unavailable |  |  ;; Heated steering wheel | Unavailable |  |  ;; Adaptive Cruise Control w/Low-Speed Follow (Honda Sensing) | Standard |  |  ;; Wireless phone charger | Standard |  |  ;; One-Touch Power Moonroof | Unavailable |  |  ;; Honda Sensing suite (Collision Mitigation Braking, Road Departure Mitigation, Lane Keeping Assist, Rearview Camera w/Dynamic Guidelines) | Standard |  | ","No factory content/option packages exist for the HR-V on any trim or model year -- Honda's Build & Price Packages tab shows only Honda Genuine Accessory (dealer-installed) protection packages, which add no vehicle content beyond splash guards/floor mats/cargo tray/wheel locks | ~$245-$470 per package | contents vary: e.g. All-Season Protection Package I (splash guard set, all-season floor mats), All-Season Protection Package II (all-season floor mats, cargo tray, chrome exhaust finisher), Protection Package (splash guard set, cargo tray, wheel locks)",https://automobiles.honda.com/tools/build-and-price-result?modelid=RZ1H3TEW&modelseries=hr-v&modelyear=2026&extcolorcode=NH-731P ;; https://automobiles.honda.com/tools/build-and-price-trimwalk?modelseries=hr-v&modelyear=2026 ;; https://automobiles.honda.com/2026/hr-v/specs-feature-modals/lx-features?modelyear=2026&modelseries=hr-v&modeltrim=LX&modelid=RZ1H3TEW&stub=smf,"AWD is available on this trim in both MY2026 and MY2027 at an identical $1,500 upcharge (confirmed live on Honda's Build & Price tool) -- see the MY2027 EX-L AWD row for the full discrepancy note re: the research brief's premise that AWD availability is new to MY2027.","Honda's live Build & Price tool (automobiles.honda.com) was reachable and used as the primary/sole source for every field below (Powertrain, Design/Exterior Color, Design/Interior Color, Design/Wheels, and Packages tabs), plus each trim's 'specs-feature-modals' standard-equipment page, all accessed live on 2026-09-09. The Edmunds cross-check called for in the brief could not be completed: the Chrome browser session disconnected partway through data collection (after MY2027 LX/Sport/EX-L and MY2026 LX/Sport/EX-L powertrain pricing were already captured) and did not reconnect after three retries with 10s waits, so no Edmunds page was loaded for this vehicle. All prices/options recorded here are Honda's own manufacturer MSRP figures, not Edmunds estimates."
Honda,HR-V,Sport,2026,FWD,Gas,SUV,Crystal Black Pearl | Standard |  |  ;; Milano Red | Standard |  |  ;; Boost Blue Pearl | Standalone | $455 |  ;; Nordic Forest Pearl | Standalone | $455 |  ;; Platinum White Pearl | Standalone | $455 |  ;; Urban Gray Pearl | Standalone | $455 | ,Black Cloth | Standard |  | ,18-Inch Gloss-Black Alloy Wheels | Standard (only wheel offered; no upgrade option on Build & Price) |  | ,Moonroof/Sunroof | Unavailable |  | ,"5-seat (2-row); manual-adjust cloth front seats, no power seat option; no bench/captain's-chair or alternate seating configuration offered","2WD (FWD), 158-hp 2.0L 4-cyl., CVT | Standard/Included |  |  ;; Real Time AWD (TM), 158-hp 2.0L 4-cyl., CVT | Standalone | $1,500 | ","Leather upholstery | Unavailable (cloth seats; leather-wrapped steering wheel/shift knob only) |  |  ;; Heated front seats | Standard |  |  ;; Heated steering wheel | Unavailable |  |  ;; Adaptive Cruise Control w/Low-Speed Follow (Honda Sensing) | Standard |  |  ;; Wireless phone charger | Standard |  |  ;; One-Touch Power Moonroof | Unavailable |  |  ;; Honda Sensing suite (adds Blind Spot Information System w/Cross Traffic Monitor vs. LX, plus Collision Mitigation Braking, Road Departure Mitigation, Lane Keeping Assist, Rearview Camera) | Standard |  | ","No factory content/option packages exist for the HR-V on any trim or model year -- Honda's Build & Price Packages tab shows only Honda Genuine Accessory (dealer-installed) protection packages, which add no vehicle content beyond splash guards/floor mats/cargo tray/wheel locks | ~$245-$470 per package | contents vary: e.g. All-Season Protection Package I (splash guard set, all-season floor mats), All-Season Protection Package II (all-season floor mats, cargo tray, chrome exhaust finisher), Protection Package (splash guard set, cargo tray, wheel locks)",https://automobiles.honda.com/tools/build-and-price-result?modelid=RZ1H5TEW&modelseries=hr-v&modelyear=2026&extcolorcode=R-81 ;; https://automobiles.honda.com/tools/build-and-price-trimwalk?modelseries=hr-v&modelyear=2026 ;; https://automobiles.honda.com/2026/hr-v/specs-feature-modals/sport-features?modelyear=2026&modelseries=hr-v&modeltrim=Sport&modelid=RZ1H5TEW&stub=smf,"AWD is available on this trim in both MY2026 and MY2027 at an identical $1,500 upcharge (confirmed live on Honda's Build & Price tool) -- see the MY2027 EX-L AWD row for the full discrepancy note re: the research brief's premise that AWD availability is new to MY2027.","Honda's live Build & Price tool (automobiles.honda.com) was reachable and used as the primary/sole source for every field below (Powertrain, Design/Exterior Color, Design/Interior Color, Design/Wheels, and Packages tabs), plus each trim's 'specs-feature-modals' standard-equipment page, all accessed live on 2026-09-09. The Edmunds cross-check called for in the brief could not be completed: the Chrome browser session disconnected partway through data collection (after MY2027 LX/Sport/EX-L and MY2026 LX/Sport/EX-L powertrain pricing were already captured) and did not reconnect after three retries with 10s waits, so no Edmunds page was loaded for this vehicle. All prices/options recorded here are Honda's own manufacturer MSRP figures, not Edmunds estimates."
Honda,HR-V,EX-L,2026,FWD,Gas,SUV,Crystal Black Pearl | Standard |  |  ;; Modern Steel Metallic | Standard |  |  ;; Solar Silver Metallic | Standard |  |  ;; Nordic Forest Pearl | Standalone | $455 |  ;; Platinum White Pearl | Standalone | $455 |  ;; Urban Gray Pearl | Standalone | $455 | ,Black Perforated Leather | Standard |  |  ;; Gray Perforated Leather | Standard |  | ,18-Inch Machine-Finished Alloy Wheels with Berlina Black Inserts | Standard (only wheel offered; no upgrade option on Build & Price) |  | ,One-Touch Power Moonroof | Standard |  | ,5-seat (2-row); driver's seat has 8-way power adjustment (front passenger seat remains manual); no alternate seating configuration offered,"2WD (FWD), 158-hp 2.0L 4-cyl., CVT | Standard/Included |  |  ;; Real Time AWD (TM), 158-hp 2.0L 4-cyl., CVT | Standalone | $1,500 | ","Leather upholstery | Standard (leather-trimmed seats) |  |  ;; Heated front seats | Standard |  |  ;; Heated steering wheel | Unavailable |  |  ;; Adaptive Cruise Control w/Low-Speed Follow (Honda Sensing) | Standard |  |  ;; Wireless phone charger | Standard |  |  ;; One-Touch Power Moonroof | Standard |  |  ;; Honda Sensing suite (adds Parking Sensors and Low-Speed Braking Control vs. Sport/LX, plus Blind Spot Information System w/Cross Traffic Monitor, Collision Mitigation Braking, Road Departure Mitigation, Lane Keeping Assist, Rearview Camera) | Standard |  | ","No factory content/option packages exist for the HR-V on any trim or model year -- Honda's Build & Price Packages tab shows only Honda Genuine Accessory (dealer-installed) protection packages, which add no vehicle content beyond splash guards/floor mats/cargo tray/wheel locks | ~$245-$470 per package | contents vary: e.g. All-Season Protection Package I (splash guard set, all-season floor mats), All-Season Protection Package II (all-season floor mats, cargo tray, chrome exhaust finisher), Protection Package (splash guard set, cargo tray, wheel locks)",https://automobiles.honda.com/tools/build-and-price-result?modelid=RZ1H7TJW&modelseries=hr-v&modelyear=2026&extcolorcode=NH-797M ;; https://automobiles.honda.com/tools/build-and-price-trimwalk?modelseries=hr-v&modelyear=2026 ;; https://automobiles.honda.com/2026/hr-v/specs-feature-modals/ex-l-features?modelyear=2026&modelseries=hr-v&modeltrim=EX-L&modelid=RZ1H7TJW&stub=smf,"AWD is available on this trim in both MY2026 and MY2027 at an identical $1,500 upcharge (confirmed live on Honda's Build & Price tool) -- see the MY2027 EX-L AWD row for the full discrepancy note re: the research brief's premise that AWD availability is new to MY2027.","Honda's live Build & Price tool (automobiles.honda.com) was reachable and used as the primary/sole source for every field below (Powertrain, Design/Exterior Color, Design/Interior Color, Design/Wheels, and Packages tabs), plus each trim's 'specs-feature-modals' standard-equipment page, all accessed live on 2026-09-09. The Edmunds cross-check called for in the brief could not be completed: the Chrome browser session disconnected partway through data collection (after MY2027 LX/Sport/EX-L and MY2026 LX/Sport/EX-L powertrain pricing were already captured) and did not reconnect after three retries with 10s waits, so no Edmunds page was loaded for this vehicle. All prices/options recorded here are Honda's own manufacturer MSRP figures, not Edmunds estimates. NOTE: this row's exterior-color, interior-color, and wheel option data (colors/wheel offered, names, and per-item pricing) were not independently re-confirmed live for MY2026 EX-L specifically -- the browser disconnected right after MY2026 EX-L's Powertrain tab (2WD $30,350 / AWD +$1,500, confirmed live) was captured, before its Design tab could be opened. The values used here are carried over from the MY2027 EX-L Design tab (confirmed live) on the basis that MY2026 LX and MY2026 Sport were both independently re-confirmed live and matched their MY2027 counterparts exactly (same color names/count/pricing, same wheel, same interior material) -- so EX-L is assumed to follow the same year-over-year parity pattern. This is a reasoned inference from live data on the other two trims, not a fabricated value, but it should be spot-checked against a dealer configurator or Monroney label before relying on it for a MY2026-specific claim."
Honda,HR-V,LX,2027,FWD,Gas,SUV,Crystal Black Pearl | Standard |  |  ;; Modern Steel Metallic | Standard |  |  ;; Solar Silver Metallic | Standard |  |  ;; Nordic Forest Pearl | Standalone | $455 |  ;; Platinum White Pearl | Standalone | $455 | ,Black Cloth | Standard |  | ,"17-Inch Pewter Gray Alloy Wheels | Standard |  |  ;; 17-Inch HPD (TM) Bronze-Finish Alloy Wheels w/All-Terrain Tires | Standalone (Honda Genuine Accessory, dealer-installed) | $2,077 |  ;; 17-Inch Glint Black Alloy Wheels w/All-Terrain Tires | Standalone (Honda Genuine Accessory, dealer-installed) | $2,077 | ",Moonroof/Sunroof | Unavailable |  | ,"5-seat (2-row); manual-adjust cloth front seats, no power seat option; no bench/captain's-chair or alternate seating configuration offered","2WD (FWD), 158-hp 2.0L 4-cyl., CVT | Standard/Included |  |  ;; Real Time AWD (TM), 158-hp 2.0L 4-cyl., CVT | Standalone | $1,500 | ","Leather upholstery | Unavailable |  |  ;; Heated front seats | Unavailable |  |  ;; Heated steering wheel | Unavailable |  |  ;; Adaptive Cruise Control w/Low-Speed Follow (Honda Sensing) | Standard |  |  ;; Wireless phone charger | Standard |  |  ;; One-Touch Power Moonroof | Unavailable |  |  ;; Honda Sensing suite (Collision Mitigation Braking, Road Departure Mitigation, Lane Keeping Assist, Rearview Camera w/Dynamic Guidelines) | Standard |  | ","No factory content/option packages exist for the HR-V on any trim or model year -- Honda's Build & Price Packages tab shows only Honda Genuine Accessory (dealer-installed) protection packages, which add no vehicle content beyond splash guards/floor mats/cargo tray/wheel locks | ~$245-$470 per package | contents vary: e.g. All-Season Protection Package I (splash guard set, all-season floor mats), All-Season Protection Package II (all-season floor mats, cargo tray, chrome exhaust finisher), Protection Package (splash guard set, cargo tray, wheel locks)",https://automobiles.honda.com/tools/build-and-price-result?modelid=RZ1H3VEW&modelseries=hr-v&modelyear=2027&extcolorcode=NH-731P ;; https://automobiles.honda.com/tools/build-and-price-trimwalk?modelseries=hr-v&modelyear=2027 ;; https://automobiles.honda.com/hr-v/specs-feature-modals/lx-features?modelyear=2027&modelseries=hr-v&modeltrim=LX&modelid=RZ1H3VEW&stub=smf,"AWD is available on this trim in both MY2026 and MY2027 at an identical $1,500 upcharge (confirmed live on Honda's Build & Price tool) -- see the MY2027 EX-L AWD row for the full discrepancy note re: the research brief's premise that AWD availability is new to MY2027.","Honda's live Build & Price tool (automobiles.honda.com) was reachable and used as the primary/sole source for every field below (Powertrain, Design/Exterior Color, Design/Interior Color, Design/Wheels, and Packages tabs), plus each trim's 'specs-feature-modals' standard-equipment page, all accessed live on 2026-09-09. The Edmunds cross-check called for in the brief could not be completed: the Chrome browser session disconnected partway through data collection (after MY2027 LX/Sport/EX-L and MY2026 LX/Sport/EX-L powertrain pricing were already captured) and did not reconnect after three retries with 10s waits, so no Edmunds page was loaded for this vehicle. All prices/options recorded here are Honda's own manufacturer MSRP figures, not Edmunds estimates."
Honda,HR-V,Sport,2027,FWD,Gas,SUV,Crystal Black Pearl | Standard |  |  ;; Milano Red | Standard |  |  ;; Boost Blue Pearl | Standalone | $455 |  ;; Nordic Forest Pearl | Standalone | $455 |  ;; Platinum White Pearl | Standalone | $455 |  ;; Urban Gray Pearl | Standalone | $455 | ,Black Cloth | Standard |  | ,18-Inch Gloss-Black Alloy Wheels | Standard (only wheel offered; no upgrade option on Build & Price) |  | ,Moonroof/Sunroof | Unavailable |  | ,"5-seat (2-row); manual-adjust cloth front seats, no power seat option; no bench/captain's-chair or alternate seating configuration offered","2WD (FWD), 158-hp 2.0L 4-cyl., CVT | Standard/Included |  |  ;; Real Time AWD (TM), 158-hp 2.0L 4-cyl., CVT | Standalone | $1,500 | ","Leather upholstery | Unavailable (cloth seats; leather-wrapped steering wheel/shift knob only) |  |  ;; Heated front seats | Standard |  |  ;; Heated steering wheel | Unavailable |  |  ;; Adaptive Cruise Control w/Low-Speed Follow (Honda Sensing) | Standard |  |  ;; Wireless phone charger | Standard |  |  ;; One-Touch Power Moonroof | Unavailable |  |  ;; Honda Sensing suite (adds Blind Spot Information System w/Cross Traffic Monitor vs. LX, plus Collision Mitigation Braking, Road Departure Mitigation, Lane Keeping Assist, Rearview Camera) | Standard |  | ","No factory content/option packages exist for the HR-V on any trim or model year -- Honda's Build & Price Packages tab shows only Honda Genuine Accessory (dealer-installed) protection packages, which add no vehicle content beyond splash guards/floor mats/cargo tray/wheel locks | ~$245-$470 per package | contents vary: e.g. All-Season Protection Package I (splash guard set, all-season floor mats), All-Season Protection Package II (all-season floor mats, cargo tray, chrome exhaust finisher), Protection Package (splash guard set, cargo tray, wheel locks)",https://automobiles.honda.com/tools/build-and-price-result?modelid=RZ1H5VEW&modelseries=hr-v&modelyear=2027&extcolorcode=R-81 ;; https://automobiles.honda.com/tools/build-and-price-trimwalk?modelseries=hr-v&modelyear=2027 ;; https://automobiles.honda.com/hr-v/specs-feature-modals/sport-features?modelyear=2027&modelseries=hr-v&modeltrim=Sport&modelid=RZ1H5VEW&stub=smf,"AWD is available on this trim in both MY2026 and MY2027 at an identical $1,500 upcharge (confirmed live on Honda's Build & Price tool) -- see the MY2027 EX-L AWD row for the full discrepancy note re: the research brief's premise that AWD availability is new to MY2027.","Honda's live Build & Price tool (automobiles.honda.com) was reachable and used as the primary/sole source for every field below (Powertrain, Design/Exterior Color, Design/Interior Color, Design/Wheels, and Packages tabs), plus each trim's 'specs-feature-modals' standard-equipment page, all accessed live on 2026-09-09. The Edmunds cross-check called for in the brief could not be completed: the Chrome browser session disconnected partway through data collection (after MY2027 LX/Sport/EX-L and MY2026 LX/Sport/EX-L powertrain pricing were already captured) and did not reconnect after three retries with 10s waits, so no Edmunds page was loaded for this vehicle. All prices/options recorded here are Honda's own manufacturer MSRP figures, not Edmunds estimates."
Honda,HR-V,EX-L,2027,FWD,Gas,SUV,Crystal Black Pearl | Standard |  |  ;; Modern Steel Metallic | Standard |  |  ;; Solar Silver Metallic | Standard |  |  ;; Nordic Forest Pearl | Standalone | $455 |  ;; Platinum White Pearl | Standalone | $455 |  ;; Urban Gray Pearl | Standalone | $455 | ,Black Perforated Leather | Standard |  |  ;; Gray Perforated Leather | Standard |  | ,18-Inch Machine-Finished Alloy Wheels with Berlina Black Inserts | Standard (only wheel offered; no upgrade option on Build & Price) |  | ,One-Touch Power Moonroof | Standard |  | ,5-seat (2-row); driver's seat has 8-way power adjustment (front passenger seat remains manual); no alternate seating configuration offered,"2WD (FWD), 158-hp 2.0L 4-cyl., CVT | Standard/Included |  |  ;; Real Time AWD (TM), 158-hp 2.0L 4-cyl., CVT | Standalone | $1,500 | ","Leather upholstery | Standard (leather-trimmed seats) |  |  ;; Heated front seats | Standard |  |  ;; Heated steering wheel | Unavailable |  |  ;; Adaptive Cruise Control w/Low-Speed Follow (Honda Sensing) | Standard |  |  ;; Wireless phone charger | Standard |  |  ;; One-Touch Power Moonroof | Standard |  |  ;; Honda Sensing suite (adds Parking Sensors and Low-Speed Braking Control vs. Sport/LX, plus Blind Spot Information System w/Cross Traffic Monitor, Collision Mitigation Braking, Road Departure Mitigation, Lane Keeping Assist, Rearview Camera) | Standard |  | ","No factory content/option packages exist for the HR-V on any trim or model year -- Honda's Build & Price Packages tab shows only Honda Genuine Accessory (dealer-installed) protection packages, which add no vehicle content beyond splash guards/floor mats/cargo tray/wheel locks | ~$245-$470 per package | contents vary: e.g. All-Season Protection Package I (splash guard set, all-season floor mats), All-Season Protection Package II (all-season floor mats, cargo tray, chrome exhaust finisher), Protection Package (splash guard set, cargo tray, wheel locks)",https://automobiles.honda.com/tools/build-and-price-result?modelid=RZ1H7VJW&modelseries=hr-v&modelyear=2027&extcolorcode=NH-797M ;; https://automobiles.honda.com/tools/build-and-price-trimwalk?modelseries=hr-v&modelyear=2027 ;; https://automobiles.honda.com/hr-v/specs-feature-modals/ex-l-features?modelyear=2027&modelseries=hr-v&modeltrim=EX-L&modelid=RZ1H7VJW&stub=smf,"AWD is available on this trim in both MY2026 and MY2027 at an identical $1,500 upcharge (confirmed live on Honda's Build & Price tool) -- see the MY2027 EX-L AWD row for the full discrepancy note re: the research brief's premise that AWD availability is new to MY2027.","Honda's live Build & Price tool (automobiles.honda.com) was reachable and used as the primary/sole source for every field below (Powertrain, Design/Exterior Color, Design/Interior Color, Design/Wheels, and Packages tabs), plus each trim's 'specs-feature-modals' standard-equipment page, all accessed live on 2026-09-09. The Edmunds cross-check called for in the brief could not be completed: the Chrome browser session disconnected partway through data collection (after MY2027 LX/Sport/EX-L and MY2026 LX/Sport/EX-L powertrain pricing were already captured) and did not reconnect after three retries with 10s waits, so no Edmunds page was loaded for this vehicle. All prices/options recorded here are Honda's own manufacturer MSRP figures, not Edmunds estimates."
Honda,HR-V,EX-L,2027,AWD,Gas,SUV,Crystal Black Pearl | Standard |  |  ;; Modern Steel Metallic | Standard |  |  ;; Solar Silver Metallic | Standard |  |  ;; Nordic Forest Pearl | Standalone | $455 |  ;; Platinum White Pearl | Standalone | $455 |  ;; Urban Gray Pearl | Standalone | $455 | ,Black Perforated Leather | Standard |  |  ;; Gray Perforated Leather | Standard |  | ,18-Inch Machine-Finished Alloy Wheels with Berlina Black Inserts | Standard (only wheel offered; no upgrade option on Build & Price) |  | ,One-Touch Power Moonroof | Standard |  | ,5-seat (2-row); driver's seat has 8-way power adjustment (front passenger seat remains manual); no alternate seating configuration offered,"2WD (FWD), 158-hp 2.0L 4-cyl., CVT | Standard/Included (base engine/trans; this row's build has AWD selected) |  |  ;; Real Time AWD (TM), 158-hp 2.0L 4-cyl., CVT | Standalone (selected for this row) | $1,500 | ","Leather upholstery | Standard (leather-trimmed seats) |  |  ;; Heated front seats | Standard |  |  ;; Heated steering wheel | Unavailable |  |  ;; Adaptive Cruise Control w/Low-Speed Follow (Honda Sensing) | Standard |  |  ;; Wireless phone charger | Standard |  |  ;; One-Touch Power Moonroof | Standard |  |  ;; Honda Sensing suite (adds Parking Sensors and Low-Speed Braking Control vs. Sport/LX, plus Blind Spot Information System w/Cross Traffic Monitor, Collision Mitigation Braking, Road Departure Mitigation, Lane Keeping Assist, Rearview Camera) | Standard |  | ","No factory content/option packages exist for the HR-V on any trim or model year -- Honda's Build & Price Packages tab shows only Honda Genuine Accessory (dealer-installed) protection packages, which add no vehicle content beyond splash guards/floor mats/cargo tray/wheel locks | ~$245-$470 per package | contents vary: e.g. All-Season Protection Package I (splash guard set, all-season floor mats), All-Season Protection Package II (all-season floor mats, cargo tray, chrome exhaust finisher), Protection Package (splash guard set, cargo tray, wheel locks)",https://automobiles.honda.com/tools/build-and-price-result?modelid=RZ1H7VJW&modelseries=hr-v&modelyear=2027&extcolorcode=NH-797M ;; https://automobiles.honda.com/tools/build-and-price-trimwalk?modelseries=hr-v&modelyear=2027 ;; https://automobiles.honda.com/hr-v/specs-feature-modals/ex-l-features?modelyear=2027&modelseries=hr-v&modeltrim=EX-L&modelid=RZ1H7VJW&stub=smf,"IMPORTANT -- contradicts the research brief's premise that 'MY2027 adds an AWD EX-L option not present in MY2026.' Checked live on Honda's own Build & Price tool (accessed 2026-09-09): Real Time AWD is offered as a $1,500 powertrain upcharge on ALL THREE MY2026 trims (LX, Sport, and EX-L) at the exact same price as MY2027, not just on EX-L, and not new for MY2027. There is no separate 'EX-L AWD' trim badge in either model year -- AWD is simply a 2WD/AWD powertrain toggle available within every trim's build, in both model years. The only real MY2026->MY2027 change found was a uniform +$100 base-MSRP bump across all three trims (LX $26,500->$26,600, Sport $28,300->$28,400, EX-L $30,350->$30,450); AWD availability and pricing did not change year-over-year.","Honda's live Build & Price tool (automobiles.honda.com) was reachable and used as the primary/sole source for every field below (Powertrain, Design/Exterior Color, Design/Interior Color, Design/Wheels, and Packages tabs), plus each trim's 'specs-feature-modals' standard-equipment page, all accessed live on 2026-09-09. The Edmunds cross-check called for in the brief could not be completed: the Chrome browser session disconnected partway through data collection (after MY2027 LX/Sport/EX-L and MY2026 LX/Sport/EX-L powertrain pricing were already captured) and did not reconnect after three retries with 10s waits, so no Edmunds page was loaded for this vehicle. All prices/options recorded here are Honda's own manufacturer MSRP figures, not Edmunds estimates."
Honda,Pilot,Sport,2026,FWD,Gas,SUV,Crystal Black Pearl | Standard |  |  ;; Solar Silver Metallic | Standard |  |  ;; Platinum White Pearl | Standalone | $455 |  ;; Radiant Red Metallic | Standalone | $455 |  ;; Sonic Gray Pearl | Standalone | $455 | ,Black Cloth | Standard |  | ,"20-Inch Shark Gray Alloy Wheels | Standard |  |  ;; 20-Inch Machined-Finish Gloss Black Alloy Wheels | Standalone | $2,240 |  ;; 20-Inch Machined-Finish Matte Black Alloy Wheels | Standalone | $2,000 | ",Moonroof/Sunroof | Unavailable |  | ,8-passenger; 2nd-row 40/20/40 split-bench seat with Stowable/removable center seat (converts to captain's-chair-like flexibility); 3rd row 60/40 split manual-folding bench,"285-hp 3.5L V-6, 10-Speed Automatic; FWD standard/included, i-VTM4 AWD available | Standard (FWD) / Optional (AWD) | $2,100 for AWD | ","Leather seats | Unavailable (Black Cloth standard) |  |  ;; Heated front seats | Standard |  |  ;; Heated steering wheel | Unavailable |  |  ;; Power liftgate/tailgate | Standard (Power Tailgate) |  |  ;; Adaptive cruise control | Standard (Honda Sensing, Low-Speed Follow) |  |  ;; Wireless charging | Unavailable |  |  ;; Moonroof/sunroof | Unavailable |  | ","Adventure Package | $1,645 | contents: Roof Platform, Running Boards - Tube Step ;; Function Package | $750 | contents: All-Season Floor Mats, Cargo Cover, Door Sill Protection Film (+ additional items not fully captured) ;; Pet Protection Package | $750 | contents: Cargo Barrier, Seat Back Protectors (+ additional items not fully captured) ;; Towing Package | $895 | contents: Trailer Hitch Harness, Trailer Hitch, Trailer Hitch Ball Mount (+ additional items not fully captured)",https://automobiles.honda.com/pilot ;; https://automobiles.honda.com/tools/build-and-price-trimwalk?modelseries=pilot&modelyear=2026 ;; https://automobiles.honda.com/tools/build-and-price-result?modelid=YG2H3TEW&modelseries=pilot&modelyear=2026 ;; https://hondanews.com/en-US/honda-automobiles/releases/release-14c469388b7fed5af247fc02e2009aa7-2026-honda-pilot-specifications-features ;; https://www.edmunds.com/honda/pilot/2026/features-specs/,"Edmunds' aggregated features-specs summary lists a broader generic color palette and a 3rd interior color (brown) across 'the model line' without trim breakdown; Honda's own live Build & Price tool (trusted as primary) shows only 5 exterior colors and 1 (Black Cloth) interior option for Sport specifically, which is what is reported here.","Fully confirmed live on Honda's own Build & Price configurator (automobiles.honda.com) on 2026-09-09: Powertrain, Design (Exterior Color, Interior Color, Wheels) and Packages tabs, plus the trim's full ""See More"" feature modal."
Honda,Pilot,EX-L,2026,FWD,Gas,SUV,Crystal Black Pearl | Standard |  |  ;; Modern Steel Metallic | Standard |  |  ;; Smoke Blue Pearl | Standard |  |  ;; Solar Silver Metallic | Standard |  |  ;; Platinum White Pearl | Standalone | $455 |  ;; Radiant Red Metallic | Standalone | $455 |  ;; Sonic Gray Pearl | Standalone | $455 | ,Black Leather | Standard |  | ,"18 in Pewter Gray Machine-Finished Alloy Wheels | Standard |  |  ;; 18-Inch Black Alloy Wheels | Standalone | $1,800 |  ;; 20-Inch Machined-Finish Gloss Black Alloy Wheels | Standalone | $2,240 |  ;; 20-Inch Machined-Finish Matte Black Alloy Wheels | Standalone | $2,000 | ",Moonroof/Sunroof | Unavailable |  | ,8-passenger; 2nd-row 40/20/40 split-bench seat with Stowable/removable center seat (converts to captain's-chair-like flexibility); 3rd row 60/40 split manual-folding bench,"285-hp 3.5L V-6, 10-Speed Automatic; FWD standard/included, i-VTM4 AWD available | Standard (FWD) / Optional (AWD) | $2,100 for AWD | ",Leather-trimmed seats | Standard |  |  ;; Heated front seats | Standard |  |  ;; Heated steering wheel | Unavailable |  |  ;; Power liftgate/tailgate | Standard (Power Tailgate) |  |  ;; Adaptive cruise control | Standard (Honda Sensing) |  |  ;; Wireless charging | Standard (Wireless Phone Charger) |  |  ;; Moonroof/sunroof | Unavailable |  | ,"Adventure Package | $1,645 | contents: Roof Platform, Running Boards - Tube Step ;; Black Emblem Package | $175 | contents: Emblem - Rear H-Mark, Emblem - Pilot (+ additional items not fully captured) ;; Function Package | $750 | contents: All-Season Floor Mats, Cargo Cover, Door Sill Protection Film (+ additional items not fully captured) ;; Pet Protection Package | $750 (assumed, not re-confirmed on screen for this trim) | contents: Cargo Barrier, Seat Back Protectors ;; Towing Package | $895 (assumed, not re-confirmed on screen for this trim) | contents: Trailer Hitch Harness, Trailer Hitch, Trailer Hitch Ball Mount",https://automobiles.honda.com/pilot ;; https://automobiles.honda.com/tools/build-and-price-trimwalk?modelseries=pilot&modelyear=2026 ;; https://automobiles.honda.com/tools/build-and-price-result?modelid=YG2H4TENW&modelseries=pilot&modelyear=2026 ;; https://hondanews.com/en-US/honda-automobiles/releases/release-14c469388b7fed5af247fc02e2009aa7-2026-honda-pilot-specifications-features ;; https://www.edmunds.com/honda/pilot/2026/features-specs/,,"Fully confirmed live on Honda's own Build & Price configurator (automobiles.honda.com) on 2026-09-09: Powertrain, Design (Exterior Color, Interior Color, Wheels) and Packages tabs, plus the trim's full ""See More"" feature modal. Pet Protection/Towing package prices for EX-L specifically were assumed equal to Sport's confirmed prices (identical SKUs) rather than re-scrolled/re-confirmed on screen for this trim."
Honda,Pilot,TrailSport,2026,AWD,Gas,SUV,Crystal Black Pearl | Standard |  |  ;; Smoke Blue Pearl | Standard |  |  ;; Solar Silver Metallic | Standard |  |  ;; Ash Green Metallic | Standalone (TrailSport-exclusive color) | $455 |  ;; Platinum White Pearl | Standalone | $455 |  ;; Sonic Gray Pearl | Standalone | $455 | ,Black Durable Synthetic Leather w/Orange Stitching | Standard |  | ,"18-Inch Shark Gray Alloy Wheels w/All-Terrain Tires | Standard |  |  ;; 18-Inch Black Alloy Wheels | Standalone | $1,800 | ",One-Touch Power Panoramic Moonroof | Standard |  | ,"7-passenger only; 2nd-row Captain's Chairs (fixed, not convertible to bench); 3rd row 60/40 split manual-folding bench","285-hp 3.5L V-6, 10-Speed Automatic, i-VTM4 AWD System w/Trail Torque Logic, 7-Mode Drive System (adds Trail/Sand) | Standard/Included (AWD-only; no FWD or drivetrain choice offered on this trim) |  | ",Leather-trimmed seats (durable synthetic) | Standard |  |  ;; Heated front seats | Standard |  |  ;; Heated steering wheel | Unavailable (not listed in Honda's full feature modal for this trim) |  |  ;; Power liftgate/tailgate | Standard (Power Tailgate) |  |  ;; Adaptive cruise control | Standard (Honda Sensing) |  |  ;; Wireless charging | Standard (Wireless Phone Charger) |  |  ;; Moonroof/sunroof | Standard (One-Touch Power Panoramic Moonroof) |  | ,"Manufacturer accessory packages (Adventure/Function/Pet Protection/Towing style) not independently re-confirmed for this trim before browser disconnect; TrailSport already includes standard skid plates, trailer hitch and off-road-tuned suspension as part of the trim itself (not an optional package).",https://automobiles.honda.com/pilot ;; https://automobiles.honda.com/tools/build-and-price-trimwalk?modelseries=pilot&modelyear=2026 ;; https://automobiles.honda.com/tools/build-and-price-result?modelid=YG1H6TJW&modelseries=pilot&modelyear=2026 ;; https://hondanews.com/en-US/honda-automobiles/releases/release-14c469388b7fed5af247fc02e2009aa7-2026-honda-pilot-specifications-features ;; https://www.edmunds.com/honda/pilot/2026/features-specs/,"Third-party dealer 'color guide' blog content (e.g. mountainviewhonda.com) claims a color named 'Diffused Sky Blue Pearl' is exclusive to TrailSport; this was NOT seen on Honda's own live Build & Price color swatches, which instead showed 'Ash Green Metallic' as the TrailSport-exclusive color. Honda's own site is treated as authoritative; the dealer blog is likely describing a prior model year or is otherwise inaccurate.","Fully confirmed live on Honda's own Build & Price configurator (automobiles.honda.com) on 2026-09-09: Powertrain, Design (Exterior Color, Interior Color, Wheels) and Packages tabs, plus the trim's full ""See More"" feature modal."
Honda,Pilot,Touring,2026,AWD,Gas,SUV,Crystal Black Pearl | Standard |  |  ;; Modern Steel Metallic | Standard |  |  ;; Smoke Blue Pearl | Standard |  |  ;; Solar Silver Metallic | Standard |  |  ;; Platinum White Pearl | Standalone | $455 |  ;; Radiant Red Metallic | Standalone | $455 |  ;; Sonic Gray Pearl | Standalone | $455 | ,Gray Leather | Standard |  | ,"20-Inch Shark Gray Machine-Finished Alloy Wheels | Standard |  |  ;; 20-Inch Machined-Finish Gloss Black Alloy Wheels | Standalone | $2,240 |  ;; 20-Inch Machined-Finish Matte Black Alloy Wheels | Standalone (exact price not re-confirmed on screen for this trim; matches identical SKU priced $2,000 on Sport/EX-L) | ~$2,000 | ",One-Touch Power Panoramic Moonroof | Standard |  | ,8-passenger; 2nd-row 40/20/40 split-bench seat with Stowable/removable center seat (converts to captain's-chair-like flexibility); 3rd row 60/40 split manual-folding bench,"285-hp 3.5L V-6, 10-Speed Automatic, i-VTM4 AWD System w/Trail Torque Logic, 7-Mode Drive System (adds Trail/Sand) | Standard/Included (AWD-only; no FWD or drivetrain choice offered on this trim) |  | ",Leather-trimmed seats | Standard |  |  ;; Heated front seats | Standard |  |  ;; Heated steering wheel | Unavailable |  |  ;; Power liftgate/tailgate | Standard (Hands-Free Access Power Tailgate) |  |  ;; Adaptive cruise control | Standard (Honda Sensing) |  |  ;; Wireless charging | Standard (Wireless Phone Charger) |  |  ;; Moonroof/sunroof | Standard (One-Touch Power Panoramic Moonroof) |  | ,"Honda Genuine Accessory manufacturer packages (Adventure ~$1,645, Function ~$750, Pet Protection ~$750, Towing ~$895, Black Emblem ~$175) are offered across most/all Pilot trims in the Build & Price Packages tab; exact per-trim availability/pricing for this specific trim was not independently re-confirmed before the browser session disconnected.",https://automobiles.honda.com/pilot ;; https://automobiles.honda.com/tools/build-and-price-trimwalk?modelseries=pilot&modelyear=2026 ;; https://automobiles.honda.com/tools/build-and-price-result?modelid=YG1H7TKNW&modelseries=pilot&modelyear=2026 ;; https://hondanews.com/en-US/honda-automobiles/releases/release-14c469388b7fed5af247fc02e2009aa7-2026-honda-pilot-specifications-features ;; https://www.edmunds.com/honda/pilot/2026/features-specs/,,"Fully confirmed live on Honda's own Build & Price configurator (automobiles.honda.com) on 2026-09-09: Powertrain, Design (Exterior Color, Interior Color, Wheels) and Packages tabs, plus the trim's full ""See More"" feature modal. Matte Black wheel exact price for this trim was cut off on screen when the browser session disconnected; ~$2,000 is carried over from the identical SKU confirmed at $2,000 on Sport and EX-L."
Honda,Pilot,Touring Blackout,2026,AWD,Gas,SUV,Crystal Black Pearl | Standard |  |  ;; Modern Steel Metallic | Standard |  |  ;; Smoke Blue Pearl | Standard |  |  ;; Solar Silver Metallic | Standard |  |  ;; Platinum White Pearl | Standalone | $455 |  ;; Radiant Red Metallic | Standalone | $455 |  ;; Sonic Gray Pearl | Standalone | $455 |  (inferred from Touring; see confidence_notes),Gray Leather | Standard |  |  (inferred from Touring; see confidence_notes),"20-Inch Black Alloy Wheels | Standard (single/fixed wheel look; part of the Blackout appearance package, alternate wheel choice not confirmed before browser disconnect) |  | ",One-Touch Power Panoramic Moonroof | Standard |  | ,8-passenger; 2nd-row 40/20/40 split-bench seat with Stowable/removable center seat (converts to captain's-chair-like flexibility); 3rd row 60/40 split manual-folding bench,"285-hp 3.5L V-6, 10-Speed Automatic, i-VTM4 AWD System w/Trail Torque Logic, 7-Mode Drive System (adds Trail/Sand) | Standard/Included (AWD-only; no FWD or drivetrain choice offered on this trim) |  | ",Leather-trimmed seats | Standard |  |  ;; Heated front seats | Standard |  |  ;; Heated steering wheel | Unavailable |  |  ;; Power liftgate/tailgate | Standard (Hands-Free Access Power Tailgate) |  |  ;; Adaptive cruise control | Standard (Honda Sensing) |  |  ;; Wireless charging | Standard (Wireless Phone Charger) |  |  ;; Moonroof/sunroof | Standard (One-Touch Power Panoramic Moonroof) |  | ,"Touring Blackout is itself effectively a factory appearance package on top of Touring (+$1,200 MSRP over Touring: $52,495 vs $51,295), adding 20-inch black alloy wheels and black Honda badges; no mechanical or feature changes per Honda-dealer trim guide (sihonda.com).",https://automobiles.honda.com/pilot ;; https://automobiles.honda.com/tools/build-and-price-trimwalk?modelseries=pilot&modelyear=2026 ;; https://www.sihonda.com/2026-honda-pilot-touring-blackout.html ;; https://hondanews.com/en-US/honda-automobiles/releases/release-14c469388b7fed5af247fc02e2009aa7-2026-honda-pilot-specifications-features ;; https://www.edmunds.com/honda/pilot/2026/features-specs/,,"Top-level feature set (Performance/Exterior/Interior/Technology/Safety) confirmed live via Honda's own ""See More"" full-feature modal on the Build & Price trim-selector step (automobiles.honda.com, 2026-09-09). The browser session then disconnected before this trim's Design tab (Exterior Color / Interior Color / Wheels swatch lists with exact pricing) could be opened directly, so those three fields are inferred from the closest sibling trim (Touring) plus a Honda-dealer trim guide (sihonda.com) confirming Touring Blackout = Touring + black wheels/badges with no other paint/interior changes, and from Honda's own official press specifications release for wheel size confirmation on Elite/Black Edition. Flagged per-field as Unconfirmed where no such corroboration exists (exact exterior color list and interior swatch name for Elite and Black Edition)."
Honda,Pilot,Elite,2026,AWD,Gas,SUV,Exterior color list not independently confirmed on Build & Price Design tab before browser session disconnected | Unconfirmed |  | ,Perforated Leather-Trimmed Seats w/Quilted Ultrasuede Accents and Contrast Piping (confirmed material from Honda's trim-feature modal); exact interior color swatch name not confirmed before browser disconnect | Standard |  | ,20-Inch Shark Gray Machine-Finished Alloy Wheels | Standard (per Honda press specifications release; alternate wheel choice not independently confirmed on Build & Price Design tab before browser disconnect) |  | ,One-Touch Power Panoramic Moonroof | Standard |  | ,8-passenger; 2nd-row 40/20/40 split-bench seat with Stowable/removable center seat (converts to captain's-chair-like flexibility); 3rd row 60/40 split manual-folding bench,"285-hp 3.5L V-6, 10-Speed Automatic, i-VTM4 AWD System | Standard/Included (AWD-only; no FWD or drivetrain choice offered on this trim) |  | ","Leather-trimmed seats (perforated, Ultrasuede accents) | Standard |  |  ;; Heated and ventilated front seats; heated outboard 2nd-row seats | Standard |  |  ;; Heated steering wheel | Standard |  |  ;; Power liftgate/tailgate | Standard (Hands-Free Access Power Tailgate) |  |  ;; Adaptive cruise control | Standard (Honda Sensing) |  |  ;; Wireless charging | Standard (Wireless Phone Charger) |  |  ;; Moonroof/sunroof | Standard (One-Touch Power Panoramic Moonroof) |  | ",Not confirmed for this trim before browser disconnect.,https://automobiles.honda.com/pilot ;; https://automobiles.honda.com/tools/build-and-price-trimwalk?modelseries=pilot&modelyear=2026 ;; https://hondanews.com/en-US/honda-automobiles/releases/release-14c469388b7fed5af247fc02e2009aa7-2026-honda-pilot-specifications-features ;; https://www.edmunds.com/honda/pilot/2026/features-specs/,,"Top-level feature set (Performance/Exterior/Interior/Technology/Safety) confirmed live via Honda's own ""See More"" full-feature modal on the Build & Price trim-selector step (automobiles.honda.com, 2026-09-09). The browser session then disconnected before this trim's Design tab (Exterior Color / Interior Color / Wheels swatch lists with exact pricing) could be opened directly, so those three fields are inferred from the closest sibling trim (Touring) plus a Honda-dealer trim guide (sihonda.com) confirming Touring Blackout = Touring + black wheels/badges with no other paint/interior changes, and from Honda's own official press specifications release for wheel size confirmation on Elite/Black Edition. Flagged per-field as Unconfirmed where no such corroboration exists (exact exterior color list and interior swatch name for Elite and Black Edition)."
Honda,Pilot,Black Edition,2026,AWD,Gas,SUV,Exterior color list not independently confirmed on Build & Price Design tab before browser session disconnected | Unconfirmed |  | ,"Black Edition Leather-Trimmed Seats w/Quilted Ultrasuede Accents, Contrast Piping and Red Ambient LED Lighting (confirmed material/trim from Honda's feature modal); exact interior color swatch name not confirmed before browser disconnect | Standard |  | ",20-Inch Gloss Black Alloy Wheels | Standard (single/fixed wheel look per Honda press specifications release and trim-feature modal; alternate wheel choice not confirmed before browser disconnect) |  | ,One-Touch Power Panoramic Moonroof | Standard |  | ,8-passenger; 2nd-row 40/20/40 split-bench seat with Stowable/removable center seat (converts to captain's-chair-like flexibility); 3rd row 60/40 split manual-folding bench,"285-hp 3.5L V-6, 10-Speed Automatic, i-VTM4 AWD System | Standard/Included (AWD-only; no FWD or drivetrain choice offered on this trim) |  | ","Leather-trimmed seats (perforated, Ultrasuede accents, Black Edition badging) | Standard |  |  ;; Heated and ventilated front seats | Standard |  |  ;; Heated steering wheel | Standard |  |  ;; Power liftgate/tailgate | Standard (Hands-Free Access Power Tailgate) |  |  ;; Adaptive cruise control | Standard (Honda Sensing) |  |  ;; Wireless charging | Standard (Wireless Phone Charger) |  |  ;; Moonroof/sunroof | Standard (One-Touch Power Panoramic Moonroof) |  | ",Not confirmed for this trim before browser disconnect.,https://automobiles.honda.com/pilot ;; https://automobiles.honda.com/tools/build-and-price-trimwalk?modelseries=pilot&modelyear=2026 ;; https://www.sihonda.com/2026-honda-pilot-black-edition.html ;; https://hondanews.com/en-US/honda-automobiles/releases/release-14c469388b7fed5af247fc02e2009aa7-2026-honda-pilot-specifications-features ;; https://www.edmunds.com/honda/pilot/2026/features-specs/,Dealer content (sihonda.com) describes the Black Edition's 2nd-row-adjacent suede-like material as 'Alcantara'; Honda's own live feature modal calls the identical material 'Ultrasuede' (Honda's branded term). Honda's own terminology is used here.,"Top-level feature set (Performance/Exterior/Interior/Technology/Safety) confirmed live via Honda's own ""See More"" full-feature modal on the Build & Price trim-selector step (automobiles.honda.com, 2026-09-09). The browser session then disconnected before this trim's Design tab (Exterior Color / Interior Color / Wheels swatch lists with exact pricing) could be opened directly, so those three fields are inferred from the closest sibling trim (Touring) plus a Honda-dealer trim guide (sihonda.com) confirming Touring Blackout = Touring + black wheels/badges with no other paint/interior changes, and from Honda's own official press specifications release for wheel size confirmation on Elite/Black Edition. Flagged per-field as Unconfirmed where no such corroboration exists (exact exterior color list and interior swatch name for Elite and Black Edition)."
Honda,Ridgeline,Sport,2026,AWD,Gas,pickup truck,Crystal Black Pearl | Standard |  |  ;; Solar Silver Metallic | Standard |  |  ;; Modern Steel Metallic | Unavailable on this trim per Honda's press specs |  |  ;; Platinum White Pearl | Standalone | price not confirmed |  ;; Sonic Gray Pearl | Standalone | price not confirmed |  ;; Radiant Red Metallic II | Unavailable on this trim per Honda's press specs |  |  ;; Ash Green Metallic | Unavailable (TrailSport-exclusive) |  | ,Black Cloth | Standard |  | ,18-Inch Shark Gray Alloy Wheels | Standard (only wheel offered; no alternate wheel option found in any source checked) |  | ,One-Touch Power Moonroof with Tilt Feature | Standard |  | ,5-passenger crew cab (2-row); no cab/seating configuration choice offered on any trim (Ridgeline is crew-cab only),"280-hp 3.5L V-6, 9-Speed Automatic, i-VTM4 AWD System | Standard/Included (AWD-only; no FWD/RWD or drivetrain choice offered on any trim) |  | ","Leather seats | Unavailable (Black Cloth standard) |  |  ;; Heated front seats | Unavailable |  |  ;; Heated steering wheel | Unavailable |  |  ;; Power liftgate/tailgate | Unavailable (manual Dual-Action Tailgate is standard, not power-operated) |  |  ;; Adaptive cruise control | Standard (Honda Sensing) |  |  ;; Wireless charging | Standard (Wireless Phone Charger, Qi) |  |  ;; Moonroof/sunroof | Standard |  |  ;; Bed liner | Not confirmed — no spray-in or trough-style bed liner found as standard equipment or as a listed Honda Genuine Accessory in any source checked (Ridgeline's bed tub is a scratch/dent-resistant composite material) |  | ","Manufacturer packages seen referenced for the Ridgeline lineup generally (not confirmed specifically for Sport): Function Package (Utility Hooks, All-Season Floor Mats, Truck-Bed Cargo Net, Door Sill Protection Film) and Utility+ Package (Crossbars, Roof Rails, Running Boards); exact prices and per-trim availability not confirmed without live Build & Price access.",https://automobiles.honda.com/ridgeline ;; https://automobiles.honda.com/tools/build-and-price-trimwalk?modelseries=ridgeline&modelyear=2026 ;; https://hondanews.com/en-US/honda-automobiles/releases/release-cc341be273b56f82f9ccdc8fe2000550-2026-honda-ridgeline-specifications-features ;; https://hondanews.com/en-US/honda-automobiles/releases/release-6fd6ada09b9fddda83f81fadc2003671-rugged-2026-honda-ridgeline-now-arriving-at-dealers-with-refreshed-color-options ;; https://www.edmunds.com/honda/ridgeline/2026/features-specs/,"Edmunds' aggregated summary lists all 6 named colors plus a 3-color (black/gray/brown) interior leather choice as if available across 'the model line' with no trim breakdown; Honda's own press specifications release gives a per-trim availability matrix (used here) showing Sport does NOT get Modern Steel Metallic or Radiant Red Metallic II, and has Black Cloth only (no leather, contradicting Edmunds' implied leather-across-the-line summary).","Honda's live Build & Price configurator (automobiles.honda.com) could not be reached for this trim: the Claude-in-Chrome browser extension disconnected mid-session and did not reconnect after 5 retries over roughly 2 minutes. Per the task's approved fallback, this row is sourced instead from Honda's own official press specifications release (hondanews.com — Honda's primary published spec sheet, not a dealer or third-party estimate) plus Edmunds' MY2026 features/specs page for cross-check. Exact dollar price adders for premium exterior colors were not found in any source checked (Honda's press release explicitly states listed MSRPs exclude 'options and premium colors' but does not give the adder amount) and are left blank rather than estimated, per instructions."
Honda,Ridgeline,RTL,2026,AWD,Gas,pickup truck,Crystal Black Pearl | Standard |  |  ;; Solar Silver Metallic | Standard |  |  ;; Modern Steel Metallic | Standard |  |  ;; Platinum White Pearl | Standalone | price not confirmed |  ;; Sonic Gray Pearl | Standalone | price not confirmed |  ;; Radiant Red Metallic II | Standalone | price not confirmed |  ;; Ash Green Metallic | Unavailable (TrailSport-exclusive) |  | ,"Black Leather-Trimmed | Standard |  |  ;; Brown Leather-Trimmed | Standard (alternate color choice, no extra cost found) |  | ",18 in Pewter Gray Machine-Finished Alloy Wheels | Standard (only wheel offered; no alternate wheel option found in any source checked) |  | ,One-Touch Power Moonroof with Tilt Feature | Standard |  | ,5-passenger crew cab (2-row); no cab/seating configuration choice offered on any trim (Ridgeline is crew-cab only),"280-hp 3.5L V-6, 9-Speed Automatic, i-VTM4 AWD System | Standard/Included (AWD-only; no FWD/RWD or drivetrain choice offered on any trim) |  | ","Leather-trimmed seats | Standard |  |  ;; Heated front seats | Standard |  |  ;; Heated steering wheel | Unavailable |  |  ;; Power liftgate/tailgate | Unavailable (manual Dual-Action Tailgate is standard, not power-operated) |  |  ;; Adaptive cruise control | Standard (Honda Sensing) |  |  ;; Wireless charging | Standard (Wireless Phone Charger, Qi) |  |  ;; Moonroof/sunroof | Standard |  |  ;; Bed liner | Not confirmed — see Sport row note |  | ",Adventure/Cargo Storage/Outdoor Essentials/Rugged Utility accessory packages referenced for the Ridgeline lineup generally in dealer content (pattypeckhonda.com); exact contents/prices and per-trim availability not confirmed without live Build & Price access.,https://automobiles.honda.com/ridgeline ;; https://automobiles.honda.com/tools/build-and-price-trimwalk?modelseries=ridgeline&modelyear=2026 ;; https://hondanews.com/en-US/honda-automobiles/releases/release-cc341be273b56f82f9ccdc8fe2000550-2026-honda-ridgeline-specifications-features ;; https://www.edmunds.com/honda/ridgeline/2026/features-specs/,,"Honda's live Build & Price configurator (automobiles.honda.com) could not be reached for this trim: the Claude-in-Chrome browser extension disconnected mid-session and did not reconnect after 5 retries over roughly 2 minutes. Per the task's approved fallback, this row is sourced instead from Honda's own official press specifications release (hondanews.com — Honda's primary published spec sheet, not a dealer or third-party estimate) plus Edmunds' MY2026 features/specs page for cross-check. Exact dollar price adders for premium exterior colors were not found in any source checked (Honda's press release explicitly states listed MSRPs exclude 'options and premium colors' but does not give the adder amount) and are left blank rather than estimated, per instructions."
Honda,Ridgeline,TrailSport,2026,AWD,Gas,pickup truck,"Crystal Black Pearl | Standard |  |  ;; Solar Silver Metallic | Standard |  |  ;; Modern Steel Metallic | Standard |  |  ;; Platinum White Pearl | Standalone | price not confirmed |  ;; Sonic Gray Pearl | Standalone | price not confirmed |  ;; Radiant Red Metallic II | Standalone | price not confirmed |  ;; Ash Green Metallic | Standalone (TrailSport-exclusive color, new for 2026, shared with Passport TrailSport) | price not confirmed | ",Black Leather-Trimmed w/Trail Orange Stitching | Standard |  | ,"18-Inch Shark Gray Alloy Wheels w/All-Terrain Tires | Standard |  |  ;; HPD-design Alloy Wheels (TrailSport+HPD Wheels appearance option) | Package-only | $1,200 | TrailSport+HPD Wheels Package",One-Touch Power Moonroof with Tilt Feature | Standard |  | ,5-passenger crew cab (2-row); no cab/seating configuration choice offered on any trim (Ridgeline is crew-cab only),"280-hp 3.5L V-6, 9-Speed Automatic, i-VTM4 AWD System, All-Terrain Tires | Standard/Included (AWD-only; no FWD/RWD or drivetrain choice offered on any trim) |  | ","Leather-trimmed seats | Standard |  |  ;; Heated front seats | Standard |  |  ;; Heated steering wheel | Standard |  |  ;; Power liftgate/tailgate | Unavailable (manual Dual-Action Tailgate is standard, not power-operated) |  |  ;; Adaptive cruise control | Standard (Honda Sensing) |  |  ;; Wireless charging | Standard (Wireless Phone Charger, Qi) |  |  ;; Moonroof/sunroof | Standard |  |  ;; Bed liner | Not confirmed — see Sport row note |  | ","TrailSport+HPD Wheels Package | $1,200 | contents: HPD (Honda Performance Development)-design alloy wheels in place of the standard 18-in Shark Gray Alloy wheels (price derived from the $1,200 MSRP delta between the 'TrailSport' ($45,995) and 'TrailSport+HPD Wheels' ($47,195) tiles on Honda's own Build & Price trim-selector page; exact wheel finish/design not independently described in any source checked)",https://automobiles.honda.com/ridgeline ;; https://automobiles.honda.com/tools/build-and-price-trimwalk?modelseries=ridgeline&modelyear=2026 ;; https://hondanews.com/en-US/honda-automobiles/releases/release-cc341be273b56f82f9ccdc8fe2000550-2026-honda-ridgeline-specifications-features ;; https://hondanews.com/en-US/honda-automobiles/releases/release-6fd6ada09b9fddda83f81fadc2003671-rugged-2026-honda-ridgeline-now-arriving-at-dealers-with-refreshed-color-options ;; https://www.edmunds.com/honda/ridgeline/2026/features-specs/,,"Honda's live Build & Price configurator (automobiles.honda.com) could not be reached for this trim: the Claude-in-Chrome browser extension disconnected mid-session and did not reconnect after 5 retries over roughly 2 minutes. Per the task's approved fallback, this row is sourced instead from Honda's own official press specifications release (hondanews.com — Honda's primary published spec sheet, not a dealer or third-party estimate) plus Edmunds' MY2026 features/specs page for cross-check. Exact dollar price adders for premium exterior colors were not found in any source checked (Honda's press release explicitly states listed MSRPs exclude 'options and premium colors' but does not give the adder amount) and are left blank rather than estimated, per instructions."
Honda,Ridgeline,Black Edition,2026,AWD,Gas,pickup truck,Crystal Black Pearl | Standard |  |  ;; Platinum White Pearl | Standalone | price not confirmed |  ;; Sonic Gray Pearl | Standalone | price not confirmed |  ;; Solar Silver Metallic | Unavailable on this trim per Honda's press specs |  |  ;; Modern Steel Metallic | Unavailable on this trim per Honda's press specs |  |  ;; Radiant Red Metallic II | Unavailable on this trim per Honda's press specs |  |  ;; Ash Green Metallic | Unavailable (TrailSport-exclusive) |  | ,Black/Red Leather-Trimmed | Standard |  | ,18-Inch Berlina Black Alloy Wheels w/Black Lug Nuts | Standard (only wheel offered; no alternate wheel option found in any source checked) |  | ,"One-Touch Power Moonroof with Tilt Feature | Standard |  |  ;; Two-Tone Black-Painted Roof (paint option, not a sunroof; available with Sonic Gray Pearl or Platinum White Pearl body color) | Standalone | $500 | ",5-passenger crew cab (2-row); no cab/seating configuration choice offered on any trim (Ridgeline is crew-cab only),"280-hp 3.5L V-6, 9-Speed Automatic, i-VTM4 AWD System | Standard/Included (AWD-only; no FWD/RWD or drivetrain choice offered on any trim) |  | ","Leather-trimmed seats | Standard |  |  ;; Heated front seats; Ventilated front seats; Rear Outboard Heated Seats | Standard |  |  ;; Heated steering wheel | Standard |  |  ;; Power liftgate/tailgate | Unavailable (manual Dual-Action Tailgate is standard, not power-operated) |  |  ;; Adaptive cruise control | Standard (Honda Sensing) |  |  ;; Wireless charging | Standard (Wireless Phone Charger, Qi) |  |  ;; Moonroof/sunroof | Standard |  |  ;; Bed liner | Not confirmed — see Sport row note |  | ","Black Edition Two-Tone (Black Roof) Package | $500 | contents: contrasting black-painted roof, available only when body color is Sonic Gray Pearl or Platinum White Pearl (price derived from the $500 MSRP delta between 'Black Edition' $47,395 and 'Black Edition Two-Tone' $47,895 tiles on Honda's own Build & Price trim-selector page)",https://automobiles.honda.com/ridgeline ;; https://automobiles.honda.com/tools/build-and-price-trimwalk?modelseries=ridgeline&modelyear=2026 ;; https://hondanews.com/en-US/honda-automobiles/releases/release-cc341be273b56f82f9ccdc8fe2000550-2026-honda-ridgeline-specifications-features ;; https://hondanews.com/en-US/honda-automobiles/releases/release-6fd6ada09b9fddda83f81fadc2003671-rugged-2026-honda-ridgeline-now-arriving-at-dealers-with-refreshed-color-options ;; https://www.edmunds.com/honda/ridgeline/2026/features-specs/,,"Honda's live Build & Price configurator (automobiles.honda.com) could not be reached for this trim: the Claude-in-Chrome browser extension disconnected mid-session and did not reconnect after 5 retries over roughly 2 minutes. Per the task's approved fallback, this row is sourced instead from Honda's own official press specifications release (hondanews.com — Honda's primary published spec sheet, not a dealer or third-party estimate) plus Edmunds' MY2026 features/specs page for cross-check. Exact dollar price adders for premium exterior colors were not found in any source checked (Honda's press release explicitly states listed MSRPs exclude 'options and premium colors' but does not give the adder amount) and are left blank rather than estimated, per instructions."
Honda,Passport,RTL,2026,AWD,Gas,SUV,Crystal Black Pearl | Standard |  |  ;; Modern Steel Metallic | Standard |  |  ;; Obsidian Blue Pearl | Standard |  |  ;; Platinum White Pearl | Standalone | $455 |  ;; Radiant Red Metallic | Standalone | $455 |  ;; Sonic Gray Pearl | Standalone | $455 | ,"Gray Leather and Cloth OR Black Leather and Cloth (single leather/cloth combo per build; color is tied to the exterior color chosen, not independently selectable) | Standard |  | ","18-Inch Shark Gray Alloy Wheels | Standard |  |  ;; 18-in Rugged Black Alloy Wheels | Standalone (Honda Genuine Accessory, dealer-installed) | $1,949 |  ;; 18-in White Alloy Wheels | Standalone (Honda Genuine Accessory, dealer-installed) | $2,337 | ",Moonroof/Sunroof | Unavailable |  | ,5-seat (2-row); no 3rd row offered on Passport; power front seats w/driver memory seat standard on all trims; no bench/alternate seating configuration offered,"285-hp, 3.5L V-6, 10-Speed Automatic Transmission w/Paddle Shifters, i-VTM4(R) AWD System w/Trail Torque Logic | Standard/Included (AWD-only; no FWD or drivetrain choice offered on any trim) |  | ","Leather upholstery | Standard, but partial -- 'Leather and Cloth Seats' (leather seat inserts w/ cloth, not full leather) |  |  ;; Heated front seats | Standard |  |  ;; Heated steering wheel | Unavailable (not listed in Honda's standard-equipment feature list for this trim) |  |  ;; Power liftgate | Standard (Power Tailgate) |  |  ;; Adaptive Cruise Control w/Low-Speed Follow (Honda Sensing) | Standard |  |  ;; Wireless phone charger | Standard |  |  ;; Moonroof | Unavailable |  |  ;; Tow package/hitch | Unavailable on base RTL (not standard, and no add-on tow package is offered in RTL's 4 Manufacturer Packages -- must step up to the RTL Towing trim, or the TrailSport-family trims which include a hitch standard) |  | ","Adventure Package | $1,585 | contents: Tailgate Table Shelf, Cargo Utility Light, MOLLE Panel Set, (+ additional items not fully captured) ;; Black Emblem Package | $255 | contents: Gloss Black Emblems - Front/Rear H-Mark, (+ additional items not fully captured) ;; Function Package | $510 | contents: All-Season Floor Mats - Passport, Cargo Cover, Cargo Net, (+ additional items not fully captured) ;; Pet Protection Package | $750 | contents: Cargo Barrier, Seat Back Protectors, (+ additional items not fully captured)",https://automobiles.honda.com/tools/build-and-price-result?modelid=YF9H3TGXW&modelseries=passport&modelyear=2026&extcolorcode=B-588P ;; https://automobiles.honda.com/tools/build-and-price-trimwalk?modelseries=passport&modelyear=2026 ;; https://automobiles.honda.com/passport,,"Honda's live Build & Price tool (automobiles.honda.com) was reached and used as the PRIMARY source for this row: the trim's own Build & Price configurator (Powertrain, Design/Exterior Color, Design/Interior Color, Design/Wheels, and Packages tabs) plus the trim-comparison page's 'See More' standard-equipment modal, all accessed live on 2026-09-09. No fields in this row required a non-Honda fallback."
Honda,Passport,RTL Towing,2026,AWD,Gas,SUV,Crystal Black Pearl | Standard |  |  ;; Modern Steel Metallic | Standard |  |  ;; Obsidian Blue Pearl | Standard |  |  ;; Platinum White Pearl | Standalone | $455 |  ;; Radiant Red Metallic | Standalone | $455 |  ;; Sonic Gray Pearl | Standalone | $455 | ,"Gray Leather and Cloth OR Black Leather and Cloth (single leather/cloth combo per build; color is tied to the exterior color chosen, not independently selectable) | Standard |  | ","18-Inch Shark Gray Alloy Wheels | Standard |  |  ;; 18-in Rugged Black Alloy Wheels | Standalone (Honda Genuine Accessory, dealer-installed) | $1,949 |  ;; 18-in White Alloy Wheels | Standalone (Honda Genuine Accessory, dealer-installed) | $2,337 | ",Moonroof/Sunroof | Unavailable |  | ,5-seat (2-row); no 3rd row offered on Passport; power front seats w/driver memory seat standard on all trims; no bench/alternate seating configuration offered,"285-hp, 3.5L V-6, 10-Speed Automatic Transmission w/Paddle Shifters, i-VTM4(R) AWD System w/Trail Torque Logic | Standard/Included (AWD-only; no FWD or drivetrain choice offered on any trim) |  | ","Leather upholstery | Standard, but partial -- 'Leather and Cloth Seats' (leather seat inserts w/ cloth, not full leather) |  |  ;; Heated front seats | Standard |  |  ;; Heated steering wheel | Unavailable (not listed in Honda's standard-equipment feature list for this trim) |  |  ;; Power liftgate | Standard (Power Tailgate) |  |  ;; Adaptive Cruise Control w/Low-Speed Follow (Honda Sensing) | Standard |  |  ;; Wireless phone charger | Standard |  |  ;; Moonroof | Unavailable |  |  ;; Tow package/hitch | Standard -- Integrated Class III Trailer Hitch with Harness (this is the ONLY content difference vs. base RTL; see discrepancy_notes) | Package: Towing Package | ","Towing Package | Standard/Included (this is the factory package that differentiates the RTL Towing trim from base RTL) | contents: Trailer Hitch, Trailer Hitch Harness, Trailer Hitch Panel ;; Adventure Package | $1,585 | contents: Tailgate Table Shelf, Cargo Utility Light, MOLLE Panel Set, (+ additional items not fully captured) ;; Black Emblem Package | $255 | contents: Gloss Black Emblems - Front/Rear H-Mark, (+ additional items not fully captured) ;; Function Package | est. $510 (not independently re-confirmed for this trim; carried over from RTL) | contents: All-Season Floor Mats, Cargo Cover, Cargo Net, (+ additional items not fully captured) ;; Pet Protection Package | est. $750 (not independently re-confirmed for this trim; carried over from RTL) | contents: Cargo Barrier, Seat Back Protectors, (+ additional items not fully captured)",https://automobiles.honda.com/tools/build-and-price-result?modelid=YF9H3TGYW&modelseries=passport&modelyear=2026&extcolorcode=NH-797M ;; https://automobiles.honda.com/tools/build-and-price-trimwalk?modelseries=passport&modelyear=2026 ;; https://automobiles.honda.com/passport,"RTL Towing is a REAL, currently-orderable MY2026 factory trim -- confirmed live on Honda's own Build & Price tool (Choose-a-Trim page lists it as the 2nd of 7 trims, priced $45,650, exactly $700 above base RTL at $44,950). Side-by-side comparison of RTL's and RTL Towing's full 'See More' standard-equipment lists (Performance/Exterior/Interior/Technology/Safety & Alerts) plus their Build & Price Design and Packages tabs shows RTL Towing is otherwise IDENTICAL to base RTL in every respect: same 6 exterior colors at the same prices, same interior material, same 3 wheel choices at the same prices, same Adventure/Black Emblem/Function/Pet Protection accessory packages. The ONLY difference is that RTL Towing adds one standard factory-installed item -- an 'Integrated Class III Trailer Hitch with Harness' -- shown on RTL Towing's own Packages tab as a 6th Manufacturer Package called 'Towing Package' (Trailer Hitch, Trailer Hitch Harness, Trailer Hitch Panel) marked INCLUDED at no extra charge (its ~$700 cost is baked into the trim's base MSRP rather than itemized). In short: RTL Towing = RTL + a factory trailer hitch, nothing else changes.","Honda's live Build & Price tool (automobiles.honda.com) was reached and used as the PRIMARY source for this row: the trim's own Build & Price configurator (Powertrain, Design/Exterior Color, Design/Interior Color, Design/Wheels, and Packages tabs) plus the trim-comparison page's 'See More' standard-equipment modal, all accessed live on 2026-09-09. No fields in this row required a non-Honda fallback."
Honda,Passport,RTL Blackout,2026,AWD,Gas,SUV,Crystal Black Pearl | Standard |  |  ;; Modern Steel Metallic | Standard |  |  ;; Obsidian Blue Pearl | Standard |  |  ;; Platinum White Pearl | Standalone | $455 |  ;; Radiant Red Metallic | Standalone | $455 |  ;; Sonic Gray Pearl | Standalone | $455 | ,Black Leather and Cloth (single option; Blackout theme locks interior to black regardless of exterior color) | Standard |  | ,"18-in Rugged Black Alloy Wheels (w/ HPD center caps, black lug nuts) | Standard (part of included Blackout Package) |  |  ;; 18-in White Alloy Wheels | Standalone (Honda Genuine Accessory, dealer-installed) | $2,337 | ",Moonroof/Sunroof | Unavailable |  | ,5-seat (2-row); no 3rd row offered on Passport; power front seats w/driver memory seat standard on all trims; no bench/alternate seating configuration offered,"285-hp, 3.5L V-6, 10-Speed Automatic Transmission w/Paddle Shifters, i-VTM4(R) AWD System w/Trail Torque Logic | Standard/Included (AWD-only; no FWD or drivetrain choice offered on any trim) |  | ","Leather upholstery | Standard, but partial -- 'Leather and Cloth Seats' (leather seat inserts w/ cloth, not full leather) |  |  ;; Heated front seats | Standard |  |  ;; Heated steering wheel | Unavailable (not listed in Honda's standard-equipment feature list for this trim) |  |  ;; Power liftgate | Standard (Power Tailgate) |  |  ;; Adaptive Cruise Control w/Low-Speed Follow (Honda Sensing) | Standard |  |  ;; Wireless phone charger | Standard |  |  ;; Moonroof | Unavailable |  |  ;; Tow package/hitch | Unavailable (blackout aesthetic package only; no hitch standard and no add-on tow package offered) |  | ","Blackout Package | Standard/Included (this is the factory package that differentiates the RTL Blackout trim from base RTL) | contents: 18-in Rugged Black Alloy Wheels, HPD(TM) Center Caps, Black Wheel Lug Nuts, Black Honda Badges ;; Adventure Package | $1,585 | contents: Tailgate Table Shelf, Cargo Utility Light, MOLLE Panel Set, (+ additional items not fully captured) ;; Black Emblem Package | $175 | contents: Gloss Black Passport Emblem (narrower scope/lower price than RTL's Black Emblem Package since front/rear badges are already black under the Blackout Package) ;; Function Package | est. $510 (not independently re-confirmed for this trim; carried over from RTL) | contents: All-Season Floor Mats, Cargo Cover, Cargo Net, (+ additional items not fully captured) ;; Pet Protection Package | est. $750 (not independently re-confirmed for this trim; carried over from RTL) | contents: Cargo Barrier, Seat Back Protectors, (+ additional items not fully captured)",https://automobiles.honda.com/tools/build-and-price-result?modelid=YF9H3TGZW&modelseries=passport&modelyear=2026&extcolorcode=NH-731P ;; https://automobiles.honda.com/tools/build-and-price-trimwalk?modelseries=passport&modelyear=2026 ;; https://automobiles.honda.com/passport,"RTL Blackout = RTL + a standard-equipment 'Blackout Package' (18-in Rugged Black Alloy Wheels, HPD(TM) Center Caps, Black Wheel Lug Nuts, Black Honda Badges) baked into the trim's $1,200-above-RTL MSRP; interior is locked to Black Leather and Cloth (RTL offers Gray or Black depending on exterior color); wheel choice is reduced from 3 options to 2 (the mid-tier 'Shark Gray' wheel is dropped since black wheels are now the standard). No hitch and no moonroof, same as base RTL.","Honda's live Build & Price tool (automobiles.honda.com) was reached and used as the PRIMARY source for this row: the trim's own Build & Price configurator (Powertrain, Design/Exterior Color, Design/Interior Color, Design/Wheels, and Packages tabs) plus the trim-comparison page's 'See More' standard-equipment modal, all accessed live on 2026-09-09. No fields in this row required a non-Honda fallback."
Honda,Passport,TrailSport,2026,AWD,Gas,SUV,"Crystal Black Pearl | Standard |  |  ;; Modern Steel Metallic | Standard |  |  ;; Obsidian Blue Pearl | Standard |  |  ;; Platinum White Pearl | Standalone | price not re-confirmed for this trim (Standard on RTL family costs $455; unconfirmed here -- left blank rather than assumed) |  ;; Radiant Red Metallic | Standalone | price not re-confirmed for this trim (Standard on RTL family costs $455; unconfirmed here -- left blank rather than assumed) |  ;; Sonic Gray Pearl | Standalone | price not re-confirmed for this trim (Standard on RTL family costs $455; unconfirmed here -- left blank rather than assumed) |  ;; Sunset Orange | Standalone, TrailSport-family exclusive (per Honda press kit; not offered on RTL family) | price unconfirmed |  ;; Ash Green Metallic | Standalone, TrailSport-family exclusive (per Honda press kit; not offered on RTL family) | price unconfirmed | ",Durable Leatherette and Cloth Seats with TrailSport Orange Stitching and Accents (single material/color combo confirmed live via feature modal; whether additional color choices exist could not be confirmed -- Design tab not reached) | Standard |  | ,"18-Inch Alloy Wheels w/All-Terrain Tires (matte-finish 'Shark Gray' per Honda press kit) | Standard |  |  ;; additional wheel upgrade options, if any, unconfirmed (Design tab not reached)",Panoramic Moonroof | Standard |  | ,5-seat (2-row); no 3rd row offered on Passport; power front seats w/driver memory seat standard on all trims; no bench/alternate seating configuration offered,"285-hp, 3.5L V-6, 10-Speed Automatic Transmission w/Paddle Shifters, i-VTM4(R) AWD System w/Trail Torque Logic, Off-Road Tuned Suspension | Standard/Included (AWD-only; no FWD or drivetrain choice offered on any trim) |  | ","Leather upholstery | Standard, but synthetic -- 'Durable Leatherette and Cloth Seats' w/TrailSport orange stitching and accents (NOT genuine leather) |  |  ;; Heated front seats | Standard (heated only, not ventilated) |  |  ;; Heated steering wheel | Unavailable (not listed in Honda's standard-equipment feature list for this trim; confirmed standard only starting at TrailSport Elite per press kit/Edmunds cross-check) |  |  ;; Power liftgate | Standard (Power Tailgate) |  |  ;; Adaptive Cruise Control w/Low-Speed Follow (Honda Sensing) | Standard |  |  ;; Wireless phone charger | Standard |  |  ;; Moonroof | Standard (Panoramic Moonroof) |  |  ;; Tow package/hitch | Standard -- Integrated Class III Trailer Hitch with Harness (standard on every TrailSport-family trim, unlike the RTL family where it is only standard on the separate RTL Towing trim) |  | ","NOT independently re-confirmed live on Honda's Build & Price Packages tab for this trim (browser session disconnected before this trim's build tool could be reached -- see confidence_notes). Edmunds' general Passport-line package list (not broken out per trim) shows: HPD Package ~$1,800 (contents not confirmed; likely off-road/HPD-branded accessory content) ;; Adventure Package ~$1,585 (Tailgate Table Shelf, Cargo Utility Light, MOLLE Panel Set, + more) ;; Function Package ~$510 (floor mats, cargo cover, cargo net) ;; Pet Protection Package ~$750 (cargo barrier, seat back protectors). A Towing Package is not expected to be offered as a separate add-on on TrailSport-family trims since the Integrated Class III Trailer Hitch is already standard equipment on all four TrailSport-family trims (confirmed live via Honda's specs-feature modal).",https://automobiles.honda.com/tools/build-and-price-trimwalk?modelseries=passport&modelyear=2026 ;; https://automobiles.honda.com/passport ;; https://www.edmunds.com/honda/passport/2026/features-specs/ ;; https://hondanews.com/en-US/honda-automobiles/releases/release-0f1944cc2145562a1a78d502be01164a-2026-honda-passport-press-kit ;; https://www.hondainfocenter.com/2026/Passport/Feature-Guide/Colors/,,"Honda's live Build & Price tool (automobiles.honda.com) was reached and used to confirm the trim's Choose-a-Trim starting MSRP and its full standard-equipment 'See More' feature modal (Performance/Exterior/Interior/Technology/Safety & Alerts lists) live on 2026-09-09 -- this is the source for common_features, drivetrain_engine_variants, roof_options, and seating_configuration above. However, the Chrome browser session disconnected (extension-side disconnect, did not recover after 3 retries with 10-30s waits) before this trim's own Build & Price Design and Packages tabs could be opened, so exterior_color_options, wheel_options (beyond the single standard wheel named in the feature modal), interior_color_material_options (count/choices beyond the single material named in the feature modal), and package_definitions for this row fall back to Edmunds (https://www.edmunds.com/honda/passport/2026/features-specs/ and https://www.edmunds.com/2026-honda-passport-trailsport-elite/) and Honda's own official 2026 Passport press kit (https://hondanews.com/en-US/honda-automobiles/releases/release-0f1944cc2145562a1a78d502be01164a-2026-honda-passport-press-kit), clearly flagged in those fields. Per-color/per-wheel exact pricing for this trim specifically could NOT be confirmed from any source and is left blank rather than estimated, per instructions never to fabricate a value."
Honda,Passport,TrailSport Blackout,2026,AWD,Gas,SUV,"Same base palette as TrailSport (Crystal Black Pearl, Modern Steel Metallic, Obsidian Blue Pearl, Platinum White Pearl, Radiant Red Metallic, Sonic Gray Pearl, Sunset Orange, Ash Green Metallic) is assumed per Honda's press kit describing colors line-wide, but this was NOT independently re-confirmed live for TrailSport Blackout specifically | Standalone/Standard per color, pattern assumed from TrailSport | price unconfirmed | ",Durable Leatherette and Cloth Seats with TrailSport Orange Stitching and Accents (single material/color combo confirmed live via feature modal) | Standard |  | ,"18-Inch Black Alloy Wheels w/ HPD(TM) Center Caps and Black Honda Badges (confirmed live via feature modal as standard Blackout-package equipment) | Standard |  |  ;; additional wheel upgrade options, if any, unconfirmed (Design tab not reached)",Panoramic Moonroof | Standard |  | ,5-seat (2-row); no 3rd row offered on Passport; power front seats w/driver memory seat standard on all trims; no bench/alternate seating configuration offered,"285-hp, 3.5L V-6, 10-Speed Automatic Transmission w/Paddle Shifters, i-VTM4(R) AWD System w/Trail Torque Logic, Off-Road Tuned Suspension | Standard/Included (AWD-only; no FWD or drivetrain choice offered on any trim) |  | ","Leather upholstery | Standard, but synthetic -- 'Durable Leatherette and Cloth Seats' w/TrailSport orange stitching and accents (NOT genuine leather) |  |  ;; Heated front seats | Standard (heated only, not ventilated) |  |  ;; Heated steering wheel | Unavailable (not listed in Honda's standard-equipment feature list for this trim; confirmed standard only starting at TrailSport Elite per press kit/Edmunds cross-check) |  |  ;; Power liftgate | Standard (Power Tailgate) |  |  ;; Adaptive Cruise Control w/Low-Speed Follow (Honda Sensing) | Standard |  |  ;; Wireless phone charger | Standard |  |  ;; Moonroof | Standard (Panoramic Moonroof) |  |  ;; Tow package/hitch | Standard -- Integrated Class III Trailer Hitch with Harness (standard on every TrailSport-family trim, unlike the RTL family where it is only standard on the separate RTL Towing trim) |  | ","NOT independently re-confirmed live on Honda's Build & Price Packages tab for this trim (browser session disconnected before this trim's build tool could be reached -- see confidence_notes). Edmunds' general Passport-line package list (not broken out per trim) shows: HPD Package ~$1,800 (contents not confirmed; likely off-road/HPD-branded accessory content) ;; Adventure Package ~$1,585 (Tailgate Table Shelf, Cargo Utility Light, MOLLE Panel Set, + more) ;; Function Package ~$510 (floor mats, cargo cover, cargo net) ;; Pet Protection Package ~$750 (cargo barrier, seat back protectors). A Towing Package is not expected to be offered as a separate add-on on TrailSport-family trims since the Integrated Class III Trailer Hitch is already standard equipment on all four TrailSport-family trims (confirmed live via Honda's specs-feature modal).",https://automobiles.honda.com/tools/build-and-price-trimwalk?modelseries=passport&modelyear=2026 ;; https://automobiles.honda.com/passport ;; https://www.edmunds.com/honda/passport/2026/features-specs/ ;; https://hondanews.com/en-US/honda-automobiles/releases/release-0f1944cc2145562a1a78d502be01164a-2026-honda-passport-press-kit,"TrailSport Blackout = TrailSport + blackout aesthetic package (18-in Black Alloy Wheels, HPD(TM) Center Caps, Black Honda Badges) for +$1,200; confirmed live via each trim's standard-equipment feature modal, which is otherwise identical between the two trims (same moonroof, hitch, leatherette interior, off-road suspension, all-terrain tires).","Honda's live Build & Price tool (automobiles.honda.com) was reached and used to confirm the trim's Choose-a-Trim starting MSRP and its full standard-equipment 'See More' feature modal (Performance/Exterior/Interior/Technology/Safety & Alerts lists) live on 2026-09-09 -- this is the source for common_features, drivetrain_engine_variants, roof_options, and seating_configuration above. However, the Chrome browser session disconnected (extension-side disconnect, did not recover after 3 retries with 10-30s waits) before this trim's own Build & Price Design and Packages tabs could be opened, so exterior_color_options, wheel_options (beyond the single standard wheel named in the feature modal), interior_color_material_options (count/choices beyond the single material named in the feature modal), and package_definitions for this row fall back to Edmunds (https://www.edmunds.com/honda/passport/2026/features-specs/ and https://www.edmunds.com/2026-honda-passport-trailsport-elite/) and Honda's own official 2026 Passport press kit (https://hondanews.com/en-US/honda-automobiles/releases/release-0f1944cc2145562a1a78d502be01164a-2026-honda-passport-press-kit), clearly flagged in those fields. Per-color/per-wheel exact pricing for this trim specifically could NOT be confirmed from any source and is left blank rather than estimated, per instructions never to fabricate a value."
Honda,Passport,TrailSport Elite,2026,AWD,Gas,SUV,"Same base 8-color palette as TrailSport assumed per Honda's press kit describing colors line-wide (Crystal Black Pearl, Modern Steel Metallic, Obsidian Blue Pearl, Platinum White Pearl, Radiant Red Metallic, Sonic Gray Pearl, Sunset Orange, Ash Green Metallic) but NOT independently re-confirmed live for TrailSport Elite specifically | Standalone/Standard per color, pattern assumed | price unconfirmed | ",Perforated Leather with Contrast Stitching and Accents and Black Piping (confirmed live via feature modal as the standard material). Edmunds' general Passport-line page separately lists 'Black leather / Brown leather / Gray leather' as interior color choices -- whether TrailSport Elite specifically offers a multi-color leather choice (vs. the single combo named in Honda's own live feature modal) could NOT be confirmed; flagged as a possible discrepancy rather than resolved. | Standard |  | ,"18-inch machine-finished alloy wheels with gloss-black lug nuts (per Honda press kit; distinct finish from TrailSport's matte Shark Gray) | Standard |  |  ;; additional wheel upgrade options, if any, unconfirmed (Design tab not reached)",Panoramic Moonroof | Standard |  | ,5-seat (2-row); no 3rd row offered on Passport; power front seats w/driver memory seat standard on all trims; no bench/alternate seating configuration offered,"285-hp, 3.5L V-6, 10-Speed Automatic Transmission w/Paddle Shifters, i-VTM4(R) AWD System w/Trail Torque Logic, Off-Road Tuned Suspension | Standard/Included (AWD-only; no FWD or drivetrain choice offered on any trim) |  | ","Leather upholstery | Standard -- genuine Perforated Leather w/contrast stitching and black piping (full leather, upgraded from TrailSport/TrailSport Blackout's synthetic leatherette) |  |  ;; Heated front seats | Standard (Heated AND Ventilated Front Seats) |  |  ;; Heated steering wheel | Standard per Honda's official 2026 Passport press kit and Edmunds' features/specs page (both state heated steering wheel is standard on TrailSport Elite) -- NOTE: this item was NOT listed in Honda's own abbreviated online 'More Features' modal captured live for this trim, which is a genuine discrepancy between Honda's two own information sources; flagged rather than silently resolved |  |  ;; Power liftgate | Standard -- Power Tailgate with Hands-Free Access and Walk Away Close (upgraded vs. TrailSport/TrailSport Blackout's standard power tailgate) |  |  ;; Adaptive Cruise Control w/Low-Speed Follow (Honda Sensing) | Standard |  |  ;; Wireless phone charger | Standard |  |  ;; Moonroof | Standard (Panoramic Moonroof) |  |  ;; Tow package/hitch | Standard -- Integrated Class III Trailer Hitch with Harness (standard on every TrailSport-family trim, unlike the RTL family where it is only standard on the separate RTL Towing trim) |  | ","NOT independently re-confirmed live on Honda's Build & Price Packages tab for this trim (browser session disconnected before this trim's build tool could be reached -- see confidence_notes). Edmunds' general Passport-line package list (not broken out per trim) shows: HPD Package ~$1,800 (contents not confirmed; likely off-road/HPD-branded accessory content) ;; Adventure Package ~$1,585 (Tailgate Table Shelf, Cargo Utility Light, MOLLE Panel Set, + more) ;; Function Package ~$510 (floor mats, cargo cover, cargo net) ;; Pet Protection Package ~$750 (cargo barrier, seat back protectors). A Towing Package is not expected to be offered as a separate add-on on TrailSport-family trims since the Integrated Class III Trailer Hitch is already standard equipment on all four TrailSport-family trims (confirmed live via Honda's specs-feature modal).",https://automobiles.honda.com/tools/build-and-price-trimwalk?modelseries=passport&modelyear=2026 ;; https://automobiles.honda.com/passport ;; https://www.edmunds.com/2026-honda-passport-trailsport-elite/ ;; https://www.edmunds.com/honda/passport/2026/features-specs/ ;; https://hondanews.com/en-US/honda-automobiles/releases/release-0f1944cc2145562a1a78d502be01164a-2026-honda-passport-press-kit,"TrailSport Elite adds vs. TrailSport/TrailSport Blackout (confirmed live via feature modal): Multiview Camera System w/TrailWatch(TM), Heated AND Ventilated front seats (vs. heated-only), Bose Premium Audio, Integrated Rear Door Sunshades, Power Tailgate w/Hands-Free Access and Walk Away Close (vs. standard power tailgate), Tri-Zone climate w/2nd-row controls, genuine Perforated Leather (vs. synthetic leatherette), power-folding/heated/auto-dimming mirrors, and puddle lights.","Honda's live Build & Price tool (automobiles.honda.com) was reached and used to confirm the trim's Choose-a-Trim starting MSRP and its full standard-equipment 'See More' feature modal (Performance/Exterior/Interior/Technology/Safety & Alerts lists) live on 2026-09-09 -- this is the source for common_features, drivetrain_engine_variants, roof_options, and seating_configuration above. However, the Chrome browser session disconnected (extension-side disconnect, did not recover after 3 retries with 10-30s waits) before this trim's own Build & Price Design and Packages tabs could be opened, so exterior_color_options, wheel_options (beyond the single standard wheel named in the feature modal), interior_color_material_options (count/choices beyond the single material named in the feature modal), and package_definitions for this row fall back to Edmunds (https://www.edmunds.com/honda/passport/2026/features-specs/ and https://www.edmunds.com/2026-honda-passport-trailsport-elite/) and Honda's own official 2026 Passport press kit (https://hondanews.com/en-US/honda-automobiles/releases/release-0f1944cc2145562a1a78d502be01164a-2026-honda-passport-press-kit), clearly flagged in those fields. Per-color/per-wheel exact pricing for this trim specifically could NOT be confirmed from any source and is left blank rather than estimated, per instructions never to fabricate a value."
Honda,Passport,TrailSport Elite Blackout,2026,AWD,Gas,SUV,"Same base 8-color palette assumed per Honda's press kit describing colors line-wide (Crystal Black Pearl, Modern Steel Metallic, Obsidian Blue Pearl, Platinum White Pearl, Radiant Red Metallic, Sonic Gray Pearl, Sunset Orange, Ash Green Metallic) but NOT independently re-confirmed live for this trim specifically | Standalone/Standard per color, pattern assumed | price unconfirmed | ",Perforated Leather with Contrast Stitching and Accents and Black Piping (confirmed live via feature modal) | Standard |  | ,"18-Inch Black Alloy Wheels w/ HPD(TM) Center Caps and Black Honda Badges (confirmed live via feature modal as standard Blackout-package equipment) | Standard |  |  ;; additional wheel upgrade options, if any, unconfirmed (Design tab not reached)",Panoramic Moonroof | Standard |  | ,5-seat (2-row); no 3rd row offered on Passport; power front seats w/driver memory seat standard on all trims; no bench/alternate seating configuration offered,"285-hp, 3.5L V-6, 10-Speed Automatic Transmission w/Paddle Shifters, i-VTM4(R) AWD System w/Trail Torque Logic, Off-Road Tuned Suspension | Standard/Included (AWD-only; no FWD or drivetrain choice offered on any trim) |  | ","Leather upholstery | Standard -- genuine Perforated Leather w/contrast stitching and black piping (full leather, upgraded from TrailSport/TrailSport Blackout's synthetic leatherette) |  |  ;; Heated front seats | Standard (Heated AND Ventilated Front Seats) |  |  ;; Heated steering wheel | Standard per Honda's official 2026 Passport press kit and Edmunds' features/specs page (both state heated steering wheel is standard on TrailSport Elite) -- NOTE: this item was NOT listed in Honda's own abbreviated online 'More Features' modal captured live for this trim, which is a genuine discrepancy between Honda's two own information sources; flagged rather than silently resolved |  |  ;; Power liftgate | Standard -- Power Tailgate with Hands-Free Access and Walk Away Close (upgraded vs. TrailSport/TrailSport Blackout's standard power tailgate) |  |  ;; Adaptive Cruise Control w/Low-Speed Follow (Honda Sensing) | Standard |  |  ;; Wireless phone charger | Standard |  |  ;; Moonroof | Standard (Panoramic Moonroof) |  |  ;; Tow package/hitch | Standard -- Integrated Class III Trailer Hitch with Harness (standard on every TrailSport-family trim, unlike the RTL family where it is only standard on the separate RTL Towing trim) |  | ","NOT independently re-confirmed live on Honda's Build & Price Packages tab for this trim (browser session disconnected before this trim's build tool could be reached -- see confidence_notes). Edmunds' general Passport-line package list (not broken out per trim) shows: HPD Package ~$1,800 (contents not confirmed; likely off-road/HPD-branded accessory content) ;; Adventure Package ~$1,585 (Tailgate Table Shelf, Cargo Utility Light, MOLLE Panel Set, + more) ;; Function Package ~$510 (floor mats, cargo cover, cargo net) ;; Pet Protection Package ~$750 (cargo barrier, seat back protectors). A Towing Package is not expected to be offered as a separate add-on on TrailSport-family trims since the Integrated Class III Trailer Hitch is already standard equipment on all four TrailSport-family trims (confirmed live via Honda's specs-feature modal).",https://automobiles.honda.com/tools/build-and-price-trimwalk?modelseries=passport&modelyear=2026 ;; https://automobiles.honda.com/passport ;; https://www.edmunds.com/2026-honda-passport-trailsport-elite/ ;; https://www.edmunds.com/honda/passport/2026/features-specs/ ;; https://hondanews.com/en-US/honda-automobiles/releases/release-0f1944cc2145562a1a78d502be01164a-2026-honda-passport-press-kit,"TrailSport Elite Blackout = TrailSport Elite + blackout aesthetic package (18-in Black Alloy Wheels, HPD(TM) Center Caps, Black Honda Badges) for +$1,200, mirroring the identical RTL->RTL Blackout and TrailSport->TrailSport Blackout pattern seen at every other tier of the Passport lineup; confirmed live via each trim's standard-equipment feature modal.","Honda's live Build & Price tool (automobiles.honda.com) was reached and used to confirm the trim's Choose-a-Trim starting MSRP and its full standard-equipment 'See More' feature modal (Performance/Exterior/Interior/Technology/Safety & Alerts lists) live on 2026-09-09 -- this is the source for common_features, drivetrain_engine_variants, roof_options, and seating_configuration above. However, the Chrome browser session disconnected (extension-side disconnect, did not recover after 3 retries with 10-30s waits) before this trim's own Build & Price Design and Packages tabs could be opened, so exterior_color_options, wheel_options (beyond the single standard wheel named in the feature modal), interior_color_material_options (count/choices beyond the single material named in the feature modal), and package_definitions for this row fall back to Edmunds (https://www.edmunds.com/honda/passport/2026/features-specs/ and https://www.edmunds.com/2026-honda-passport-trailsport-elite/) and Honda's own official 2026 Passport press kit (https://hondanews.com/en-US/honda-automobiles/releases/release-0f1944cc2145562a1a78d502be01164a-2026-honda-passport-press-kit), clearly flagged in those fields. Per-color/per-wheel exact pricing for this trim specifically could NOT be confirmed from any source and is left blank rather than estimated, per instructions never to fabricate a value."
Honda,Prologue,EX,2026,FWD,EV,SUV,Mercury Silver Metallic | Standalone | $0 (included) | ;; Frostline White Pearl | Standalone | +$455 | ;; Pacific Blue Metallic | Standalone | +$455 | ;; Raven Black | Standalone | +$455 | ;; Scarlet Red Metallic | Standalone | +$455 | ,Black Cloth | Standard | $0 | ,"19-Inch Alloy Wheels | Standard | $0 (included) | ;; 19-Inch Gloss Black Alloy Wheels | Standalone | +$1,900 | ",Moonroof/Panoramic roof | Unavailable | | ,5-seat (2-row) | Standard | $0 | ;; 60/40 split-folding rear seat | Standard | $0 | ,"FWD Single Motor, 220 hp (SAE net), 308-mi EPA range, 85 kWh battery | Standard | $0 (included) | ;; AWD Dual Motor, 300 hp (SAE net), 294-mi EPA range, 85 kWh battery | Standalone (available) | +$3,000 per Honda Build & Price Powertrain tab (Edmunds lists EX AWD trim total of $42,000, i.e. a ~$2,100 premium over the $39,900 EX base -- see discrepancy_notes) | ",Leather seats | Unavailable | | ;; Heated front seats | Standard | $0 | ;; Heated steering wheel | Unavailable (not listed in Honda's official EX feature sheet) | | ;; Power liftgate (hands-free) | Unavailable | | ;; Adaptive cruise control | Unavailable (not listed on Honda's EX/Touring/Elite feature sheets or on Edmunds' feature summary for any Prologue trim) | | ;; Wireless phone charging | Standard | $0 | ;; Moonroof | Unavailable | | ;; Heat pump | Not stated on Honda's consumer-facing spec/feature pages for any trim (see confidence_notes) | | ,Package 1: Home Charging Station | $0 (no added cost) | contents: Level 2 home charging station + installation credit ;; Package 2: $500 Sales Credit | $0 (no added cost) | contents: $500 credit applied on sales contract in lieu of charging station,"https://automobiles.honda.com/tools/build-and-price-result?modelseries=prologue&modelyear=2026 (EX trim, Build & Price tool); https://automobiles.honda.com/prologue/specs-feature-modals/see-more-ex?modelyear=2026&modelseries=prologue&modeltrim=EX ;; https://www.edmunds.com/honda/prologue/2026/features-specs/","AWD upcharge discrepancy: Honda's own Build & Price Powertrain tab shows a flat +$3,000 for 'AWD Dual Motor' on the EX trim (base $39,900 -> $42,900 if additive). Edmunds' trim-selector for 2026 Prologue lists 'EX 4dr SUV AWD' at a $42,000 total MSRP (a $2,100 premium over $39,900), not $42,900. Honda's own site is treated as primary, but the $900 gap between the two sources was not resolved before the Honda session disconnected mid-verification -- flagging for a follow-up dealer/invoice confirmation rather than guessing which figure is the true current MSRP.","Exterior/interior/wheel color and price data pulled directly from Honda's live Build & Price configurator for EX (automobiles.honda.com/tools/build-and-price-result, modelseries=prologue, modelyear=2026) -- high confidence. Feature list (heated seats, wireless charging, safety items, absence of moonroof/power liftgate/leather on EX) pulled from Honda's own 'see-more-ex' spec modal -- high confidence. Adaptive cruise control and heat pump status are left as 'not stated' rather than guessed: neither Honda's EX/Touring/Elite feature-modal pages nor Edmunds' visible feature summary (Safety, Comfort & Convenience sections, partially truncated behind 'Show more') mention either feature by name for any Prologue trim, which is unusual for a 2026 EV and should be confirmed directly with a dealer or Honda's specs PDF before publishing to customers. Heated steering wheel similarly not confirmed for any trim -- Honda lists 'Leather-Wrapped Steering Wheel' on Touring/Elite but never uses the word 'heated' in connection with it."
Honda,Prologue,EX AWD,2026,AWD,EV,SUV,Mercury Silver Metallic | Standalone | $0 (included) | ;; Frostline White Pearl | Standalone | +$455 | ;; Pacific Blue Metallic | Standalone | +$455 | ;; Raven Black | Standalone | +$455 | ;; Scarlet Red Metallic | Standalone | +$455 | ,Black Cloth | Standard | $0 | ,"19-Inch Alloy Wheels | Standard | $0 (included) | ;; 19-Inch Gloss Black Alloy Wheels | Standalone | +$1,900 | ",Moonroof/Panoramic roof | Unavailable | | ,5-seat (2-row) | Standard | $0 | ;; 60/40 split-folding rear seat | Standard | $0 | ,"AWD Dual Motor, 300 hp (SAE net), 294-mi EPA range, 85 kWh battery | Standard for this row (this row = the AWD build of EX) | +$3,000 over 2WD EX per Honda's Powertrain tab; Edmunds lists this configuration's total MSRP as $42,000 (a $2,100 premium over 2WD EX's $39,900) -- see discrepancy_notes | ",Leather seats | Unavailable | | ;; Heated front seats | Standard | $0 | ;; Heated steering wheel | Unavailable (not listed) | | ;; Power liftgate (hands-free) | Unavailable | | ;; Adaptive cruise control | Unavailable (not listed on any Prologue trim's official feature sheet) | | ;; Wireless phone charging | Standard | $0 | ;; Moonroof | Unavailable | | ;; Heat pump | Not stated on Honda's consumer-facing spec/feature pages (see confidence_notes) | | ,Package 1: Home Charging Station | $0 (no added cost) | contents: Level 2 home charging station + installation credit ;; Package 2: $500 Sales Credit | $0 (no added cost) | contents: $500 credit applied on sales contract in lieu of charging station,"https://automobiles.honda.com/tools/build-and-price-result?modelseries=prologue&modelyear=2026 (EX trim, Build & Price tool); https://automobiles.honda.com/prologue/specs-feature-modals/see-more-ex?modelyear=2026&modelseries=prologue&modeltrim=EX ;; https://www.edmunds.com/honda/prologue/2026/features-specs/","Same AWD-upcharge discrepancy as the 2WD EX row: Honda's Powertrain tab implies $42,900 total ($39,900 + $3,000 flat AWD adder); Edmunds' trim list shows $42,000 total for 'EX 4dr SUV AWD'. Not resolved before the browser session disconnected -- recommend confirming the exact current AWD MSRP with a dealer invoice or Honda's press/spec PDF.","All Design-tab options (color/interior/wheel) are identical to the 2WD EX build since Honda's configurator does not change color/interior/wheel choices when switching powertrain within the same trim -- verified directly on Honda's site. Adaptive cruise control and heat pump left blank/'not stated' for the same reason as the 2WD EX row -- not found on any official Honda Prologue feature page checked (EX, Touring, or Elite)."
Honda,Prologue,Touring,2026,FWD,EV,SUV,Mercury Silver Metallic | Standalone | $0 (included) | ;; Frostline White Pearl | Standalone | +$455 | ;; North Shore Pearl | Standalone | +$455 | ;; Pacific Blue Metallic | Standalone | +$455 | ;; Raven Black | Standalone | +$455 | ;; Scarlet Red Metallic | Standalone | +$455 | ;; Sonic Gray Pearl | Standalone | +$455 | ,Black Leather | Standalone | $0 (no extra charge) | ;; Gray Leather | Standalone | $0 (no extra charge) | ,"19-Inch Alloy Wheels | Standard | $0 (included) | ;; 19-Inch Gloss Black Alloy Wheels | Standalone | +$1,900 | ",Panoramic Moonroof | Standard | $0 | ,5-seat (2-row) | Standard | $0 | ;; 60/40 split-folding rear seat | Standard | $0 | ;; Driver's seat 2-position memory | Standard | $0 | ,"FWD Single Motor, 220 hp (SAE net), 308-mi EPA range, 85 kWh battery | Standard | $0 (included) | ;; AWD Dual Motor, 300 hp (SAE net), 294-mi EPA range, 85 kWh battery | Standalone (available) | +$3,000 per Honda Build & Price Powertrain tab (Edmunds lists Touring AWD trim total of $47,000, i.e. a ~$2,800 premium over the $44,200 Touring base -- see discrepancy_notes) | ",Leather-trimmed seats | Standard | $0 | ;; Heated front seats | Standard | $0 | ;; Heated steering wheel | Unavailable (Honda lists 'Leather-Wrapped Steering Wheel' but never uses the word 'heated' for Touring) | | ;; Power liftgate (hands-free) | Standard | $0 | ;; Adaptive cruise control | Unavailable (not listed on Honda's Touring feature sheet or Edmunds' Prologue feature summary) | | ;; Wireless phone charging | Standard | $0 | ;; Moonroof | Standard | $0 | ;; Heat pump | Not stated on Honda's consumer-facing spec/feature pages (see confidence_notes) | | ,Package 1: Home Charging Station | $0 (no added cost) | contents: Level 2 home charging station + installation credit ;; Package 2: $500 Sales Credit | $0 (no added cost) | contents: $500 credit applied on sales contract in lieu of charging station,"https://automobiles.honda.com/tools/build-and-price-result?modelseries=prologue&modelyear=2026 (Touring trim, Build & Price tool); https://automobiles.honda.com/prologue/specs-feature-modals/see-more-touring?modelyear=2026&modelseries=prologue&modeltrim=Touring ;; https://www.edmunds.com/honda/prologue/2026/features-specs/","AWD upcharge discrepancy: Honda's own Build & Price Powertrain tab shows a flat +$3,000 for 'AWD Dual Motor' on the Touring trim (base $44,200 -> $47,200 if additive). Edmunds' trim-selector lists 'Touring 4dr SUV AWD (Most Popular)' at a $47,000 total MSRP (a $2,800 premium), not $47,200. Not resolved before the Honda browser session disconnected -- flag for dealer/invoice confirmation.","Color, interior, wheel, and moonroof/power-tailgate data pulled directly from Honda's live configurator and from Honda's own 'see-more-touring' spec modal -- high confidence, and independently corroborated by Edmunds' feature list for the Touring AWD trim ('1st row power glass extended moonroof: Standard', '2nd row fixed glass moonroof: Standard'). Adaptive cruise control and heat pump are left as 'not stated' -- absent from both Honda's own feature sheet and Edmunds' visible (non-'Show more') Safety/Comfort feature list, which is worth a direct dealer check given how common ACC is on 2026 EVs."
Honda,Prologue,Touring AWD,2026,AWD,EV,SUV,Mercury Silver Metallic | Standalone | $0 (included) | ;; Frostline White Pearl | Standalone | +$455 | ;; North Shore Pearl | Standalone | +$455 | ;; Pacific Blue Metallic | Standalone | +$455 | ;; Raven Black | Standalone | +$455 | ;; Scarlet Red Metallic | Standalone | +$455 | ;; Sonic Gray Pearl | Standalone | +$455 | ,Black Leather | Standalone | $0 (no extra charge) | ;; Gray Leather | Standalone | $0 (no extra charge) | ,"19-Inch Alloy Wheels | Standard | $0 (included) | ;; 19-Inch Gloss Black Alloy Wheels | Standalone | +$1,900 | ",Panoramic Moonroof | Standard | $0 | ,5-seat (2-row) | Standard | $0 | ;; 60/40 split-folding rear seat | Standard | $0 | ;; Driver's seat 2-position memory | Standard | $0 | ,"AWD Dual Motor, 300 hp (SAE net), 294-mi EPA range, 85 kWh battery | Standard for this row (this row = the AWD build of Touring) | +$3,000 over 2WD Touring per Honda's Powertrain tab; Edmunds lists this configuration's total MSRP as $47,000 (a $2,800 premium over 2WD Touring's $44,200), and flags it 'Most Popular' -- see discrepancy_notes | ",Leather-trimmed seats | Standard | $0 | ;; Heated front seats | Standard | $0 | ;; Heated steering wheel | Unavailable (not confirmed; Honda lists leather-wrapped wheel only) | | ;; Power liftgate (hands-free) | Standard | $0 | ;; Adaptive cruise control | Unavailable (not listed on any Prologue trim's official feature sheet) | | ;; Wireless phone charging | Standard | $0 | ;; Moonroof | Standard | $0 | ;; Heat pump | Not stated on Honda's consumer-facing spec/feature pages (see confidence_notes) | | ,Package 1: Home Charging Station | $0 (no added cost) | contents: Level 2 home charging station + installation credit ;; Package 2: $500 Sales Credit | $0 (no added cost) | contents: $500 credit applied on sales contract in lieu of charging station,"https://automobiles.honda.com/tools/build-and-price-result?modelseries=prologue&modelyear=2026 (Touring trim, Build & Price tool); https://automobiles.honda.com/prologue/specs-feature-modals/see-more-touring?modelyear=2026&modelseries=prologue&modeltrim=Touring ;; https://www.edmunds.com/honda/prologue/2026/features-specs/","Same AWD-upcharge discrepancy as the 2WD Touring row: Honda's Powertrain tab implies $47,200 total ($44,200 + $3,000 flat AWD adder); Edmunds lists $47,000 total for 'Touring 4dr SUV AWD'. Edmunds separately marks this exact configuration as the 2026 Prologue's 'Most Popular' build. Not resolved before the browser session disconnected.","Design-tab options (color/interior/wheel/roof) identical to 2WD Touring, verified directly on Honda's configurator since color/interior/wheel choices do not change when switching powertrain within a trim. Edmunds' detailed spec page defaults to exactly this configuration (Touring AWD) and was used as the secondary source for dimensions, weight, cargo, and the moonroof/power-feature corroboration described in the Touring (FWD) row. Adaptive cruise control and heat pump left blank/'not stated' for the same reason noted on other rows."
Honda,Prologue,Elite,2026,AWD,EV,SUV,Mercury Silver Metallic | Standalone | $0 (included) | ;; Frostline White Pearl | Standalone | +$455 | ;; North Shore Pearl | Standalone | +$455 | ;; Pacific Blue Metallic | Standalone | +$455 | ;; Raven Black | Standalone | +$455 | ;; Scarlet Red Metallic | Standalone | +$455 | ;; Sonic Gray Pearl | Standalone | +$455 | ,Black Perforated Leather | Standalone | $0 (no extra charge) | ;; Gray Perforated Leather | Standalone | $0 (no extra charge) | ,"21-Inch Alloy Wheels | Standard | $0 (included, sole wheel option on this trim) | ",Panoramic Moonroof | Standard | $0 | ,5-seat (2-row) | Standard | $0 | ;; 60/40 split-folding rear seat | Standard | $0 | ;; Driver's seat 2-position memory | Standard | $0 | ,"AWD Dual Motor, 300 hp (SAE net), 283-mi EPA range, 85 kWh battery | Standard (only powertrain offered on Elite -- no FWD/2WD option exists for this trim) | $0 (included in $50,400 base) | ","Leather (perforated) seats | Standard | $0 | ;; Heated AND ventilated front seats | Standard | $0 | ;; Heated steering wheel | Unavailable (not confirmed; Honda lists leather-wrapped wheel only, no 'heated' claim) | | ;; Power liftgate (hands-free) | Standard | $0 | ;; Adaptive cruise control | Unavailable (not listed on Honda's Elite feature sheet or Edmunds' Prologue feature summary) | | ;; Wireless phone charging | Standard | $0 | ;; Moonroof | Standard | $0 | ;; Heat pump | Not stated on Honda's consumer-facing spec/feature pages (see confidence_notes) | | ;; Head-Up Display | Standard | $0 | ;; Surround Vision System | Standard | $0 | ;; Self-sealing tires | Standard | $0 | ;; Dynamic Drive Mode (Sport) | Standard | $0 | ",Package 1: Home Charging Station | $0 (no added cost) | contents: Level 2 home charging station + installation credit ;; Package 2: $500 Sales Credit | $0 (no added cost) | contents: $500 credit applied on sales contract in lieu of charging station,"https://automobiles.honda.com/tools/build-and-price-result?modelseries=prologue&modelyear=2026 (Elite trim, Build & Price tool); https://automobiles.honda.com/prologue/specs-feature-modals/see-more-elite?modelyear=2026&modelseries=prologue&modeltrim=Elite ;; https://www.edmunds.com/honda/prologue/2026/features-specs/","No AWD-pricing discrepancy on this row since Elite is AWD-only (single powertrain, no 2WD comparison point). Honda's Build & Price tool and Edmunds' trim list agree exactly on Elite's base MSRP of $50,400.","All Design-tab data (7 colors, 2 interior choices, single 21-in wheel) and the full feature list (HUD, surround vision, self-sealing tires, heated+ventilated seats, moonroof, power tailgate) pulled directly from Honda's live configurator and 'see-more-elite' spec modal -- high confidence. Adaptive cruise control and heat pump left blank/'not stated' for the same reason as other rows -- not found on Honda's own Elite feature sheet."
