make,model,trim,model_year,is_performance_trim,body_style,doors,seating_capacity,drivetrain,fuel_type,msrp,destination_fee,true_starting_price,epa_city_mpg,epa_hwy_mpg,epa_combined_mpg,range_mi,nhtsa_overall_stars,passenger_volume_cuft,front_legroom_in,rear_legroom_in,third_row_legroom_in,front_headroom_in,rear_headroom_in,third_row_headroom_in,has_third_row,cargo_volume_seats_up_cuft,max_cargo_volume_cuft,towing_capacity_lbs,payload_capacity_lbs,reliability_rating,horsepower,torque_lbft,zero_to_60_sec,top_speed_mph,tech_score,warranty_basic_years,warranty_basic_miles,warranty_powertrain_years,warranty_powertrain_miles,resale_depreciation_pct,manufacturer_link,safety_source,fuel_tank_capacity_gal,resale_source,bed_length_ft
Chevrolet,Traverse,LT,2026,no,3-row SUV,4.0,7.0,FWD,Gas,42795.0,1995.0,44790.0,20.0,26.0,22.0,426.8,5.0,,44.3,41.5,32.1,42.6,40.0,38.0,yes,22.9,97.6,5000.0,,3.0,328.0,326.0,8.4,,3.0,3,36000,5,60000,28.4,https://www.chevrolet.com/suvs/previous-year/traverse,NHTSA,,model-specific,
Chevrolet,Traverse,Z71,2026,yes,3-row SUV,4.0,7.0,AWD,Gas,50895.0,1995.0,52890.0,20.0,24.0,21.0,407.4,5.0,,44.3,41.5,32.1,42.6,40.0,38.0,yes,22.9,97.6,5000.0,,3.0,328.0,326.0,7.3,,3.0,3,36000,5,60000,28.4,https://www.chevrolet.com/suvs/previous-year/traverse,NHTSA,,model-specific,
Chevrolet,Traverse,RS,2026,yes,3-row SUV,4.0,7.0,FWD,Gas,57395.0,1995.0,59390.0,20.0,26.0,22.0,426.8,5.0,,44.3,41.5,32.1,42.6,40.0,38.0,yes,22.9,97.6,5000.0,,3.0,328.0,326.0,8.4,,5.0,3,36000,5,60000,23.8,https://www.chevrolet.com/suvs/previous-year/traverse,NHTSA,,model-specific,
Chevrolet,Traverse,High Country,2026,no,3-row SUV,4.0,7.0,FWD,Gas,57095.0,1995.0,59090.0,20.0,26.0,22.0,426.8,5.0,,44.3,41.5,32.1,42.6,40.0,38.0,yes,22.9,97.6,5000.0,,3.0,328.0,326.0,8.4,,5.0,3,36000,5,60000,31.2,https://www.chevrolet.com/suvs/previous-year/traverse,NHTSA,,model-specific,
Chevrolet,Silverado 1500,WT,2026,no,full-size truck,4.0,6.0,RWD,Gas,36900.0,2795.0,39695.0,20.0,21.0,20.0,480.0,5.0,,44.5,43.4,,43.0,40.1,,no,,,13300.0,2260.0,3.5,310.0,430.0,,,1.0,3,36000,5,60000,30.1,https://www.chevrolet.com/trucks/silverado/1500,NHTSA,,model-specific,5.8
Chevrolet,Silverado 1500,Custom,2026,no,full-size truck,4.0,6.0,RWD,Gas,42400.0,2795.0,45195.0,20.0,21.0,20.0,480.0,5.0,,44.5,43.4,,43.0,40.1,,no,,,13300.0,2260.0,3.5,310.0,430.0,,,1.0,3,36000,5,60000,22.3,https://www.chevrolet.com/trucks/silverado/1500,NHTSA,,model-specific,5.8
Chevrolet,Silverado 1500,Custom Trail Boss,2026,yes,full-size truck,4.0,6.0,4WD,Gas,52900.0,2795.0,55695.0,19.0,21.0,19.0,456.0,5.0,,44.5,43.4,,43.0,40.1,,no,,,13300.0,2260.0,3.5,310.0,430.0,,,1.0,3,36000,5,60000,23.9,https://www.chevrolet.com/trucks/silverado/1500,NHTSA,,model-specific,5.8
Chevrolet,Silverado 1500,LT,2026,no,full-size truck,4.0,6.0,RWD,Gas,47900.0,2795.0,50695.0,20.0,21.0,20.0,480.0,5.0,,44.5,43.4,,43.0,40.1,,no,,,13300.0,2260.0,3.5,310.0,430.0,,,1.0,3,36000,5,60000,25.8,https://www.chevrolet.com/trucks/silverado/1500,NHTSA,,model-specific,5.8
Chevrolet,Silverado 1500,RST,2026,no,full-size truck,4.0,6.0,RWD,Gas,51300.0,2795.0,54095.0,20.0,21.0,20.0,480.0,5.0,,44.5,43.4,,43.0,40.1,,no,,,13300.0,2260.0,3.5,310.0,430.0,,,1.0,3,36000,5,60000,19.3,https://www.chevrolet.com/trucks/silverado/1500,NHTSA,,model-specific,5.8
Chevrolet,Silverado 1500,LT Trail Boss,2026,yes,full-size truck,4.0,6.0,4WD,Gas,59700.0,2795.0,62495.0,19.0,21.0,19.0,456.0,5.0,,44.5,43.4,,43.0,40.1,,no,,,13300.0,2260.0,3.5,310.0,430.0,,,1.0,3,36000,5,60000,25.4,https://www.chevrolet.com/trucks/silverado/1500,NHTSA,,model-specific,5.8
Chevrolet,Silverado 1500,LTZ,2026,no,full-size truck,4.0,5.0,RWD,Gas,58000.0,2795.0,60795.0,20.0,21.0,20.0,480.0,5.0,,44.5,43.4,,43.0,40.1,,no,,,13300.0,2260.0,3.5,355.0,383.0,6.1,,2.0,3,36000,5,60000,26.3,https://www.chevrolet.com/trucks/silverado/1500,NHTSA,,model-specific,5.8
Chevrolet,Silverado 1500,High Country,2026,no,full-size truck,4.0,5.0,4WD,Gas,62900.0,2795.0,65695.0,17.0,19.0,17.0,408.0,5.0,,44.5,43.4,,43.0,40.1,,no,,,13300.0,2260.0,3.5,355.0,383.0,6.1,,2.0,3,36000,5,60000,23.7,https://www.chevrolet.com/trucks/silverado/1500,NHTSA,,model-specific,5.8
Chevrolet,Silverado 1500,ZR2,2026,yes,full-size truck,4.0,5.0,4WD,Diesel,71800.0,2795.0,74595.0,20.0,23.0,21.0,504.0,5.0,,44.5,43.4,,43.0,40.1,,no,,,13300.0,2260.0,3.5,305.0,495.0,7.6,,2.0,3,36000,5,60000,28.9,https://www.chevrolet.com/trucks/silverado/1500,NHTSA,,model-specific,5.8
Chevrolet,Equinox EV,LT1 FWD,2026,no,compact electric SUV,4.0,5.0,FWD,EV,34995.0,1800.0,36795.0,117.0,100.0,108.0,319.0,5.0,,41.7,38.0,,39.2,38.5,,no,26.4,57.2,1500.0,,,213.0,236.0,7.8,,1.0,3,36000,8,100000,48.4,https://www.chevrolet.com/electric/previous-year/equinox-ev,NHTSA,,"CarEdge, brand-level only, ranks 10th of 19 popular brands",
Chevrolet,Equinox EV,LT1 AWD,2026,no,compact electric SUV,4.0,5.0,AWD,EV,38295.0,1800.0,40095.0,,,103.0,307.0,5.0,,41.7,38.0,,39.2,38.5,,no,26.4,57.2,1500.0,,,300.0,355.0,5.8,,1.0,3,36000,8,100000,48.4,https://www.chevrolet.com/electric/previous-year/equinox-ev,NHTSA,,"CarEdge, brand-level only, ranks 10th of 19 popular brands",
Chevrolet,Equinox EV,LT2 FWD,2026,no,compact electric SUV,4.0,5.0,FWD,EV,41795.0,1800.0,43595.0,117.0,100.0,108.0,319.0,5.0,,41.7,38.0,,39.2,38.5,,no,26.4,57.2,1500.0,,,213.0,236.0,7.8,,1.0,3,36000,8,100000,48.4,https://www.chevrolet.com/electric/previous-year/equinox-ev,NHTSA,,"CarEdge, brand-level only, ranks 10th of 19 popular brands",
Chevrolet,Equinox EV,LT2 AWD,2026,no,compact electric SUV,4.0,5.0,AWD,EV,45095.0,1800.0,46895.0,,,103.0,307.0,5.0,,41.7,38.0,,39.2,38.5,,no,26.4,57.2,1500.0,,,300.0,355.0,5.8,,1.0,3,36000,8,100000,48.4,https://www.chevrolet.com/electric/previous-year/equinox-ev,NHTSA,,"CarEdge, brand-level only, ranks 10th of 19 popular brands",
Chevrolet,Equinox EV,RS FWD,2026,no,compact electric SUV,4.0,5.0,FWD,EV,44095.0,1800.0,45895.0,117.0,100.0,108.0,319.0,5.0,,41.7,38.0,,39.2,38.5,,no,26.4,57.2,1500.0,,,213.0,236.0,7.8,,1.0,3,36000,8,100000,48.4,https://www.chevrolet.com/electric/previous-year/equinox-ev,NHTSA,,"CarEdge, brand-level only, ranks 10th of 19 popular brands",
Chevrolet,Equinox EV,RS AWD,2026,no,compact electric SUV,4.0,5.0,AWD,EV,47395.0,1800.0,49195.0,,,103.0,307.0,5.0,,41.7,38.0,,39.2,38.5,,no,26.4,57.2,1500.0,,,300.0,355.0,5.8,,1.0,3,36000,8,100000,48.4,https://www.chevrolet.com/electric/previous-year/equinox-ev,NHTSA,,"CarEdge, brand-level only, ranks 10th of 19 popular brands",
Ford,Maverick,XL,2026,no,compact truck,4.0,5.0,FWD,Hybrid,27145.0,1695.0,28840.0,42.0,35.0,38.0,524.0,4.0,100.3,42.8,35.9,,40.2,39.6,,no,33.3,,2000.0,1500.0,,191.0,155.0,8.4,,2.0,3,36000,5,60000,-6.8,https://www.ford.com/trucks/maverick/models/xl/,NHTSA,,model-specific,4.5
Ford,Maverick,XLT,2026,no,compact truck,4.0,5.0,FWD,Hybrid,29645.0,1695.0,31340.0,42.0,35.0,38.0,524.0,4.0,100.3,42.8,35.9,,40.2,39.6,,no,33.3,,2000.0,1500.0,,191.0,155.0,8.4,,2.0,3,36000,5,60000,-7.8,https://www.ford.com/trucks/maverick/models/xlt/,NHTSA,,model-specific,4.5
Ford,Maverick,Lariat,2026,no,compact truck,4.0,5.0,FWD,Hybrid,35870.0,1695.0,37565.0,42.0,35.0,38.0,524.0,4.0,100.3,42.8,35.9,,40.2,39.6,,no,33.3,,2000.0,1500.0,,191.0,155.0,8.4,,3.0,3,36000,5,60000,-5.0,https://www.ford.com/trucks/maverick/models/lariat/,NHTSA,,model-specific,4.5
Ford,Maverick,Lobo,2026,yes,compact truck,4.0,5.0,AWD,Gas,35930.0,1695.0,37625.0,21.0,30.0,24.0,396.0,4.0,101.5,42.8,35.9,,40.2,39.6,,no,33.3,,2000.0,1045.0,,250.0,280.0,6.6,,2.0,3,36000,5,60000,-7.4,https://www.ford.com/trucks/maverick/models/lobo/,NHTSA,,model-specific,4.5
Ford,Maverick,Tremor,2026,yes,compact truck,4.0,5.0,AWD,Gas,40645.0,1695.0,42340.0,21.0,27.0,23.0,380.0,4.0,101.5,42.8,35.9,,40.2,39.6,,no,33.3,,2000.0,1140.0,,250.0,280.0,6.6,,3.0,3,36000,5,60000,-7.4,https://www.ford.com/trucks/maverick/models/tremor/,NHTSA,,model-specific,4.5
Ford,F-150,XL,2026,no,full-size truck,4.0,6.0,RWD,Gas,39330.0,2795.0,42125.0,20.0,26.0,22.0,792.0,5.0,,43.9,43.6,,40.8,40.4,,no,52.8,,8400.0,1775.0,3.5/5.0,325.0,400.0,,,1.0,3,36000,5,60000,-1.3,https://www.ford.com/trucks/f150/models/xl/,NHTSA,36.0,model-specific,5.5
Ford,F-150,STX,2026,no,full-size truck,4.0,6.0,RWD,Gas,41855.0,2795.0,44650.0,20.0,26.0,22.0,792.0,5.0,,43.9,43.6,,40.8,40.4,,no,52.8,,8400.0,1775.0,3.5/5.0,325.0,400.0,,,1.0,3,36000,5,60000,28.2,https://www.ford.com/trucks/f150/models/stx/,NHTSA,36.0,model-specific,5.5
Ford,F-150,XLT,2026,no,full-size truck,4.0,6.0,RWD,Gas,44895.0,2795.0,47690.0,20.0,26.0,22.0,792.0,5.0,,43.9,43.6,,40.8,40.4,,no,52.8,,8400.0,1775.0,3.5/5.0,325.0,400.0,,,2.0,3,36000,5,60000,2.3,https://www.ford.com/trucks/f150/models/xlt/,NHTSA,36.0,model-specific,5.5
Ford,F-150,Lariat,2026,no,full-size truck,4.0,6.0,RWD,Gas,59560.0,2795.0,62355.0,18.0,24.0,20.0,720.0,5.0,,43.9,43.6,,40.8,40.4,,no,52.8,,13500.0,2440.0,3.5/5.0,400.0,500.0,,,2.0,3,36000,5,60000,18.0,https://www.ford.com/trucks/f150/models/lariat/,NHTSA,36.0,model-specific,5.5
Ford,F-150,Tremor,2026,yes,full-size truck,4.0,6.0,4WD,Gas,64915.0,2795.0,67710.0,17.0,23.0,19.0,684.0,5.0,,43.9,43.6,,40.8,40.4,,no,52.8,,10900.0,1885.0,3.5/5.0,400.0,500.0,5.3,,3.0,3,36000,5,60000,20.3,https://www.ford.com/trucks/f150/models/tremor/,NHTSA,36.0,model-specific,5.5
Ford,F-150,King Ranch,2026,no,full-size truck,4.0,6.0,4WD,Gas,65825.0,2795.0,68620.0,17.0,23.0,19.0,684.0,5.0,,43.9,43.6,,40.8,40.4,,no,52.8,,13200.0,2200.0,3.5/5.0,382.0,500.0,,,3.0,3,36000,5,60000,19.9,https://www.ford.com/trucks/f150/models/king-ranch/,NHTSA,36.0,model-specific,5.5
Ford,F-150,Platinum,2026,no,full-size truck,4.0,6.0,4WD,Gas,68800.0,2795.0,71595.0,17.0,23.0,19.0,684.0,5.0,,43.9,43.6,,40.8,40.4,,no,52.8,,13200.0,2200.0,3.5/5.0,382.0,500.0,,,3.0,3,36000,5,60000,22.6,https://www.ford.com/trucks/f150/models/platinum/,NHTSA,36.0,model-specific,5.5
Ford,F-150,Raptor,2026,yes,full-size truck,4.0,5.0,4WD,Gas,79005.0,2795.0,81800.0,15.0,18.0,16.0,576.0,5.0,,43.9,43.6,,40.8,40.4,,no,52.8,,8200.0,1405.0,3.5/5.0,450.0,510.0,5.2,,3.0,3,36000,5,60000,3.7,https://www.ford.com/trucks/f150/models/raptor/,NHTSA,36.0,model-specific,5.5
Ford,F-150,Raptor R,2026,yes,full-size truck,4.0,5.0,4WD,Gas,110930.0,2795.0,113725.0,10.0,15.0,12.0,432.0,5.0,,43.9,43.6,,40.8,40.4,,no,52.8,,8700.0,1410.0,3.5/5.0,720.0,640.0,3.6,,3.0,3,36000,5,60000,32.3,https://www.ford.com/trucks/f150/models/raptor/,NHTSA,36.0,model-specific,5.5
Ford,Mustang Mach-E,Select,2026,no,mid-size SUV,4.0,5.0,RWD,EV,37795.0,2045.0,39840.0,111.0,103.0,107.0,260.0,5.0,,43.3,38.1,,38.9,38.2,,no,29.7,59.7,,,,264.0,387.0,5.6,,2.0,3,36000,5,60000,43.5,https://www.ford.com/suvs/mach-e/models/select/,NHTSA,,model-specific,
Ford,Mustang Mach-E,Premium,2026,no,mid-size SUV,4.0,5.0,RWD,EV,40595.0,2045.0,42640.0,111.0,103.0,107.0,260.0,5.0,,43.3,38.1,,38.9,38.2,,no,29.7,59.7,,,,264.0,387.0,5.6,,2.0,3,36000,5,60000,44.9,https://www.ford.com/suvs/mach-e/models/premium/,NHTSA,,model-specific,
Ford,Mustang Mach-E,GT,2026,yes,mid-size SUV,4.0,5.0,AWD,EV,53395.0,2045.0,55440.0,95.0,85.0,90.0,280.0,5.0,,43.3,38.1,,38.9,38.2,,no,29.7,59.5,,,,480.0,600.0,3.8,,5.0,3,36000,5,60000,49.5,https://www.ford.com/suvs/mach-e/models/gt/,NHTSA,,model-specific,
Ford,Mustang Mach-E,Rally,2026,yes,mid-size SUV,4.0,5.0,AWD,EV,57690.0,2045.0,59735.0,,,,255.0,5.0,,43.3,38.1,,38.9,38.2,,no,29.7,59.5,,,,480.0,700.0,3.4,,5.0,3,36000,5,60000,49.9,https://www.ford.com/suvs/mach-e/models/rally/,NHTSA,,"CarEdge, brand-level only, ranks 13th of 19 popular brands",
Honda,Civic,LX,2026,no,sedan,4.0,5.0,FWD,Gas,24695.0,1195.0,25890.0,32.0,41.0,36.0,446.0,5.0,99.0,42.3,37.4,,39.3,37.1,,no,14.8,14.8,,,4.5,150.0,133.0,8.9,,0.0,3,36000,5,60000,1.4,https://automobiles.honda.com/civic-sedan,NHTSA,,model-specific,
Honda,Civic,Sport,2026,no,sedan,4.0,5.0,FWD,Gas,26695.0,1195.0,27890.0,31.0,39.0,34.0,422.0,5.0,99.0,42.3,37.4,,39.3,37.1,,no,14.8,14.8,,,4.5,150.0,133.0,8.9,,0.0,3,36000,5,60000,3.1,https://automobiles.honda.com/civic-sedan,NHTSA,,model-specific,
Honda,Civic,Sport Hybrid,2026,no,sedan,4.0,5.0,FWD,Hybrid,29395.0,1195.0,30590.0,50.0,47.0,49.0,519.0,5.0,96.6,42.3,37.4,,37.6,37.1,,no,14.8,14.8,,,4.5,200.0,232.0,6.2,,0.0,3,36000,5,60000,6.3,https://automobiles.honda.com/civic-sedan,NHTSA,,model-specific,
Honda,Civic,Sport Touring Hybrid,2026,no,sedan,4.0,5.0,FWD,Hybrid,32395.0,1195.0,33590.0,50.0,47.0,49.0,519.0,5.0,96.6,42.3,37.4,,37.6,37.1,,no,14.8,14.8,,,4.5,200.0,232.0,6.2,,3.0,3,36000,5,60000,6.3,https://automobiles.honda.com/civic-sedan,NHTSA,,model-specific,
Honda,Civic,Si,2026,no,sedan,4.0,5.0,FWD,Gas,31495.0,1195.0,32690.0,27.0,37.0,31.0,384.0,5.0,96.6,42.3,37.4,,37.6,37.1,,no,14.1,14.1,,,4.5,200.0,192.0,6.6,,2.0,3,36000,5,60000,3.0,https://automobiles.honda.com/civic-si-sedan,NHTSA,,model-specific,
Honda,Civic,Sport Hatchback,2026,no,hatchback,4.0,5.0,FWD,Gas,27895.0,1195.0,29090.0,30.0,38.0,34.0,422.0,5.0,99.0,42.3,37.4,,39.3,37.1,,no,24.5,24.5,,,4.5,150.0,133.0,8.9,,0.0,3,36000,5,60000,4.8,https://automobiles.honda.com/civic-hatchback,NHTSA,,model-specific,
Honda,Civic,Sport Hybrid Hatchback,2026,no,hatchback,4.0,5.0,FWD,Hybrid,30595.0,1195.0,31790.0,50.0,45.0,48.0,509.0,5.0,96.6,42.3,37.4,,37.6,37.1,,no,24.5,24.5,,,4.5,200.0,232.0,6.2,,0.0,3,36000,5,60000,7.6,https://automobiles.honda.com/civic-hatchback,NHTSA,,model-specific,
Honda,Civic,Sport Touring Hybrid Hatchback,2026,no,hatchback,4.0,5.0,FWD,Hybrid,33595.0,1195.0,34790.0,50.0,45.0,48.0,509.0,5.0,96.6,42.3,37.4,,37.6,37.1,,no,24.5,24.5,,,4.5,200.0,232.0,6.2,,3.0,3,36000,5,60000,7.6,https://automobiles.honda.com/civic-hatchback,NHTSA,,model-specific,
Honda,Civic,Type R,2026,yes,hatchback,4.0,4.0,FWD,Gas,47395.0,1195.0,48590.0,22.0,28.0,24.0,298.0,5.0,99.0,42.3,37.4,,39.3,37.1,,no,24.5,24.5,,,4.5,315.0,310.0,5.5,,3.0,3,36000,5,60000,-1.8,https://automobiles.honda.com/civic-type-r,NHTSA,,model-specific,
Honda,Accord,LX,2026,no,sedan,4.0,5.0,FWD,Gas,28395.0,1195.0,29590.0,29.0,37.0,32.0,474.0,5.0,105.7,42.3,40.8,,39.5,37.2,,no,16.7,16.7,,,4.5,192.0,192.0,8.3,,3.0,3,36000,5,60000,11.9,https://automobiles.honda.com/accord,NHTSA,,model-specific,
Honda,Accord,SE,2026,no,sedan,4.0,5.0,FWD,Gas,30695.0,1195.0,31890.0,28.0,36.0,31.0,459.0,5.0,102.8,42.3,40.8,,39.5,37.2,,no,16.7,16.7,,,4.5,192.0,192.0,8.3,,3.0,3,36000,5,60000,12.9,https://automobiles.honda.com/accord,NHTSA,,model-specific,
Honda,Accord,Sport,2026,no,sedan,4.0,5.0,FWD,Hybrid,33795.0,1195.0,34990.0,46.0,41.0,44.0,563.0,5.0,102.8,42.3,40.8,,37.5,37.2,,no,16.7,16.7,,,4.5,204.0,,7.0,,3.0,3,36000,5,60000,15.1,https://automobiles.honda.com/accord,NHTSA,,model-specific,
Honda,Accord,EX-L,2026,no,sedan,4.0,5.0,FWD,Hybrid,35095.0,1195.0,36290.0,51.0,44.0,48.0,614.0,5.0,102.8,42.3,40.8,,37.5,37.2,,no,16.7,16.7,,,4.5,204.0,,7.0,,3.0,3,36000,5,60000,16.3,https://automobiles.honda.com/accord,NHTSA,,model-specific,
Honda,Accord,Sport-L,2026,no,sedan,4.0,5.0,FWD,Hybrid,35495.0,1195.0,36690.0,46.0,41.0,44.0,563.0,5.0,102.8,42.3,40.8,,37.5,37.2,,no,16.7,16.7,,,4.5,204.0,,7.0,,3.0,3,36000,5,60000,17.8,https://automobiles.honda.com/accord,NHTSA,,model-specific,
Honda,Accord,Touring,2026,no,sedan,4.0,5.0,FWD,Hybrid,39495.0,1195.0,40690.0,46.0,41.0,44.0,563.0,5.0,102.8,42.3,40.8,,37.5,37.2,,no,16.7,16.7,,,4.5,204.0,,7.0,,4.0,3,36000,5,60000,19.3,https://automobiles.honda.com/accord,NHTSA,,model-specific,
Honda,CR-V,LX,2026,no,SUV,4.0,5.0,FWD,Gas,30920.0,1395.0,32315.0,28.0,33.0,30.0,420.0,5.0,106.0,41.3,41.0,,40.0,38.2,,no,39.3,76.5,1500.0,,4.5,190.0,179.0,,,2.0,3,36000,5,60000,5.1,https://automobiles.honda.com/cr-v,NHTSA,,model-specific,
Honda,CR-V,EX,2026,no,SUV,4.0,5.0,FWD,Gas,33150.0,1395.0,34545.0,28.0,33.0,30.0,420.0,5.0,106.0,41.3,41.0,,40.0,38.2,,no,39.3,76.5,1500.0,,4.5,190.0,179.0,,,2.0,3,36000,5,60000,6.7,https://automobiles.honda.com/cr-v,NHTSA,,model-specific,
Honda,CR-V,EX-L,2026,no,SUV,4.0,5.0,FWD,Gas,35400.0,1395.0,36795.0,28.0,33.0,30.0,420.0,5.0,106.0,41.3,41.0,,38.0,38.2,,no,39.3,76.5,1500.0,,4.5,190.0,179.0,,,3.0,3,36000,5,60000,8.5,https://automobiles.honda.com/cr-v,NHTSA,,model-specific,
Honda,CR-V,Sport Hybrid,2026,no,SUV,4.0,5.0,FWD,Hybrid,35630.0,1395.0,37025.0,43.0,36.0,40.0,560.0,5.0,103.5,41.3,41.0,,38.0,38.2,,no,34.7,71.8,1000.0,,4.5,204.0,247.0,,,2.0,3,36000,5,60000,8.6,https://automobiles.honda.com/cr-v,NHTSA,,model-specific,
Honda,CR-V,Sport-L Hybrid,2026,no,SUV,4.0,5.0,FWD,Hybrid,38725.0,1395.0,40120.0,43.0,36.0,40.0,560.0,5.0,103.5,41.3,41.0,,38.0,38.2,,no,34.7,71.8,1000.0,,4.5,204.0,247.0,,,3.0,3,36000,5,60000,11.1,https://automobiles.honda.com/cr-v,NHTSA,,model-specific,
Honda,CR-V,TrailSport Hybrid,2026,yes,SUV,4.0,5.0,AWD,Hybrid,38800.0,1395.0,40195.0,38.0,33.0,35.0,490.0,5.0,103.5,41.3,41.0,,38.0,38.2,,no,34.7,71.8,1000.0,,4.5,204.0,247.0,8.0,,3.0,3,36000,5,60000,11.1,https://automobiles.honda.com/cr-v,NHTSA,,model-specific,
Honda,CR-V,Sport Touring Hybrid,2026,no,SUV,4.0,5.0,AWD,Hybrid,42250.0,1395.0,43645.0,40.0,34.0,37.0,518.0,5.0,103.5,41.3,41.0,,38.0,38.2,,no,34.7,71.8,1000.0,,4.5,204.0,247.0,8.0,,3.0,3,36000,5,60000,13.5,https://automobiles.honda.com/cr-v,NHTSA,,model-specific,
Honda,Odyssey,EX-L,2026,no,minivan,4.0,8.0,FWD,Gas,42795.0,1495.0,44290.0,19.0,28.0,22.0,429.0,5.0,160.1,40.9,40.9,38.1,38.7,39.2,38.3,yes,32.8,140.7,3500.0,,3.5,280.0,262.0,6.4,,3.0,3,36000,5,60000,20.4,https://automobiles.honda.com/odyssey,NHTSA,,model-specific,
Honda,Odyssey,Sport-L,2026,no,minivan,4.0,8.0,FWD,Gas,43895.0,1495.0,45390.0,19.0,28.0,22.0,429.0,5.0,160.1,40.9,40.9,38.1,38.7,39.2,38.3,yes,32.8,140.7,3500.0,,3.5,280.0,262.0,6.4,,3.0,3,36000,5,60000,22.7,https://automobiles.honda.com/odyssey,NHTSA,,model-specific,
Honda,Odyssey,Touring,2026,no,minivan,4.0,8.0,FWD,Gas,47495.0,1495.0,48990.0,19.0,28.0,22.0,429.0,5.0,160.1,40.9,40.9,38.1,38.7,39.2,38.3,yes,32.8,140.7,3500.0,,3.5,280.0,262.0,6.4,,3.0,3,36000,5,60000,23.4,https://automobiles.honda.com/odyssey,NHTSA,,model-specific,
Honda,Odyssey,Elite,2026,no,minivan,4.0,8.0,FWD,Gas,51695.0,1495.0,53190.0,19.0,28.0,22.0,429.0,5.0,160.1,40.9,40.9,38.1,38.7,39.2,38.3,yes,32.8,140.7,3500.0,,3.5,280.0,262.0,6.4,,3.0,3,36000,5,60000,27.0,https://automobiles.honda.com/odyssey,NHTSA,,model-specific,
Hyundai,Tucson,SE,2026,no,SUV,4.0,5.0,FWD,Gas,29750.0,1600.0,31350.0,25.0,33.0,28.0,400.0,5.0,108.2,41.4,41.3,,40.1,39.5,,no,41.2,80.3,2750.0,,"4.0/5.0 (RepairPal, rank 5 of 26 compact SUVs)",187.0,178.0,8.8,,1.0,5,60000,10,100000,16.3,https://www.hyundaiusa.com/us/en/vehicles/tucson/se,NHTSA,,model-specific,
Hyundai,Tucson,SEL,2026,no,SUV,4.0,5.0,FWD,Gas,31100.0,1600.0,32700.0,25.0,33.0,28.0,400.0,5.0,108.2,41.4,41.3,,40.1,39.5,,no,41.2,80.3,2750.0,,"4.0/5.0 (RepairPal, rank 5 of 26 compact SUVs)",187.0,178.0,8.8,,1.0,5,60000,10,100000,13.8,https://www.hyundaiusa.com/us/en/vehicles/tucson/sel,NHTSA,,model-specific,
Hyundai,Tucson,SEL Plus,2026,no,SUV,4.0,5.0,FWD,Gas,31600.0,1600.0,33200.0,25.0,33.0,28.0,400.0,5.0,108.2,41.4,41.3,,40.1,39.5,,no,41.2,80.3,2750.0,,"4.0/5.0 (RepairPal, rank 5 of 26 compact SUVs)",187.0,178.0,8.8,,1.0,5,60000,10,100000,17.9,https://www.hyundaiusa.com/us/en/vehicles/tucson/sel-convenience,NHTSA,,model-specific,
Hyundai,Tucson,XRT,2026,no,SUV,4.0,5.0,FWD,Gas,33775.0,1600.0,35375.0,25.0,33.0,28.0,400.0,5.0,108.2,41.4,41.3,,40.1,39.5,,no,41.2,80.3,2750.0,,"4.0/5.0 (RepairPal, rank 5 of 26 compact SUVs)",187.0,178.0,8.8,,3.0,5,60000,10,100000,16.7,https://www.hyundaiusa.com/us/en/vehicles/tucson/xrt,NHTSA,,model-specific,
Hyundai,Tucson,SEL Premium,2026,no,SUV,4.0,5.0,FWD,Gas,34100.0,1600.0,35700.0,25.0,33.0,28.0,400.0,5.0,108.2,41.4,41.3,,38.1,38.7,,no,41.2,80.3,2750.0,,"4.0/5.0 (RepairPal, rank 5 of 26 compact SUVs)",187.0,178.0,8.8,,3.0,5,60000,10,100000,17.9,https://www.hyundaiusa.com/us/en/vehicles/tucson/sel-premium,NHTSA,,model-specific,
Hyundai,Tucson,Limited,2026,no,SUV,4.0,5.0,FWD,Gas,39725.0,1600.0,41325.0,25.0,33.0,28.0,400.0,5.0,108.2,41.4,41.3,,38.1,39.0,,no,41.2,80.3,2750.0,,"4.0/5.0 (RepairPal, rank 5 of 26 compact SUVs)",187.0,178.0,8.8,,5.0,5,60000,10,100000,21.9,https://www.hyundaiusa.com/us/en/vehicles/tucson/limited,NHTSA,,model-specific,
Hyundai,Tucson,SE,2026,no,SUV,4.0,5.0,FWD,Hybrid,30950.0,1600.0,32550.0,40.0,35.0,38.0,543.0,5.0,107.9,41.4,41.3,,40.1,39.5,,no,38.7,74.5,1650.0,,"4.0/5.0 (RepairPal, rank 5 of 26 compact SUVs)",231.0,271.0,,,1.0,5,60000,10,100000,24.6,https://www.hyundaiusa.com/us/en/vehicles/tucson-hybrid/se,IIHS,,model-specific,
Hyundai,Tucson,SEL FWD,2026,no,SUV,4.0,5.0,FWD,Hybrid,32400.0,1600.0,34000.0,40.0,35.0,38.0,543.0,5.0,107.9,41.4,41.3,,40.1,39.5,,no,38.7,74.5,1650.0,,"4.0/5.0 (RepairPal, rank 5 of 26 compact SUVs)",231.0,271.0,,,1.0,5,60000,10,100000,25.3,https://www.hyundaiusa.com/us/en/vehicles/tucson-hybrid,IIHS,,model-specific,
Hyundai,Tucson,Blue SE,2026,no,SUV,4.0,5.0,AWD,Hybrid,32450.0,1600.0,34050.0,38.0,38.0,38.0,543.0,5.0,107.9,41.4,41.3,,40.1,39.5,,no,38.7,74.5,2000.0,,"4.0/5.0 (RepairPal, rank 5 of 26 compact SUVs)",231.0,271.0,6.9,,1.0,5,60000,10,100000,24.6,https://www.hyundaiusa.com/us/en/vehicles/tucson-hybrid/blue-se,NHTSA,,model-specific,
Hyundai,Tucson,SEL,2026,no,SUV,4.0,5.0,AWD,Hybrid,33900.0,1600.0,35500.0,36.0,37.0,36.0,515.0,5.0,107.9,41.4,41.3,,40.1,39.5,,no,38.7,74.5,2000.0,,"4.0/5.0 (RepairPal, rank 5 of 26 compact SUVs)",231.0,271.0,6.9,,1.0,5,60000,10,100000,25.3,https://www.hyundaiusa.com/us/en/vehicles/tucson-hybrid/sel,NHTSA,,model-specific,
Hyundai,Tucson,SEL Convenience,2026,no,SUV,4.0,5.0,AWD,Hybrid,34900.0,1600.0,36500.0,36.0,37.0,36.0,515.0,5.0,107.9,41.4,41.3,,40.1,39.5,,no,38.7,74.5,2000.0,,"4.0/5.0 (RepairPal, rank 5 of 26 compact SUVs)",231.0,271.0,6.9,,3.0,5,60000,10,100000,26.7,https://www.hyundaiusa.com/us/en/vehicles/tucson-hybrid/sel-convenience,NHTSA,,model-specific,
Hyundai,Tucson,Limited,2026,no,SUV,4.0,5.0,AWD,Hybrid,42075.0,1600.0,43675.0,36.0,37.0,36.0,515.0,5.0,107.9,41.4,41.3,,38.1,38.7,,no,38.7,74.5,2000.0,,"4.0/5.0 (RepairPal, rank 5 of 26 compact SUVs)",231.0,271.0,6.9,,5.0,5,60000,10,100000,24.7,https://www.hyundaiusa.com/us/en/vehicles/tucson-hybrid/limited,NHTSA,,model-specific,
Hyundai,Tucson,Night,2026,no,SUV,4.0,5.0,AWD,Hybrid,42575.0,1600.0,44175.0,36.0,37.0,36.0,515.0,5.0,107.9,41.4,41.3,,38.1,38.7,,no,38.7,74.5,2000.0,,"4.0/5.0 (RepairPal, rank 5 of 26 compact SUVs)",231.0,271.0,6.9,,5.0,5,60000,10,100000,25.3,https://www.hyundaiusa.com/us/en/vehicles/tucson-hybrid,NHTSA,,model-specific,
Hyundai,Tucson,SEL,2026,no,SUV,4.0,5.0,AWD,PHEV,40075.0,1600.0,41675.0,,,35.0,388.0,5.0,,41.4,39.5,,38.1,38.7,,no,31.9,71.8,2000.0,,"4.0/5.0 (RepairPal, rank 5 of 26 compact SUVs)",268.0,271.0,7.1,,1.0,5,60000,10,100000,22.3,https://www.hyundaiusa.com/us/en/vehicles/tucson-plug-in-hybrid/sel,IIHS,,model-specific,
Hyundai,Tucson,Limited,2026,no,SUV,4.0,5.0,AWD,PHEV,48300.0,1600.0,49900.0,,,35.0,388.0,5.0,,41.4,39.5,,38.1,38.7,,no,31.9,71.8,2000.0,,"4.0/5.0 (RepairPal, rank 5 of 26 compact SUVs)",268.0,271.0,7.1,,5.0,5,60000,10,100000,23.7,https://www.hyundaiusa.com/us/en/vehicles/tucson-plug-in-hybrid/limited,IIHS,,model-specific,
Ram,1500,Tradesman,2026,no,full-size truck,4.0,6.0,RWD,Gas,42025.0,2595.0,44620.0,20.0,25.0,22.0,572.0,5.0,,40.9,45.2,,40.9,39.8,,no,,53.9,8130.0,2360.0,3.5/5.0,305.0,269.0,,,1.0,3,36000,10,100000,29.8,https://www.ramtrucks.com/ram-1500/specs.tradesman.html,NHTSA,,model-specific,6.4
Ram,1500,Express,2026,no,full-size truck,4.0,6.0,RWD,Gas,44150.0,2595.0,46745.0,20.0,25.0,22.0,572.0,5.0,,40.9,45.2,,40.9,39.8,,no,,53.9,8130.0,2360.0,3.5/5.0,305.0,269.0,,,1.0,3,36000,10,100000,23.6,https://www.ramtrucks.com/ram-1500/specs.express.html,NHTSA,,model-specific,6.4
Ram,1500,Warlock,2026,no,full-size truck,4.0,6.0,4WD,Gas,52865.0,2595.0,55460.0,19.0,24.0,21.0,546.0,5.0,,40.9,45.2,,40.9,39.8,,no,,53.9,8130.0,,3.5/5.0,305.0,269.0,,,1.0,3,36000,10,100000,23.6,https://www.ramtrucks.com/ram-1500/specs.warlock.html,NHTSA,,model-specific,5.7
Ram,1500,Big Horn,2026,no,full-size truck,4.0,6.0,RWD,Gas,47280.0,2595.0,49875.0,20.0,25.0,22.0,572.0,5.0,,40.9,45.2,,40.9,39.8,,no,,53.9,8130.0,,3.5/5.0,305.0,269.0,,,1.0,3,36000,10,100000,18.1,https://www.ramtrucks.com/ram-1500/specs.bighorn.html,NHTSA,,model-specific,6.4
Ram,1500,Laramie,2026,no,full-size truck,4.0,5.0,RWD,Gas,61480.0,2595.0,64075.0,18.0,25.0,21.0,546.0,5.0,,40.9,45.2,,40.9,39.8,,no,,53.9,11610.0,,3.5/5.0,420.0,469.0,5.2,,3.0,3,36000,10,100000,22.0,https://www.ramtrucks.com/ram-1500/specs.laramie.html,NHTSA,,model-specific,5.7
Ram,1500,Rebel,2026,no,full-size truck,4.0,5.0,4WD,Gas,65445.0,2595.0,68040.0,18.0,24.0,20.0,520.0,5.0,,40.9,45.2,,40.9,39.8,,no,,53.9,11610.0,,3.5/5.0,420.0,469.0,5.2,,3.0,3,36000,10,100000,16.9,https://www.ramtrucks.com/ram-1500/specs.rebel.html,NHTSA,,model-specific,5.7
Ram,1500,RHO,2026,yes,full-size truck,4.0,5.0,4WD,Gas,73795.0,2595.0,76390.0,14.0,16.0,15.0,495.0,5.0,,40.9,45.2,,40.9,39.8,,no,,53.9,,1490.0,3.5/5.0,540.0,521.0,4.7,118.0,4.0,3,36000,10,100000,23.6,https://www.ramtrucks.com/ram-1500/specs.rho.html,NHTSA,,model-specific,5.7
Ram,1500,Limited,2026,no,full-size truck,4.0,5.0,4WD,Gas,76405.0,2595.0,79000.0,18.0,24.0,20.0,660.0,5.0,,40.9,45.2,,40.9,39.8,,no,,53.9,10000.0,,3.5/5.0,540.0,521.0,4.7,,4.0,3,36000,10,100000,28.1,https://www.ramtrucks.com/ram-1500/specs.limited.html,NHTSA,,model-specific,5.7
Ram,1500,Limited Longhorn,2026,no,full-size truck,4.0,5.0,4WD,Gas,76900.0,2595.0,79495.0,18.0,24.0,20.0,660.0,5.0,,40.9,45.2,,40.9,39.8,,no,,53.9,10000.0,,3.5/5.0,540.0,521.0,4.7,,4.0,3,36000,10,100000,23.2,https://www.ramtrucks.com/ram-1500/specs.longhorn.html,NHTSA,,model-specific,5.7
Ram,1500,Tungsten,2026,no,full-size truck,4.0,5.0,4WD,Gas,88800.0,2595.0,91395.0,18.0,24.0,20.0,660.0,5.0,,40.9,45.2,,40.9,39.8,,no,,53.9,10000.0,,3.5/5.0,540.0,521.0,4.7,,5.0,3,36000,10,100000,23.6,https://www.ramtrucks.com/ram-1500/specs.tungsten.html,NHTSA,,model-specific,5.7
Tesla,Model Y,Standard RWD,2026,no,mid-size SUV,4.0,5.0,RWD,EV,39990.0,1390.0,41380.0,148.0,129.0,138.0,321.0,5.0,,41.8,40.5,,41.0,39.4,,no,33.1,75.5,3500.0,,,,,6.8,,2.0,4,50000,8,100000,29.5,https://www.tesla.com/modely,NHTSA,,model-specific,
Tesla,Model Y,Standard AWD,2026,no,mid-size SUV,4.0,5.0,AWD,EV,41990.0,1390.0,43380.0,,,,294.0,5.0,,41.8,40.5,,41.0,39.4,,no,33.1,75.5,3500.0,,,,,4.6,,2.0,4,50000,8,100000,35.7,https://www.tesla.com/modely,NHTSA,,model-specific,
Tesla,Model Y,Premium RWD,2026,no,mid-size SUV,4.0,5.0,RWD,EV,45990.0,1390.0,47380.0,144.0,123.0,134.0,357.0,5.0,,41.8,40.5,,41.0,39.4,,no,33.1,75.5,3500.0,,,,,5.4,,3.0,4,50000,8,100000,35.7,https://www.tesla.com/modely,NHTSA,,model-specific,
Tesla,Model Y,Premium AWD,2026,no,mid-size SUV,4.0,5.0,AWD,EV,49990.0,1390.0,51380.0,130.0,115.0,123.0,327.0,5.0,,41.8,40.5,,41.0,39.4,,no,33.1,75.5,3500.0,,,460.0,,4.6,,3.0,4,50000,8,100000,37.5,https://www.tesla.com/modely,NHTSA,,model-specific,
Tesla,Model Y,Performance AWD,2026,yes,mid-size SUV,4.0,5.0,AWD,EV,57990.0,1390.0,59380.0,111.0,100.0,105.0,306.0,5.0,,41.8,40.5,,41.0,39.4,,no,33.1,75.5,3500.0,,,510.0,,3.3,,3.0,4,50000,8,120000,38.5,https://www.tesla.com/modely,NHTSA,,model-specific,
Tesla,Model Y,L Premium AWD,2026,no,"mid-size SUV (3-row, extended length)",4.0,6.0,AWD,EV,61990.0,1390.0,63380.0,,,,325.0,5.0,,41.8,40.5,33.2,41.0,39.4,,yes,,89.0,3500.0,,,,,4.4,,3.0,4,50000,8,100000,35.7,https://www.tesla.com/modely,NHTSA,,model-specific,
Toyota,Corolla,LE,2026,no,sedan,4.0,5.0,FWD,Gas,23125.0,1195.0,24320.0,32.0,41.0,35.0,462.0,5.0,89.0,42.0,35.0,,38.3,37.1,,no,13.1,13.1,,,"4.5/5.0 (RepairPal, rank 1 of 36 compact cars)",169.0,151.0,8.2,,2.0,3,36000,5,60000,9.6,https://www.toyota.com/corolla/,NHTSA,,model-specific,
Toyota,Corolla,SE,2026,no,sedan,4.0,5.0,FWD,Gas,25565.0,1195.0,26760.0,31.0,40.0,34.0,449.0,5.0,89.0,42.0,35.0,,38.3,37.1,,no,13.1,13.1,,,"4.5/5.0 (RepairPal, rank 1 of 36 compact cars)",169.0,151.0,8.2,,2.0,3,36000,5,60000,10.7,https://www.toyota.com/corolla/,NHTSA,,model-specific,
Toyota,Corolla,XSE,2026,no,sedan,4.0,5.0,FWD,Gas,28840.0,1195.0,30035.0,31.0,40.0,34.0,449.0,5.0,89.0,42.0,35.0,,38.3,37.1,,no,13.1,13.1,,,"4.5/5.0 (RepairPal, rank 1 of 36 compact cars)",169.0,151.0,8.2,,2.0,3,36000,5,60000,12.6,https://www.toyota.com/corolla/,NHTSA,,model-specific,
Toyota,Corolla,LE Hybrid,2026,no,sedan,4.0,5.0,FWD,Hybrid,23780.0,1195.0,24975.0,53.0,46.0,50.0,565.0,5.0,89.0,42.0,35.0,,38.3,37.1,,no,13.1,13.1,,,"4.5/5.0 (RepairPal, rank 1 of 36 compact cars)",138.0,105.0,,,2.0,3,36000,5,60000,9.8,https://www.toyota.com/corolla/,NHTSA,,model-specific,
Toyota,Corolla,SE Hybrid,2026,no,sedan,4.0,5.0,FWD,Hybrid,26220.0,1195.0,27415.0,50.0,43.0,47.0,531.0,5.0,89.0,42.0,35.0,,38.3,37.1,,no,13.1,13.1,,,"4.5/5.0 (RepairPal, rank 1 of 36 compact cars)",138.0,105.0,,,2.0,3,36000,5,60000,7.5,https://www.toyota.com/corolla/,NHTSA,,model-specific,
Toyota,Corolla,XLE Hybrid,2026,no,sedan,4.0,5.0,FWD,Hybrid,28145.0,1195.0,29340.0,53.0,46.0,50.0,565.0,5.0,89.0,42.0,35.0,,38.3,37.1,,no,13.1,13.1,,,"4.5/5.0 (RepairPal, rank 1 of 36 compact cars)",138.0,105.0,,,2.0,3,36000,5,60000,13.3,https://www.toyota.com/corolla/,NHTSA,,model-specific,
Toyota,Corolla,GR Corolla Base,2026,yes,hatchback,4.0,5.0,AWD,Gas,38725.0,1195.0,39920.0,21.0,28.0,24.0,317.0,,85.0,42.0,30.0,,38.4,37.6,,no,18.0,18.0,,,"4.5/5.0 (RepairPal, rank 1 of 36 compact cars)",300.0,295.0,4.2,,2.0,3,36000,5,60000,3.8,https://www.toyota.com/grcorolla/,,,model-specific,
Toyota,Corolla,GR Corolla Premium Plus,2026,yes,hatchback,4.0,5.0,AWD,Gas,44770.0,1195.0,45965.0,21.0,28.0,24.0,317.0,,85.0,42.0,30.0,,38.4,37.6,,no,18.0,18.0,,,"4.5/5.0 (RepairPal, rank 1 of 36 compact cars)",300.0,295.0,4.2,,4.0,3,36000,5,60000,3.8,https://www.toyota.com/grcorolla/,,,model-specific,
Toyota,Camry,LE,2026,no,sedan,4.0,5.0,FWD,Hybrid,29600.0,1295.0,30895.0,52.0,49.0,51.0,663.0,5.0,100.0,42.0,38.0,,38.3,37.6,,no,15.1,15.1,,,"4.0/5.0 (RepairPal, rank 3 of 24 midsize cars)",225.0,163.0,6.8,,3.0,3,36000,5,60000,14.7,https://www.toyota.com/camry/,NHTSA,,model-specific,
Toyota,Camry,SE,2026,no,sedan,4.0,5.0,FWD,Hybrid,32100.0,1295.0,33395.0,47.0,45.0,46.0,598.0,5.0,100.0,42.0,38.0,,38.3,37.6,,no,15.1,15.1,,,"4.0/5.0 (RepairPal, rank 3 of 24 midsize cars)",225.0,163.0,6.8,,3.0,3,36000,5,60000,14.0,https://www.toyota.com/camry/,NHTSA,,model-specific,
Toyota,Camry,Nightshade,2026,no,sedan,4.0,5.0,FWD,Hybrid,33100.0,1295.0,34395.0,48.0,47.0,47.0,611.0,5.0,100.0,42.0,38.0,,38.3,37.6,,no,15.1,15.1,,,"4.0/5.0 (RepairPal, rank 3 of 24 midsize cars)",225.0,163.0,6.8,,3.0,3,36000,5,60000,14.0,https://www.toyota.com/camry/,NHTSA,,model-specific,
Toyota,Camry,XLE,2026,no,sedan,4.0,5.0,FWD,Hybrid,34800.0,1295.0,36095.0,47.0,45.0,46.0,598.0,5.0,100.0,42.0,38.0,,38.3,37.6,,no,15.1,15.1,,,"4.0/5.0 (RepairPal, rank 3 of 24 midsize cars)",225.0,163.0,6.8,,3.0,3,36000,5,60000,12.7,https://www.toyota.com/camry/,NHTSA,,model-specific,
Toyota,Camry,XSE,2026,no,sedan,4.0,5.0,FWD,Hybrid,36000.0,1295.0,37295.0,47.0,45.0,46.0,598.0,5.0,100.0,42.0,38.0,,38.3,37.6,,no,15.1,15.1,,,"4.0/5.0 (RepairPal, rank 3 of 24 midsize cars)",225.0,163.0,6.8,,3.0,3,36000,5,60000,11.3,https://www.toyota.com/camry/,NHTSA,,model-specific,
Toyota,RAV4,LE,2026,no,SUV,4.0,5.0,FWD,Hybrid,31900.0,1450.0,33350.0,48.0,42.0,44.0,638.0,,,40.4,37.8,,37.9,39.5,,no,37.5,69.8,1750.0,,"4.0/5.0 (RepairPal, rank 3 of 26 compact SUVs)",226.0,163.0,,,2.0,3,36000,5,60000,6.6,https://www.toyota.com/rav4/,,,model-specific,
Toyota,RAV4,SE,2026,no,SUV,4.0,5.0,FWD,Hybrid,34700.0,1450.0,36150.0,48.0,42.0,44.0,638.0,,,40.4,37.8,,37.9,39.5,,no,37.5,69.8,1750.0,,"4.0/5.0 (RepairPal, rank 3 of 26 compact SUVs)",226.0,163.0,,,2.0,3,36000,5,60000,2.9,https://www.toyota.com/rav4/,,,model-specific,
Toyota,RAV4,XLE Premium,2026,no,SUV,4.0,5.0,FWD,Hybrid,36100.0,1450.0,37550.0,48.0,42.0,44.0,638.0,,,40.4,37.8,,37.9,39.5,,no,37.5,69.8,1750.0,,"4.0/5.0 (RepairPal, rank 3 of 26 compact SUVs)",226.0,163.0,,,3.0,3,36000,5,60000,0.4,https://www.toyota.com/rav4/,,,model-specific,
Toyota,RAV4,Woodland,2026,yes,SUV,4.0,5.0,AWD,Hybrid,39900.0,1450.0,41350.0,42.0,35.0,38.0,551.0,,,40.4,37.8,,37.9,39.5,,no,37.5,69.8,3500.0,,"4.0/5.0 (RepairPal, rank 3 of 26 compact SUVs)",236.0,163.0,7.1,,3.0,3,36000,5,60000,7.1,https://www.toyota.com/rav4/,,,model-specific,
Toyota,RAV4,XSE,2026,no,SUV,4.0,5.0,AWD,Hybrid,42750.0,1450.0,44200.0,44.0,38.0,41.0,594.0,,,40.4,37.8,,37.9,39.5,,no,37.5,69.8,3500.0,,"4.0/5.0 (RepairPal, rank 3 of 26 compact SUVs)",236.0,163.0,7.1,,4.0,3,36000,5,60000,-0.2,https://www.toyota.com/rav4/,,,model-specific,
Toyota,RAV4,Limited,2026,no,SUV,4.0,5.0,AWD,Hybrid,43300.0,1450.0,44750.0,44.0,38.0,41.0,594.0,,,40.4,37.8,,37.9,39.5,,no,37.5,69.8,3500.0,,"4.0/5.0 (RepairPal, rank 3 of 26 compact SUVs)",236.0,163.0,7.1,,4.0,3,36000,5,60000,4.4,https://www.toyota.com/rav4/,,,model-specific,
Toyota,RAV4,SE,2026,no,SUV,4.0,5.0,AWD,PHEV,41500.0,1450.0,42950.0,44.0,38.0,41.0,594.0,,,40.4,37.8,,37.9,39.5,,no,37.5,69.8,3500.0,,"4.0/5.0 (RepairPal, rank 3 of 26 compact SUVs)",324.0,172.0,5.6,,3.0,3,36000,5,60000,17.1,https://www.toyota.com/rav4/,,,model-specific,
Toyota,RAV4,Woodland,2026,yes,SUV,4.0,5.0,AWD,PHEV,45300.0,1450.0,46750.0,42.0,35.0,38.0,551.0,,,40.4,37.8,,37.9,39.5,,no,37.5,69.8,3500.0,,"4.0/5.0 (RepairPal, rank 3 of 26 compact SUVs)",324.0,172.0,5.6,,3.0,3,36000,5,60000,17.6,https://www.toyota.com/rav4/,,,model-specific,
Toyota,RAV4,XSE,2026,no,SUV,4.0,5.0,AWD,PHEV,47200.0,1450.0,48650.0,44.0,38.0,41.0,594.0,,,40.4,37.8,,37.9,39.5,,no,37.5,69.8,3500.0,,"4.0/5.0 (RepairPal, rank 3 of 26 compact SUVs)",324.0,172.0,5.6,,4.0,3,36000,5,60000,18.0,https://www.toyota.com/rav4/,,,model-specific,
Toyota,RAV4,GR SPORT,2026,yes,SUV,4.0,5.0,AWD,PHEV,48500.0,1450.0,49950.0,41.0,34.0,37.0,536.0,,,40.4,37.8,,37.9,39.5,,no,37.5,69.8,3500.0,,"4.0/5.0 (RepairPal, rank 3 of 26 compact SUVs)",324.0,172.0,5.6,,4.0,3,36000,5,60000,17.6,https://www.toyota.com/rav4/,,,model-specific,
Toyota,Highlander,XLE,2026,no,SUV,4.0,8.0,AWD,Gas,45870.0,1895.0,47765.0,21.0,28.0,24.0,430.0,5.0,140.0,42.0,39.0,28.0,39.6,39.4,36.0,yes,16.0,84.0,5000.0,,"4.0/5.0 (RepairPal, rank 7 of 26 midsize SUVs)",265.0,310.0,7.4,,2.0,3,36000,5,60000,14.7,https://www.toyota.com/highlander/,NHTSA,,model-specific,
Toyota,Highlander,XSE,2026,no,SUV,4.0,8.0,AWD,Gas,47940.0,1895.0,49835.0,22.0,29.0,25.0,448.0,5.0,140.0,42.0,39.0,28.0,39.6,39.4,36.0,yes,16.0,84.0,5000.0,,"4.0/5.0 (RepairPal, rank 7 of 26 midsize SUVs)",265.0,310.0,7.4,,3.0,3,36000,5,60000,8.8,https://www.toyota.com/highlander/,NHTSA,,model-specific,
Toyota,Highlander,Limited,2026,no,SUV,4.0,8.0,AWD,Gas,50325.0,1895.0,52220.0,21.0,28.0,24.0,430.0,5.0,140.0,42.0,39.0,28.0,39.6,39.4,36.0,yes,16.0,84.0,5000.0,,"4.0/5.0 (RepairPal, rank 7 of 26 midsize SUVs)",265.0,310.0,7.4,,3.0,3,36000,5,60000,15.4,https://www.toyota.com/highlander/,NHTSA,,model-specific,
Toyota,Highlander,Platinum,2026,no,SUV,4.0,8.0,AWD,Gas,53525.0,1895.0,55420.0,21.0,28.0,24.0,430.0,5.0,140.0,42.0,39.0,28.0,39.6,39.4,36.0,yes,16.0,84.0,5000.0,,"4.0/5.0 (RepairPal, rank 7 of 26 midsize SUVs)",265.0,310.0,7.4,,5.0,3,36000,5,60000,17.5,https://www.toyota.com/highlander/,NHTSA,,model-specific,
Toyota,Highlander,Hybrid XLE,2026,no,SUV,4.0,8.0,AWD,Hybrid,47620.0,1895.0,49515.0,35.0,35.0,35.0,615.0,5.0,140.0,42.0,39.0,28.0,39.6,39.4,36.0,yes,16.0,84.0,5000.0,,"4.0/5.0 (RepairPal, rank 7 of 26 midsize SUVs)",243.0,,7.3,,2.0,3,36000,5,60000,11.4,https://www.toyota.com/highlander/,NHTSA,,model-specific,
Toyota,Highlander,Hybrid Limited,2026,no,SUV,4.0,8.0,AWD,Hybrid,52075.0,1895.0,53970.0,35.0,34.0,34.0,597.0,5.0,140.0,42.0,39.0,28.0,39.6,39.4,36.0,yes,16.0,84.0,5000.0,,"4.0/5.0 (RepairPal, rank 7 of 26 midsize SUVs)",243.0,,7.3,,3.0,3,36000,5,60000,10.3,https://www.toyota.com/highlander/,NHTSA,,model-specific,
Toyota,Highlander,Hybrid Platinum,2026,no,SUV,4.0,8.0,AWD,Hybrid,55275.0,1895.0,57170.0,35.0,34.0,34.0,597.0,5.0,140.0,42.0,39.0,28.0,39.6,39.4,36.0,yes,16.0,84.0,5000.0,,"4.0/5.0 (RepairPal, rank 7 of 26 midsize SUVs)",243.0,,7.3,,5.0,3,36000,5,60000,9.4,https://www.toyota.com/highlander/,NHTSA,,model-specific,
Toyota,Sienna,LE,2026,no,minivan,4.0,8.0,FWD,Hybrid,41420.0,1495.0,42915.0,36.0,36.0,36.0,648.0,3.0,,40.3,39.9,38.7,40.1,39.3,37.0,yes,33.5,101.0,,,"3.5/5.0 (RepairPal, rank 6 of 8 minivans)",245.0,175.0,7.5,,1.0,3,36000,5,60000,-1.5,https://www.toyota.com/sienna/,IIHS,,model-specific,
Toyota,Sienna,XLE,2026,no,minivan,4.0,8.0,FWD,Hybrid,46120.0,1495.0,47615.0,36.0,36.0,36.0,648.0,3.0,,40.3,39.9,38.7,40.1,39.3,37.0,yes,33.5,101.0,,,"3.5/5.0 (RepairPal, rank 6 of 8 minivans)",245.0,175.0,7.5,,1.0,3,36000,5,60000,3.8,https://www.toyota.com/sienna/,IIHS,,model-specific,
Toyota,Sienna,XSE,2026,no,minivan,4.0,8.0,FWD,Hybrid,49345.0,1495.0,50840.0,36.0,36.0,36.0,648.0,3.0,,40.3,39.9,38.7,40.1,39.3,37.0,yes,33.5,101.0,,,"3.5/5.0 (RepairPal, rank 6 of 8 minivans)",245.0,175.0,7.5,,1.0,3,36000,5,60000,0.1,https://www.toyota.com/sienna/,IIHS,,model-specific,
Toyota,Sienna,Woodland Edition,2026,yes,minivan,4.0,8.0,AWD,Hybrid,52200.0,1495.0,53695.0,35.0,36.0,35.0,630.0,3.0,,40.3,39.9,38.7,40.1,39.3,37.0,yes,33.5,101.0,,,"3.5/5.0 (RepairPal, rank 6 of 8 minivans)",245.0,175.0,7.5,,1.0,3,36000,5,60000,2.2,https://www.toyota.com/sienna/,IIHS,,model-specific,
Toyota,Sienna,Limited,2026,no,minivan,4.0,8.0,FWD,Hybrid,52105.0,1495.0,53600.0,36.0,36.0,36.0,648.0,3.0,,40.3,39.9,38.7,40.1,39.3,37.0,yes,33.5,101.0,,,"3.5/5.0 (RepairPal, rank 6 of 8 minivans)",245.0,175.0,7.5,,2.0,3,36000,5,60000,4.3,https://www.toyota.com/sienna/,IIHS,,model-specific,
Toyota,Sienna,Platinum,2026,no,minivan,4.0,8.0,FWD,Hybrid,58810.0,1495.0,60305.0,36.0,36.0,36.0,648.0,3.0,,40.3,39.9,38.7,40.1,39.3,37.0,yes,33.5,101.0,,,"3.5/5.0 (RepairPal, rank 6 of 8 minivans)",245.0,175.0,7.5,,4.0,3,36000,5,60000,7.4,https://www.toyota.com/sienna/,IIHS,,model-specific,
Toyota,Tacoma,SR,2026,no,pickup truck,4.0,5.0,RWD,Gas,32445.0,1745.0,34190.0,20.0,26.0,23.0,419.0,4.0,,41.8,33.7,,39.7,38.4,,no,,,3500.0,,"3.5/5.0 (RepairPal, rank 7 of 7 midsize trucks)",270.0,310.0,,,2.0,3,36000,5,60000,-14.4,https://www.toyota.com/tacoma/,NHTSA,,model-specific,5.0
Toyota,Tacoma,SR5,2026,no,pickup truck,4.0,5.0,RWD,Gas,36535.0,1745.0,38280.0,21.0,26.0,23.0,419.0,4.0,,41.8,33.7,,39.7,38.4,,no,,,6500.0,,"3.5/5.0 (RepairPal, rank 7 of 7 midsize trucks)",278.0,317.0,7.6,,2.0,3,36000,5,60000,-15.0,https://www.toyota.com/tacoma/,NHTSA,,model-specific,5.0
Toyota,Tacoma,TRD PreRunner,2026,yes,pickup truck,2.0,2.0,RWD,Gas,39035.0,1745.0,40780.0,20.0,26.0,23.0,419.0,4.0,,41.8,33.7,,39.7,38.4,,no,,,6500.0,,"3.5/5.0 (RepairPal, rank 7 of 7 midsize trucks)",278.0,317.0,7.6,,2.0,3,36000,5,60000,-9.9,https://www.toyota.com/tacoma/,NHTSA,,model-specific,6.1
Toyota,Tacoma,TRD Sport,2026,yes,pickup truck,4.0,5.0,4WD,Gas,40315.0,1745.0,42060.0,18.0,23.0,20.0,364.0,4.0,,41.8,33.7,,39.7,38.4,,no,,,6500.0,,"3.5/5.0 (RepairPal, rank 7 of 7 midsize trucks)",278.0,317.0,7.6,,2.0,3,36000,5,60000,-8.4,https://www.toyota.com/tacoma/,NHTSA,,model-specific,5.0
Toyota,Tacoma,TRD Off-Road,2026,yes,pickup truck,4.0,5.0,4WD,Gas,42715.0,1745.0,44460.0,18.0,23.0,20.0,364.0,4.0,,41.8,33.7,,39.7,38.4,,no,,,6500.0,,"3.5/5.0 (RepairPal, rank 7 of 7 midsize trucks)",278.0,317.0,7.6,,2.0,3,36000,5,60000,-6.1,https://www.toyota.com/tacoma/,NHTSA,,model-specific,5.0
Toyota,Tacoma,Limited,2026,no,pickup truck,4.0,5.0,4WD,Gas,53470.0,1745.0,55215.0,19.0,24.0,21.0,382.0,4.0,,41.8,33.7,,39.7,38.4,,no,,,6500.0,,"3.5/5.0 (RepairPal, rank 7 of 7 midsize trucks)",278.0,317.0,7.6,,3.0,3,36000,5,60000,0.4,https://www.toyota.com/tacoma/,NHTSA,,model-specific,5.0
Toyota,Tacoma,TRD Sport Hybrid,2026,yes,pickup truck,4.0,5.0,4WD,Hybrid,46935.0,1745.0,48680.0,22.0,24.0,23.0,419.0,4.0,,41.8,33.7,,39.7,38.4,,no,,,6000.0,,"3.5/5.0 (RepairPal, rank 7 of 7 midsize trucks)",326.0,465.0,7.4,,2.0,3,36000,5,60000,-9.9,https://www.toyota.com/tacoma/,NHTSA,,model-specific,5.0
Toyota,Tacoma,TRD Off-Road Hybrid,2026,yes,pickup truck,4.0,5.0,4WD,Hybrid,47235.0,1745.0,48980.0,22.0,24.0,23.0,419.0,4.0,,41.8,33.7,,39.7,38.4,,no,,,6000.0,1705.0,"3.5/5.0 (RepairPal, rank 7 of 7 midsize trucks)",326.0,465.0,7.4,,2.0,3,36000,5,60000,-9.9,https://www.toyota.com/tacoma/,NHTSA,,model-specific,5.0
Toyota,Tacoma,Limited Hybrid,2026,no,pickup truck,4.0,5.0,4WD,Hybrid,56495.0,1745.0,58240.0,23.0,24.0,23.0,419.0,4.0,,41.8,33.7,,39.7,38.4,,no,,,6000.0,,"3.5/5.0 (RepairPal, rank 7 of 7 midsize trucks)",326.0,465.0,7.4,,3.0,3,36000,5,60000,-9.9,https://www.toyota.com/tacoma/,NHTSA,,model-specific,5.0
Toyota,Tacoma,Trailhunter,2026,yes,pickup truck,4.0,5.0,4WD,Hybrid,63650.0,1745.0,65395.0,22.0,24.0,23.0,419.0,4.0,,41.8,33.7,,39.7,38.4,,no,,,6000.0,,"3.5/5.0 (RepairPal, rank 7 of 7 midsize trucks)",326.0,465.0,7.4,,2.0,3,36000,5,60000,-9.9,https://www.toyota.com/tacoma/,NHTSA,,model-specific,5.0
Toyota,Tacoma,TRD Pro,2026,yes,pickup truck,4.0,5.0,4WD,Hybrid,64650.0,1745.0,66395.0,22.0,24.0,23.0,419.0,4.0,,41.8,33.7,,39.7,38.4,,no,,,6000.0,,"3.5/5.0 (RepairPal, rank 7 of 7 midsize trucks)",326.0,465.0,7.4,,2.0,3,36000,5,60000,-9.9,https://www.toyota.com/tacoma/,NHTSA,,model-specific,5.0
Toyota,Corolla Cross,L,2026,no,SUV,4.0,5.0,FWD,Gas,24635.0,1450.0,26085.0,31.0,33.0,32.0,396.0,5.0,94.9,42.9,32.0,,38.6,39.0,,no,24.0,47.0,,,,169.0,151.0,8.9,,2.0,3,36000,5,60000,-0.8,https://www.toyota.com/corollacross/,NHTSA,,model-specific,
Toyota,Corolla Cross,L,2026,no,SUV,4.0,5.0,AWD,Gas,26085.0,1450.0,27535.0,29.0,31.0,30.0,396.0,5.0,94.9,42.9,32.0,,38.6,39.0,,no,21.5,44.0,,,,169.0,151.0,9.6,,2.0,3,36000,5,60000,4.4,https://www.toyota.com/corollacross/,NHTSA,,model-specific,
Toyota,Corolla Cross,LE,2026,no,SUV,4.0,5.0,FWD,Gas,26965.0,1450.0,28415.0,31.0,33.0,32.0,396.0,5.0,94.9,42.9,32.0,,38.6,39.0,,no,24.0,47.0,,,,169.0,151.0,8.9,,3.0,3,36000,5,60000,-0.1,https://www.toyota.com/corollacross/,NHTSA,,model-specific,
Toyota,Corolla Cross,LE,2026,no,SUV,4.0,5.0,AWD,Gas,28415.0,1450.0,29865.0,29.0,31.0,30.0,396.0,5.0,94.9,42.9,32.0,,38.6,39.0,,no,21.5,44.0,,,,169.0,151.0,9.6,,3.0,3,36000,5,60000,4.6,https://www.toyota.com/corollacross/,NHTSA,,model-specific,
Toyota,Corolla Cross,XLE,2026,no,SUV,4.0,5.0,FWD,Gas,29560.0,1450.0,31010.0,31.0,33.0,32.0,396.0,5.0,94.9,42.9,32.0,,38.6,39.0,,no,24.0,47.0,,,,169.0,151.0,8.9,,3.0,3,36000,5,60000,-0.9,https://www.toyota.com/corollacross/,NHTSA,,model-specific,
Toyota,Corolla Cross,XLE,2026,no,SUV,4.0,5.0,AWD,Gas,31010.0,1450.0,32460.0,29.0,31.0,30.0,396.0,5.0,94.9,42.9,32.0,,38.6,39.0,,no,21.5,44.0,,,,169.0,151.0,9.6,,3.0,3,36000,5,60000,3.6,https://www.toyota.com/corollacross/,NHTSA,,model-specific,
Toyota,Corolla Cross,Hybrid S,2026,no,SUV,4.0,5.0,AWD,Hybrid,28995.0,1450.0,30445.0,45.0,38.0,42.0,445.0,5.0,94.9,42.9,32.0,,38.6,39.0,,no,21.5,44.0,,,,196.0,,8.0,,2.0,3,36000,5,60000,-1.5,https://www.toyota.com/corollacross/,NHTSA,,model-specific,
Toyota,Corolla Cross,Hybrid SE,2026,no,SUV,4.0,5.0,AWD,Hybrid,30315.0,1450.0,31765.0,45.0,38.0,42.0,445.0,5.0,94.9,42.9,32.0,,38.6,39.0,,no,21.5,44.0,,,,196.0,,8.0,,3.0,3,36000,5,60000,5.3,https://www.toyota.com/corollacross/,NHTSA,,model-specific,
Toyota,Corolla Cross,Hybrid XSE,2026,no,SUV,4.0,5.0,AWD,Hybrid,33030.0,1450.0,34480.0,45.0,38.0,42.0,445.0,5.0,94.9,42.9,32.0,,38.6,39.0,,no,21.5,44.0,,,,196.0,,8.0,,3.0,3,36000,5,60000,3.5,https://www.toyota.com/corollacross/,NHTSA,,model-specific,
Toyota,C-HR,SE,2026,no,SUV,4.0,5.0,AWD,EV,37000.0,1450.0,38450.0,127.0,107.0,117.0,287.0,,94.0,42.1,32.2,,39.1,37.5,,no,25.3,59.5,,,,338.0,323.0,4.9,,3.0,3,36000,5,60000,,https://www.toyota.com/chr/,,,,
Toyota,C-HR,XSE,2026,no,SUV,4.0,5.0,AWD,EV,39000.0,1450.0,40450.0,122.0,102.0,112.0,273.0,,94.0,42.1,32.2,,39.1,37.5,,no,25.3,59.5,,,,338.0,323.0,4.9,,5.0,3,36000,5,60000,,https://www.toyota.com/chr/,,,,
Toyota,Prius,LE,2026,no,hatchback,4.0,5.0,FWD,Hybrid,28550.0,1195.0,29745.0,57.0,56.0,56.0,,5.0,91.0,43.0,35.0,,38.0,36.4,,no,24.0,,,,4.0,194.0,139.0,7.1,,2.0,3,36000,5,60000,2.5,https://www.toyota.com/prius/,NHTSA,,model-specific,
Toyota,Prius,LE,2026,no,hatchback,4.0,5.0,AWD,Hybrid,29950.0,1195.0,31145.0,53.0,54.0,53.0,,5.0,91.0,43.0,35.0,,38.0,36.4,,no,24.0,,,,4.0,196.0,139.0,7.1,,2.0,3,36000,5,60000,7.2,https://www.toyota.com/prius/,NHTSA,,model-specific,
Toyota,Prius,XLE,2026,no,hatchback,4.0,5.0,FWD,Hybrid,31995.0,1195.0,33190.0,52.0,52.0,52.0,,5.0,91.0,43.0,35.0,,38.0,36.4,,no,24.0,,,,4.0,194.0,139.0,7.1,,3.0,3,36000,5,60000,4.9,https://www.toyota.com/prius/,NHTSA,,model-specific,
Toyota,Prius,XLE,2026,no,hatchback,4.0,5.0,AWD,Hybrid,33395.0,1195.0,34590.0,49.0,50.0,49.0,,5.0,91.0,43.0,35.0,,38.0,36.4,,no,24.0,,,,4.0,196.0,139.0,7.1,,3.0,3,36000,5,60000,9.0,https://www.toyota.com/prius/,NHTSA,,model-specific,
Toyota,Prius,Nightshade Edition,2026,no,hatchback,4.0,5.0,FWD,Hybrid,32800.0,1195.0,33995.0,52.0,52.0,52.0,,5.0,91.0,43.0,35.0,,38.0,36.4,,no,24.0,,,,4.0,194.0,139.0,7.1,,3.0,3,36000,5,60000,7.4,https://www.toyota.com/prius/,NHTSA,,model-specific,
Toyota,Prius,Nightshade Edition,2026,no,hatchback,4.0,5.0,AWD,Hybrid,34200.0,1195.0,35395.0,49.0,50.0,49.0,,5.0,91.0,43.0,35.0,,38.0,36.4,,no,24.0,,,,4.0,196.0,139.0,7.1,,3.0,3,36000,5,60000,7.4,https://www.toyota.com/prius/,NHTSA,,model-specific,
Toyota,Prius,Limited,2026,no,hatchback,4.0,5.0,FWD,Hybrid,35565.0,1195.0,36760.0,52.0,52.0,52.0,,5.0,91.0,43.0,35.0,,38.0,36.4,,no,24.0,,,,4.0,194.0,139.0,7.1,,3.0,3,36000,5,60000,8.5,https://www.toyota.com/prius/,NHTSA,,model-specific,
Toyota,Prius,Limited,2026,no,hatchback,4.0,5.0,AWD,Hybrid,36965.0,1195.0,38160.0,49.0,50.0,49.0,,5.0,91.0,43.0,35.0,,38.0,36.4,,no,24.0,,,,4.0,196.0,139.0,7.1,,3.0,3,36000,5,60000,12.1,https://www.toyota.com/prius/,NHTSA,,model-specific,
Toyota,Prius Prime,SE,2026,no,hatchback,4.0,5.0,FWD,PHEV,33775.0,1195.0,34970.0,,,52.0,600.0,5.0,91.0,42.4,35.9,,38.0,36.4,,no,20.3,26.7,,,4.5,220.0,139.0,6.6,130.0,2.0,3,36000,5,60000,10.7,https://www.toyota.com/priusprime/,NHTSA,,model-specific,
Toyota,Prius Prime,XSE,2026,no,hatchback,4.0,5.0,FWD,PHEV,37025.0,1195.0,38220.0,,,52.0,600.0,5.0,91.0,42.4,35.9,,38.0,36.4,,no,20.3,26.7,,,4.5,220.0,139.0,6.6,130.0,3.0,3,36000,5,60000,13.9,https://www.toyota.com/priusprime/,NHTSA,,model-specific,
Toyota,Prius Prime,Nightshade Edition,2026,no,hatchback,4.0,5.0,FWD,PHEV,37795.0,1195.0,38990.0,,,52.0,600.0,5.0,91.0,42.4,35.9,,38.0,36.4,,no,20.3,26.7,,,4.5,220.0,139.0,6.6,130.0,2.0,3,36000,5,60000,14.1,https://www.toyota.com/priusprime/,NHTSA,,model-specific,
Toyota,Prius Prime,XSE Premium,2026,no,hatchback,4.0,5.0,FWD,PHEV,40470.0,1195.0,41665.0,,,52.0,600.0,5.0,91.0,42.4,35.9,,38.0,36.4,,no,20.3,26.7,,,4.5,220.0,139.0,6.6,130.0,3.0,3,36000,5,60000,17.7,https://www.toyota.com/priusprime/,NHTSA,,model-specific,
Toyota,4Runner,SR5,2026,no,SUV,4.0,5.0,RWD,Gas,41570.0,1450.0,43020.0,20.0,26.0,22.0,418.0,4.0,,41.8,34.8,,39.7,37.8,,no,48.4,90.2,6000.0,,"4.0/5.0 (RepairPal, rank 9 of 26 midsize SUVs)",278.0,317.0,8.2,,1.0,3,36000,5,60000,7.2,https://www.toyota.com/4runner/,NHTSA,19.0,model-specific,
Toyota,4Runner,TRD Sport,2026,yes,SUV,4.0,5.0,RWD,Gas,48050.0,1450.0,49500.0,20.0,26.0,22.0,418.0,4.0,,41.8,34.8,,39.7,37.8,,no,48.4,90.2,6000.0,,"4.0/5.0 (RepairPal, rank 9 of 26 midsize SUVs)",278.0,317.0,8.2,,3.0,3,36000,5,60000,8.8,https://www.toyota.com/4runner/,NHTSA,19.0,model-specific,
Toyota,4Runner,TRD Sport Premium,2026,yes,SUV,4.0,5.0,RWD,Gas,53410.0,1450.0,54860.0,20.0,26.0,22.0,418.0,4.0,,41.8,34.8,,39.7,37.8,,no,48.4,90.2,6000.0,,"4.0/5.0 (RepairPal, rank 9 of 26 midsize SUVs)",278.0,317.0,8.2,,4.0,3,36000,5,60000,1.8,https://www.toyota.com/4runner/,NHTSA,19.0,model-specific,
Toyota,4Runner,TRD Off-Road,2026,yes,SUV,4.0,5.0,4WD,Gas,49990.0,1450.0,51440.0,19.0,25.0,21.0,399.0,4.0,,41.8,34.8,,39.7,37.8,,no,48.4,90.2,6000.0,,"4.0/5.0 (RepairPal, rank 9 of 26 midsize SUVs)",278.0,317.0,8.2,,3.0,3,36000,5,60000,3.1,https://www.toyota.com/4runner/,NHTSA,19.0,model-specific,
Toyota,4Runner,TRD Off-Road Premium,2026,yes,SUV,4.0,5.0,4WD,Gas,55770.0,1450.0,57220.0,19.0,25.0,21.0,399.0,4.0,,41.8,34.8,,39.7,37.8,,no,48.4,90.2,6000.0,,"4.0/5.0 (RepairPal, rank 9 of 26 midsize SUVs)",278.0,317.0,8.2,,4.0,3,36000,5,60000,-2.8,https://www.toyota.com/4runner/,NHTSA,19.0,model-specific,
Toyota,4Runner,Limited,2026,no,SUV,4.0,5.0,RWD,Gas,56200.0,1450.0,57650.0,20.0,24.0,21.0,399.0,4.0,,41.8,34.8,,39.7,37.8,,no,48.4,90.2,6000.0,,"4.0/5.0 (RepairPal, rank 9 of 26 midsize SUVs)",278.0,317.0,8.2,,4.0,3,36000,5,60000,4.5,https://www.toyota.com/4runner/,NHTSA,19.0,model-specific,
Toyota,4Runner,TRD Off-Road i-FORCE MAX,2026,yes,SUV,4.0,5.0,4WD,Hybrid,52790.0,1450.0,54240.0,23.0,24.0,23.0,,4.0,,41.8,34.8,,39.7,37.8,,no,42.6,82.6,6000.0,,"4.0/5.0 (RepairPal, rank 9 of 26 midsize SUVs)",326.0,465.0,7.7,,3.0,3,36000,5,60000,1.8,https://www.toyota.com/4runner/,NHTSA,,model-specific,
Toyota,4Runner,TRD Off-Road Premium i-FORCE MAX,2026,yes,SUV,4.0,5.0,4WD,Hybrid,58570.0,1450.0,60020.0,23.0,24.0,23.0,,4.0,,41.8,34.8,,39.7,37.8,,no,42.6,82.6,6000.0,,"4.0/5.0 (RepairPal, rank 9 of 26 midsize SUVs)",326.0,465.0,7.7,,4.0,3,36000,5,60000,1.8,https://www.toyota.com/4runner/,NHTSA,,model-specific,
Toyota,4Runner,Limited i-FORCE MAX,2026,no,SUV,4.0,5.0,4WD,Hybrid,61000.0,1450.0,62450.0,23.0,24.0,23.0,,4.0,,41.8,34.8,,39.7,37.8,,no,42.6,82.6,6000.0,,"4.0/5.0 (RepairPal, rank 9 of 26 midsize SUVs)",326.0,465.0,7.7,,4.0,3,36000,5,60000,1.8,https://www.toyota.com/4runner/,NHTSA,,model-specific,
Toyota,4Runner,Platinum,2026,no,SUV,4.0,5.0,4WD,Hybrid,63660.0,1450.0,65110.0,23.0,24.0,23.0,,4.0,,41.8,34.8,,39.7,37.8,,no,42.6,82.6,5800.0,,"4.0/5.0 (RepairPal, rank 9 of 26 midsize SUVs)",326.0,465.0,7.7,,5.0,3,36000,5,60000,1.8,https://www.toyota.com/4runner/,NHTSA,,model-specific,
Toyota,4Runner,TRD Pro,2026,yes,SUV,4.0,5.0,4WD,Hybrid,67900.0,1450.0,69350.0,23.0,24.0,23.0,,4.0,,41.8,34.8,,39.7,37.8,,no,42.6,82.6,5800.0,,"4.0/5.0 (RepairPal, rank 9 of 26 midsize SUVs)",326.0,465.0,7.7,,4.0,3,36000,5,60000,1.2,https://www.toyota.com/4runner/,NHTSA,,model-specific,
Toyota,4Runner,Trailhunter,2026,yes,SUV,4.0,5.0,4WD,Hybrid,67700.0,1450.0,69150.0,23.0,24.0,23.0,,4.0,,41.8,34.8,,39.7,37.8,,no,42.6,82.6,5800.0,,"4.0/5.0 (RepairPal, rank 9 of 26 midsize SUVs)",323.0,465.0,7.7,,4.0,3,36000,5,60000,1.8,https://www.toyota.com/4runner/,NHTSA,,model-specific,
Toyota,Grand Highlander,LE,2026,no,SUV,4.0,8.0,FWD,Gas,41360.0,1450.0,42810.0,21.0,28.0,24.0,427.0,3.5,,41.7,39.5,33.5,41.5,40.2,37.0,yes,20.6,57.9,5000.0,,,265.0,310.0,8.0,,1.0,3,36000,5,60000,,https://www.toyota.com/grandhighlander/,IIHS,17.8,,
Toyota,Grand Highlander,XLE,2026,no,SUV,4.0,7.0,FWD,Gas,44130.0,1450.0,45580.0,21.0,28.0,24.0,427.0,3.5,,41.7,39.5,33.5,41.5,40.2,37.0,yes,20.6,57.9,5000.0,,,265.0,310.0,8.0,,1.0,3,36000,5,60000,,https://www.toyota.com/grandhighlander/,IIHS,17.8,,
Toyota,Grand Highlander,Limited,2026,no,SUV,4.0,7.0,FWD,Gas,48860.0,1450.0,50310.0,21.0,28.0,24.0,427.0,3.5,,41.7,39.5,33.5,41.5,40.2,37.0,yes,20.6,57.9,5000.0,,,265.0,310.0,8.0,,2.0,3,36000,5,60000,,https://www.toyota.com/grandhighlander/,IIHS,17.8,,
Toyota,Grand Highlander,Platinum,2026,no,SUV,4.0,7.0,AWD,Gas,54545.0,1450.0,55995.0,20.0,26.0,22.0,392.0,5.0,,41.7,39.5,33.5,41.5,40.2,37.0,yes,20.6,57.9,5000.0,,,265.0,310.0,8.0,,5.0,3,36000,5,60000,,https://www.toyota.com/grandhighlander/,NHTSA,17.8,,
Toyota,Grand Highlander,Hybrid LE,2026,no,SUV,4.0,8.0,FWD,Hybrid,44710.0,1450.0,46160.0,36.0,32.0,34.0,,3.5,,41.7,39.5,33.5,41.5,40.2,37.0,yes,20.6,57.9,3500.0,,,245.0,,,,1.0,3,36000,5,60000,,https://www.toyota.com/grandhighlander/,IIHS,,,
Toyota,Grand Highlander,Hybrid XLE,2026,no,SUV,4.0,7.0,FWD,Hybrid,45880.0,1450.0,47330.0,36.0,32.0,34.0,,3.5,,41.7,39.5,33.5,41.5,40.2,37.0,yes,20.6,57.9,3500.0,,,245.0,,,,1.0,3,36000,5,60000,,https://www.toyota.com/grandhighlander/,IIHS,,,
Toyota,Grand Highlander,Hybrid Limited,2026,no,SUV,4.0,7.0,FWD,Hybrid,52210.0,1450.0,53660.0,36.0,32.0,34.0,,3.5,,41.7,39.5,33.5,41.5,40.2,37.0,yes,20.6,57.9,3500.0,,,245.0,,,,2.0,3,36000,5,60000,,https://www.toyota.com/grandhighlander/,IIHS,,,
Toyota,Grand Highlander,Hybrid Nightshade,2026,no,SUV,4.0,7.0,FWD,Hybrid,53190.0,1450.0,54640.0,36.0,32.0,34.0,,3.5,,41.7,39.5,33.5,41.5,40.2,37.0,yes,20.6,57.9,3500.0,,,245.0,,,,2.0,3,36000,5,60000,,https://www.toyota.com/grandhighlander/,IIHS,,,
Toyota,Grand Highlander,Hybrid MAX Limited,2026,no,SUV,4.0,7.0,AWD,Hybrid,55190.0,1450.0,56640.0,26.0,27.0,27.0,,5.0,,41.7,39.5,33.5,41.5,40.2,37.0,yes,20.6,57.9,5000.0,,,362.0,400.0,5.6,,2.0,3,36000,5,60000,,https://www.toyota.com/grandhighlander/,NHTSA,,,
Toyota,Grand Highlander,Hybrid MAX Platinum,2026,no,SUV,4.0,7.0,AWD,Hybrid,59275.0,1450.0,60725.0,26.0,27.0,27.0,,5.0,,41.7,39.5,33.5,41.5,40.2,37.0,yes,20.6,57.9,5000.0,,,362.0,400.0,5.6,,5.0,3,36000,5,60000,,https://www.toyota.com/grandhighlander/,NHTSA,,,
Toyota,Sequoia,SR5,2026,no,SUV,4.0,8.0,RWD,Hybrid,64825.0,2095.0,66920.0,21.0,24.0,22.0,,3.0,,41.2,39.2,28.1,39.3,37.5,36.0,yes,22.3,86.9,9520.0,,"3.5/5.0 (RepairPal, rank 5 of 14 full-size SUVs)",437.0,583.0,6.0,,2.0,3,36000,5,60000,2.1,https://www.toyota.com/sequoia/,IIHS,,model-specific,
Toyota,Sequoia,Limited,2026,no,SUV,4.0,8.0,RWD,Hybrid,70595.0,2095.0,72690.0,21.0,24.0,22.0,,3.0,,41.2,39.2,28.1,39.3,37.5,36.0,yes,22.3,86.9,9520.0,,"3.5/5.0 (RepairPal, rank 5 of 14 full-size SUVs)",437.0,583.0,6.0,,3.0,3,36000,5,60000,11.3,https://www.toyota.com/sequoia/,IIHS,,model-specific,
Toyota,Sequoia,Platinum,2026,no,SUV,4.0,7.0,4WD,Hybrid,80835.0,2095.0,82930.0,19.0,22.0,20.0,,3.0,,41.2,39.2,28.1,39.3,37.5,36.0,yes,22.3,86.9,9520.0,,"3.5/5.0 (RepairPal, rank 5 of 14 full-size SUVs)",437.0,583.0,6.0,,4.0,3,36000,5,60000,19.0,https://www.toyota.com/sequoia/,IIHS,,model-specific,
Toyota,Sequoia,TRD Pro,2026,yes,SUV,4.0,7.0,4WD,Hybrid,81565.0,2095.0,83660.0,19.0,22.0,20.0,,3.0,,41.2,39.2,28.1,39.3,37.5,36.0,yes,22.3,86.9,9520.0,,"3.5/5.0 (RepairPal, rank 5 of 14 full-size SUVs)",437.0,583.0,6.0,,3.0,3,36000,5,60000,12.5,https://www.toyota.com/sequoia/,IIHS,,model-specific,
Toyota,Sequoia,1794 Edition,2026,no,SUV,4.0,7.0,4WD,Hybrid,81650.0,2095.0,83745.0,19.0,22.0,20.0,,3.0,,41.2,39.2,28.1,39.3,37.5,36.0,yes,22.3,86.9,9520.0,,"3.5/5.0 (RepairPal, rank 5 of 14 full-size SUVs)",437.0,583.0,6.0,,4.0,3,36000,5,60000,13.4,https://www.toyota.com/sequoia/,IIHS,,model-specific,
Toyota,Sequoia,Capstone,2026,no,SUV,4.0,7.0,4WD,Hybrid,85235.0,2095.0,87330.0,19.0,22.0,20.0,,3.0,,41.2,39.2,28.1,39.3,37.5,36.0,yes,22.3,86.9,9520.0,,"3.5/5.0 (RepairPal, rank 5 of 14 full-size SUVs)",437.0,583.0,6.0,,5.0,3,36000,5,60000,21.5,https://www.toyota.com/sequoia/,IIHS,,model-specific,
Toyota,Land Cruiser,1958,2026,no,SUV,4.0,5.0,4WD,Hybrid,59095.0,1495.0,60590.0,22.0,25.0,23.0,,4.0,,42.0,36.0,,40.1,39.3,,no,37.5,82.8,6000.0,,"2.5/5.0 (RepairPal, rank 14 of 14 full-size SUVs)",326.0,465.0,8.2,,2.0,3,36000,5,60000,,https://www.toyota.com/landcruiser/,NHTSA,,,
Toyota,Land Cruiser,Land Cruiser,2026,no,SUV,4.0,5.0,4WD,Hybrid,63940.0,1495.0,65435.0,22.0,25.0,23.0,,4.0,,42.0,36.0,,40.1,39.3,,no,37.5,82.8,6000.0,,"2.5/5.0 (RepairPal, rank 14 of 14 full-size SUVs)",326.0,465.0,8.2,,2.0,3,36000,5,60000,,https://www.toyota.com/landcruiser/,NHTSA,,,
Toyota,Tundra,SR,2026,no,pickup truck,4.0,5.0,RWD,Gas,41260.0,2095.0,43355.0,18.0,23.0,20.0,644.0,5.0,,41.2,41.6,,41.0,38.5,,no,,,8300.0,1830.0,"3.5/5.0 (RepairPal, rank 6 of 17 full-size trucks)",348.0,405.0,,,1.0,3,36000,5,60000,12.7,https://www.toyota.com/tundra/,NHTSA,,model-specific,6.5
Toyota,Tundra,SR5,2026,no,pickup truck,4.0,5.0,RWD,Gas,46510.0,2095.0,48605.0,18.0,23.0,20.0,644.0,5.0,,41.2,41.6,,41.0,38.5,,no,,,11400.0,1830.0,"3.5/5.0 (RepairPal, rank 6 of 17 full-size trucks)",389.0,479.0,6.6,,1.0,3,36000,5,60000,11.2,https://www.toyota.com/tundra/,NHTSA,,model-specific,6.5
Toyota,Tundra,Limited,2026,no,pickup truck,4.0,5.0,RWD,Gas,54860.0,2095.0,56955.0,18.0,23.0,20.0,644.0,5.0,,41.2,41.6,,41.0,38.5,,no,,,11350.0,1755.0,"3.5/5.0 (RepairPal, rank 6 of 17 full-size trucks)",389.0,479.0,6.6,,2.0,3,36000,5,60000,16.1,https://www.toyota.com/tundra/,NHTSA,,model-specific,5.5
Toyota,Tundra,Limited Hybrid,2026,no,pickup truck,4.0,5.0,4WD,Hybrid,58560.0,2095.0,60655.0,20.0,24.0,22.0,708.0,5.0,,41.2,41.6,,41.0,38.5,,no,,,11450.0,1665.0,"3.5/5.0 (RepairPal, rank 6 of 17 full-size trucks)",437.0,583.0,5.6,,2.0,3,36000,5,60000,16.1,https://www.toyota.com/tundra/,NHTSA,,model-specific,5.5
Toyota,Tundra,Platinum,2026,no,pickup truck,4.0,5.0,RWD,Gas,63695.0,2095.0,65790.0,18.0,23.0,20.0,644.0,5.0,,41.2,41.6,,41.0,38.5,,no,,,,,"3.5/5.0 (RepairPal, rank 6 of 17 full-size trucks)",389.0,479.0,6.6,,4.0,3,36000,5,60000,22.7,https://www.toyota.com/tundra/,NHTSA,,model-specific,5.5
Toyota,Tundra,Platinum Hybrid,2026,no,pickup truck,4.0,5.0,4WD,Hybrid,70605.0,2095.0,72700.0,19.0,22.0,20.0,644.0,5.0,,41.2,41.6,,41.0,38.5,,no,,,11020.0,1565.0,"3.5/5.0 (RepairPal, rank 6 of 17 full-size trucks)",437.0,583.0,5.6,,4.0,3,36000,5,60000,22.7,https://www.toyota.com/tundra/,NHTSA,,model-specific,5.5
Toyota,Tundra,1794 Edition,2026,no,pickup truck,4.0,5.0,RWD,Gas,64380.0,2095.0,66475.0,18.0,23.0,20.0,644.0,5.0,,41.2,41.6,,41.0,38.5,,no,,,,,"3.5/5.0 (RepairPal, rank 6 of 17 full-size trucks)",389.0,479.0,6.6,,4.0,3,36000,5,60000,21.5,https://www.toyota.com/tundra/,NHTSA,,model-specific,5.5
Toyota,Tundra,1794 Edition Hybrid,2026,no,pickup truck,4.0,5.0,4WD,Hybrid,71305.0,2095.0,73400.0,19.0,22.0,20.0,644.0,5.0,,41.2,41.6,,41.0,38.5,,no,,,11020.0,1565.0,"3.5/5.0 (RepairPal, rank 6 of 17 full-size trucks)",437.0,583.0,5.6,,4.0,3,36000,5,60000,21.5,https://www.toyota.com/tundra/,NHTSA,,model-specific,5.5
Toyota,Tundra,TRD Pro,2026,yes,pickup truck,4.0,5.0,4WD,Hybrid,72565.0,2095.0,74660.0,18.0,20.0,19.0,612.0,5.0,,41.2,41.6,,41.0,38.5,,no,,,11175.0,1600.0,"3.5/5.0 (RepairPal, rank 6 of 17 full-size trucks)",437.0,583.0,5.6,,4.0,3,36000,5,60000,22.9,https://www.toyota.com/tundra/,NHTSA,,model-specific,5.5
Toyota,Tundra,Capstone,2026,no,pickup truck,4.0,5.0,4WD,Hybrid,80800.0,2095.0,82895.0,19.0,22.0,20.0,644.0,5.0,,41.2,41.6,,41.0,38.5,,no,,,10340.0,1485.0,"3.5/5.0 (RepairPal, rank 6 of 17 full-size trucks)",437.0,583.0,5.6,,5.0,3,36000,5,60000,33.2,https://www.toyota.com/tundra/,NHTSA,,model-specific,5.5
Toyota,Crown,XLE,2026,no,sedan,4.0,5.0,AWD,Hybrid,41440.0,1135.0,42575.0,42.0,41.0,41.0,595.0,,,42.1,38.9,,38.2,37.5,,no,15.2,15.2,,,,236.0,163.0,7.6,,3.0,3,36000,5,60000,20.7,https://www.toyota.com/crown/,,,model-specific,
Toyota,Crown,Limited,2026,no,sedan,4.0,5.0,AWD,Hybrid,45950.0,1135.0,47085.0,42.0,41.0,41.0,595.0,,,42.1,38.9,,38.2,37.5,,no,15.2,15.2,,,,236.0,163.0,7.6,,3.0,3,36000,5,60000,23.5,https://www.toyota.com/crown/,,,model-specific,
Toyota,Crown,Nightshade,2026,no,sedan,4.0,5.0,AWD,Hybrid,48765.0,1135.0,49900.0,42.0,41.0,41.0,595.0,,,42.1,38.9,,38.2,37.5,,no,15.2,15.2,,,,236.0,163.0,7.6,,3.0,3,36000,5,60000,23.5,https://www.toyota.com/crown/,,,model-specific,
Toyota,Crown,Platinum,2026,no,sedan,4.0,5.0,AWD,Hybrid,54990.0,1135.0,56125.0,29.0,32.0,30.0,435.0,,,42.1,38.9,,38.2,37.5,,no,15.2,15.2,,,,340.0,400.0,5.7,,5.0,3,36000,5,60000,26.3,https://www.toyota.com/crown/,,,model-specific,
Toyota,Crown Signia,XLE,2026,no,SUV,4.0,5.0,AWD,Hybrid,44690.0,1495.0,46185.0,39.0,37.0,38.0,551.0,,,42.1,37.1,,39.1,38.9,,no,24.8,66.1,2700.0,,,240.0,178.0,7.1,,3.0,3,36000,5,60000,,https://www.toyota.com/crownsignia/,,,,
Toyota,Crown Signia,Limited,2026,no,SUV,4.0,5.0,AWD,Hybrid,49090.0,1495.0,50585.0,39.0,37.0,38.0,551.0,,,42.1,37.1,,37.7,38.1,,no,24.8,66.1,2700.0,,,240.0,178.0,7.1,,3.0,3,36000,5,60000,,https://www.toyota.com/crownsignia/,,,,
Toyota,bZ,XLE FWD,2026,no,SUV,4.0,5.0,FWD,EV,34900.0,1450.0,36350.0,131.0,109.0,120.0,236.0,5.0,94.0,42.1,35.3,,38.6,37.1,,no,27.7,56.9,,,,168.0,,8.0,,2.0,3,36000,5,60000,45.4,https://www.toyota.com/bz/,NHTSA,,model-specific,
Toyota,bZ,XLE AWD,2026,no,SUV,4.0,5.0,AWD,EV,39900.0,1450.0,41350.0,143.0,119.0,131.0,288.0,5.0,94.0,42.1,35.3,,38.6,37.1,,no,27.7,56.9,,,,338.0,,4.9,,2.0,3,36000,5,60000,45.4,https://www.toyota.com/bz/,NHTSA,,model-specific,
Toyota,bZ,XLE Plus FWD,2026,no,SUV,4.0,5.0,FWD,EV,37900.0,1450.0,39350.0,144.0,117.0,130.0,314.0,5.0,94.0,42.1,35.3,,38.6,37.1,,no,27.7,56.9,,,,221.0,,7.0,,2.0,3,36000,5,60000,45.4,https://www.toyota.com/bz/,NHTSA,,model-specific,
Toyota,bZ,Limited FWD,2026,no,SUV,4.0,5.0,FWD,EV,43300.0,1450.0,44750.0,128.0,105.0,117.0,299.0,5.0,94.0,42.1,35.3,,38.6,37.1,,no,27.7,56.9,,,,221.0,,7.0,,4.0,3,36000,5,60000,46.6,https://www.toyota.com/bz/,NHTSA,,model-specific,
Toyota,bZ,Limited AWD,2026,no,SUV,4.0,5.0,AWD,EV,45300.0,1450.0,46750.0,134.0,111.0,123.0,278.0,5.0,94.0,42.1,35.3,,38.6,37.1,,no,27.7,56.9,,,,338.0,,4.9,,4.0,3,36000,5,60000,46.6,https://www.toyota.com/bz/,NHTSA,,model-specific,
Toyota,bZ,Woodland,2026,yes,SUV,4.0,5.0,AWD,EV,45300.0,1450.0,46750.0,127.0,107.0,117.0,281.0,5.0,94.0,42.1,35.3,,38.6,37.5,,no,33.8,74.3,3500.0,,,375.0,,4.4,,2.0,3,36000,5,60000,46.1,https://www.toyota.com/bzwoodland/,NHTSA,,model-specific,
Toyota,bZ,Woodland Premium,2026,yes,SUV,4.0,5.0,AWD,EV,47400.0,1450.0,48850.0,127.0,107.0,117.0,281.0,5.0,94.0,42.1,35.3,,38.6,37.5,,no,33.8,74.3,3500.0,,,375.0,,4.4,,2.0,3,36000,5,60000,46.1,https://www.toyota.com/bzwoodland/,NHTSA,,model-specific,
Toyota,Mirai,XLE,2026,no,Sedan,4.0,5.0,RWD,Hydrogen,51795.0,1195.0,52990.0,74.0,70.0,72.0,402.0,,,42.2,33.1,,38.4,36.7,,no,9.6,,,,,182.0,221.0,9.2,,3.0,3,36000,5,60000,74.8,https://www.toyota.com/mirai/,,,model-specific,
Toyota,GR86,Base,2026,no,Coupe,2.0,4.0,RWD,Gas,30800.0,1195.0,31995.0,20.0,26.0,22.0,290.0,,,41.5,29.9,,37.0,33.5,,no,6.3,,,,,228.0,184.0,6.1,140.0,1.0,3,36000,5,60000,-3.5,https://www.toyota.com/gr86/,,,model-specific,
Toyota,GR86,Premium,2026,no,Coupe,2.0,4.0,RWD,Gas,33400.0,1195.0,34595.0,20.0,26.0,22.0,290.0,,,41.5,29.9,,37.0,33.5,,no,6.3,,,,,228.0,184.0,6.1,140.0,1.0,3,36000,5,60000,2.5,https://www.toyota.com/gr86/,,,model-specific,
Toyota,GR86,Yuzu Edition,2026,no,Coupe,2.0,4.0,RWD,Gas,36365.0,1195.0,37560.0,20.0,26.0,22.0,290.0,,,41.5,29.9,,37.0,33.5,,no,6.3,,,,,228.0,184.0,6.1,140.0,1.0,3,36000,5,60000,-0.4,https://www.toyota.com/gr86/,,,model-specific,
Toyota,GR Supra,3.0,2026,no,Coupe,2.0,2.0,RWD,Gas,56900.0,1135.0,58035.0,19.0,26.0,21.0,288.0,,,42.2,,,38.3,,,no,10.2,,,,,382.0,368.0,4.2,155.0,1.0,3,36000,5,60000,3.5,https://www.toyota.com/grsupra/,,,model-specific,
Toyota,GR Supra,3.0 Premium,2026,no,Coupe,2.0,2.0,RWD,Gas,60050.0,1135.0,61185.0,22.0,29.0,25.0,343.0,,,42.2,,,38.3,,,no,10.2,,,,,382.0,368.0,3.9,155.0,4.0,3,36000,5,60000,-0.9,https://www.toyota.com/grsupra/,,,model-specific,
Toyota,GR Supra,MkV Final Edition,2026,yes,Coupe,2.0,2.0,RWD,Gas,67950.0,1135.0,69085.0,19.0,26.0,21.0,288.0,,,42.2,,,38.3,,,no,10.2,,,,,382.0,368.0,4.2,155.0,1.0,3,36000,5,60000,3.5,https://www.toyota.com/grsupra/,,,model-specific,
Honda,HR-V,LX,2026,no,SUV,4.0,5.0,FWD,Gas,26200.0,1395.0,27595.0,26.0,32.0,28.0,392.0,5.0,98.7,41.9,37.7,,39.4,38.0,,no,24.4,55.1,,,5.0,158.0,138.0,,,2.0,3,36000,5,60000,1.5,https://automobiles.honda.com/hr-v,NHTSA,,model-specific,
Honda,HR-V,Sport,2026,no,SUV,4.0,5.0,FWD,Gas,28000.0,1395.0,29395.0,26.0,32.0,28.0,392.0,5.0,98.7,41.9,37.7,,39.4,38.0,,no,24.4,55.1,,,5.0,158.0,138.0,,,2.0,3,36000,5,60000,5.8,https://automobiles.honda.com/hr-v,NHTSA,,model-specific,
Honda,HR-V,EX-L,2026,no,SUV,4.0,5.0,FWD,Gas,30050.0,1395.0,31445.0,26.0,32.0,28.0,392.0,5.0,98.7,41.9,37.7,,39.4,38.0,,no,24.4,55.1,,,5.0,158.0,138.0,,,3.0,3,36000,5,60000,8.2,https://automobiles.honda.com/hr-v,NHTSA,,model-specific,
Honda,Pilot,Sport,2026,no,SUV,4.0,8.0,FWD,Gas,42395.0,1495.0,43890.0,19.0,27.0,22.0,407.0,5.0,158.4,41.0,40.8,32.5,40.5,39.2,39.3,yes,21.8,111.8,3500.0,,3.5,285.0,262.0,,,2.0,3,36000,5,60000,18.3,https://automobiles.honda.com/pilot,NHTSA,,model-specific,
Honda,Pilot,EX-L,2026,no,SUV,4.0,8.0,FWD,Gas,44695.0,1495.0,46190.0,19.0,27.0,22.0,407.0,5.0,158.4,41.0,40.8,32.5,40.5,39.2,39.3,yes,22.4,112.4,3500.0,,3.5,285.0,262.0,,,3.0,3,36000,5,60000,14.9,https://automobiles.honda.com/pilot,NHTSA,,model-specific,
Honda,Pilot,TrailSport,2026,yes,SUV,4.0,7.0,AWD,Gas,50595.0,1495.0,52090.0,18.0,23.0,20.0,370.0,5.0,154.9,41.0,40.8,32.5,39.1,39.2,39.3,yes,21.8,113.7,5000.0,,3.5,285.0,262.0,7.1,,4.0,3,36000,5,60000,17.7,https://automobiles.honda.com/pilot,NHTSA,,model-specific,
Honda,Pilot,Touring,2026,no,SUV,4.0,8.0,AWD,Gas,51295.0,1495.0,52790.0,19.0,25.0,21.0,389.0,5.0,154.9,41.0,40.8,32.5,39.1,39.2,39.3,yes,22.4,112.4,5000.0,,3.5,285.0,262.0,7.1,,4.0,3,36000,5,60000,16.9,https://automobiles.honda.com/pilot,NHTSA,,model-specific,
Honda,Pilot,Touring Blackout,2026,no,SUV,4.0,8.0,AWD,Gas,52495.0,1495.0,53990.0,19.0,25.0,21.0,389.0,5.0,154.9,41.0,40.8,32.5,39.1,39.2,39.3,yes,22.4,112.4,5000.0,,3.5,285.0,262.0,7.1,,4.0,3,36000,5,60000,17.0,https://automobiles.honda.com/pilot,NHTSA,,model-specific,
Honda,Pilot,Elite,2026,no,SUV,4.0,8.0,AWD,Gas,53695.0,1495.0,55190.0,19.0,25.0,21.0,389.0,5.0,154.9,41.0,40.8,32.5,39.1,39.2,39.3,yes,22.4,112.1,5000.0,,3.5,285.0,262.0,7.1,,5.0,3,36000,5,60000,22.1,https://automobiles.honda.com/pilot,NHTSA,,model-specific,
Honda,Pilot,Black Edition,2026,no,SUV,4.0,8.0,AWD,Gas,55195.0,1495.0,56690.0,19.0,25.0,21.0,389.0,5.0,154.9,41.0,40.8,32.5,39.1,39.2,39.3,yes,22.4,112.1,5000.0,,3.5,285.0,262.0,7.1,,5.0,3,36000,5,60000,17.0,https://automobiles.honda.com/pilot,NHTSA,,model-specific,
Honda,Passport,RTL,2026,no,SUV,4.0,5.0,AWD,Gas,44950.0,1495.0,46445.0,19.0,25.0,21.0,389.0,5.0,119.1,41.1,40.9,,40.5,39.6,,no,44.0,104.6,5000.0,,,285.0,262.0,7.3,,3.0,3,36000,5,60000,24.2,https://automobiles.honda.com/passport,IIHS,,model-specific,
Honda,Passport,RTL Towing,2026,no,SUV,4.0,5.0,AWD,Gas,45650.0,1495.0,47145.0,19.0,25.0,21.0,389.0,5.0,119.1,41.1,40.9,,40.5,39.6,,no,44.0,104.6,5000.0,,,285.0,262.0,7.3,,3.0,3,36000,5,60000,24.2,https://automobiles.honda.com/passport,IIHS,,model-specific,
Honda,Passport,RTL Blackout,2026,no,SUV,4.0,5.0,AWD,Gas,46150.0,1495.0,47645.0,19.0,25.0,21.0,389.0,5.0,119.1,41.1,40.9,,40.5,39.6,,no,44.0,104.6,5000.0,,,285.0,262.0,7.3,,3.0,3,36000,5,60000,24.2,https://automobiles.honda.com/passport,IIHS,,model-specific,
Honda,Passport,TrailSport,2026,yes,SUV,4.0,5.0,AWD,Gas,48650.0,1495.0,50145.0,18.0,23.0,20.0,370.0,5.0,115.4,41.1,40.9,,39.1,39.6,,no,44.0,104.4,5000.0,,,285.0,262.0,7.3,,3.0,3,36000,5,60000,24.2,https://automobiles.honda.com/passport,IIHS,,model-specific,
Honda,Passport,TrailSport Blackout,2026,yes,SUV,4.0,5.0,AWD,Gas,49850.0,1495.0,51345.0,18.0,23.0,20.0,370.0,5.0,115.4,41.1,40.9,,39.1,39.6,,no,44.0,104.4,5000.0,,,285.0,262.0,7.3,,3.0,3,36000,5,60000,24.2,https://automobiles.honda.com/passport,IIHS,,model-specific,
Honda,Passport,TrailSport Elite,2026,yes,SUV,4.0,5.0,AWD,Gas,52650.0,1495.0,54145.0,18.0,23.0,20.0,370.0,5.0,115.4,41.1,40.9,,39.1,39.6,,no,44.0,104.4,5000.0,,,285.0,262.0,7.3,,4.0,3,36000,5,60000,24.2,https://automobiles.honda.com/passport,IIHS,,model-specific,
Honda,Passport,TrailSport Elite Blackout,2026,yes,SUV,4.0,5.0,AWD,Gas,53850.0,1495.0,55345.0,18.0,23.0,20.0,370.0,5.0,115.4,41.1,40.9,,39.1,39.6,,no,44.0,104.4,5000.0,,,285.0,262.0,7.3,,4.0,3,36000,5,60000,24.2,https://automobiles.honda.com/passport,IIHS,,model-specific,
Honda,Ridgeline,Sport,2026,no,pickup truck,4.0,5.0,AWD,Gas,40595.0,1495.0,42090.0,18.0,24.0,21.0,410.0,5.0,108.9,40.9,36.7,,39.5,38.8,,no,7.3,7.3,5000.0,1583.0,3.5,280.0,262.0,6.2,,3.0,3,36000,5,60000,20.6,https://automobiles.honda.com/ridgeline,NHTSA,,model-specific,5.3
Honda,Ridgeline,RTL,2026,no,pickup truck,4.0,5.0,AWD,Gas,43395.0,1495.0,44890.0,18.0,24.0,21.0,410.0,5.0,108.9,40.9,36.7,,39.5,38.8,,no,7.3,7.3,5000.0,1544.0,3.5,280.0,262.0,6.2,,3.0,3,36000,5,60000,24.5,https://automobiles.honda.com/ridgeline,NHTSA,,model-specific,5.3
Honda,Ridgeline,TrailSport,2026,no,pickup truck,4.0,5.0,AWD,Gas,45795.0,1495.0,47290.0,18.0,23.0,20.0,390.0,5.0,108.9,40.9,36.7,,39.5,38.8,,no,7.3,7.3,5000.0,1521.0,3.5,280.0,262.0,6.2,,3.0,3,36000,5,60000,24.4,https://automobiles.honda.com/ridgeline,NHTSA,,model-specific,5.3
Honda,Ridgeline,Black Edition,2026,no,pickup truck,4.0,5.0,AWD,Gas,47195.0,1495.0,48690.0,18.0,24.0,21.0,410.0,5.0,108.9,40.9,36.7,,39.5,38.8,,no,7.3,7.3,5000.0,1509.0,3.5,280.0,262.0,6.2,,3.0,3,36000,5,60000,26.6,https://automobiles.honda.com/ridgeline,NHTSA,,model-specific,5.3
Honda,Prologue,EX,2026,no,SUV,4.0,5.0,FWD,EV,39900.0,1495.0,41395.0,113.0,94.0,104.0,308.0,3.5,111.7,41.4,39.4,,38.2,36.7,,no,25.2,57.7,1500.0,,,220.0,243.0,,,3.0,3,36000,5,60000,,https://automobiles.honda.com/prologue,IIHS,,,
Honda,Prologue,EX AWD,2026,no,SUV,4.0,5.0,AWD,EV,42000.0,1495.0,43495.0,108.0,90.0,99.0,294.0,3.5,111.7,41.4,39.4,,38.2,36.7,,no,25.2,57.7,1500.0,,,300.0,355.0,5.9,,3.0,3,36000,5,60000,,https://automobiles.honda.com/prologue,IIHS,,,
Honda,Prologue,Touring,2026,no,SUV,4.0,5.0,FWD,EV,44200.0,1495.0,45695.0,113.0,94.0,104.0,308.0,3.5,107.8,41.4,39.4,,38.2,36.7,,no,23.7,54.5,1500.0,,,220.0,243.0,,,3.0,3,36000,5,60000,,https://automobiles.honda.com/prologue,IIHS,,,
Honda,Prologue,Touring AWD,2026,no,SUV,4.0,5.0,AWD,EV,47000.0,1495.0,48495.0,108.0,90.0,99.0,294.0,3.5,107.8,41.4,39.4,,38.2,36.7,,no,23.7,54.5,1500.0,,,300.0,355.0,5.9,,3.0,3,36000,5,60000,,https://automobiles.honda.com/prologue,IIHS,,,
Honda,Prologue,Elite,2026,no,SUV,4.0,5.0,AWD,EV,50400.0,1495.0,51895.0,104.0,87.0,95.0,283.0,3.5,107.8,41.4,39.4,,38.2,36.7,,no,23.7,54.5,1500.0,,,300.0,355.0,5.9,,5.0,3,36000,5,60000,,https://automobiles.honda.com/prologue,IIHS,,,
Honda,Prelude,Hybrid,2026,no,coupe,2.0,4.0,FWD,Hybrid,42000.0,1195.0,43195.0,46.0,41.0,44.0,466.0,,99.7,42.3,32.0,,37.2,33.1,,no,15.1,,,,,200.0,232.0,6.5,,3.0,3,36000,5,60000,,https://automobiles.honda.com/prelude,,,,
Honda,Prelude,Hybrid Two-Tone,2026,no,coupe,2.0,4.0,FWD,Hybrid,42500.0,1195.0,43695.0,46.0,41.0,44.0,466.0,,99.7,42.3,32.0,,37.2,33.1,,no,15.1,,,,,200.0,232.0,6.5,,3.0,3,36000,5,60000,,https://automobiles.honda.com/prelude,,,,
Honda,CR-V e:FCEV,e:FCEV,2026,no,SUV,4.0,5.0,FWD,EV,50000.0,1450.0,51450.0,,,,270.0,,106.4,41.4,41.1,,40.0,38.2,,no,25.2,61.0,,,,174.0,229.0,8.6,,3.0,3,36000,5,60000,,https://automobiles.honda.com/cr-v-fcev,,,,
Hyundai,Elantra,SE,2026,no,Sedan,4.0,5.0,FWD,Gas,22625.0,1245.0,23870.0,31.0,40.0,35.0,434.0,5.0,113.6,42.3,38.0,,40.6,37.3,,no,14.2,,,,4.5,147.0,132.0,8.4,,1.0,5,60000,10,100000,17.1,https://www.hyundaiusa.com/us/en/vehicles/elantra,NHTSA,12.4,model-specific,
Hyundai,Elantra,SEL Sport,2026,no,Sedan,4.0,5.0,FWD,Gas,23750.0,1245.0,24995.0,30.0,40.0,34.0,422.0,5.0,113.6,42.3,38.0,,40.6,37.3,,no,14.2,,,,4.5,147.0,132.0,8.4,,3.0,5,60000,10,100000,17.1,https://www.hyundaiusa.com/us/en/vehicles/elantra,NHTSA,12.4,model-specific,
Hyundai,Elantra,SEL Sport Premium,2026,no,Sedan,4.0,5.0,FWD,Gas,25075.0,1245.0,26320.0,30.0,40.0,34.0,422.0,5.0,113.6,42.3,38.0,,38.7,37.3,,no,14.2,,,,4.5,147.0,132.0,8.4,,3.0,5,60000,10,100000,17.1,https://www.hyundaiusa.com/us/en/vehicles/elantra,NHTSA,12.4,model-specific,
Hyundai,Elantra,Limited,2026,no,Sedan,4.0,5.0,FWD,Gas,27175.0,1245.0,28420.0,30.0,40.0,34.0,422.0,5.0,113.6,42.3,38.0,,38.7,37.3,,no,14.2,,,,4.5,147.0,132.0,8.4,,4.0,5,60000,10,100000,17.1,https://www.hyundaiusa.com/us/en/vehicles/elantra,NHTSA,12.4,model-specific,
Hyundai,Elantra,N Line,2026,no,Sedan,4.0,5.0,FWD,Gas,29400.0,1245.0,30645.0,28.0,35.0,31.0,384.0,5.0,113.6,42.3,38.0,,38.7,37.3,,no,14.2,,,,4.5,201.0,195.0,8.6,,3.0,5,60000,10,100000,17.1,https://www.hyundaiusa.com/us/en/vehicles/elantra,NHTSA,12.4,model-specific,
Hyundai,Elantra,Blue,2026,no,Sedan,4.0,5.0,FWD,Hybrid,25450.0,1245.0,26695.0,51.0,58.0,54.0,,5.0,113.6,42.3,38.0,,40.6,37.3,,no,14.2,,,,4.5,139.0,,,,1.0,5,60000,10,100000,22.1,https://www.hyundaiusa.com/us/en/vehicles/elantra,NHTSA,,model-specific,
Hyundai,Elantra,SEL Sport,2026,no,Sedan,4.0,5.0,FWD,Hybrid,27425.0,1245.0,28670.0,49.0,52.0,50.0,,5.0,113.6,42.3,38.0,,40.6,37.3,,no,14.2,,,,4.5,139.0,,,,2.0,5,60000,10,100000,22.1,https://www.hyundaiusa.com/us/en/vehicles/elantra,NHTSA,,model-specific,
Hyundai,Elantra,Limited,2026,no,Sedan,4.0,5.0,FWD,Hybrid,29800.0,1245.0,31045.0,49.0,52.0,50.0,,5.0,113.6,42.3,38.0,,38.7,37.3,,no,14.2,,,,4.5,139.0,,,,3.0,5,60000,10,100000,22.1,https://www.hyundaiusa.com/us/en/vehicles/elantra,NHTSA,,model-specific,
Hyundai,Elantra N,N,2026,yes,Sedan,4.0,5.0,FWD,Gas,35100.0,1245.0,36345.0,21.0,29.0,24.0,298.0,5.0,99.0,42.0,38.0,,38.7,37.3,,no,14.2,,,,4.5,276.0,289.0,4.7,,2.0,5,60000,10,100000,16.0,https://www.hyundaiusa.com/us/en/vehicles/elantra-n,NHTSA,12.4,model-specific,
Hyundai,Sonata,SE,2026,no,Sedan,4.0,5.0,FWD,Gas,27300.0,1245.0,28545.0,28.0,38.0,32.0,509.0,5.0,104.4,46.1,34.8,,40.0,37.8,,no,15.6,,,,4.0,191.0,181.0,,,1.0,5,60000,10,100000,30.2,https://www.hyundaiusa.com/us/en/vehicles/sonata,NHTSA,15.9,model-specific,
Hyundai,Sonata,SEL Sport,2026,no,Sedan,4.0,5.0,FWD,Gas,29000.0,1245.0,30245.0,25.0,36.0,29.0,461.0,5.0,104.4,46.1,34.8,,40.0,37.8,,no,15.6,,,,4.0,191.0,181.0,,,2.0,5,60000,10,100000,30.2,https://www.hyundaiusa.com/us/en/vehicles/sonata,NHTSA,15.9,model-specific,
Hyundai,Sonata,N Line,2026,no,Sedan,4.0,5.0,FWD,Gas,35900.0,1245.0,37145.0,23.0,32.0,27.0,429.0,5.0,104.4,46.1,34.8,,38.4,37.4,,no,15.6,,,,4.0,290.0,311.0,6.1,,4.0,5,60000,10,100000,30.2,https://www.hyundaiusa.com/us/en/vehicles/sonata,NHTSA,15.9,model-specific,
Hyundai,Sonata,Blue Hybrid,2026,no,Sedan,4.0,5.0,FWD,Hybrid,29050.0,1245.0,30295.0,47.0,56.0,51.0,,5.0,104.4,46.1,34.8,,40.0,37.8,,no,15.6,,,,4.0,192.0,,8.6,,1.0,5,60000,10,100000,30.2,https://www.hyundaiusa.com/us/en/vehicles/sonata,NHTSA,,model-specific,
Hyundai,Sonata,SEL Hybrid,2026,no,Sedan,4.0,5.0,FWD,Hybrid,32300.0,1245.0,33545.0,44.0,51.0,47.0,,5.0,104.4,46.1,34.8,,38.4,37.4,,no,15.6,,,,4.0,192.0,,8.6,,2.0,5,60000,10,100000,30.2,https://www.hyundaiusa.com/us/en/vehicles/sonata,NHTSA,,model-specific,
Hyundai,Sonata,Limited Hybrid,2026,no,Sedan,4.0,5.0,FWD,Hybrid,38100.0,1245.0,39345.0,44.0,51.0,47.0,,5.0,104.4,46.1,34.8,,38.4,37.4,,no,15.6,,,,4.0,192.0,,8.6,,4.0,5,60000,10,100000,30.2,https://www.hyundaiusa.com/us/en/vehicles/sonata,NHTSA,,model-specific,
Hyundai,Venue,SE,2026,no,SUV,4.0,5.0,FWD,Gas,20550.0,1600.0,22150.0,29.0,33.0,31.0,369.0,4.0,110.6,41.3,34.3,,39.4,38.6,,no,18.7,31.9,,,,121.0,113.0,8.6,,0.0,5,60000,10,100000,11.8,https://www.hyundaiusa.com/us/en/vehicles/venue,NHTSA,11.9,model-specific,
Hyundai,Venue,SEL,2026,no,SUV,4.0,5.0,FWD,Gas,22825.0,1600.0,24425.0,29.0,33.0,31.0,369.0,4.0,110.6,41.3,34.3,,38.4,38.6,,no,18.7,31.9,,,,121.0,113.0,8.6,,2.0,5,60000,10,100000,11.8,https://www.hyundaiusa.com/us/en/vehicles/venue,NHTSA,11.9,model-specific,
Hyundai,Kona,SE,2026,no,SUV,4.0,5.0,FWD,Gas,25350.0,1600.0,26950.0,29.0,34.0,31.0,384.0,4.0,,41.7,38.2,,39.9,38.3,,no,25.5,63.7,,,,147.0,132.0,,,1.0,5,60000,10,100000,18.4,https://www.hyundaiusa.com/us/en/vehicles/kona,NHTSA,12.4,model-specific,
Hyundai,Kona,SEL Sport,2026,no,SUV,4.0,5.0,FWD,Gas,26675.0,1600.0,28275.0,29.0,34.0,31.0,384.0,4.0,,41.7,38.2,,39.9,38.3,,no,25.5,63.7,,,,147.0,132.0,,,2.0,5,60000,10,100000,18.4,https://www.hyundaiusa.com/us/en/vehicles/kona,NHTSA,12.4,model-specific,
Hyundai,Kona,SEL Premium,2026,no,SUV,4.0,5.0,FWD,Gas,28275.0,1600.0,29875.0,26.0,31.0,28.0,347.0,4.0,,41.7,38.2,,39.9,38.3,,no,25.5,63.7,,,,190.0,195.0,7.6,,2.0,5,60000,10,100000,18.4,https://www.hyundaiusa.com/us/en/vehicles/kona,NHTSA,12.4,model-specific,
Hyundai,Kona,Limited,2026,no,SUV,4.0,5.0,FWD,Gas,32650.0,1600.0,34250.0,26.0,31.0,28.0,347.0,4.0,,41.7,38.2,,38.3,38.3,,no,25.5,63.7,,,,190.0,195.0,7.6,,4.0,5,60000,10,100000,18.4,https://www.hyundaiusa.com/us/en/vehicles/kona,NHTSA,12.4,model-specific,
Hyundai,Kona Electric,SE,2026,no,SUV,4.0,5.0,FWD,EV,,,,131.0,105.0,118.0,200.0,5.0,,41.7,38.2,,39.9,,,no,,,,,,133.0,188.0,,,1.0,5,60000,10,100000,45.5,https://www.hyundaiusa.com/us/en/vehicles/kona-electric,IIHS,,model-specific,
Hyundai,Santa Cruz,SE,2026,no,Pickup,4.0,5.0,FWD,Gas,29750.0,1600.0,31350.0,22.0,30.0,25.0,443.0,5.0,102.0,41.4,36.5,,40.2,39.6,,no,27.0,,3500.0,1411.0,,191.0,181.0,,,1.0,5,60000,10,100000,12.1,https://www.hyundaiusa.com/us/en/vehicles/santa-cruz/se,NHTSA,,model-specific,4.3
Hyundai,Santa Cruz,SEL,2026,no,Pickup,4.0,5.0,FWD,Gas,31400.0,1600.0,33000.0,22.0,30.0,25.0,443.0,5.0,102.0,41.4,36.5,,40.2,39.6,,no,27.0,,3500.0,,,191.0,181.0,,,1.0,5,60000,10,100000,14.4,https://www.hyundaiusa.com/us/en/vehicles/santa-cruz/sel,NHTSA,,model-specific,4.3
Hyundai,Santa Cruz,SEL Activity,2026,no,Pickup,4.0,5.0,FWD,Gas,34450.0,1600.0,36050.0,22.0,30.0,25.0,443.0,5.0,102.0,41.4,36.5,,40.2,39.6,,no,27.0,,3500.0,,,191.0,181.0,,,2.0,5,60000,10,100000,,https://www.hyundaiusa.com/us/en/vehicles/santa-cruz/sel-activity,NHTSA,,,4.3
Hyundai,Santa Cruz,XRT,2026,yes,Pickup,4.0,5.0,AWD,Gas,41350.0,1600.0,42950.0,18.0,25.0,20.0,354.0,5.0,102.0,41.4,36.5,,40.2,39.6,,no,27.0,,5000.0,,,281.0,311.0,6.5,,4.0,5,60000,10,100000,,https://www.hyundaiusa.com/us/en/vehicles/santa-cruz/xrt,NHTSA,,,4.3
Hyundai,Santa Cruz,Limited,2026,no,Pickup,4.0,5.0,AWD,Gas,43700.0,1600.0,45300.0,18.0,25.0,20.0,354.0,5.0,102.0,41.4,36.5,,38.2,39.6,,no,27.0,,5000.0,,,281.0,311.0,6.5,,4.0,5,60000,10,100000,,https://www.hyundaiusa.com/us/en/vehicles/santa-cruz/limited,NHTSA,,,4.3
Hyundai,Santa Fe,SE,2026,no,SUV,4.0,7.0,FWD,Gas,35050.0,1600.0,36650.0,20.0,29.0,24.0,425.0,4.0,151.0,44.4,42.3,30.0,41.1,40.6,37.7,yes,14.6,79.6,3500.0,,"4.0/5.0 (RepairPal, rank 2 of 26 midsize SUVs)",277.0,311.0,,,1.0,5,60000,10,100000,,https://www.hyundaiusa.com/us/en/vehicles/santa-fe/se,NHTSA,,,
Hyundai,Santa Fe,SEL,2026,no,SUV,4.0,7.0,FWD,Gas,37590.0,1600.0,39190.0,20.0,29.0,24.0,425.0,4.0,151.0,44.4,42.3,30.0,41.1,40.6,37.7,yes,14.6,79.6,3500.0,,"4.0/5.0 (RepairPal, rank 2 of 26 midsize SUVs)",277.0,311.0,,,2.0,5,60000,10,100000,,https://www.hyundaiusa.com/us/en/vehicles/santa-fe/sel,NHTSA,,,
Hyundai,Santa Fe,XRT,2026,yes,SUV,4.0,7.0,AWD,Gas,42040.0,1600.0,43640.0,19.0,26.0,22.0,389.0,4.0,151.0,44.4,42.3,30.0,40.2,40.6,37.7,yes,14.6,79.6,4500.0,,"4.0/5.0 (RepairPal, rank 2 of 26 midsize SUVs)",277.0,311.0,6.9,,2.0,5,60000,10,100000,,https://www.hyundaiusa.com/us/en/vehicles/santa-fe/xrt,NHTSA,,,
Hyundai,Santa Fe,Limited,2026,no,SUV,4.0,7.0,FWD,Gas,44600.0,1600.0,46200.0,20.0,29.0,24.0,425.0,4.0,151.0,44.4,42.3,30.0,40.2,39.6,37.7,yes,14.6,79.6,3500.0,,"4.0/5.0 (RepairPal, rank 2 of 26 midsize SUVs)",277.0,311.0,,,4.0,5,60000,10,100000,,https://www.hyundaiusa.com/us/en/vehicles/santa-fe/limited,NHTSA,,,
Hyundai,Santa Fe,Calligraphy,2026,no,SUV,4.0,6.0,FWD,Gas,47600.0,1600.0,49200.0,20.0,29.0,24.0,425.0,4.0,151.0,44.4,42.3,30.0,40.2,39.6,37.7,yes,14.6,79.6,3500.0,,"4.0/5.0 (RepairPal, rank 2 of 26 midsize SUVs)",277.0,311.0,,,5.0,5,60000,10,100000,,https://www.hyundaiusa.com/us/en/vehicles/santa-fe/calligraphy,NHTSA,,,
Hyundai,Santa Fe,SE,2026,no,SUV,4.0,7.0,FWD,Hybrid,36400.0,1600.0,38000.0,37.0,36.0,36.0,637.0,4.0,151.0,44.4,42.3,30.0,41.1,40.6,37.7,yes,14.6,79.6,2000.0,,"4.0/5.0 (RepairPal, rank 2 of 26 midsize SUVs)",231.0,271.0,,,1.0,5,60000,10,100000,,https://www.hyundaiusa.com/us/en/vehicles/santa-fe-hybrid/se,NHTSA,,,
Hyundai,Santa Fe,SEL,2026,no,SUV,4.0,7.0,FWD,Hybrid,38690.0,1600.0,40290.0,37.0,36.0,36.0,637.0,4.0,151.0,44.4,42.3,30.0,41.1,40.6,37.7,yes,14.6,79.6,2000.0,,"4.0/5.0 (RepairPal, rank 2 of 26 midsize SUVs)",231.0,271.0,,,2.0,5,60000,10,100000,,https://www.hyundaiusa.com/us/en/vehicles/santa-fe-hybrid/sel,NHTSA,,,
Hyundai,Santa Fe,Limited,2026,no,SUV,4.0,7.0,FWD,Hybrid,45700.0,1600.0,47300.0,37.0,36.0,36.0,637.0,4.0,151.0,44.4,42.3,30.0,40.2,39.6,37.7,yes,14.6,79.6,2000.0,,"4.0/5.0 (RepairPal, rank 2 of 26 midsize SUVs)",231.0,271.0,,,4.0,5,60000,10,100000,,https://www.hyundaiusa.com/us/en/vehicles/santa-fe-hybrid/limited,NHTSA,,,
Hyundai,Santa Fe,Calligraphy,2026,no,SUV,4.0,6.0,FWD,Hybrid,48700.0,1600.0,50300.0,37.0,36.0,36.0,637.0,4.0,151.0,44.4,42.3,30.0,40.2,39.6,37.7,yes,14.6,79.6,2000.0,,"4.0/5.0 (RepairPal, rank 2 of 26 midsize SUVs)",231.0,271.0,,,5.0,5,60000,10,100000,,https://www.hyundaiusa.com/us/en/vehicles/santa-fe-hybrid/calligraphy,NHTSA,,,
Hyundai,Ioniq 5,SE Standard Range,2026,no,SUV,4.0,5.0,RWD,EV,35000.0,1600.0,36600.0,131.0,100.0,115.0,245.0,5.0,106.5,41.7,39.4,,39.8,38.7,,no,26.3,59.4,,,,168.0,258.0,,115.0,2.0,5,60000,10,100000,40.9,https://www.hyundaiusa.com/us/en/vehicles/ioniq-5/se-standard-range,IIHS,,model-specific,
Hyundai,Ioniq 5,SE,2026,no,SUV,4.0,5.0,RWD,EV,37500.0,1600.0,39100.0,129.0,100.0,114.0,318.0,5.0,106.5,41.7,39.4,,39.8,38.7,,no,26.3,59.4,,,,225.0,258.0,7.4,115.0,2.0,5,60000,10,100000,46.2,https://www.hyundaiusa.com/us/en/vehicles/ioniq-5/se,IIHS,,model-specific,
Hyundai,Ioniq 5,SE,2026,no,SUV,4.0,5.0,AWD,EV,41000.0,1600.0,42600.0,116.0,96.0,106.0,290.0,5.0,106.5,41.7,39.4,,39.8,38.7,,no,26.3,59.4,,,,320.0,446.0,4.6,115.0,2.0,5,60000,10,100000,50.0,https://www.hyundaiusa.com/us/en/vehicles/ioniq-5/se,NHTSA,,model-specific,
Hyundai,Ioniq 5,SEL,2026,no,SUV,4.0,5.0,RWD,EV,39800.0,1600.0,41400.0,129.0,100.0,114.0,318.0,5.0,106.5,41.7,39.4,,39.8,38.7,,no,26.3,59.4,,,,225.0,258.0,7.4,115.0,3.0,5,60000,10,100000,42.8,https://www.hyundaiusa.com/us/en/vehicles/ioniq-5/sel,IIHS,,model-specific,
Hyundai,Ioniq 5,SEL,2026,no,SUV,4.0,5.0,AWD,EV,43300.0,1600.0,44900.0,116.0,96.0,106.0,290.0,5.0,106.5,41.7,39.4,,39.8,38.7,,no,26.3,59.4,,,,320.0,446.0,4.6,115.0,3.0,5,60000,10,100000,46.7,https://www.hyundaiusa.com/us/en/vehicles/ioniq-5/sel,NHTSA,,model-specific,
Hyundai,Ioniq 5,XRT,2026,no,SUV,4.0,5.0,AWD,EV,46275.0,1600.0,47875.0,103.0,85.0,94.0,259.0,5.0,106.5,41.7,39.4,,39.8,38.7,,no,26.3,59.4,,,,320.0,446.0,4.5,115.0,3.0,5,60000,10,100000,42.7,https://www.hyundaiusa.com/us/en/vehicles/ioniq-5/xrt,NHTSA,,model-specific,
Hyundai,Ioniq 5,Limited,2026,no,SUV,4.0,5.0,RWD,EV,45075.0,1600.0,46675.0,129.0,100.0,114.0,318.0,5.0,106.5,41.7,39.4,,39.8,38.7,,no,26.3,59.4,,,,225.0,258.0,7.4,115.0,5.0,5,60000,10,100000,40.7,https://www.hyundaiusa.com/us/en/vehicles/ioniq-5/limited,IIHS,,model-specific,
Hyundai,Ioniq 5,Limited,2026,no,SUV,4.0,5.0,AWD,EV,48975.0,1600.0,50575.0,108.0,88.0,98.0,269.0,5.0,106.5,41.7,39.4,,39.8,38.7,,no,26.3,59.4,,,,320.0,446.0,4.6,115.0,5.0,5,60000,10,100000,44.8,https://www.hyundaiusa.com/us/en/vehicles/ioniq-5/limited,NHTSA,,model-specific,
Hyundai,Ioniq 5,N,2026,yes,SUV,4.0,5.0,AWD,EV,59900.0,1600.0,61500.0,84.0,72.0,78.0,221.0,,107.0,41.7,39.4,,39.8,38.7,,no,26.1,59.3,,,,641.0,568.0,3.3,162.0,5.0,5,60000,10,100000,42.7,https://www.hyundaiusa.com/us/en/vehicles/ioniq-5-n,,,model-specific,
Hyundai,Ioniq 9,S,2026,no,SUV,4.0,7.0,RWD,EV,58955.0,1600.0,60555.0,103.0,81.0,92.0,335.0,5.0,163.54,41.4,42.8,32.0,41.5,41.0,39.7,yes,21.9,86.9,3500.0,,,215.0,258.0,7.8,,2.0,5,60000,10,100000,,https://www.hyundaiusa.com/us/en/vehicles/ioniq-9/s,IIHS,,,
Hyundai,Ioniq 9,SE,2026,no,SUV,4.0,7.0,AWD,EV,62765.0,1600.0,64365.0,98.0,78.0,88.0,320.0,5.0,163.54,41.4,42.8,32.0,41.5,41.0,39.7,yes,21.9,86.9,5000.0,,,303.0,446.0,9.4,,2.0,5,60000,10,100000,,https://www.hyundaiusa.com/us/en/vehicles/ioniq-9/se,IIHS,,,
Hyundai,Ioniq 9,SEL,2026,no,SUV,4.0,7.0,AWD,EV,66320.0,1600.0,67920.0,98.0,78.0,88.0,320.0,5.0,163.54,41.4,42.8,32.0,41.5,41.0,39.7,yes,21.9,86.9,5000.0,,,303.0,446.0,9.4,,3.0,5,60000,10,100000,,https://www.hyundaiusa.com/us/en/vehicles/ioniq-9/sel,IIHS,,,
Hyundai,Ioniq 9,Performance Limited,2026,no,SUV,4.0,6.0,AWD,EV,71250.0,1600.0,72850.0,91.0,79.0,85.0,311.0,5.0,,41.4,42.8,31.0,39.5,39.4,39.8,yes,21.9,86.9,5000.0,,,422.0,516.0,4.8,,5.0,5,60000,10,100000,,https://www.hyundaiusa.com/us/en/vehicles/ioniq-9/limited,IIHS,,,
Hyundai,Ioniq 9,Performance Calligraphy,2026,no,SUV,4.0,6.0,AWD,EV,74990.0,1600.0,76590.0,91.0,79.0,85.0,311.0,5.0,,41.4,42.8,31.0,39.5,39.4,39.8,yes,21.9,86.9,5000.0,,,422.0,516.0,4.8,,5.0,5,60000,10,100000,,https://www.hyundaiusa.com/us/en/vehicles/ioniq-9/calligraphy,IIHS,,,
Hyundai,Ioniq 9,Performance Calligraphy Design,2026,no,SUV,4.0,6.0,AWD,EV,76490.0,1600.0,78090.0,91.0,79.0,85.0,311.0,5.0,,41.4,42.8,31.0,39.5,39.4,39.8,yes,21.9,86.9,5000.0,,,422.0,516.0,4.8,,5.0,5,60000,10,100000,,https://www.hyundaiusa.com/us/en/vehicles/ioniq-9/calligraphy-design,IIHS,,,
Hyundai,Ioniq 6,N,2026,yes,Sedan,4.0,5.0,AWD,EV,,,,,,,245.0,,,45.4,34.7,,40.2,36.7,,no,10.74,,,,,641.0,568.0,3.2,159.0,4.0,5,60000,10,100000,,https://www.hyundaiusa.com/us/en/vehicles/ioniq-6-n,,,,
Hyundai,Nexo,Standard,2026,no,SUV,4.0,5.0,FWD,EV,,,,63.0,58.0,60.0,395.0,,,,,,,,,no,35.1,60.7,,,,201.0,258.0,7.8,111.0,,5,60000,10,100000,,https://www.hyundaiusa.com/us/en/vehicles/nexo,,,,
Hyundai,Nexo,Blue,2026,no,SUV,4.0,5.0,FWD,EV,,,,71.0,64.0,68.0,442.0,,,,,,,,,no,35.1,60.7,,,,201.0,258.0,7.8,111.0,,5,60000,10,100000,,https://www.hyundaiusa.com/us/en/vehicles/nexo,,,,
Kia,K4,LX,2026,no,Sedan,4.0,5.0,FWD,Gas,22290.0,1245.0,23535.0,29.0,39.0,33.0,409.0,5.0,99.0,42.3,38.0,,39.0,37.3,,no,14.6,,,,,147.0,132.0,8.1,,1.0,5,60000,10,100000,35.5,https://www.kia.com/us/en/k4/specs-compare,NHTSA,,model-specific,
Kia,K4,LXS,2026,no,Sedan,4.0,5.0,FWD,Gas,23390.0,1245.0,24635.0,29.0,39.0,33.0,409.0,5.0,99.0,42.3,38.0,,39.0,37.3,,no,14.6,,,,,147.0,132.0,8.1,,1.0,5,60000,10,100000,35.5,https://www.kia.com/us/en/k4/specs-compare,NHTSA,,model-specific,
Kia,K4,EX,2026,no,Sedan,4.0,5.0,FWD,Gas,24490.0,1245.0,25735.0,29.0,39.0,33.0,409.0,5.0,99.0,42.3,38.0,,39.0,37.3,,no,14.6,,,,,147.0,132.0,8.1,,2.0,5,60000,10,100000,35.5,https://www.kia.com/us/en/k4/specs-compare,NHTSA,,model-specific,
Kia,K4,GT-Line,2026,no,Sedan,4.0,5.0,FWD,Gas,25490.0,1245.0,26735.0,29.0,39.0,33.0,409.0,5.0,99.0,42.3,38.0,,39.0,37.3,,no,14.6,,,,,147.0,132.0,8.1,,2.0,5,60000,10,100000,35.5,https://www.kia.com/us/en/k4/specs-compare,NHTSA,,model-specific,
Kia,K4,GT-Line Turbo,2026,no,Sedan,4.0,5.0,FWD,Gas,28390.0,1245.0,29635.0,26.0,33.0,28.0,347.0,5.0,99.0,42.3,38.0,,37.1,37.2,,no,14.6,,,,,190.0,195.0,7.1,,3.0,5,60000,10,100000,35.5,https://www.kia.com/us/en/k4/specs-compare,NHTSA,,model-specific,
Kia,K4 Hatchback,EX,2026,no,Hatchback,4.0,5.0,FWD,Gas,24990.0,1245.0,26235.0,28.0,34.0,30.0,372.0,3.0,,42.3,38.0,,39.0,38.3,,no,22.2,59.3,,,,147.0,132.0,8.1,,3.0,5,60000,10,100000,36.1,https://www.kia.com/us/en/k4-hatchback,IIHS,,model-specific,
Kia,K4 Hatchback,GT-Line,2026,no,Hatchback,4.0,5.0,FWD,Gas,25990.0,1245.0,27235.0,28.0,34.0,30.0,372.0,3.0,,42.3,38.0,,39.0,38.3,,no,22.2,59.3,,,,147.0,132.0,8.1,,3.0,5,60000,10,100000,36.1,https://www.kia.com/us/en/k4-hatchback,IIHS,,model-specific,
Kia,K4 Hatchback,GT-Line Turbo,2026,no,Hatchback,4.0,5.0,FWD,Gas,28890.0,1245.0,30135.0,26.0,33.0,28.0,347.0,3.0,,42.3,38.0,,37.2,38.3,,no,22.2,59.3,,,,190.0,195.0,7.1,,3.0,5,60000,10,100000,36.1,https://www.kia.com/us/en/k4-hatchback,IIHS,,model-specific,
Kia,K5,LXS,2026,no,Sedan,4.0,5.0,FWD,Gas,27490.0,1245.0,28735.0,26.0,37.0,30.0,474.0,5.0,105.3,46.1,35.2,,40.2,37.8,,no,15.6,,,,,191.0,181.5,7.6,,1.0,5,60000,10,100000,39.8,https://www.kia.com/us/en/k5,NHTSA,,model-specific,
Kia,K5,GT-Line,2026,no,Sedan,4.0,5.0,FWD,Gas,28490.0,1245.0,29735.0,25.0,36.0,29.0,458.0,5.0,105.3,46.1,35.2,,40.2,37.8,,no,15.6,,,,,191.0,181.5,7.6,,3.0,5,60000,10,100000,39.8,https://www.kia.com/us/en/k5,NHTSA,,model-specific,
Kia,K5,GT-Line,2026,no,Sedan,4.0,5.0,AWD,Gas,30090.0,1245.0,31335.0,24.0,33.0,27.0,427.0,5.0,105.3,46.1,35.2,,40.2,37.8,,no,15.6,,,,,191.0,181.5,8.3,,3.0,5,60000,10,100000,39.8,https://www.kia.com/us/en/k5,NHTSA,,model-specific,
Kia,K5,GT,2026,yes,Sedan,4.0,5.0,FWD,Gas,33590.0,1245.0,34835.0,23.0,33.0,27.0,427.0,5.0,105.3,46.1,35.2,,38.4,37.4,,no,15.6,,,,,290.0,311.0,5.4,,4.0,5,60000,10,100000,39.8,https://www.kia.com/us/en/k5,NHTSA,,model-specific,
Kia,K5,EX,2026,no,Sedan,4.0,5.0,FWD,Gas,34990.0,1245.0,36235.0,25.0,36.0,29.0,458.0,5.0,105.3,46.1,35.2,,38.4,37.4,,no,15.6,,,,,191.0,181.5,7.6,,3.0,5,60000,10,100000,39.8,https://www.kia.com/us/en/k5,NHTSA,,model-specific,
Kia,Seltos,LX,2026,no,SUV,4.0,5.0,FWD,Gas,23790.0,1495.0,25285.0,28.0,34.0,31.0,409.0,5.0,99.6,41.4,38.0,,40.0,38.4,,no,26.6,62.8,,,,147.0,132.0,8.3,,1.0,5,60000,10,100000,40.0,https://www.kia.com/us/en/seltos,NHTSA,,model-specific,
Kia,Seltos,LX,2026,no,SUV,4.0,5.0,AWD,Gas,24990.0,1495.0,26485.0,27.0,31.0,29.0,383.0,5.0,99.6,41.4,38.0,,40.0,38.4,,no,26.6,62.8,,,,147.0,132.0,8.3,,1.0,5,60000,10,100000,40.0,https://www.kia.com/us/en/seltos,NHTSA,,model-specific,
Kia,Seltos,S,2026,no,SUV,4.0,5.0,FWD,Gas,25490.0,1495.0,26985.0,28.0,34.0,31.0,409.0,5.0,99.6,41.4,38.0,,40.0,38.4,,no,26.6,62.8,,,,147.0,132.0,8.3,,1.0,5,60000,10,100000,40.0,https://www.kia.com/us/en/seltos,NHTSA,,model-specific,
Kia,Seltos,S,2026,no,SUV,4.0,5.0,AWD,Gas,26990.0,1495.0,28485.0,27.0,31.0,29.0,383.0,5.0,99.6,41.4,38.0,,40.0,38.4,,no,26.6,62.8,,,,147.0,132.0,8.3,,1.0,5,60000,10,100000,40.0,https://www.kia.com/us/en/seltos,NHTSA,,model-specific,
Kia,Seltos,EX,2026,no,SUV,4.0,5.0,FWD,Gas,26490.0,1495.0,27985.0,28.0,34.0,31.0,409.0,5.0,99.6,41.4,38.0,,40.0,38.4,,no,26.6,62.8,,,,147.0,132.0,8.3,,3.0,5,60000,10,100000,40.0,https://www.kia.com/us/en/seltos,NHTSA,,model-specific,
Kia,Seltos,EX,2026,no,SUV,4.0,5.0,AWD,Gas,28690.0,1495.0,30185.0,27.0,31.0,29.0,383.0,5.0,99.6,41.4,38.0,,40.0,38.4,,no,26.6,62.8,,,,147.0,132.0,8.3,,3.0,5,60000,10,100000,40.0,https://www.kia.com/us/en/seltos,NHTSA,,model-specific,
Kia,Seltos,SX,2026,no,SUV,4.0,5.0,AWD,Gas,31490.0,1495.0,32985.0,24.0,27.0,25.0,330.0,5.0,99.6,41.4,38.0,,40.0,38.4,,no,26.6,62.8,,,,190.0,195.0,7.1,,4.0,5,60000,10,100000,40.0,https://www.kia.com/us/en/seltos,NHTSA,,model-specific,
Kia,Sportage,LX,2026,no,SUV,4.0,5.0,FWD,Gas,28790.0,1495.0,30285.0,25.0,33.0,28.0,400.4,5.0,,41.4,41.3,,39.6,39.4,,no,39.6,74.1,2500.0,,"4.0/5.0 (RepairPal, rank 6 of 26 compact SUVs)",187.0,178.0,,,2.0,5,60000,10,100000,43.2,https://www.kia.com/us/en/sportage,NHTSA,,model-specific,
Kia,Sportage,EX,2026,no,SUV,4.0,5.0,FWD,Gas,30590.0,1495.0,32085.0,25.0,33.0,28.0,400.4,5.0,,41.4,41.3,,39.6,39.4,,no,39.6,74.1,2500.0,,"4.0/5.0 (RepairPal, rank 6 of 26 compact SUVs)",187.0,178.0,,,3.0,5,60000,10,100000,43.2,https://www.kia.com/us/en/sportage,NHTSA,,model-specific,
Kia,Sportage,X-Line,2026,no,SUV,4.0,5.0,AWD,Gas,33090.0,1495.0,34585.0,24.0,30.0,26.0,371.8,5.0,,41.4,41.3,,39.6,39.4,,no,39.6,74.1,2500.0,,"4.0/5.0 (RepairPal, rank 6 of 26 compact SUVs)",187.0,178.0,9.3,,3.0,5,60000,10,100000,43.2,https://www.kia.com/us/en/sportage,NHTSA,,model-specific,
Kia,Sportage,SX,2026,no,SUV,4.0,5.0,FWD,Gas,34390.0,1495.0,35885.0,25.0,33.0,28.0,400.4,5.0,,41.4,41.3,,37.8,38.0,,no,39.6,74.1,2500.0,,"4.0/5.0 (RepairPal, rank 6 of 26 compact SUVs)",187.0,178.0,,,3.0,5,60000,10,100000,43.2,https://www.kia.com/us/en/sportage,NHTSA,,model-specific,
Kia,Sportage,SX-Prestige,2026,no,SUV,4.0,5.0,FWD,Gas,36390.0,1495.0,37885.0,25.0,33.0,28.0,400.4,5.0,,41.4,41.3,,37.8,38.0,,no,39.6,74.1,2500.0,,"4.0/5.0 (RepairPal, rank 6 of 26 compact SUVs)",187.0,178.0,,,5.0,5,60000,10,100000,43.2,https://www.kia.com/us/en/sportage,NHTSA,,model-specific,
Kia,Sportage,X-Pro Prestige,2026,no,SUV,4.0,5.0,AWD,Gas,39690.0,1495.0,41185.0,23.0,26.0,24.0,343.2,5.0,,41.4,41.3,,37.8,38.0,,no,39.6,74.1,2500.0,,"4.0/5.0 (RepairPal, rank 6 of 26 compact SUVs)",187.0,178.0,9.3,,5.0,5,60000,10,100000,43.2,https://www.kia.com/us/en/sportage,NHTSA,,model-specific,
Kia,Sportage,LX,2026,no,SUV,4.0,5.0,FWD,Hybrid,30490.0,1495.0,31985.0,41.0,44.0,42.0,575.4,5.0,,41.4,41.3,,39.6,39.1,,no,39.6,74.1,2500.0,,"4.0/5.0 (RepairPal, rank 6 of 26 compact SUVs)",232.0,271.0,6.9,,2.0,5,60000,10,100000,43.2,https://www.kia.com/us/en/sportage-hybrid,NHTSA,,model-specific,
Kia,Sportage,S,2026,no,SUV,4.0,5.0,AWD,Hybrid,32790.0,1495.0,34285.0,35.0,36.0,35.0,479.5,5.0,,41.4,41.3,,39.6,39.1,,no,39.6,74.1,2500.0,,"4.0/5.0 (RepairPal, rank 6 of 26 compact SUVs)",232.0,271.0,7.3,,2.0,5,60000,10,100000,43.2,https://www.kia.com/us/en/sportage-hybrid,NHTSA,,model-specific,
Kia,Sportage,EX,2026,no,SUV,4.0,5.0,AWD,Hybrid,33790.0,1495.0,35285.0,35.0,36.0,35.0,479.5,5.0,,41.4,41.3,,39.6,39.1,,no,39.6,74.1,2500.0,,"4.0/5.0 (RepairPal, rank 6 of 26 compact SUVs)",232.0,271.0,7.3,,3.0,5,60000,10,100000,43.2,https://www.kia.com/us/en/sportage-hybrid,NHTSA,,model-specific,
Kia,Sportage,X-Line,2026,no,SUV,4.0,5.0,AWD,Hybrid,35690.0,1495.0,37185.0,35.0,36.0,35.0,479.5,5.0,,41.4,41.3,,37.8,37.8,,no,39.6,74.1,2500.0,,"4.0/5.0 (RepairPal, rank 6 of 26 compact SUVs)",232.0,271.0,7.3,,3.0,5,60000,10,100000,43.2,https://www.kia.com/us/en/sportage-hybrid,NHTSA,,model-specific,
Kia,Sportage,SX-Prestige,2026,no,SUV,4.0,5.0,AWD,Hybrid,40590.0,1495.0,42085.0,35.0,36.0,35.0,479.5,5.0,,41.4,41.3,,37.8,37.8,,no,39.6,74.1,2500.0,,"4.0/5.0 (RepairPal, rank 6 of 26 compact SUVs)",232.0,271.0,7.3,,5.0,5,60000,10,100000,43.2,https://www.kia.com/us/en/sportage-hybrid,NHTSA,,model-specific,
Kia,Sportage,X-Line,2026,no,SUV,4.0,5.0,AWD,PHEV,40490.0,1495.0,41985.0,,,36.0,470.0,5.0,,41.4,39.5,,39.6,39.1,,no,34.5,65.5,2000.0,,"4.0/5.0 (RepairPal, rank 6 of 26 compact SUVs)",268.0,271.0,7.1,,5.0,5,60000,10,100000,43.2,https://www.kia.com/us/en/sportage-plug-in-hybrid,NHTSA,,model-specific,
Kia,Sportage,X-Line Prestige,2026,no,SUV,4.0,5.0,AWD,PHEV,47190.0,1495.0,48685.0,,,36.0,470.0,5.0,,41.4,39.5,,39.6,39.1,,no,34.5,65.5,2000.0,,"4.0/5.0 (RepairPal, rank 6 of 26 compact SUVs)",268.0,271.0,7.1,,5.0,5,60000,10,100000,43.2,https://www.kia.com/us/en/sportage-plug-in-hybrid,NHTSA,,model-specific,
Kia,Sorento,LX,2026,no,3-row SUV,4.0,7.0,FWD,Gas,32390.0,1495.0,33885.0,23.0,31.0,26.0,460.2,5.0,,41.4,41.7,29.6,40.3,39.1,,yes,12.6,75.5,2000.0,,"4.0/5.0 (RepairPal, rank 12 of 26 compact SUVs)",191.0,181.0,9.6,,1.0,5,60000,10,100000,48.4,https://www.kia.com/us/en/sorento,NHTSA,,model-specific,
Kia,Sorento,S,2026,no,3-row SUV,4.0,7.0,FWD,Gas,35290.0,1495.0,36785.0,23.0,31.0,26.0,460.2,5.0,,41.4,41.7,29.6,40.3,39.1,,yes,12.6,75.5,2000.0,,"4.0/5.0 (RepairPal, rank 12 of 26 compact SUVs)",191.0,181.0,9.6,,2.0,5,60000,10,100000,48.4,https://www.kia.com/us/en/sorento,NHTSA,,model-specific,
Kia,Sorento,EX,2026,no,3-row SUV,4.0,7.0,FWD,Gas,38490.0,1495.0,39985.0,20.0,29.0,23.0,407.1,5.0,,41.4,41.7,29.6,40.3,39.1,,yes,12.6,75.5,3500.0,,"4.0/5.0 (RepairPal, rank 12 of 26 compact SUVs)",281.0,311.0,6.0,,2.0,5,60000,10,100000,48.4,https://www.kia.com/us/en/sorento,NHTSA,,model-specific,
Kia,Sorento,SX,2026,no,3-row SUV,4.0,6.0,FWD,Gas,42290.0,1495.0,43785.0,20.0,29.0,23.0,407.1,5.0,,41.4,41.7,29.6,38.7,37.9,,yes,12.6,75.5,3500.0,,"4.0/5.0 (RepairPal, rank 12 of 26 compact SUVs)",281.0,311.0,6.0,,4.0,5,60000,10,100000,48.4,https://www.kia.com/us/en/sorento,NHTSA,,model-specific,
Kia,Sorento,X-Line EX,2026,no,3-row SUV,4.0,6.0,AWD,Gas,42790.0,1495.0,44285.0,20.0,27.0,23.0,407.1,5.0,,41.4,41.7,29.6,38.7,37.9,,yes,12.6,75.5,3500.0,,"4.0/5.0 (RepairPal, rank 12 of 26 compact SUVs)",281.0,311.0,6.7,,2.0,5,60000,10,100000,48.4,https://www.kia.com/us/en/sorento,NHTSA,,model-specific,
Kia,Sorento,X-Line SX,2026,no,3-row SUV,4.0,6.0,AWD,Gas,44090.0,1495.0,45585.0,20.0,27.0,23.0,407.1,5.0,,41.4,41.7,29.6,38.7,37.9,,yes,12.6,75.5,3500.0,,"4.0/5.0 (RepairPal, rank 12 of 26 compact SUVs)",281.0,311.0,6.7,,4.0,5,60000,10,100000,48.4,https://www.kia.com/us/en/sorento,NHTSA,,model-specific,
Kia,Sorento,X-Line SX Prestige,2026,no,3-row SUV,4.0,6.0,AWD,Gas,46790.0,1495.0,48285.0,20.0,27.0,23.0,407.1,5.0,,41.4,41.7,29.6,38.7,37.9,,yes,12.6,75.5,3500.0,,"4.0/5.0 (RepairPal, rank 12 of 26 compact SUVs)",281.0,311.0,6.7,,4.0,5,60000,10,100000,48.4,https://www.kia.com/us/en/sorento,NHTSA,,model-specific,
Kia,Sorento,X-Pro SX Prestige,2026,no,3-row SUV,4.0,6.0,AWD,Gas,47790.0,1495.0,49285.0,20.0,27.0,23.0,407.1,5.0,,41.4,41.7,29.6,38.7,37.9,,yes,12.6,75.5,4500.0,,"4.0/5.0 (RepairPal, rank 12 of 26 compact SUVs)",281.0,311.0,6.7,,4.0,5,60000,10,100000,48.4,https://www.kia.com/us/en/sorento,NHTSA,,model-specific,
Kia,Sorento,EX,2026,no,3-row SUV,4.0,7.0,FWD,Hybrid,38890.0,1495.0,40385.0,37.0,36.0,37.0,654.9,5.0,,41.4,41.7,29.6,40.3,39.1,,yes,12.6,75.5,,,"4.0/5.0 (RepairPal, rank 12 of 26 compact SUVs)",227.0,258.0,7.2,,2.0,5,60000,10,100000,48.4,https://www.kia.com/us/en/sorento-hybrid,NHTSA,,model-specific,
Kia,Sorento,SX Prestige,2026,no,3-row SUV,4.0,6.0,AWD,Hybrid,47190.0,1495.0,48685.0,32.0,35.0,34.0,601.8,5.0,,41.4,41.7,29.6,40.3,39.1,,yes,12.6,75.5,3500.0,,"4.0/5.0 (RepairPal, rank 12 of 26 compact SUVs)",227.0,258.0,,,4.0,5,60000,10,100000,48.4,https://www.kia.com/us/en/sorento-hybrid,NHTSA,,model-specific,
Kia,Sorento,EX,2026,no,3-row SUV,4.0,7.0,AWD,PHEV,48290.0,1495.0,49785.0,,,33.0,440.0,5.0,,41.4,41.7,29.6,40.3,39.1,,yes,12.6,75.5,2000.0,,"4.0/5.0 (RepairPal, rank 12 of 26 compact SUVs)",268.0,270.0,7.4,,2.0,5,60000,10,100000,48.4,https://www.kia.com/us/en/sorento-plug-in-hybrid,NHTSA,,model-specific,
Kia,Sorento,SX Prestige,2026,no,3-row SUV,4.0,6.0,AWD,PHEV,53490.0,1495.0,54985.0,,,33.0,440.0,5.0,,41.4,41.7,29.6,38.7,37.9,,yes,12.6,75.5,2000.0,,"4.0/5.0 (RepairPal, rank 12 of 26 compact SUVs)",268.0,270.0,7.4,,4.0,5,60000,10,100000,48.4,https://www.kia.com/us/en/sorento-plug-in-hybrid,NHTSA,,model-specific,
Kia,Carnival,LX,2026,no,Minivan,4.0,7.0,FWD,Gas,37390.0,1545.0,38935.0,18.0,25.0,21.0,399.0,5.0,,41.1,40.5,35.6,40.9,39.5,,yes,40.2,145.1,3500.0,,,287.0,260.0,7.5,,1.0,5,60000,10,100000,45.0,https://www.kia.com/us/en/carnival-mpv,NHTSA,,model-specific,
Kia,Carnival,LXS,2026,no,Minivan,4.0,8.0,FWD,Gas,39390.0,1545.0,40935.0,18.0,25.0,21.0,399.0,5.0,,41.1,40.5,35.6,40.9,39.5,,yes,40.2,145.1,3500.0,,,287.0,260.0,7.5,,1.0,5,60000,10,100000,45.0,https://www.kia.com/us/en/carnival-mpv,NHTSA,,model-specific,
Kia,Carnival,EX,2026,no,Minivan,4.0,8.0,FWD,Gas,41590.0,1545.0,43135.0,18.0,25.0,21.0,399.0,5.0,,41.1,40.5,35.6,40.9,39.5,,yes,40.2,145.1,3500.0,,,287.0,260.0,7.5,,4.0,5,60000,10,100000,45.0,https://www.kia.com/us/en/carnival-mpv,NHTSA,,model-specific,
Kia,Carnival,SX,2026,no,Minivan,4.0,8.0,FWD,Gas,46490.0,1545.0,48035.0,18.0,25.0,21.0,399.0,5.0,,41.1,40.5,35.6,39.7,37.6,,yes,40.2,145.1,3500.0,,,287.0,260.0,7.5,,5.0,5,60000,10,100000,45.0,https://www.kia.com/us/en/carnival-mpv,NHTSA,,model-specific,
Kia,Carnival,SX Prestige,2026,no,Minivan,4.0,7.0,FWD,Gas,51490.0,1545.0,53035.0,18.0,25.0,21.0,399.0,5.0,,41.1,40.5,35.6,39.7,37.6,,yes,40.2,145.1,3500.0,,,287.0,260.0,7.5,,6.0,5,60000,10,100000,45.0,https://www.kia.com/us/en/carnival-mpv,NHTSA,,model-specific,
Kia,Carnival,LXS,2026,no,Minivan,4.0,8.0,FWD,Hybrid,41390.0,1545.0,42935.0,34.0,31.0,32.0,608.0,5.0,,41.1,40.5,35.6,40.9,39.5,,yes,40.2,145.1,2500.0,,,242.0,271.0,7.9,,1.0,5,60000,10,100000,45.0,https://www.kia.com/us/en/carnival-mpv-hybrid,NHTSA,,model-specific,
Kia,Carnival,EX,2026,no,Minivan,4.0,8.0,FWD,Hybrid,43590.0,1545.0,45135.0,34.0,31.0,32.0,608.0,5.0,,41.1,40.5,35.6,40.9,39.5,,yes,40.2,145.1,2500.0,,,242.0,271.0,7.9,,4.0,5,60000,10,100000,45.0,https://www.kia.com/us/en/carnival-mpv-hybrid,NHTSA,,model-specific,
Kia,Carnival,SX,2026,no,Minivan,4.0,8.0,FWD,Hybrid,48490.0,1545.0,50035.0,34.0,31.0,32.0,608.0,5.0,,41.1,40.5,35.6,39.7,37.6,,yes,40.2,145.1,2500.0,,,242.0,271.0,7.9,,5.0,5,60000,10,100000,45.0,https://www.kia.com/us/en/carnival-mpv-hybrid,NHTSA,,model-specific,
Kia,Carnival,SX Prestige,2026,no,Minivan,4.0,7.0,FWD,Hybrid,53490.0,1545.0,55035.0,34.0,31.0,32.0,608.0,5.0,,41.1,40.5,35.6,39.7,37.6,,yes,40.2,145.1,2500.0,,,242.0,271.0,7.9,,6.0,5,60000,10,100000,45.0,https://www.kia.com/us/en/carnival-mpv-hybrid,NHTSA,,model-specific,
Kia,EV6,Light,2026,no,SUV,4.0,5.0,RWD,EV,37900.0,1545.0,39445.0,128.0,103.0,115.0,237.0,5.0,127.4,42.4,39.0,,39.0,38.0,,no,24.4,46.7,,,,167.0,258.0,8.3,,3.0,5,60000,10,100000,59.1,https://www.kia.com/us/en/ev6,NHTSA,,model-specific,
Kia,EV6,Light Long Range RWD,2026,no,SUV,4.0,5.0,RWD,EV,41200.0,1545.0,42745.0,128.0,101.0,114.0,319.0,5.0,127.4,42.4,39.0,,39.0,38.0,,no,24.4,46.7,,,,225.0,258.0,7.3,,3.0,5,60000,10,100000,59.1,https://www.kia.com/us/en/ev6,NHTSA,,model-specific,
Kia,EV6,Light Long Range AWD,2026,no,SUV,4.0,5.0,AWD,EV,45200.0,1545.0,46745.0,117.0,95.0,106.0,295.0,5.0,127.4,42.4,39.0,,39.0,38.0,,no,24.4,46.7,,,,320.0,446.0,5.0,,3.0,5,60000,10,100000,59.1,https://www.kia.com/us/en/ev6,NHTSA,,model-specific,
Kia,EV6,Wind RWD,2026,no,SUV,4.0,5.0,RWD,EV,44800.0,1545.0,46345.0,128.0,101.0,114.0,319.0,5.0,127.4,42.4,39.0,,39.0,38.0,,no,24.4,46.7,,,,225.0,258.0,7.3,,4.0,5,60000,10,100000,59.1,https://www.kia.com/us/en/ev6,NHTSA,,model-specific,
Kia,EV6,Wind AWD,2026,no,SUV,4.0,5.0,AWD,EV,48800.0,1545.0,50345.0,117.0,95.0,106.0,295.0,5.0,127.4,42.4,39.0,,39.0,38.0,,no,24.4,46.7,,,,320.0,446.0,5.0,,4.0,5,60000,10,100000,59.1,https://www.kia.com/us/en/ev6,NHTSA,,model-specific,
Kia,EV6,GT-Line RWD,2026,no,SUV,4.0,5.0,RWD,EV,48700.0,1545.0,50245.0,106.0,89.0,97.0,319.0,5.0,127.4,42.4,39.0,,36.8,38.0,,no,24.4,46.7,,,,225.0,258.0,7.3,,6.0,5,60000,10,100000,59.1,https://www.kia.com/us/en/ev6,NHTSA,,model-specific,
Kia,EV6,GT-Line AWD,2026,no,SUV,4.0,5.0,AWD,EV,53000.0,1545.0,54545.0,117.0,95.0,106.0,270.0,5.0,127.4,42.4,39.0,,36.8,38.0,,no,24.4,46.7,,,,320.0,446.0,5.0,,6.0,5,60000,10,100000,59.1,https://www.kia.com/us/en/ev6,NHTSA,,model-specific,
Kia,EV9,Light,2026,no,SUV,4.0,7.0,RWD,EV,54900.0,1645.0,56545.0,101.0,76.0,88.0,230.0,5.0,182.2,41.4,42.8,32.0,41.2,39.8,,yes,23.4,84.9,2000.0,,,215.0,258.0,7.4,,3.0,5,60000,10,100000,62.8,https://www.kia.com/us/en/ev9,NHTSA,,model-specific,
Kia,EV9,Light Long Range,2026,no,SUV,4.0,7.0,RWD,EV,57900.0,1645.0,59545.0,100.0,78.0,89.0,305.0,5.0,182.2,41.4,42.8,32.0,39.6,39.8,,yes,23.4,84.9,2000.0,,,201.0,258.0,8.5,,3.0,5,60000,10,100000,62.8,https://www.kia.com/us/en/ev9,NHTSA,,model-specific,
Kia,EV9,Wind,2026,no,SUV,4.0,7.0,AWD,EV,63900.0,1645.0,65545.0,94.0,75.0,84.0,283.0,5.0,180.8,41.4,42.8,32.0,39.6,38.8,,yes,22.0,83.5,3500.0,,,379.0,443.0,4.7,,4.0,5,60000,10,100000,62.8,https://www.kia.com/us/en/ev9,NHTSA,,model-specific,
Kia,EV9,Land,2026,no,SUV,4.0,6.0,AWD,EV,68900.0,1645.0,70545.0,94.0,75.0,84.0,283.0,5.0,182.3,41.4,42.8,32.0,39.6,38.8,,yes,22.0,83.5,5000.0,,,379.0,443.0,4.7,,4.0,5,60000,10,100000,62.8,https://www.kia.com/us/en/ev9,NHTSA,,model-specific,
Kia,EV9,GT-Line,2026,no,SUV,4.0,6.0,AWD,EV,71900.0,1645.0,73545.0,92.0,72.0,82.0,280.0,5.0,182.3,41.4,42.8,32.0,39.6,38.8,,yes,22.0,83.5,5000.0,,,379.0,516.0,4.7,,6.0,5,60000,10,100000,62.8,https://www.kia.com/us/en/ev9,NHTSA,,model-specific,
Kia,Niro,LX,2026,no,SUV,4.0,5.0,FWD,Hybrid,27390.0,1495.0,28885.0,53.0,54.0,53.0,588.0,4.0,127.9,41.5,39.8,,40.5,39.5,,no,22.8,63.7,,,,139.0,195.0,8.8,,1.0,5,60000,10,100000,43.9,https://www.kia.com/us/en/niro,NHTSA,,model-specific,
Kia,Niro,EX,2026,no,SUV,4.0,5.0,FWD,Hybrid,30190.0,1495.0,31685.0,53.0,54.0,53.0,588.0,4.0,127.9,41.5,39.8,,40.5,39.5,,no,22.8,63.7,,,,139.0,195.0,8.8,,2.0,5,60000,10,100000,43.9,https://www.kia.com/us/en/niro,NHTSA,,model-specific,
Kia,Niro,SX,2026,no,SUV,4.0,5.0,FWD,Hybrid,33390.0,1495.0,34885.0,53.0,54.0,53.0,588.0,4.0,127.9,41.5,39.8,,40.5,39.5,,no,22.8,63.7,,,,139.0,195.0,8.8,,2.0,5,60000,10,100000,43.9,https://www.kia.com/us/en/niro,NHTSA,,model-specific,
Kia,Niro,SX Touring,2026,no,SUV,4.0,5.0,FWD,Hybrid,35790.0,1495.0,37285.0,53.0,45.0,49.0,543.0,4.0,127.9,41.5,39.8,,40.5,39.5,,no,22.8,63.7,,,,139.0,195.0,8.8,,2.0,5,60000,10,100000,43.9,https://www.kia.com/us/en/niro,NHTSA,,model-specific,
Kia,Niro EV,Wind,2026,no,SUV,4.0,5.0,FWD,EV,39700.0,1495.0,41195.0,126.0,101.0,113.0,253.0,,99.7,41.5,36.9,,40.5,38.1,,no,22.8,63.7,,,,201.0,188.0,7.1,,2.0,5,60000,10,100000,57.1,https://www.kia.com/us/en/niro-ev,,,model-specific,
Kia,Niro EV,Wave,2026,no,SUV,4.0,5.0,FWD,EV,44700.0,1495.0,46195.0,126.0,101.0,113.0,253.0,,99.7,41.5,36.9,,40.5,38.1,,no,22.8,63.7,,,,201.0,188.0,7.1,,3.0,5,60000,10,100000,57.1,https://www.kia.com/us/en/niro-ev,,,model-specific,
Chevrolet,Trax,LS,2026,no,subcompact SUV,4.0,5.0,FWD,Gas,21700.0,1795.0,23495.0,28.0,31.0,29.0,383.0,4.0,,41.9,38.7,,39.6,38.1,,no,25.6,54.1,,,4.0,137.0,162.0,9.1,,1.0,3,36000,5,60000,48.4,https://www.chevrolet.com/suvs/trax,NHTSA,,"CarEdge, brand-level only, ranks 10th of 19 popular brands",
Chevrolet,Trax,1RS,2026,no,subcompact SUV,4.0,5.0,FWD,Gas,23200.0,1795.0,24995.0,28.0,31.0,29.0,383.0,4.0,,41.9,38.7,,39.6,38.1,,no,25.6,54.1,,,4.0,137.0,162.0,9.1,,1.0,3,36000,5,60000,48.4,https://www.chevrolet.com/suvs/trax,NHTSA,,"CarEdge, brand-level only, ranks 10th of 19 popular brands",
Chevrolet,Trax,LT,2026,no,subcompact SUV,4.0,5.0,FWD,Gas,23200.0,1795.0,24995.0,28.0,31.0,29.0,383.0,4.0,,41.9,38.7,,39.6,38.1,,no,25.6,54.1,,,4.0,137.0,162.0,9.1,,2.0,3,36000,5,60000,48.4,https://www.chevrolet.com/suvs/trax,NHTSA,,"CarEdge, brand-level only, ranks 10th of 19 popular brands",
Chevrolet,Trax,2RS,2026,no,subcompact SUV,4.0,5.0,FWD,Gas,25400.0,1795.0,27195.0,28.0,31.0,29.0,383.0,4.0,,41.9,38.7,,39.6,38.1,,no,25.6,54.1,,,4.0,137.0,162.0,9.1,,2.0,3,36000,5,60000,48.4,https://www.chevrolet.com/suvs/trax,NHTSA,,"CarEdge, brand-level only, ranks 10th of 19 popular brands",
Chevrolet,Trax,ACTIV,2026,no,subcompact SUV,4.0,5.0,FWD,Gas,25400.0,1795.0,27195.0,28.0,31.0,29.0,383.0,4.0,,41.9,38.7,,39.6,38.1,,no,25.6,54.1,,,4.0,137.0,162.0,9.1,,2.0,3,36000,5,60000,48.4,https://www.chevrolet.com/suvs/trax,NHTSA,,"CarEdge, brand-level only, ranks 10th of 19 popular brands",
Chevrolet,Trailblazer,LS,2026,no,subcompact SUV,4.0,5.0,FWD,Gas,23300.0,1795.0,25095.0,29.0,33.0,31.0,409.0,5.0,123.5,40.9,39.0,,40.0,38.4,,no,25.3,54.4,1000.0,,,137.0,162.0,,,2.0,3,36000,5,60000,48.4,https://www.chevrolet.com/suvs/trailblazer,NHTSA,,"CarEdge, brand-level only, ranks 10th of 19 popular brands",
Chevrolet,Trailblazer,LT,2026,no,subcompact SUV,4.0,5.0,FWD,Gas,24500.0,1795.0,26295.0,29.0,33.0,31.0,409.0,5.0,123.5,40.9,39.0,,40.0,38.4,,no,25.3,54.4,1000.0,,,137.0,162.0,,,2.0,3,36000,5,60000,48.4,https://www.chevrolet.com/suvs/trailblazer,NHTSA,,"CarEdge, brand-level only, ranks 10th of 19 popular brands",
Chevrolet,Trailblazer,ACTIV,2026,no,subcompact SUV,4.0,5.0,FWD,Gas,27900.0,1795.0,29695.0,29.0,33.0,31.0,409.0,5.0,123.5,40.9,39.0,,40.0,38.4,,no,25.3,54.4,1000.0,,,155.0,174.0,,,2.0,3,36000,5,60000,48.4,https://www.chevrolet.com/suvs/trailblazer,NHTSA,,"CarEdge, brand-level only, ranks 10th of 19 popular brands",
Chevrolet,Trailblazer,RS,2026,yes,subcompact SUV,4.0,5.0,FWD,Gas,27900.0,1795.0,29695.0,29.0,33.0,31.0,409.0,5.0,123.5,40.9,39.0,,40.0,38.4,,no,25.3,54.4,1000.0,,,155.0,174.0,,,2.0,3,36000,5,60000,48.4,https://www.chevrolet.com/suvs/trailblazer,NHTSA,,"CarEdge, brand-level only, ranks 10th of 19 popular brands",
Chevrolet,Equinox,LT,2026,no,compact SUV,4.0,5.0,FWD,Gas,28800.0,1995.0,30795.0,26.0,29.0,27.0,400.0,3.5,,40.9,39.9,,40.0,39.2,,no,29.8,63.5,800.0,,3.5,175.0,184.0,,,2.0,3,36000,5,60000,48.4,https://www.chevrolet.com/suvs/previous-year/equinox,IIHS,,"CarEdge, brand-level only, ranks 10th of 19 popular brands",
Chevrolet,Equinox,RS,2026,yes,compact SUV,4.0,5.0,FWD,Gas,33600.0,1995.0,35595.0,26.0,29.0,27.0,400.0,3.5,,40.9,39.9,,40.0,39.2,,no,29.8,63.5,800.0,,3.5,175.0,184.0,,,3.0,3,36000,5,60000,48.4,https://www.chevrolet.com/suvs/previous-year/equinox,IIHS,,"CarEdge, brand-level only, ranks 10th of 19 popular brands",
Chevrolet,Equinox,ACTIV,2026,no,compact SUV,4.0,5.0,FWD,Gas,33600.0,1995.0,35595.0,26.0,29.0,27.0,400.0,3.5,,40.9,39.9,,40.0,39.2,,no,29.8,63.5,800.0,,3.5,175.0,184.0,,,3.0,3,36000,5,60000,48.4,https://www.chevrolet.com/suvs/previous-year/equinox,IIHS,,"CarEdge, brand-level only, ranks 10th of 19 popular brands",
Chevrolet,Blazer,2LT,2026,no,mid-size SUV,4.0,5.0,FWD,Gas,34300.0,1995.0,36295.0,22.0,29.0,25.0,485.0,5.0,138.3,41.0,39.6,,39.8,38.6,,no,30.5,64.2,3250.0,,,228.0,258.0,6.6,,1.0,3,36000,5,60000,48.4,https://www.chevrolet.com/suvs/blazer,NHTSA,,"CarEdge, brand-level only, ranks 10th of 19 popular brands",
Chevrolet,Blazer,3LT,2026,no,mid-size SUV,4.0,5.0,FWD,Gas,39700.0,1995.0,41695.0,22.0,29.0,25.0,485.0,5.0,138.3,41.0,39.6,,39.8,38.6,,no,30.5,64.2,3250.0,,,228.0,258.0,6.6,,1.0,3,36000,5,60000,48.4,https://www.chevrolet.com/suvs/blazer,NHTSA,,"CarEdge, brand-level only, ranks 10th of 19 popular brands",
Chevrolet,Blazer,RS,2026,yes,mid-size SUV,4.0,5.0,FWD,Gas,43600.0,1995.0,45595.0,22.0,29.0,25.0,485.0,5.0,138.3,41.0,39.6,,39.8,38.6,,no,30.5,64.2,3250.0,,,228.0,258.0,6.6,,1.0,3,36000,5,60000,48.4,https://www.chevrolet.com/suvs/blazer,NHTSA,,"CarEdge, brand-level only, ranks 10th of 19 popular brands",
Chevrolet,Blazer EV,LT,2026,no,mid-size electric SUV,4.0,5.0,FWD,EV,44700.0,1795.0,46495.0,114.0,95.0,104.0,312.0,,,44.2,38.9,,40.9,39.4,,no,25.5,59.1,1500.0,,,220.0,243.0,,,1.0,3,36000,5,60000,48.4,https://www.chevrolet.com/electric/blazer-ev,,,"CarEdge, brand-level only, ranks 10th of 19 popular brands",
Chevrolet,Blazer EV,RS,2026,no,mid-size electric SUV,4.0,5.0,FWD,EV,50500.0,1795.0,52295.0,114.0,95.0,104.0,312.0,,,44.2,38.9,,40.9,39.4,,no,25.5,59.1,1500.0,,,220.0,243.0,,,2.0,3,36000,5,60000,48.4,https://www.chevrolet.com/electric/blazer-ev,,,"CarEdge, brand-level only, ranks 10th of 19 popular brands",
Chevrolet,Blazer EV,SS,2026,yes,mid-size electric SUV,4.0,5.0,AWD,EV,60700.0,1795.0,62495.0,92.0,77.0,85.0,302.0,5.0,,44.2,38.9,,40.9,39.4,,no,25.5,59.1,,,,615.0,650.0,3.4,,3.0,3,36000,5,60000,48.4,https://www.chevrolet.com/electric/blazer-ev,NHTSA,,"CarEdge, brand-level only, ranks 10th of 19 popular brands",
Chevrolet,Colorado,WT,2026,no,mid-size truck,4.0,5.0,RWD,Gas,32400.0,2095.0,34495.0,19.0,24.0,21.0,449.0,4.0,,45.2,34.7,,40.3,38.3,,no,,,7700.0,1710.0,4.0,310.0,430.0,,,1.0,3,36000,5,60000,48.4,https://www.chevrolet.com/trucks/colorado,NHTSA,,"CarEdge, brand-level only, ranks 10th of 19 popular brands",5.1
Chevrolet,Colorado,Custom,2026,no,mid-size truck,4.0,5.0,RWD,Gas,33545.0,2095.0,35640.0,19.0,24.0,21.0,449.0,4.0,,45.2,34.7,,40.3,38.3,,no,,,7700.0,1710.0,4.0,310.0,430.0,,,1.0,3,36000,5,60000,48.4,https://www.chevrolet.com/trucks/colorado,NHTSA,,"CarEdge, brand-level only, ranks 10th of 19 popular brands",5.1
Chevrolet,Colorado,LT,2026,no,mid-size truck,4.0,5.0,RWD,Gas,36000.0,2095.0,38095.0,19.0,24.0,21.0,449.0,4.0,,45.2,34.7,,40.3,38.3,,no,,,7700.0,1710.0,4.0,310.0,430.0,,,1.0,3,36000,5,60000,48.4,https://www.chevrolet.com/trucks/colorado,NHTSA,,"CarEdge, brand-level only, ranks 10th of 19 popular brands",5.1
Chevrolet,Colorado,Trail Boss,2026,yes,mid-size truck,4.0,5.0,4WD,Gas,40500.0,2095.0,42595.0,17.0,22.0,19.0,407.0,4.0,,45.2,34.7,,40.3,38.3,,no,,,7700.0,1570.0,4.0,310.0,430.0,,,1.0,3,36000,5,60000,48.4,https://www.chevrolet.com/trucks/colorado,NHTSA,,"CarEdge, brand-level only, ranks 10th of 19 popular brands",5.1
Chevrolet,Colorado,Z71,2026,yes,mid-size truck,4.0,5.0,4WD,Gas,44600.0,2095.0,46695.0,17.0,22.0,19.0,407.0,4.0,,45.2,34.7,,40.3,38.3,,no,,,7700.0,1590.0,4.0,310.0,430.0,,,1.0,3,36000,5,60000,48.4,https://www.chevrolet.com/trucks/colorado,NHTSA,,"CarEdge, brand-level only, ranks 10th of 19 popular brands",5.1
Chevrolet,Colorado,ZR2,2026,yes,mid-size truck,4.0,5.0,4WD,Gas,50700.0,2095.0,52795.0,17.0,22.0,19.0,407.0,4.0,,45.2,34.7,,40.3,38.3,,no,,,6000.0,1310.0,4.0,310.0,430.0,6.8,,1.0,3,36000,5,60000,48.4,https://www.chevrolet.com/trucks/colorado,NHTSA,,"CarEdge, brand-level only, ranks 10th of 19 popular brands",5.1
Chevrolet,Colorado,ZR2 Bison,2026,yes,mid-size truck,4.0,5.0,4WD,Gas,62200.0,2095.0,64295.0,17.0,22.0,19.0,407.0,4.0,,45.2,34.7,,40.3,38.3,,no,,,5500.0,1151.0,4.0,310.0,430.0,,,1.0,3,36000,5,60000,48.4,https://www.chevrolet.com/trucks/colorado,NHTSA,,"CarEdge, brand-level only, ranks 10th of 19 popular brands",5.1
Chevrolet,Tahoe,LS,2026,no,3-row SUV,4.0,8.0,RWD,Gas,60700.0,2795.0,63495.0,15.0,20.0,17.0,408.0,5.0,,44.5,42.0,34.9,42.3,38.9,38.0,yes,25.5,122.7,8400.0,1746.0,3.5,355.0,383.0,7.7,,3.0,3,36000,5,60000,48.4,https://www.chevrolet.com/suvs/tahoe,NHTSA,,"CarEdge, brand-level only, ranks 10th of 19 popular brands",
Chevrolet,Tahoe,LT,2026,no,3-row SUV,4.0,8.0,RWD,Gas,63700.0,2795.0,66495.0,15.0,20.0,17.0,408.0,5.0,,44.5,42.0,34.9,42.3,38.9,38.0,yes,25.5,122.7,8400.0,1746.0,3.5,355.0,383.0,7.7,,3.0,3,36000,5,60000,48.4,https://www.chevrolet.com/suvs/tahoe,NHTSA,,"CarEdge, brand-level only, ranks 10th of 19 popular brands",
Chevrolet,Tahoe,RST,2026,no,3-row SUV,4.0,8.0,RWD,Gas,68700.0,2795.0,71495.0,15.0,20.0,17.0,408.0,5.0,,44.5,42.0,34.9,42.3,38.9,38.0,yes,25.5,122.7,8400.0,1746.0,3.5,355.0,383.0,7.7,,3.0,3,36000,5,60000,48.4,https://www.chevrolet.com/suvs/tahoe,NHTSA,,"CarEdge, brand-level only, ranks 10th of 19 popular brands",
Chevrolet,Tahoe,Z71,2026,yes,3-row SUV,4.0,8.0,4WD,Gas,70700.0,2795.0,73495.0,15.0,19.0,17.0,408.0,5.0,,44.5,42.0,34.9,42.3,38.9,38.0,yes,25.5,122.7,8400.0,1746.0,3.5,355.0,383.0,,,3.0,3,36000,5,60000,48.4,https://www.chevrolet.com/suvs/tahoe,NHTSA,,"CarEdge, brand-level only, ranks 10th of 19 popular brands",
Chevrolet,Tahoe,Premier,2026,no,3-row SUV,4.0,7.0,RWD,Gas,75600.0,2795.0,78395.0,15.0,20.0,17.0,408.0,5.0,,44.5,42.0,34.9,42.3,38.9,38.0,yes,25.5,122.7,8400.0,1746.0,3.5,355.0,383.0,7.7,,3.0,3,36000,5,60000,48.4,https://www.chevrolet.com/suvs/tahoe,NHTSA,,"CarEdge, brand-level only, ranks 10th of 19 popular brands",
Chevrolet,Tahoe,High Country,2026,no,3-row SUV,4.0,7.0,RWD,Gas,80700.0,2795.0,83495.0,15.0,20.0,17.0,408.0,5.0,,44.5,42.0,34.9,42.3,38.9,38.0,yes,25.5,122.7,8400.0,1720.0,3.5,420.0,460.0,5.8,,3.0,3,36000,5,60000,48.4,https://www.chevrolet.com/suvs/tahoe,NHTSA,,"CarEdge, brand-level only, ranks 10th of 19 popular brands",
Chevrolet,Suburban,LS,2026,no,3-row SUV,4.0,8.0,RWD,Gas,63700.0,2795.0,66495.0,15.0,20.0,17.0,476.0,5.0,,44.5,42.0,36.7,42.3,38.9,38.0,yes,41.5,144.5,8200.0,1696.0,3.0,355.0,383.0,7.6,,3.0,3,36000,5,60000,48.4,https://www.chevrolet.com/suvs/suburban,NHTSA,,"CarEdge, brand-level only, ranks 10th of 19 popular brands",
Chevrolet,Suburban,LT,2026,no,3-row SUV,4.0,8.0,RWD,Gas,66700.0,2795.0,69495.0,15.0,20.0,17.0,476.0,5.0,,44.5,42.0,36.7,42.3,38.9,38.0,yes,41.5,144.5,8200.0,1696.0,3.0,355.0,383.0,7.6,,3.0,3,36000,5,60000,48.4,https://www.chevrolet.com/suvs/suburban,NHTSA,,"CarEdge, brand-level only, ranks 10th of 19 popular brands",
Chevrolet,Suburban,RST,2026,no,3-row SUV,4.0,8.0,RWD,Gas,71700.0,2795.0,74495.0,15.0,20.0,17.0,476.0,5.0,,44.5,42.0,36.7,42.3,38.9,38.0,yes,41.5,144.5,8200.0,1696.0,3.0,355.0,383.0,7.6,,3.0,3,36000,5,60000,48.4,https://www.chevrolet.com/suvs/suburban,NHTSA,,"CarEdge, brand-level only, ranks 10th of 19 popular brands",
Chevrolet,Suburban,Z71,2026,yes,3-row SUV,4.0,8.0,4WD,Gas,73700.0,2795.0,76495.0,14.0,19.0,16.0,448.0,5.0,,44.5,42.0,36.7,42.3,38.9,38.0,yes,41.5,144.5,8200.0,1759.0,3.0,355.0,383.0,,,3.0,3,36000,5,60000,48.4,https://www.chevrolet.com/suvs/suburban,NHTSA,,"CarEdge, brand-level only, ranks 10th of 19 popular brands",
Chevrolet,Suburban,Premier,2026,no,3-row SUV,4.0,7.0,RWD,Gas,78600.0,2795.0,81395.0,15.0,20.0,17.0,476.0,5.0,,44.5,42.0,36.7,42.3,38.9,38.0,yes,41.5,144.5,8200.0,1696.0,3.0,355.0,383.0,7.6,,3.0,3,36000,5,60000,48.4,https://www.chevrolet.com/suvs/suburban,NHTSA,,"CarEdge, brand-level only, ranks 10th of 19 popular brands",
Chevrolet,Suburban,High Country,2026,no,3-row SUV,4.0,7.0,RWD,Gas,83700.0,2795.0,86495.0,15.0,20.0,17.0,476.0,5.0,,44.5,42.0,36.7,42.3,38.9,38.0,yes,41.5,144.5,8000.0,1696.0,3.0,420.0,460.0,6.7,,3.0,3,36000,5,60000,48.4,https://www.chevrolet.com/suvs/suburban,NHTSA,,"CarEdge, brand-level only, ranks 10th of 19 popular brands",
Chevrolet,Silverado HD,WT,2026,no,heavy-duty truck,4.0,6.0,RWD,Gas,45900.0,2795.0,48695.0,,,,,,,44.5,43.4,,43.0,40.1,,no,,,18700.0,3900.0,3.0,401.0,464.0,,,1.0,3,36000,5,60000,48.4,https://www.chevrolet.com/trucks/silverado/2500hd-3500hd,,36.0,"CarEdge, brand-level only, ranks 10th of 19 popular brands",6.9
Chevrolet,Silverado HD,Custom,2026,no,heavy-duty truck,4.0,6.0,RWD,Gas,49200.0,2795.0,51995.0,,,,,,,44.5,43.4,,43.0,40.1,,no,,,18700.0,3900.0,3.0,401.0,464.0,,,1.0,3,36000,5,60000,48.4,https://www.chevrolet.com/trucks/silverado/2500hd-3500hd,,36.0,"CarEdge, brand-level only, ranks 10th of 19 popular brands",6.9
Chevrolet,Silverado HD,LT,2026,no,heavy-duty truck,4.0,6.0,RWD,Gas,52600.0,2795.0,55395.0,,,,,,,44.5,43.4,,43.0,40.1,,no,,,18700.0,3900.0,3.0,401.0,464.0,,,2.0,3,36000,5,60000,48.4,https://www.chevrolet.com/trucks/silverado/2500hd-3500hd,,36.0,"CarEdge, brand-level only, ranks 10th of 19 popular brands",6.9
Chevrolet,Silverado HD,LTZ,2026,no,heavy-duty truck,4.0,5.0,RWD,Gas,63300.0,2795.0,66095.0,,,,,,,44.5,43.4,,43.0,40.1,,no,,,18700.0,3900.0,3.0,401.0,464.0,,,2.0,3,36000,5,60000,48.4,https://www.chevrolet.com/trucks/silverado/2500hd-3500hd,,36.0,"CarEdge, brand-level only, ranks 10th of 19 popular brands",6.9
Chevrolet,Silverado HD,High Country,2026,no,heavy-duty truck,4.0,5.0,4WD,Gas,70900.0,2795.0,73695.0,,,,,,,44.5,43.4,,43.0,40.1,,no,,,18700.0,3900.0,3.0,401.0,464.0,,,3.0,3,36000,5,60000,48.4,https://www.chevrolet.com/trucks/silverado/2500hd-3500hd,,36.0,"CarEdge, brand-level only, ranks 10th of 19 popular brands",6.9
Chevrolet,Silverado HD,ZR2,2026,yes,heavy-duty truck,4.0,5.0,4WD,Gas,73200.0,2795.0,75995.0,,,,,,,44.5,43.4,,43.0,40.1,,no,,,18700.0,3900.0,3.0,401.0,464.0,,,2.0,3,36000,5,60000,48.4,https://www.chevrolet.com/trucks/silverado/2500hd-3500hd,,36.0,"CarEdge, brand-level only, ranks 10th of 19 popular brands",6.9
Chevrolet,Silverado EV,WT,2026,no,full-size electric truck,4.0,5.0,AWD,EV,52800.0,2595.0,55395.0,,,,283.0,5.0,,44.9,44.4,,41.9,39.7,,no,,,8500.0,2350.0,,510.0,490.0,,,3.0,3,36000,8,100000,48.4,https://www.chevrolet.com/electric/silverado-ev,NHTSA,,"CarEdge, brand-level only, ranks 10th of 19 popular brands",5.9
Chevrolet,Silverado EV,LT,2026,no,full-size electric truck,4.0,5.0,AWD,EV,60900.0,2595.0,63495.0,,,,283.0,5.0,,44.9,44.4,,41.9,39.7,,no,,,8500.0,2350.0,,510.0,580.0,4.2,,3.0,3,36000,8,100000,48.4,https://www.chevrolet.com/electric/silverado-ev,NHTSA,,"CarEdge, brand-level only, ranks 10th of 19 popular brands",5.9
Chevrolet,Silverado EV,Trail Boss,2026,yes,full-size electric truck,4.0,5.0,AWD,EV,70000.0,2595.0,72595.0,,,,410.0,5.0,,44.9,44.4,,41.9,39.7,,no,,,12500.0,1700.0,,625.0,775.0,,,3.0,3,36000,8,100000,48.4,https://www.chevrolet.com/electric/silverado-ev,NHTSA,,"CarEdge, brand-level only, ranks 10th of 19 popular brands",5.9
Chevrolet,Silverado EV,RST,2026,no,full-size electric truck,4.0,5.0,AWD,EV,97350.0,2595.0,99945.0,,,,410.0,5.0,,44.9,44.4,,41.9,39.7,,no,,,,,,645.0,785.0,4.4,,3.0,3,36000,8,100000,48.4,https://www.chevrolet.com/electric/silverado-ev,NHTSA,,"CarEdge, brand-level only, ranks 10th of 19 popular brands",5.9
Chevrolet,Corvette,Stingray,2026,no,sports car,2.0,2.0,RWD,Gas,70000.0,2495.0,72495.0,16.0,25.0,19.0,352.0,,,42.8,,,37.9,,,no,12.6,12.6,,,3.0,490.0,465.0,2.9,194.0,2.0,3,36000,5,60000,48.4,https://www.chevrolet.com/performance/previous-year/corvette/stingray,,18.5,"CarEdge, brand-level only, ranks 10th of 19 popular brands",
Chevrolet,Corvette,E-Ray,2026,yes,sports car,2.0,2.0,AWD,Gas,108600.0,2495.0,111095.0,16.0,24.0,19.0,352.0,,,42.8,,,37.9,,,no,12.6,12.6,,,3.0,655.0,,2.5,,2.0,3,36000,5,60000,48.4,https://www.chevrolet.com/performance/previous-year/corvette/e-ray,,18.5,"CarEdge, brand-level only, ranks 10th of 19 popular brands",
Chevrolet,Corvette,Z06,2026,yes,sports car,2.0,2.0,RWD,Gas,117700.0,2495.0,120195.0,12.0,21.0,15.0,278.0,,,42.8,,,37.9,,,no,12.6,12.6,,,3.0,670.0,460.0,2.6,,2.0,3,36000,5,60000,48.4,https://www.chevrolet.com/performance/previous-year/corvette/z06,,18.5,"CarEdge, brand-level only, ranks 10th of 19 popular brands",
Chevrolet,Corvette,ZR1,2026,yes,sports car,2.0,2.0,RWD,Gas,182000.0,2495.0,184495.0,12.0,18.0,14.0,259.0,,,42.8,,,37.9,,,no,12.6,12.6,,,3.0,1064.0,828.0,2.3,233.0,2.0,3,36000,5,60000,48.4,https://www.chevrolet.com/performance/previous-year/corvette/zr1,,18.5,"CarEdge, brand-level only, ranks 10th of 19 popular brands",
Chevrolet,Corvette,ZR1X,2026,yes,sports car,2.0,2.0,AWD,Gas,207100.0,2495.0,209595.0,,,,,,,42.8,,,37.9,,,no,12.6,12.6,,,3.0,1250.0,,1.89,,2.0,3,36000,5,60000,48.4,https://www.chevrolet.com/performance/previous-year/corvette/zr1x,,18.5,"CarEdge, brand-level only, ranks 10th of 19 popular brands",
Ford,Escape,Active,2026,no,SUV,4.0,5.0,FWD,Gas,30350.0,1495.0,31845.0,27.0,34.0,30.0,444.0,5.0,104.0,42.4,40.7,,40.0,39.3,,no,37.5,65.4,,,4.0,180.0,199.0,7.4,,1.0,3,36000,5,60000,49.9,https://www.ford.com/suvs-crossovers/escape/,NHTSA,14.8,"CarEdge, brand-level only, ranks 13th of 19 popular brands",
Ford,Escape,ST-Line,2026,no,SUV,4.0,5.0,FWD,Gas,31195.0,1495.0,32690.0,27.0,34.0,30.0,444.0,5.0,104.0,42.4,40.7,,40.0,39.3,,no,37.5,65.4,,,4.0,180.0,199.0,7.4,,1.0,3,36000,5,60000,49.9,https://www.ford.com/suvs-crossovers/escape/,NHTSA,14.8,"CarEdge, brand-level only, ranks 13th of 19 popular brands",
Ford,Escape,ST-Line Select,2026,no,SUV,4.0,5.0,AWD,Gas,35015.0,1495.0,36510.0,23.0,31.0,,,5.0,104.0,42.4,40.7,,40.0,39.3,,no,37.5,65.4,,,4.0,250.0,280.0,5.7,,1.0,3,36000,5,60000,49.9,https://www.ford.com/suvs-crossovers/escape/,NHTSA,14.8,"CarEdge, brand-level only, ranks 13th of 19 popular brands",
Ford,Escape,ST-Line Select Hybrid,2026,no,SUV,4.0,5.0,AWD,Hybrid,33890.0,1495.0,35385.0,42.0,36.0,39.0,,5.0,104.0,42.4,40.7,,40.0,39.3,,no,37.5,65.4,,,4.0,192.0,,7.3,,1.0,3,36000,5,60000,49.9,https://www.ford.com/suvs-crossovers/escape/,NHTSA,,"CarEdge, brand-level only, ranks 13th of 19 popular brands",
Ford,Escape,ST-Line Elite,2026,no,SUV,4.0,5.0,AWD,Gas,38935.0,1495.0,40430.0,23.0,31.0,,,5.0,104.0,42.4,40.7,,40.0,39.3,,no,37.5,65.4,,,4.0,250.0,280.0,5.7,,3.0,3,36000,5,60000,49.9,https://www.ford.com/suvs-crossovers/escape/,NHTSA,14.8,"CarEdge, brand-level only, ranks 13th of 19 popular brands",
Ford,Escape,ST-Line Elite Hybrid,2026,no,SUV,4.0,5.0,AWD,Hybrid,37210.0,1495.0,38705.0,42.0,36.0,39.0,,5.0,104.0,42.4,40.7,,40.0,39.3,,no,37.5,65.4,,,4.0,192.0,,7.3,,3.0,3,36000,5,60000,49.9,https://www.ford.com/suvs-crossovers/escape/,NHTSA,,"CarEdge, brand-level only, ranks 13th of 19 popular brands",
Ford,Escape,Platinum,2026,no,SUV,4.0,5.0,AWD,Gas,37940.0,1495.0,39435.0,23.0,31.0,,,5.0,104.0,42.4,40.7,,40.0,39.3,,no,37.5,65.4,,,4.0,250.0,280.0,5.7,,3.0,3,36000,5,60000,49.9,https://www.ford.com/suvs-crossovers/escape/,NHTSA,14.8,"CarEdge, brand-level only, ranks 13th of 19 popular brands",
Ford,Escape,Platinum Hybrid,2026,no,SUV,4.0,5.0,AWD,Hybrid,36215.0,1495.0,37710.0,42.0,36.0,39.0,,5.0,104.0,42.4,40.7,,40.0,39.3,,no,37.5,65.4,,,4.0,192.0,,7.3,,3.0,3,36000,5,60000,49.9,https://www.ford.com/suvs-crossovers/escape/,NHTSA,,"CarEdge, brand-level only, ranks 13th of 19 popular brands",
Ford,Escape,Plug-In Hybrid,2026,no,SUV,4.0,5.0,FWD,PHEV,35400.0,1495.0,36895.0,,,40.0,,5.0,104.0,42.4,40.7,,40.0,39.3,,no,37.5,65.4,,,4.0,210.0,,,,1.0,3,36000,5,60000,49.9,https://www.ford.com/suvs-crossovers/escape/,NHTSA,,"CarEdge, brand-level only, ranks 13th of 19 popular brands",
Ford,Bronco Sport,Big Bend,2026,no,SUV,4.0,5.0,AWD,Gas,31845.0,1995.0,33840.0,25.0,30.0,,,5.0,,42.4,36.9,,41.5,41.7,,no,32.5,65.2,2200.0,,,181.0,190.0,8.2,,2.0,3,36000,5,60000,49.9,https://www.ford.com/suvs/bronco-sport/models/big-bend/,NHTSA,16.0,"CarEdge, brand-level only, ranks 13th of 19 popular brands",
Ford,Bronco Sport,Heritage,2026,no,SUV,4.0,5.0,AWD,Gas,34145.0,1995.0,36140.0,25.0,30.0,,,5.0,,42.4,36.9,,41.5,41.7,,no,32.5,65.2,2200.0,,,181.0,190.0,8.2,,2.0,3,36000,5,60000,49.9,https://www.ford.com/suvs/bronco-sport/models/heritage/,NHTSA,16.0,"CarEdge, brand-level only, ranks 13th of 19 popular brands",
Ford,Bronco Sport,Outer Banks,2026,no,SUV,4.0,5.0,AWD,Gas,36945.0,1995.0,38940.0,25.0,30.0,,,5.0,,42.4,36.9,,41.5,41.7,,no,32.5,65.2,2200.0,,,181.0,190.0,8.2,,2.0,3,36000,5,60000,49.9,https://www.ford.com/suvs/bronco-sport/models/outer-banks/,NHTSA,16.0,"CarEdge, brand-level only, ranks 13th of 19 popular brands",
Ford,Bronco Sport,Badlands,2026,yes,SUV,4.0,5.0,AWD,Gas,40265.0,1995.0,42260.0,21.0,28.0,,,5.0,,42.4,36.9,,41.5,41.7,,no,32.5,65.2,2700.0,,,250.0,277.0,5.9,,3.0,3,36000,5,60000,49.9,https://www.ford.com/suvs/bronco-sport/models/badlands/,NHTSA,16.0,"CarEdge, brand-level only, ranks 13th of 19 popular brands",
Ford,Bronco,Base,2026,no,SUV,4.0,5.0,4WD,Gas,40495.0,1995.0,42490.0,18.0,22.0,,,3.0,,43.1,36.3,,43.3,41.1,,no,38.3,83.0,3500.0,,,300.0,325.0,7.1,,2.0,3,36000,5,60000,49.9,https://www.ford.com/suvs/bronco/models/base/,IIHS,20.8,"CarEdge, brand-level only, ranks 13th of 19 popular brands",
Ford,Bronco,Big Bend,2026,no,SUV,4.0,5.0,4WD,Gas,40995.0,1995.0,42990.0,18.0,22.0,,,3.0,,43.1,36.3,,43.3,41.1,,no,38.3,83.0,3500.0,,,300.0,325.0,7.1,,2.0,3,36000,5,60000,49.9,https://www.ford.com/suvs/bronco/models/big-bend/,IIHS,20.8,"CarEdge, brand-level only, ranks 13th of 19 popular brands",
Ford,Bronco,Outer Banks,2026,no,SUV,4.0,5.0,4WD,Gas,48090.0,1995.0,50085.0,18.0,22.0,,,3.0,,43.1,36.3,,43.3,41.1,,no,38.3,83.0,3500.0,,,300.0,325.0,7.1,,2.0,3,36000,5,60000,49.9,https://www.ford.com/suvs/bronco/models/outer-banks/,IIHS,20.8,"CarEdge, brand-level only, ranks 13th of 19 popular brands",
Ford,Bronco,Badlands,2026,yes,SUV,4.0,5.0,4WD,Gas,48890.0,1995.0,50885.0,18.0,22.0,,,3.0,,43.1,36.3,,43.3,41.1,,no,38.3,83.0,3500.0,,,300.0,325.0,7.1,,2.0,3,36000,5,60000,49.9,https://www.ford.com/suvs/bronco/models/badlands/,IIHS,20.8,"CarEdge, brand-level only, ranks 13th of 19 popular brands",
Ford,Bronco,Heritage Edition,2026,no,SUV,4.0,5.0,4WD,Gas,51625.0,1995.0,53620.0,18.0,22.0,,,3.0,,43.1,36.3,,43.3,41.1,,no,38.3,83.0,3500.0,,,300.0,325.0,7.1,,2.0,3,36000,5,60000,49.9,https://www.ford.com/suvs/bronco/models/heritage-edition/,IIHS,20.8,"CarEdge, brand-level only, ranks 13th of 19 popular brands",
Ford,Bronco,Stroppe Edition,2026,yes,SUV,4.0,5.0,4WD,Gas,69995.0,1995.0,71990.0,17.0,17.0,,,3.0,,43.1,36.3,,43.3,41.1,,no,38.3,83.0,3500.0,1141.0,,330.0,415.0,6.2,,3.0,3,36000,5,60000,49.9,https://www.ford.com/suvs/bronco/models/stroppe-edition/,IIHS,20.8,"CarEdge, brand-level only, ranks 13th of 19 popular brands",
Ford,Bronco,Raptor,2026,yes,SUV,4.0,5.0,4WD,Gas,79995.0,1995.0,81990.0,15.0,16.0,,,3.0,,43.1,36.3,,43.3,41.1,,no,38.3,83.0,4500.0,1155.0,,418.0,440.0,5.6,,3.0,3,36000,5,60000,49.9,https://www.ford.com/suvs/bronco/models/raptor/,IIHS,20.8,"CarEdge, brand-level only, ranks 13th of 19 popular brands",
Ford,Explorer,Active,2026,no,SUV,4.0,7.0,RWD,Gas,40260.0,1695.0,41955.0,20.0,29.0,24.0,430.0,5.0,153.0,43.0,39.0,32.2,40.7,40.5,38.9,yes,16.3,85.8,5000.0,,3.5,300.0,310.0,,,2.0,3,36000,5,60000,49.9,https://www.ford.com/suvs/explorer/2026/models/active/,NHTSA,,"CarEdge, brand-level only, ranks 13th of 19 popular brands",
Ford,Explorer,ST-Line,2026,no,SUV,4.0,7.0,RWD,Gas,46950.0,1695.0,48645.0,20.0,29.0,24.0,430.0,5.0,153.0,43.0,39.0,32.2,40.7,40.5,38.9,yes,16.3,85.3,5000.0,,3.5,300.0,310.0,,,3.0,3,36000,5,60000,49.9,https://www.ford.com/suvs/explorer/2026/models/st-line/,NHTSA,,"CarEdge, brand-level only, ranks 13th of 19 popular brands",
Ford,Explorer,Tremor,2026,yes,SUV,4.0,6.0,AWD,Gas,50760.0,1695.0,52455.0,19.0,23.0,21.0,376.0,5.0,153.0,43.0,39.0,32.2,40.7,40.5,38.9,yes,16.3,85.3,5000.0,,3.5,300.0,310.0,6.0,,3.0,3,36000,5,60000,49.9,https://www.ford.com/suvs/explorer/2026/models/tremor/,NHTSA,,"CarEdge, brand-level only, ranks 13th of 19 popular brands",
Ford,Explorer,Platinum,2026,no,SUV,4.0,6.0,RWD,Gas,52760.0,1695.0,54455.0,20.0,29.0,24.0,430.0,5.0,153.0,42.9,38.3,32.2,40.7,40.5,38.9,yes,16.3,85.3,5000.0,,3.5,300.0,310.0,,,4.0,3,36000,5,60000,49.9,https://www.ford.com/suvs/explorer/2026/models/platinum/,NHTSA,,"CarEdge, brand-level only, ranks 13th of 19 popular brands",
Ford,Explorer,ST,2026,yes,SUV,4.0,6.0,RWD,Gas,56700.0,1695.0,58395.0,18.0,25.0,21.0,376.0,5.0,153.0,42.9,38.3,32.2,40.7,40.5,38.9,yes,16.3,85.3,5000.0,,3.5,385.0,415.0,5.6,,4.0,3,36000,5,60000,49.9,https://www.ford.com/suvs/explorer/2026/models/st/,NHTSA,,"CarEdge, brand-level only, ranks 13th of 19 popular brands",
Ford,Expedition,Active,2026,no,SUV,4.0,8.0,RWD,Gas,65495.0,2595.0,68090.0,16.0,24.0,19.0,448.0,5.0,175.0,43.9,42.2,36.5,41.8,40.0,37.4,yes,22.9,108.5,6100.0,1971.0,3.0,400.0,480.0,,,3.0,3,36000,5,60000,49.9,https://www.ford.com/suvs/expedition/2026/models/active/,NHTSA,,"CarEdge, brand-level only, ranks 13th of 19 popular brands",
Ford,Expedition,Platinum,2026,no,SUV,4.0,7.0,4WD,Gas,77045.0,2595.0,79640.0,15.0,22.0,18.0,425.0,5.0,175.0,43.9,42.2,36.5,41.8,40.0,37.4,yes,22.9,108.5,9600.0,1957.0,3.0,400.0,480.0,5.5,,4.0,3,36000,5,60000,49.9,https://www.ford.com/suvs/expedition/2026/models/platinum/,NHTSA,,"CarEdge, brand-level only, ranks 13th of 19 popular brands",
Ford,Expedition,Tremor,2026,yes,SUV,4.0,7.0,4WD,Gas,84495.0,2595.0,87090.0,15.0,22.0,18.0,425.0,5.0,175.0,43.9,42.2,36.5,41.8,40.0,37.4,yes,22.9,108.5,9600.0,1957.0,3.0,440.0,510.0,4.9,,4.0,3,36000,5,60000,49.9,https://www.ford.com/suvs/expedition/2026/models/tremor/,NHTSA,,"CarEdge, brand-level only, ranks 13th of 19 popular brands",
Ford,Expedition,King Ranch,2026,no,SUV,4.0,7.0,4WD,Gas,87155.0,2595.0,89750.0,15.0,22.0,18.0,425.0,5.0,175.0,43.9,42.2,36.5,41.8,40.0,37.4,yes,22.9,108.5,9600.0,1957.0,3.0,400.0,480.0,5.5,,4.0,3,36000,5,60000,49.9,https://www.ford.com/suvs/expedition/2026/models/king-ranch/,NHTSA,,"CarEdge, brand-level only, ranks 13th of 19 popular brands",
Ford,Expedition MAX,Active,2026,no,SUV,4.0,8.0,RWD,Gas,68495.0,2595.0,71090.0,16.0,24.0,19.0,528.0,5.0,175.0,43.9,42.2,36.5,41.8,40.0,37.4,yes,37.4,123.1,6300.0,1958.0,3.0,400.0,480.0,,,3.0,3,36000,5,60000,49.9,https://www.ford.com/suvs/expedition/2026/models/max-active/,NHTSA,,"CarEdge, brand-level only, ranks 13th of 19 popular brands",
Ford,Expedition MAX,Platinum,2026,no,SUV,4.0,7.0,4WD,Gas,80045.0,2595.0,82640.0,15.0,22.0,18.0,500.0,5.0,175.0,43.9,42.2,36.5,41.8,40.0,37.4,yes,37.4,123.1,9000.0,1956.0,3.0,400.0,480.0,5.5,,4.0,3,36000,5,60000,49.9,https://www.ford.com/suvs/expedition/2026/models/max-platinum/,NHTSA,,"CarEdge, brand-level only, ranks 13th of 19 popular brands",
Ford,Expedition MAX,King Ranch,2026,no,SUV,4.0,7.0,4WD,Gas,90155.0,2595.0,92750.0,15.0,22.0,18.0,500.0,5.0,175.0,43.9,42.2,36.5,41.8,40.0,37.4,yes,37.4,123.1,9000.0,1956.0,3.0,400.0,480.0,5.5,,4.0,3,36000,5,60000,49.9,https://www.ford.com/suvs/expedition/2026/models/max-king-ranch/,NHTSA,,"CarEdge, brand-level only, ranks 13th of 19 popular brands",
Ford,Ranger,XL,2026,no,mid-size truck,4.0,5.0,RWD,Gas,33350.0,1895.0,35245.0,21.0,25.0,23.0,414.0,4.0,98.3,43.2,34.6,,41.0,39.8,,no,43.5,,7500.0,1767.0,4.0,270.0,310.0,,,2.0,3,36000,5,60000,49.9,https://www.ford.com/trucks/ranger/models/xl/,NHTSA,18.0,"CarEdge, brand-level only, ranks 13th of 19 popular brands",5.0
Ford,Ranger,XLT,2026,no,mid-size truck,4.0,5.0,RWD,Gas,35875.0,1895.0,37770.0,21.0,25.0,23.0,414.0,4.0,98.3,43.2,34.6,,41.0,39.8,,no,43.5,,7500.0,1763.0,4.0,270.0,310.0,,,2.0,3,36000,5,60000,49.9,https://www.ford.com/trucks/ranger/models/xlt/,NHTSA,18.0,"CarEdge, brand-level only, ranks 13th of 19 popular brands",5.0
Ford,Ranger,Lariat,2026,no,mid-size truck,4.0,5.0,RWD,Gas,43755.0,1895.0,45650.0,21.0,25.0,23.0,414.0,4.0,98.3,43.2,34.6,,41.0,39.8,,no,43.5,,7500.0,1513.0,4.0,270.0,310.0,,,3.0,3,36000,5,60000,49.9,https://www.ford.com/trucks/ranger/models/lariat/,NHTSA,18.0,"CarEdge, brand-level only, ranks 13th of 19 popular brands",5.0
Ford,Ranger,Raptor,2026,yes,mid-size truck,4.0,5.0,4WD,Gas,57070.0,1895.0,58965.0,16.0,18.0,17.0,306.0,4.0,98.3,43.2,34.6,,41.0,39.8,,no,43.5,,5510.0,1373.0,4.0,405.0,430.0,6.2,,4.0,3,36000,5,60000,49.9,https://www.ford.com/trucks/ranger/models/raptor/,NHTSA,18.0,"CarEdge, brand-level only, ranks 13th of 19 popular brands",5.0
Ford,Super Duty,XL,2026,no,heavy-duty truck,4.0,6.0,RWD,Gas,45675.0,2595.0,48270.0,,,,,,,43.9,43.6,,40.8,40.4,,no,,,17300.0,3794.0,2.0,405.0,445.0,,,0.0,3,36000,5,60000,49.9,https://www.ford.com/trucks/superduty/,,34.0,"CarEdge, brand-level only, ranks 13th of 19 popular brands",6.75
Ford,Super Duty,XLT,2026,no,heavy-duty truck,4.0,6.0,RWD,Gas,48875.0,2595.0,51470.0,,,,,,,43.9,43.6,,40.8,40.4,,no,,,17300.0,3794.0,2.0,405.0,445.0,,,0.0,3,36000,5,60000,49.9,https://www.ford.com/trucks/superduty/,,34.0,"CarEdge, brand-level only, ranks 13th of 19 popular brands",6.75
Ford,Super Duty,Lariat,2026,no,heavy-duty truck,4.0,6.0,RWD,Gas,62735.0,2595.0,65330.0,,,,,,,43.9,43.6,,40.8,40.4,,no,,,17300.0,3794.0,2.0,405.0,445.0,,,1.0,3,36000,5,60000,49.9,https://www.ford.com/trucks/superduty/,,34.0,"CarEdge, brand-level only, ranks 13th of 19 popular brands",6.75
Ford,Super Duty,King Ranch,2026,no,heavy-duty truck,4.0,6.0,4WD,Gas,77775.0,2595.0,80370.0,,,,,,,43.9,43.6,,40.8,40.4,,no,,,18200.0,4302.0,2.0,430.0,485.0,6.2,,1.0,3,36000,5,60000,49.9,https://www.ford.com/trucks/superduty/,,34.0,"CarEdge, brand-level only, ranks 13th of 19 popular brands",6.75
Ford,Super Duty,Platinum,2026,no,heavy-duty truck,4.0,6.0,4WD,Gas,78665.0,2595.0,81260.0,,,,,,,43.9,43.6,,40.8,40.4,,no,,,18200.0,4302.0,2.0,430.0,485.0,6.2,,2.0,3,36000,5,60000,49.9,https://www.ford.com/trucks/superduty/,,34.0,"CarEdge, brand-level only, ranks 13th of 19 popular brands",6.75
Ford,Mustang,EcoBoost,2026,no,coupe,2.0,4.0,RWD,Gas,32640.0,1995.0,34635.0,22.0,33.0,26.0,416.0,5.0,82.8,44.5,29.0,,37.6,34.8,,no,13.3,13.3,,,3.5,315.0,350.0,5.6,,2.0,3,36000,5,60000,49.9,https://www.ford.com/cars/mustang/models/ecoboost/,NHTSA,,"CarEdge, brand-level only, ranks 13th of 19 popular brands",
Ford,Mustang,EcoBoost Premium,2026,no,coupe,2.0,4.0,RWD,Gas,36345.0,1995.0,38340.0,22.0,33.0,26.0,416.0,5.0,82.8,44.5,29.0,,37.6,34.8,,no,13.3,13.3,,,3.5,315.0,350.0,5.6,,3.0,3,36000,5,60000,49.9,https://www.ford.com/cars/mustang/models/ecoboost/,NHTSA,,"CarEdge, brand-level only, ranks 13th of 19 popular brands",
Ford,Mustang,GT,2026,no,coupe,2.0,4.0,RWD,Gas,46560.0,1995.0,48555.0,15.0,23.0,18.0,288.0,5.0,82.8,44.5,29.0,,37.6,34.8,,no,13.3,13.3,,,3.5,480.0,415.0,4.8,155.0,2.0,3,36000,5,60000,49.9,https://www.ford.com/cars/mustang/models/gt/,NHTSA,,"CarEdge, brand-level only, ranks 13th of 19 popular brands",
Ford,Mustang,GT Premium,2026,no,coupe,2.0,4.0,RWD,Gas,51080.0,1995.0,53075.0,15.0,23.0,18.0,288.0,5.0,82.8,44.5,29.0,,37.6,34.8,,no,13.3,13.3,,,3.5,480.0,415.0,4.8,155.0,3.0,3,36000,5,60000,49.9,https://www.ford.com/cars/mustang/models/gt/,NHTSA,,"CarEdge, brand-level only, ranks 13th of 19 popular brands",
Ford,Mustang,Dark Horse,2026,yes,coupe,2.0,4.0,RWD,Gas,64080.0,1995.0,66075.0,14.0,22.0,17.0,272.0,5.0,82.8,44.5,29.0,,37.6,34.8,,no,13.3,13.3,,,3.5,500.0,418.0,4.6,166.0,2.0,3,36000,5,60000,49.9,https://www.ford.com/cars/mustang/models/dark-horse/,NHTSA,,"CarEdge, brand-level only, ranks 13th of 19 popular brands",
Ford,Transit,150,2026,no,cargo van,4.0,2.0,RWD,Gas,46305.0,2095.0,48400.0,,,,,,,41.3,,,52.0,,,no,246.7,246.7,5300.0,3716.0,3.0,275.0,260.0,,,2.0,3,36000,5,60000,49.9,https://www.edmunds.com/ford/transit-cargo-van/2026/,,25.0,"CarEdge, brand-level only, ranks 13th of 19 popular brands",
Ford,Transit,250,2026,no,cargo van,4.0,2.0,RWD,Gas,47305.0,2095.0,49400.0,,,,,,,41.3,,,52.0,,,no,246.7,246.7,,4116.0,3.0,275.0,260.0,,,2.0,3,36000,5,60000,49.9,https://www.edmunds.com/ford/transit-cargo-van/2026/,,25.0,"CarEdge, brand-level only, ranks 13th of 19 popular brands",
Ford,Transit,350,2026,no,cargo van,4.0,2.0,RWD,Gas,48505.0,2095.0,50600.0,,,,,,,41.3,,,52.0,,,no,246.7,246.7,,4496.0,3.0,275.0,260.0,,,2.0,3,36000,5,60000,49.9,https://www.edmunds.com/ford/transit-cargo-van/2026/,,25.0,"CarEdge, brand-level only, ranks 13th of 19 popular brands",
Ford,Transit,350 HD,2026,no,cargo van,4.0,2.0,RWD,Gas,49905.0,2095.0,52000.0,,,,,,,41.3,,,52.0,,,no,280.9,280.9,,4843.0,3.0,275.0,260.0,,,2.0,3,36000,5,60000,49.9,https://www.edmunds.com/ford/transit-cargo-van/2026/,,25.0,"CarEdge, brand-level only, ranks 13th of 19 popular brands",
Ford,Transit Passenger Wagon,XL,2026,no,passenger van,4.0,12.0,RWD,Gas,57085.0,2095.0,59180.0,,,,,,,41.3,,,52.0,,,yes,,,,3199.0,3.0,275.0,260.0,,,2.0,3,36000,5,60000,49.9,https://www.edmunds.com/ford/transit-passenger-van/2026/,,25.0,"CarEdge, brand-level only, ranks 13th of 19 popular brands",
Ford,Transit Passenger Wagon,XLT,2026,no,passenger van,4.0,12.0,RWD,Gas,60070.0,2095.0,62165.0,,,,,,,41.3,,,52.0,,,yes,,,,3199.0,3.0,275.0,260.0,,,4.0,3,36000,5,60000,49.9,https://www.edmunds.com/ford/transit-passenger-van/2026/,,25.0,"CarEdge, brand-level only, ranks 13th of 19 popular brands",
Ford,E-Transit,350,2026,no,cargo van,4.0,2.0,RWD,EV,51165.0,2095.0,53260.0,,,,159.0,,,41.3,,,52.0,,,no,277.7,277.7,,3880.0,,266.0,317.0,,,1.0,3,36000,5,60000,49.9,https://www.edmunds.com/ford/e-transit-cargo-van/2026/,,,"CarEdge, brand-level only, ranks 13th of 19 popular brands",
Ram,2500,Tradesman,2026,no,heavy-duty truck,2.0,3.0,RWD,Gas,46855.0,2795.0,49650.0,,,,,,62.0,40.9,,,39.8,,,no,,,15640.0,3930.0,2.5/5.0,405.0,429.0,6.9,,0.0,3,36000,10,100000,40.5,https://www.ramtrucks.com/ram-2500/specs.tradesman.html,,32.0,"CarEdge, brand-level only, ranks 6th of 19 popular brands",8.0
Ram,2500,Tradesman,2026,no,heavy-duty truck,2.0,3.0,RWD,Diesel,59850.0,2795.0,62645.0,,,,,,62.0,40.9,,,39.8,,,no,,,,,2.5/5.0,430.0,1075.0,6.3,,0.0,3,36000,10,100000,40.5,https://www.ramtrucks.com/ram-2500/specs.tradesman.html,,31.0,"CarEdge, brand-level only, ranks 6th of 19 popular brands",8.0
Ram,2500,Black Express,2026,no,heavy-duty truck,4.0,6.0,RWD,Gas,53070.0,2795.0,55865.0,,,,,,125.0,40.9,40.2,,40.9,39.8,,no,,60.7,15320.0,3610.0,2.5/5.0,405.0,429.0,6.9,,0.0,3,36000,10,100000,40.5,https://www.ramtrucks.com/ram-2500/specs.black-express.html,,32.0,"CarEdge, brand-level only, ranks 6th of 19 popular brands",6.4
Ram,2500,Black Express,2026,no,heavy-duty truck,4.0,6.0,RWD,Diesel,66065.0,2795.0,68860.0,,,,,,125.0,40.9,40.2,,40.9,39.8,,no,,60.7,,,2.5/5.0,430.0,1075.0,6.3,,0.0,3,36000,10,100000,40.5,https://www.ramtrucks.com/ram-2500/specs.black-express.html,,31.0,"CarEdge, brand-level only, ranks 6th of 19 popular brands",6.4
Ram,2500,Big Horn,2026,no,heavy-duty truck,2.0,3.0,RWD,Gas,50605.0,2795.0,53400.0,,,,,,62.0,40.9,,,39.8,,,no,,,15570.0,3860.0,2.5/5.0,405.0,429.0,6.9,,0.0,3,36000,10,100000,40.5,https://www.ramtrucks.com/ram-2500/specs.big-horn.html,,32.0,"CarEdge, brand-level only, ranks 6th of 19 popular brands",8.0
Ram,2500,Big Horn,2026,no,heavy-duty truck,2.0,3.0,RWD,Diesel,63600.0,2795.0,66395.0,,,,,,62.0,40.9,,,39.8,,,no,,,,,2.5/5.0,430.0,1075.0,6.3,,0.0,3,36000,10,100000,40.5,https://www.ramtrucks.com/ram-2500/specs.big-horn.html,,31.0,"CarEdge, brand-level only, ranks 6th of 19 popular brands",8.0
Ram,2500,Warlock,2026,no,heavy-duty truck,4.0,6.0,4WD,Gas,56400.0,2795.0,59195.0,,,,,,125.0,40.9,40.2,,40.9,39.8,,no,,60.7,15030.0,3320.0,2.5/5.0,405.0,429.0,6.9,,0.0,3,36000,10,100000,40.5,https://www.ramtrucks.com/ram-2500/specs.warlock.html,,32.0,"CarEdge, brand-level only, ranks 6th of 19 popular brands",6.4
Ram,2500,Warlock,2026,no,heavy-duty truck,4.0,6.0,4WD,Diesel,69395.0,2795.0,72190.0,,,,,,125.0,40.9,40.2,,40.9,39.8,,no,,60.7,,,2.5/5.0,430.0,1075.0,6.3,,0.0,3,36000,10,100000,40.5,https://www.ramtrucks.com/ram-2500/specs.warlock.html,,31.0,"CarEdge, brand-level only, ranks 6th of 19 popular brands",6.4
Ram,2500,Laramie,2026,no,heavy-duty truck,4.0,6.0,RWD,Gas,62310.0,2795.0,65105.0,,,,,,125.0,40.9,40.2,,40.9,39.8,,no,,60.7,15220.0,3510.0,2.5/5.0,405.0,429.0,6.9,,0.0,3,36000,10,100000,40.5,https://www.ramtrucks.com/ram-2500/specs.laramie.html,,32.0,"CarEdge, brand-level only, ranks 6th of 19 popular brands",6.4
Ram,2500,Laramie,2026,no,heavy-duty truck,4.0,6.0,4WD,Diesel,79750.0,2795.0,82545.0,,,,,,125.0,40.9,40.2,,40.9,39.8,,no,,60.7,,,2.5/5.0,430.0,1075.0,6.3,,0.0,3,36000,10,100000,40.5,https://www.ramtrucks.com/ram-2500/specs.laramie.html,,31.0,"CarEdge, brand-level only, ranks 6th of 19 popular brands",6.4
Ram,2500,Rebel,2026,no,heavy-duty truck,4.0,6.0,4WD,Gas,69755.0,2795.0,72550.0,,,,,,125.0,40.9,40.2,,40.9,39.8,,no,,60.7,14700.0,2990.0,2.5/5.0,405.0,429.0,6.9,,0.0,3,36000,10,100000,40.5,https://www.ramtrucks.com/ram-2500/specs.rebel.html,,32.0,"CarEdge, brand-level only, ranks 6th of 19 popular brands",6.4
Ram,2500,Rebel,2026,no,heavy-duty truck,4.0,6.0,4WD,Diesel,82750.0,2795.0,85545.0,,,,,,125.0,40.9,40.2,,40.9,39.8,,no,,60.7,,,2.5/5.0,430.0,1075.0,6.3,,0.0,3,36000,10,100000,40.5,https://www.ramtrucks.com/ram-2500/specs.rebel.html,,31.0,"CarEdge, brand-level only, ranks 6th of 19 popular brands",6.4
Ram,2500,Power Wagon,2026,no,heavy-duty truck,4.0,6.0,4WD,Gas,73250.0,2795.0,76045.0,,,,,,,40.9,40.2,,40.9,39.8,,no,,,10630.0,1570.0,2.5/5.0,405.0,429.0,6.9,,0.0,3,36000,10,100000,40.5,https://www.ramtrucks.com/ram-2500/specs.power-wagon.html,,32.0,"CarEdge, brand-level only, ranks 6th of 19 popular brands",6.4
Ram,2500,Limited,2026,no,heavy-duty truck,4.0,5.0,RWD,Gas,74610.0,2795.0,77405.0,,,,,,125.0,40.9,40.2,,40.9,39.8,,no,,60.7,14770.0,3060.0,2.5/5.0,405.0,429.0,6.9,,1.0,3,36000,10,100000,40.5,https://www.ramtrucks.com/ram-2500/specs.limited.html,,32.0,"CarEdge, brand-level only, ranks 6th of 19 popular brands",6.4
Ram,2500,Limited,2026,no,heavy-duty truck,4.0,5.0,4WD,Diesel,92050.0,2795.0,94845.0,,,,,,125.0,40.9,40.2,,40.9,39.8,,no,,60.7,,,2.5/5.0,430.0,1075.0,6.3,,1.0,3,36000,10,100000,40.5,https://www.ramtrucks.com/ram-2500/specs.limited.html,,31.0,"CarEdge, brand-level only, ranks 6th of 19 popular brands",6.4
Ram,2500,Limited Longhorn,2026,no,heavy-duty truck,4.0,5.0,RWD,Gas,74610.0,2795.0,77405.0,,,,,,125.0,40.9,40.2,,40.9,39.8,,no,,60.7,14770.0,3060.0,2.5/5.0,405.0,429.0,6.9,,1.0,3,36000,10,100000,40.5,https://www.ramtrucks.com/ram-2500/specs.limited-longhorn.html,,32.0,"CarEdge, brand-level only, ranks 6th of 19 popular brands",6.4
Ram,2500,Limited Longhorn,2026,no,heavy-duty truck,4.0,5.0,4WD,Diesel,92050.0,2795.0,94845.0,,,,,,125.0,40.9,40.2,,40.9,39.8,,no,,60.7,,,2.5/5.0,430.0,1075.0,6.3,,1.0,3,36000,10,100000,40.5,https://www.ramtrucks.com/ram-2500/specs.limited-longhorn.html,,31.0,"CarEdge, brand-level only, ranks 6th of 19 popular brands",6.4
Ram,3500,Tradesman,2026,no,heavy-duty truck,2.0,3.0,RWD,Gas,48155.0,2795.0,50950.0,,,,,,,40.9,,,39.8,,,no,,,18250.0,4680.0,2.0/5.0,405.0,429.0,,,0.0,3,36000,10,100000,40.5,https://www.ramtrucks.com/ram-3500/specs.tradesman.html,,32.0,"CarEdge, brand-level only, ranks 6th of 19 popular brands",8.0
Ram,3500,Tradesman,2026,no,heavy-duty truck,2.0,3.0,RWD,Diesel,60750.0,2795.0,63545.0,,,,,,,40.9,,,39.8,,,no,,,,,2.0/5.0,430.0,1075.0,,,0.0,3,36000,10,100000,40.5,https://www.ramtrucks.com/ram-3500/specs.tradesman.html,,31.0,"CarEdge, brand-level only, ranks 6th of 19 popular brands",8.0
Ram,3500,Big Horn,2026,no,heavy-duty truck,2.0,3.0,4WD,Gas,54835.0,2795.0,57630.0,,,,,,,40.9,,,39.8,,,no,,,36720.0,,2.0/5.0,405.0,429.0,,,0.0,3,36000,10,100000,40.5,https://www.ramtrucks.com/ram-3500/specs.big-horn.html,,32.0,"CarEdge, brand-level only, ranks 6th of 19 popular brands",8.0
Ram,3500,Big Horn,2026,no,heavy-duty truck,2.0,3.0,4WD,Diesel,67430.0,2795.0,70225.0,,,,,,,40.9,,,39.8,,,no,,,,,2.0/5.0,430.0,1075.0,,,0.0,3,36000,10,100000,40.5,https://www.ramtrucks.com/ram-3500/specs.big-horn.html,,31.0,"CarEdge, brand-level only, ranks 6th of 19 popular brands",8.0
Ram,3500,Laramie,2026,no,heavy-duty truck,4.0,6.0,RWD,Gas,63610.0,2795.0,66405.0,,,,,,,40.9,40.2,,40.9,39.8,,no,,,23950.0,,2.0/5.0,405.0,429.0,,,0.0,3,36000,10,100000,40.5,https://www.ramtrucks.com/ram-3500/specs.laramie.html,,32.0,"CarEdge, brand-level only, ranks 6th of 19 popular brands",6.4
Ram,3500,Laramie,2026,no,heavy-duty truck,4.0,6.0,4WD,Diesel,81050.0,2795.0,83845.0,,,,,,,40.9,40.2,,40.9,39.8,,no,,,,,2.0/5.0,430.0,1075.0,,,0.0,3,36000,10,100000,40.5,https://www.ramtrucks.com/ram-3500/specs.laramie.html,,31.0,"CarEdge, brand-level only, ranks 6th of 19 popular brands",6.4
Ram,3500,Limited,2026,no,heavy-duty truck,4.0,5.0,4WD,Gas,78550.0,2795.0,81345.0,,,,,,,40.9,40.2,,40.9,39.8,,no,,,33080.0,,2.0/5.0,405.0,429.0,,,1.0,3,36000,10,100000,40.5,https://www.ramtrucks.com/ram-3500/specs.limited.html,,32.0,"CarEdge, brand-level only, ranks 6th of 19 popular brands",6.4
Ram,3500,Limited,2026,no,heavy-duty truck,4.0,5.0,4WD,Diesel,93350.0,2795.0,96145.0,,,,,,,40.9,40.2,,40.9,39.8,,no,,,,,2.0/5.0,430.0,1075.0,,,1.0,3,36000,10,100000,40.5,https://www.ramtrucks.com/ram-3500/specs.limited.html,,31.0,"CarEdge, brand-level only, ranks 6th of 19 popular brands",6.4
Ram,3500,Limited Longhorn,2026,no,heavy-duty truck,4.0,5.0,4WD,Gas,78840.0,2795.0,81635.0,,,,,,,40.9,40.2,,40.9,39.8,,no,,,23000.0,,2.0/5.0,405.0,429.0,,,1.0,3,36000,10,100000,40.5,https://www.ramtrucks.com/ram-3500/specs.limited-longhorn.html,,32.0,"CarEdge, brand-level only, ranks 6th of 19 popular brands",6.4
Ram,3500,Limited Longhorn,2026,no,heavy-duty truck,4.0,5.0,4WD,Diesel,93350.0,2795.0,96145.0,,,,,,,40.9,40.2,,40.9,39.8,,no,,,,,2.0/5.0,430.0,1075.0,,,1.0,3,36000,10,100000,40.5,https://www.ramtrucks.com/ram-3500/specs.limited-longhorn.html,,31.0,"CarEdge, brand-level only, ranks 6th of 19 popular brands",6.4
Ram,ProMaster,"1500 Tradesman Low Roof w/118"" WB",2026,no,cargo van,3.0,2.0,FWD,Gas,45870.0,,45870.0,,,,,,,38.8,,,43.0,,,no,259.0,259.0,6910.0,4160.0,"3.0/5.0 (RepairPal, brand-level only, ranks 23rd of 32 brands)",276.0,250.0,,,0.0,3,36000,10,100000,40.5,https://www.edmunds.com/ram/promaster-cargo-van/2026/st-402095904/features-specs/,,24.0,"CarEdge, brand-level only, ranks 6th of 19 popular brands",
Ram,ProMaster,"1500 Tradesman Low Roof w/136"" WB",2026,no,cargo van,3.0,2.0,FWD,Gas,48565.0,,48565.0,,,,,,,38.8,,,43.0,,,no,304.0,304.0,6800.0,4060.0,"3.0/5.0 (RepairPal, brand-level only, ranks 23rd of 32 brands)",276.0,250.0,,,0.0,3,36000,10,100000,40.5,https://www.edmunds.com/ram/promaster-cargo-van/2026/st-402095902/features-specs/,,24.0,"CarEdge, brand-level only, ranks 6th of 19 popular brands",
Ram,ProMaster,"1500 Tradesman High Roof w/136"" WB",2026,no,cargo van,3.0,2.0,FWD,Gas,49425.0,,49425.0,,,,,,,38.8,,,43.0,,,no,353.0,353.0,6700.0,3800.0,"3.0/5.0 (RepairPal, brand-level only, ranks 23rd of 32 brands)",276.0,250.0,,,0.0,3,36000,10,100000,40.5,https://www.edmunds.com/ram/promaster-cargo-van/2026/st-402095910/features-specs/,,24.0,"CarEdge, brand-level only, ranks 6th of 19 popular brands",
Ram,ProMaster,"2500 Tradesman Low Roof w/136"" WB",2026,no,cargo van,3.0,2.0,FWD,Gas,50165.0,,50165.0,,,,,,,38.8,,,43.0,,,no,304.0,304.0,6800.0,4400.0,"3.0/5.0 (RepairPal, brand-level only, ranks 23rd of 32 brands)",276.0,250.0,,,0.0,3,36000,10,100000,40.5,https://www.edmunds.com/ram/promaster-cargo-van/2026/features-specs/,,24.0,"CarEdge, brand-level only, ranks 6th of 19 popular brands",
Ram,ProMaster,"2500 Tradesman High Roof w/136"" WB",2026,no,cargo van,3.0,2.0,FWD,Gas,51115.0,,51115.0,,,,,,,38.8,,,43.0,,,no,353.0,353.0,6700.0,4150.0,"3.0/5.0 (RepairPal, brand-level only, ranks 23rd of 32 brands)",276.0,250.0,,,0.0,3,36000,10,100000,40.5,https://www.edmunds.com/ram/promaster-cargo-van/2026/features-specs/,,24.0,"CarEdge, brand-level only, ranks 6th of 19 popular brands",
Ram,ProMaster,"2500 Tradesman High Roof w/159"" WB",2026,no,cargo van,3.0,2.0,FWD,Gas,51800.0,,51800.0,,,,,,,38.8,,,43.0,,,no,420.0,420.0,6480.0,4000.0,"3.0/5.0 (RepairPal, brand-level only, ranks 23rd of 32 brands)",276.0,250.0,,,0.0,3,36000,10,100000,40.5,https://www.edmunds.com/ram/promaster-cargo-van/2026/st-402095915/features-specs/,,24.0,"CarEdge, brand-level only, ranks 6th of 19 popular brands",
Ram,ProMaster,"3500 Tradesman Low Roof w/136"" WB",2026,no,cargo van,3.0,2.0,FWD,Gas,51225.0,,51225.0,,,,,,,38.8,,,43.0,,,no,304.0,304.0,6700.0,4820.0,"3.0/5.0 (RepairPal, brand-level only, ranks 23rd of 32 brands)",276.0,250.0,,,0.0,3,36000,10,100000,40.5,https://www.edmunds.com/ram/promaster-cargo-van/2026/st-402095906/features-specs/,,24.0,"CarEdge, brand-level only, ranks 6th of 19 popular brands",
Ram,ProMaster,"3500 Tradesman High Roof w/136"" WB",2026,no,cargo van,3.0,2.0,FWD,Gas,52175.0,,52175.0,,,,,,,38.8,,,43.0,,,no,353.0,353.0,6600.0,4560.0,"3.0/5.0 (RepairPal, brand-level only, ranks 23rd of 32 brands)",276.0,250.0,,,0.0,3,36000,10,100000,40.5,https://www.edmunds.com/ram/promaster-cargo-van/2026/st-402095918/features-specs/,,24.0,"CarEdge, brand-level only, ranks 6th of 19 popular brands",
Ram,ProMaster,"3500 Tradesman High Roof w/159"" WB",2026,no,cargo van,3.0,2.0,FWD,Gas,52825.0,,52825.0,,,,,,,38.8,,,43.0,,,no,420.0,420.0,6480.0,4430.0,"3.0/5.0 (RepairPal, brand-level only, ranks 23rd of 32 brands)",276.0,250.0,,,0.0,3,36000,10,100000,40.5,https://www.edmunds.com/ram/promaster-cargo-van/2026/st-402095917/features-specs/,,24.0,"CarEdge, brand-level only, ranks 6th of 19 popular brands",
Ram,ProMaster,"3500 Tradesman High Roof Ext w/159"" WB",2026,no,cargo van,3.0,2.0,FWD,Gas,55685.0,,55685.0,,,,,,,38.8,,,43.0,,,no,463.0,463.0,6410.0,4320.0,"3.0/5.0 (RepairPal, brand-level only, ranks 23rd of 32 brands)",276.0,250.0,,,0.0,3,36000,10,100000,40.5,https://www.edmunds.com/ram/promaster-cargo-van/2026/features-specs/,,24.0,"CarEdge, brand-level only, ranks 6th of 19 popular brands",
Ram,ProMaster,"3500 Tradesman Super High Roof Ext w/159"" WB",2026,no,cargo van,3.0,2.0,FWD,Gas,56530.0,,56530.0,,,,,,,38.8,,,43.0,,,no,463.0,463.0,6410.0,4300.0,"3.0/5.0 (RepairPal, brand-level only, ranks 23rd of 32 brands)",276.0,250.0,,,0.0,3,36000,10,100000,40.5,https://www.edmunds.com/ram/promaster-cargo-van/2026/features-specs/,,24.0,"CarEdge, brand-level only, ranks 6th of 19 popular brands",
Ram,ProMaster,"1500 SLT Low Roof w/136"" WB",2026,no,cargo van,3.0,2.0,FWD,Gas,51560.0,,51560.0,,,,,,,38.8,,,43.0,,,no,304.0,304.0,6800.0,4060.0,"3.0/5.0 (RepairPal, brand-level only, ranks 23rd of 32 brands)",276.0,250.0,,,0.0,3,36000,10,100000,40.5,https://www.edmunds.com/ram/promaster-cargo-van/2026/st-402095900/features-specs/,,24.0,"CarEdge, brand-level only, ranks 6th of 19 popular brands",
Ram,ProMaster,"1500 SLT High Roof w/136"" WB",2026,no,cargo van,3.0,2.0,FWD,Gas,52420.0,,52420.0,,,,,,,38.8,,,43.0,,,no,353.0,353.0,6700.0,3800.0,"3.0/5.0 (RepairPal, brand-level only, ranks 23rd of 32 brands)",276.0,250.0,,,0.0,3,36000,10,100000,40.5,https://www.edmunds.com/ram/promaster-cargo-van/2026/st-402095903/features-specs/,,24.0,"CarEdge, brand-level only, ranks 6th of 19 popular brands",
Ram,ProMaster,"2500 SLT Low Roof w/136"" WB",2026,no,cargo van,3.0,2.0,FWD,Gas,53160.0,,53160.0,,,,,,,38.8,,,43.0,,,no,304.0,304.0,6800.0,4400.0,"3.0/5.0 (RepairPal, brand-level only, ranks 23rd of 32 brands)",276.0,250.0,,,0.0,3,36000,10,100000,40.5,https://www.edmunds.com/ram/promaster-cargo-van/2026/st-402095911/features-specs/,,24.0,"CarEdge, brand-level only, ranks 6th of 19 popular brands",
Ram,ProMaster,"2500 SLT High Roof w/136"" WB",2026,no,cargo van,3.0,2.0,FWD,Gas,54110.0,,54110.0,,,,,,,38.8,,,43.0,,,no,353.0,353.0,6700.0,4150.0,"3.0/5.0 (RepairPal, brand-level only, ranks 23rd of 32 brands)",276.0,250.0,,,0.0,3,36000,10,100000,40.5,https://www.edmunds.com/ram/promaster-cargo-van/2026/st-402095924/features-specs/,,24.0,"CarEdge, brand-level only, ranks 6th of 19 popular brands",
Ram,ProMaster,"2500 SLT High Roof w/159"" WB",2026,no,cargo van,3.0,2.0,FWD,Gas,54795.0,,54795.0,,,,,,,38.8,,,43.0,,,no,420.0,420.0,6480.0,4000.0,"3.0/5.0 (RepairPal, brand-level only, ranks 23rd of 32 brands)",276.0,250.0,,,0.0,3,36000,10,100000,40.5,https://www.edmunds.com/ram/promaster-cargo-van/2026/features-specs/,,24.0,"CarEdge, brand-level only, ranks 6th of 19 popular brands",
Ram,ProMaster,"3500 SLT Low Roof w/136"" WB",2026,no,cargo van,3.0,2.0,FWD,Gas,54220.0,,54220.0,,,,,,,38.8,,,43.0,,,no,304.0,304.0,6700.0,4820.0,"3.0/5.0 (RepairPal, brand-level only, ranks 23rd of 32 brands)",276.0,250.0,,,0.0,3,36000,10,100000,40.5,https://www.edmunds.com/ram/promaster-cargo-van/2026/st-402095916/features-specs/,,24.0,"CarEdge, brand-level only, ranks 6th of 19 popular brands",
Ram,ProMaster,"3500 SLT High Roof w/136"" WB",2026,no,cargo van,3.0,2.0,FWD,Gas,55170.0,,55170.0,,,,,,,38.8,,,43.0,,,no,353.0,353.0,6600.0,4560.0,"3.0/5.0 (RepairPal, brand-level only, ranks 23rd of 32 brands)",276.0,250.0,,,0.0,3,36000,10,100000,40.5,https://www.edmunds.com/ram/promaster-cargo-van/2026/st-402095907/features-specs/,,24.0,"CarEdge, brand-level only, ranks 6th of 19 popular brands",
Ram,ProMaster,"3500 SLT High Roof w/159"" WB",2026,no,cargo van,3.0,2.0,FWD,Gas,55820.0,,55820.0,,,,,,,38.8,,,43.0,,,no,420.0,420.0,6480.0,4430.0,"3.0/5.0 (RepairPal, brand-level only, ranks 23rd of 32 brands)",276.0,250.0,,,0.0,3,36000,10,100000,40.5,https://www.edmunds.com/ram/promaster-cargo-van/2026/st-402095929/features-specs/,,24.0,"CarEdge, brand-level only, ranks 6th of 19 popular brands",
Ram,ProMaster,"3500 SLT High Roof Ext w/159"" WB",2026,no,cargo van,3.0,2.0,FWD,Gas,58680.0,,58680.0,,,,,,,38.8,,,43.0,,,no,463.0,463.0,6410.0,4320.0,"3.0/5.0 (RepairPal, brand-level only, ranks 23rd of 32 brands)",276.0,250.0,,,0.0,3,36000,10,100000,40.5,https://www.edmunds.com/ram/promaster-cargo-van/2026/features-specs/,,24.0,"CarEdge, brand-level only, ranks 6th of 19 popular brands",
Ram,ProMaster,"3500 SLT Super High Roof Ext w/159"" WB",2026,no,cargo van,3.0,2.0,FWD,Gas,59525.0,,59525.0,,,,,,,38.8,,,43.0,,,no,463.0,463.0,6410.0,4300.0,"3.0/5.0 (RepairPal, brand-level only, ranks 23rd of 32 brands)",276.0,250.0,,,0.0,3,36000,10,100000,40.5,https://www.edmunds.com/ram/promaster-cargo-van/2026/st-402095928/features-specs/,,24.0,"CarEdge, brand-level only, ranks 6th of 19 popular brands",
Ram,ProMaster,"1500 SLT+ Low Roof w/136"" WB",2026,no,cargo van,3.0,2.0,FWD,Gas,55560.0,,55560.0,,,,,,,38.8,,,43.0,,,no,304.0,304.0,6800.0,4060.0,"3.0/5.0 (RepairPal, brand-level only, ranks 23rd of 32 brands)",276.0,250.0,,,1.0,3,36000,10,100000,40.5,https://www.edmunds.com/ram/promaster-cargo-van/2026/st-402095901/features-specs/,,24.0,"CarEdge, brand-level only, ranks 6th of 19 popular brands",
Ram,ProMaster,"1500 SLT+ High Roof w/136"" WB",2026,no,cargo van,3.0,2.0,FWD,Gas,56420.0,,56420.0,,,,,,,38.8,,,43.0,,,no,353.0,353.0,6700.0,3800.0,"3.0/5.0 (RepairPal, brand-level only, ranks 23rd of 32 brands)",276.0,250.0,,,1.0,3,36000,10,100000,40.5,https://www.edmunds.com/ram/promaster-cargo-van/2026/features-specs/,,24.0,"CarEdge, brand-level only, ranks 6th of 19 popular brands",
Ram,ProMaster,"2500 SLT+ Low Roof w/136"" WB",2026,no,cargo van,3.0,2.0,FWD,Gas,57160.0,,57160.0,,,,,,,38.8,,,43.0,,,no,304.0,304.0,6800.0,4400.0,"3.0/5.0 (RepairPal, brand-level only, ranks 23rd of 32 brands)",276.0,250.0,,,1.0,3,36000,10,100000,40.5,https://www.edmunds.com/ram/promaster-cargo-van/2026/st-402095912/features-specs/,,24.0,"CarEdge, brand-level only, ranks 6th of 19 popular brands",
Ram,ProMaster,"2500 SLT+ High Roof w/136"" WB",2026,no,cargo van,3.0,2.0,FWD,Gas,58110.0,,58110.0,,,,,,,38.8,,,43.0,,,no,353.0,353.0,6700.0,4150.0,"3.0/5.0 (RepairPal, brand-level only, ranks 23rd of 32 brands)",276.0,250.0,,,1.0,3,36000,10,100000,40.5,https://www.edmunds.com/ram/promaster-cargo-van/2026/features-specs/,,24.0,"CarEdge, brand-level only, ranks 6th of 19 popular brands",
Ram,ProMaster,"2500 SLT+ High Roof w/159"" WB",2026,no,cargo van,3.0,2.0,FWD,Gas,58795.0,,58795.0,,,,,,,38.8,,,43.0,,,no,420.0,420.0,6480.0,4000.0,"3.0/5.0 (RepairPal, brand-level only, ranks 23rd of 32 brands)",276.0,250.0,,,1.0,3,36000,10,100000,40.5,https://www.edmunds.com/ram/promaster-cargo-van/2026/features-specs/,,24.0,"CarEdge, brand-level only, ranks 6th of 19 popular brands",
Ram,ProMaster,"3500 SLT+ Low Roof w/136"" WB",2026,no,cargo van,3.0,2.0,FWD,Gas,58220.0,,58220.0,,,,,,,38.8,,,43.0,,,no,304.0,304.0,6700.0,4820.0,"3.0/5.0 (RepairPal, brand-level only, ranks 23rd of 32 brands)",276.0,250.0,,,1.0,3,36000,10,100000,40.5,https://www.edmunds.com/ram/promaster-cargo-van/2026/st-402095905/features-specs/,,24.0,"CarEdge, brand-level only, ranks 6th of 19 popular brands",
Ram,ProMaster,"3500 SLT+ High Roof w/136"" WB",2026,no,cargo van,3.0,2.0,FWD,Gas,59170.0,,59170.0,,,,,,,38.8,,,43.0,,,no,353.0,353.0,6600.0,4560.0,"3.0/5.0 (RepairPal, brand-level only, ranks 23rd of 32 brands)",276.0,250.0,,,1.0,3,36000,10,100000,40.5,https://www.edmunds.com/ram/promaster-cargo-van/2026/features-specs/,,24.0,"CarEdge, brand-level only, ranks 6th of 19 popular brands",
Ram,ProMaster,"3500 SLT+ High Roof w/159"" WB",2026,no,cargo van,3.0,2.0,FWD,Gas,59820.0,,59820.0,,,,,,,38.8,,,43.0,,,no,420.0,420.0,6480.0,4430.0,"3.0/5.0 (RepairPal, brand-level only, ranks 23rd of 32 brands)",276.0,250.0,,,1.0,3,36000,10,100000,40.5,https://www.edmunds.com/ram/promaster-cargo-van/2026/st-402095919/features-specs/,,24.0,"CarEdge, brand-level only, ranks 6th of 19 popular brands",
Ram,ProMaster,"3500 SLT+ High Roof Ext w/159"" WB",2026,no,cargo van,3.0,2.0,FWD,Gas,62680.0,,62680.0,,,,,,,38.8,,,43.0,,,no,463.0,463.0,6410.0,4320.0,"3.0/5.0 (RepairPal, brand-level only, ranks 23rd of 32 brands)",276.0,250.0,,,1.0,3,36000,10,100000,40.5,https://www.edmunds.com/ram/promaster-cargo-van/2026/st-402095921/features-specs/,,24.0,"CarEdge, brand-level only, ranks 6th of 19 popular brands",
Ram,ProMaster,"3500 SLT+ Super High Roof Ext w/159"" WB",2026,no,cargo van,3.0,2.0,FWD,Gas,63525.0,,63525.0,,,,,,,38.8,,,43.0,,,no,463.0,463.0,6410.0,4300.0,"3.0/5.0 (RepairPal, brand-level only, ranks 23rd of 32 brands)",276.0,250.0,,,1.0,3,36000,10,100000,40.5,https://www.edmunds.com/ram/promaster-cargo-van/2026/features-specs/,,24.0,"CarEdge, brand-level only, ranks 6th of 19 popular brands",
Ram,Chassis Cab 3500,Tradesman,2026,no,cab-chassis,2.0,3.0,RWD,Gas,48605.0,,48605.0,,,,,,,40.9,,,40.9,,,no,,,18880.0,7710.0,2.5/5.0,375.0,429.0,,,0.0,3,36000,10,100000,40.5,https://www.ramtrucks.com/ram-chassis-cab/specs.tradesman.html,,52.0,"CarEdge, brand-level only, ranks 6th of 19 popular brands",
Ram,Chassis Cab 3500,Tradesman,2026,no,cab-chassis,2.0,3.0,RWD,Diesel,68705.0,,68705.0,,,,,,,40.9,,,40.9,,,no,,,25680.0,6830.0,2.5/5.0,360.0,800.0,,,0.0,3,36000,10,100000,40.5,https://www.ramtrucks.com/ram-chassis-cab/specs.tradesman.html,,52.0,"CarEdge, brand-level only, ranks 6th of 19 popular brands",
Ram,Chassis Cab 3500,Big Horn,2026,no,cab-chassis,2.0,3.0,RWD,Gas,,,,,,,,,,40.9,,,40.9,,,no,,,18880.0,7710.0,2.5/5.0,375.0,429.0,,,0.0,3,36000,10,100000,40.5,https://www.ramtrucks.com/ram-chassis-cab/specs.bighorn.html,,52.0,"CarEdge, brand-level only, ranks 6th of 19 popular brands",
Ram,Chassis Cab 3500,Big Horn,2026,no,cab-chassis,2.0,3.0,RWD,Diesel,,,,,,,,,,40.9,,,40.9,,,no,,,25680.0,6830.0,2.5/5.0,360.0,800.0,,,0.0,3,36000,10,100000,40.5,https://www.ramtrucks.com/ram-chassis-cab/specs.bighorn.html,,52.0,"CarEdge, brand-level only, ranks 6th of 19 popular brands",
Ram,Chassis Cab 4500,Tradesman,2026,no,cab-chassis,2.0,3.0,RWD,Gas,53655.0,,53655.0,,,,,,,40.9,,,40.9,,,no,,,21240.0,9390.0,,375.0,429.0,,,0.0,3,36000,10,100000,40.5,https://www.ramtrucks.com/ram-chassis-cab/specs.tradesman.html,,52.0,"CarEdge, brand-level only, ranks 6th of 19 popular brands",
Ram,Chassis Cab 4500,Tradesman,2026,no,cab-chassis,2.0,3.0,RWD,Diesel,71620.0,,71620.0,,,,,,,40.9,,,40.9,,,no,,,29440.0,8560.0,,360.0,800.0,,,0.0,3,36000,10,100000,40.5,https://www.ramtrucks.com/ram-chassis-cab/specs.tradesman.html,,52.0,"CarEdge, brand-level only, ranks 6th of 19 popular brands",
Ram,Chassis Cab 4500,Big Horn,2026,no,cab-chassis,2.0,3.0,RWD,Gas,56660.0,,56660.0,,,,,,,40.9,,,40.9,,,no,,,21240.0,9390.0,,375.0,429.0,,,0.0,3,36000,10,100000,40.5,https://www.ramtrucks.com/ram-chassis-cab/specs.bighorn.html,,52.0,"CarEdge, brand-level only, ranks 6th of 19 popular brands",
Ram,Chassis Cab 4500,Big Horn,2026,no,cab-chassis,2.0,3.0,RWD,Diesel,,,,,,,,,,40.9,,,40.9,,,no,,,29440.0,8560.0,,360.0,800.0,,,0.0,3,36000,10,100000,40.5,https://www.ramtrucks.com/ram-chassis-cab/specs.bighorn.html,,52.0,"CarEdge, brand-level only, ranks 6th of 19 popular brands",
Ram,Chassis Cab 5500,Tradesman,2026,no,cab-chassis,2.0,3.0,RWD,Gas,54775.0,,54775.0,,,,,,,40.9,,,40.9,,,no,,,21230.0,12370.0,,375.0,429.0,,,0.0,3,36000,10,100000,40.5,https://www.ramtrucks.com/ram-chassis-cab/specs.tradesman.html,,52.0,"CarEdge, brand-level only, ranks 6th of 19 popular brands",
Ram,Chassis Cab 5500,Tradesman,2026,no,cab-chassis,2.0,3.0,RWD,Diesel,71890.0,,71890.0,,,,,,,40.9,,,40.9,,,no,,,34380.0,11530.0,,360.0,800.0,,,0.0,3,36000,10,100000,40.5,https://www.ramtrucks.com/ram-chassis-cab/specs.tradesman.html,,52.0,"CarEdge, brand-level only, ranks 6th of 19 popular brands",
Ram,Chassis Cab 5500,Big Horn,2026,no,cab-chassis,2.0,3.0,RWD,Gas,57770.0,,57770.0,,,,,,,40.9,,,40.9,,,no,,,21230.0,12370.0,,375.0,429.0,,,0.0,3,36000,10,100000,40.5,https://www.ramtrucks.com/ram-chassis-cab/specs.bighorn.html,,52.0,"CarEdge, brand-level only, ranks 6th of 19 popular brands",
Ram,Chassis Cab 5500,Big Horn,2026,no,cab-chassis,2.0,3.0,RWD,Diesel,,,,,,,,,,40.9,,,40.9,,,no,,,34380.0,11530.0,,360.0,800.0,,,0.0,3,36000,10,100000,40.5,https://www.ramtrucks.com/ram-chassis-cab/specs.bighorn.html,,52.0,"CarEdge, brand-level only, ranks 6th of 19 popular brands",
Tesla,Model 3,Standard RWD,2026,no,mid-size sedan,4.0,5.0,RWD,EV,36990.0,1390.0,38380.0,147.0,130.0,139.0,321.0,4.5,,42.7,34.5,,40.3,37.8,,no,24.1,,,,,,,5.8,125.0,3.0,4,50000,8,120000,,https://www.edmunds.com/tesla/model-3/2026/trims/,IIHS,,,
Tesla,Model 3,Premium RWD,2026,no,mid-size sedan,4.0,5.0,RWD,EV,42490.0,1390.0,43880.0,145.0,128.0,137.0,363.0,4.5,,42.7,34.5,,40.3,37.8,,no,24.1,,,,,,,4.9,125.0,3.0,4,50000,8,120000,,https://www.edmunds.com/tesla/model-3/2026/trims/,IIHS,,,
Tesla,Model 3,Premium AWD,2026,no,mid-size sedan,4.0,5.0,AWD,EV,47490.0,1390.0,48880.0,133.0,122.0,128.0,346.0,4.5,,42.7,34.5,,40.3,37.8,,no,24.1,,,,,,,4.2,125.0,3.0,4,50000,8,120000,,https://www.edmunds.com/tesla/model-3/2026/trims/,IIHS,,,
Tesla,Model 3,Performance AWD,2026,yes,mid-size sedan,4.0,5.0,AWD,EV,54990.0,1390.0,56380.0,117.0,106.0,111.0,309.0,4.5,,42.7,34.5,,40.3,37.8,,no,24.1,,,,,510.0,,2.9,163.0,3.0,4,50000,8,120000,,https://www.edmunds.com/tesla/model-3/2026/trims/,IIHS,,,
Tesla,Cybertruck,Dual Motor All-Wheel Drive,2026,no,Pickup,4.0,5.0,AWD,EV,74990.0,1390.0,76380.0,85.0,72.0,79.0,325.0,5.0,,41.1,40.9,,41.7,39.0,,no,,117.3,7500.0,2500.0,,600.0,,4.1,112.0,1.0,4,50000,8,150000,,https://www.edmunds.com/tesla/cybertruck/2026/trims/,NHTSA,,,6.0
Tesla,Cybertruck,Premium All-Wheel Drive,2026,no,Pickup,4.0,5.0,AWD,EV,84990.0,1390.0,86380.0,85.0,72.0,79.0,325.0,5.0,,41.1,40.9,,41.7,39.0,,no,,120.7,11000.0,2500.0,,600.0,,4.1,112.0,1.0,4,50000,8,150000,,https://www.edmunds.com/tesla/cybertruck/2026/trims/,NHTSA,,,6.0
Tesla,Cybertruck,Cyberbeast,2026,yes,Pickup,4.0,5.0,AWD,EV,99990.0,1390.0,101380.0,85.0,72.0,79.0,320.0,5.0,,41.1,40.9,,41.7,39.0,,no,,120.7,11000.0,2500.0,,845.0,,2.6,130.0,1.0,4,50000,8,150000,,https://www.edmunds.com/tesla/cybertruck/2026/trims/,NHTSA,,,6.0
Volvo,XC40,B4 Core,2026,no,SUV,4.0,5.0,FWD,Gas,39900.0,1395.0,41295.0,25.0,32.0,27.0,383.0,5.0,,40.9,36.1,,37.6,38.3,,,20.4,57.5,,,,194.0,221.0,8.1,112.0,1.0,4,50000,4,50000,44.7,https://www.edmunds.com/volvo/xc40/2026/trims/,NHTSA,14.2,model-specific,
Volvo,XC40,B5 Core,2026,no,SUV,4.0,5.0,AWD,Gas,42600.0,1395.0,43995.0,23.0,30.0,26.0,369.0,5.0,,40.9,36.1,,37.6,38.3,,,20.4,57.5,,,,247.0,258.0,6.1,112.0,1.0,4,50000,4,50000,44.7,https://www.edmunds.com/volvo/xc40/2026/trims/,NHTSA,14.2,model-specific,
Volvo,XC40,B4 Plus,2026,no,SUV,4.0,5.0,FWD,Gas,43900.0,1395.0,45295.0,25.0,32.0,27.0,383.0,5.0,,40.9,36.1,,37.6,38.3,,,20.4,57.5,,,,194.0,221.0,8.1,112.0,2.0,4,50000,4,50000,44.7,https://www.edmunds.com/volvo/xc40/2026/trims/,NHTSA,14.2,model-specific,
Volvo,XC40,B5 Plus,2026,no,SUV,4.0,5.0,AWD,Gas,47300.0,1395.0,48695.0,23.0,30.0,26.0,369.0,5.0,,40.9,36.1,,37.6,38.3,,,20.4,57.5,,,,247.0,258.0,6.1,112.0,2.0,4,50000,4,50000,44.7,https://www.edmunds.com/volvo/xc40/2026/trims/,NHTSA,14.2,model-specific,
Volvo,XC40,B5 Ultra,2026,no,SUV,4.0,5.0,AWD,Gas,51250.0,1395.0,52645.0,23.0,30.0,26.0,369.0,5.0,,40.9,36.1,,37.6,38.3,,,20.4,57.5,,,,247.0,258.0,6.1,112.0,2.0,4,50000,4,50000,44.7,https://www.edmunds.com/volvo/xc40/2026/trims/,NHTSA,14.2,model-specific,
Volvo,XC40,B5 Ultra Black Edition,2026,no,SUV,4.0,5.0,AWD,Gas,51900.0,1395.0,53295.0,23.0,30.0,26.0,369.0,5.0,,40.9,36.1,,37.6,38.3,,,20.4,57.5,,,,247.0,258.0,6.1,112.0,2.0,4,50000,4,50000,44.7,https://www.edmunds.com/volvo/xc40/2026/trims/,NHTSA,14.2,model-specific,
Volvo,XC60,B5 Core,2026,no,SUV,4.0,5.0,AWD,Gas,49700.0,1395.0,51095.0,23.0,30.0,26.0,489.0,5.0,,41.5,38.0,,38.0,38.0,,,,63.3,3500.0,,"4.0/5.0 (RepairPal, rank 4 of 11 luxury compact SUVs)",247.0,266.0,6.5,112.0,1.0,4,50000,4,50000,49.7,https://www.edmunds.com/volvo/xc60/2026/trims/,NHTSA,18.8,model-specific,
Volvo,XC60,B5 Plus,2026,no,SUV,4.0,5.0,AWD,Gas,54300.0,1395.0,55695.0,23.0,30.0,26.0,489.0,5.0,,41.5,38.0,,38.0,38.0,,,,63.3,3500.0,,"4.0/5.0 (RepairPal, rank 4 of 11 luxury compact SUVs)",247.0,266.0,6.5,112.0,2.0,4,50000,4,50000,49.7,https://www.edmunds.com/volvo/xc60/2026/trims/,NHTSA,18.8,model-specific,
Volvo,XC60,B5 Ultra,2026,no,SUV,4.0,5.0,AWD,Gas,59650.0,1395.0,61045.0,23.0,30.0,26.0,489.0,5.0,,41.5,38.0,,38.0,38.0,,,,63.3,3500.0,,"4.0/5.0 (RepairPal, rank 4 of 11 luxury compact SUVs)",247.0,266.0,6.5,112.0,2.0,4,50000,4,50000,49.7,https://www.edmunds.com/volvo/xc60/2026/trims/,NHTSA,18.8,model-specific,
Volvo,XC60,B5 Ultra Black Edition,2026,no,SUV,4.0,5.0,AWD,Gas,60800.0,1395.0,62195.0,23.0,30.0,26.0,489.0,5.0,,41.5,38.0,,38.0,38.0,,,,63.3,3500.0,,"4.0/5.0 (RepairPal, rank 4 of 11 luxury compact SUVs)",247.0,266.0,6.5,112.0,2.0,4,50000,4,50000,49.7,https://www.edmunds.com/volvo/xc60/2026/trims/,NHTSA,18.8,model-specific,
Volvo,XC60,T8 Core,2026,no,SUV,4.0,5.0,AWD,PHEV,61150.0,1395.0,62545.0,28.0,28.0,28.0,,5.0,,41.5,38.0,,38.0,38.0,,,,63.3,3500.0,,"4.0/5.0 (RepairPal, rank 4 of 11 luxury compact SUVs)",455.0,523.0,4.5,112.0,1.0,4,50000,4,50000,49.7,https://www.edmunds.com/volvo/xc60/2026/trims/,NHTSA,,model-specific,
Volvo,XC60,T8 Plus,2026,no,SUV,4.0,5.0,AWD,PHEV,65600.0,1395.0,66995.0,28.0,28.0,28.0,,5.0,,41.5,38.0,,38.0,38.0,,,,63.3,3500.0,,"4.0/5.0 (RepairPal, rank 4 of 11 luxury compact SUVs)",455.0,523.0,4.5,112.0,2.0,4,50000,4,50000,49.7,https://www.edmunds.com/volvo/xc60/2026/trims/,NHTSA,,model-specific,
Volvo,XC60,T8 Ultra,2026,no,SUV,4.0,5.0,AWD,PHEV,70950.0,1395.0,72345.0,28.0,28.0,28.0,,5.0,,41.5,38.0,,38.0,38.0,,,,63.3,3500.0,,"4.0/5.0 (RepairPal, rank 4 of 11 luxury compact SUVs)",455.0,523.0,4.5,112.0,2.0,4,50000,4,50000,49.7,https://www.edmunds.com/volvo/xc60/2026/trims/,NHTSA,,model-specific,
Volvo,XC60,T8 Ultra Black Edition,2026,no,SUV,4.0,5.0,AWD,PHEV,72050.0,1395.0,73445.0,28.0,28.0,28.0,,5.0,,41.5,38.0,,38.0,38.0,,,,63.3,3500.0,,"4.0/5.0 (RepairPal, rank 4 of 11 luxury compact SUVs)",455.0,523.0,4.5,112.0,2.0,4,50000,4,50000,49.7,https://www.edmunds.com/volvo/xc60/2026/trims/,NHTSA,,model-specific,
Volvo,XC60,T8 Polestar Engineered,2026,yes,SUV,4.0,5.0,AWD,PHEV,79800.0,1395.0,81195.0,28.0,28.0,28.0,,5.0,,41.5,38.0,,38.0,38.0,,,,63.3,3500.0,,"4.0/5.0 (RepairPal, rank 4 of 11 luxury compact SUVs)",455.0,523.0,4.5,112.0,2.0,4,50000,4,50000,49.7,https://www.edmunds.com/volvo/xc60/2026/trims/,NHTSA,,model-specific,
Volvo,XC90,B5 Core,2026,no,SUV,4.0,7.0,AWD,Gas,61050.0,1395.0,62445.0,22.0,27.0,24.0,451.0,5.0,,40.9,37.0,32.0,38.9,38.5,36.0,yes,,85.7,5000.0,,"3.5/5.0 (RepairPal, rank 8 of 14 luxury midsize SUVs)",247.0,266.0,7.3,112.0,1.0,4,50000,4,50000,54.2,https://www.edmunds.com/volvo/xc90/2026/trims/,NHTSA,18.8,model-specific,
Volvo,XC90,B5 Plus,2026,no,SUV,4.0,7.0,AWD,Gas,65050.0,1395.0,66445.0,22.0,27.0,24.0,451.0,5.0,,40.9,37.0,32.0,38.9,38.5,36.0,yes,,85.7,5000.0,,"3.5/5.0 (RepairPal, rank 8 of 14 luxury midsize SUVs)",247.0,266.0,7.3,112.0,2.0,4,50000,4,50000,54.2,https://www.edmunds.com/volvo/xc90/2026/trims/,NHTSA,18.8,model-specific,
Volvo,XC90,B5 Ultra,2026,no,SUV,4.0,7.0,AWD,Gas,69650.0,1395.0,71045.0,22.0,27.0,24.0,451.0,5.0,,40.9,37.0,32.0,38.9,38.5,36.0,yes,,85.7,5000.0,,"3.5/5.0 (RepairPal, rank 8 of 14 luxury midsize SUVs)",247.0,266.0,7.3,112.0,2.0,4,50000,4,50000,54.2,https://www.edmunds.com/volvo/xc90/2026/trims/,NHTSA,18.8,model-specific,
Volvo,XC90,B6 Core,2026,no,SUV,4.0,7.0,AWD,Gas,66150.0,1395.0,67545.0,20.0,26.0,23.0,432.0,5.0,,40.9,37.0,32.0,38.9,38.5,36.0,yes,,85.7,5000.0,,"3.5/5.0 (RepairPal, rank 8 of 14 luxury midsize SUVs)",295.0,310.0,6.4,112.0,1.0,4,50000,4,50000,54.2,https://www.edmunds.com/volvo/xc90/2026/trims/,NHTSA,18.8,model-specific,
Volvo,XC90,B6 Plus,2026,no,SUV,4.0,7.0,AWD,Gas,68800.0,1395.0,70195.0,20.0,26.0,23.0,432.0,5.0,,40.9,37.0,32.0,38.9,38.5,36.0,yes,,85.7,5000.0,,"3.5/5.0 (RepairPal, rank 8 of 14 luxury midsize SUVs)",295.0,310.0,6.4,112.0,2.0,4,50000,4,50000,54.2,https://www.edmunds.com/volvo/xc90/2026/trims/,NHTSA,18.8,model-specific,
Volvo,XC90,B6 Ultra,2026,no,SUV,4.0,7.0,AWD,Gas,73350.0,1395.0,74745.0,20.0,26.0,23.0,432.0,5.0,,40.9,37.0,32.0,38.9,38.5,36.0,yes,,85.7,5000.0,,"3.5/5.0 (RepairPal, rank 8 of 14 luxury midsize SUVs)",295.0,310.0,6.4,112.0,2.0,4,50000,4,50000,54.2,https://www.edmunds.com/volvo/xc90/2026/trims/,NHTSA,18.8,model-specific,
Volvo,XC90,B6 Ultra Dark,2026,no,SUV,4.0,7.0,AWD,Gas,73350.0,1395.0,74745.0,20.0,26.0,23.0,432.0,5.0,,40.9,37.0,32.0,38.9,38.5,36.0,yes,,85.7,5000.0,,"3.5/5.0 (RepairPal, rank 8 of 14 luxury midsize SUVs)",295.0,310.0,6.4,112.0,2.0,4,50000,4,50000,54.2,https://www.edmunds.com/volvo/xc90/2026/trims/,NHTSA,18.8,model-specific,
Volvo,XC90,T8 Core,2026,no,SUV,4.0,7.0,AWD,PHEV,76200.0,1395.0,77595.0,26.0,27.0,27.0,,5.0,,40.9,37.0,32.0,38.9,38.5,36.0,yes,,85.7,5000.0,,"3.5/5.0 (RepairPal, rank 8 of 14 luxury midsize SUVs)",455.0,523.0,5.0,112.0,1.0,4,50000,4,50000,54.2,https://www.edmunds.com/volvo/xc90/2026/trims/,NHTSA,,model-specific,
Volvo,XC90,T8 Plus,2026,no,SUV,4.0,7.0,AWD,PHEV,78850.0,1395.0,80245.0,26.0,27.0,27.0,,5.0,,40.9,37.0,32.0,38.9,38.5,36.0,yes,,85.7,5000.0,,"3.5/5.0 (RepairPal, rank 8 of 14 luxury midsize SUVs)",455.0,523.0,5.0,112.0,2.0,4,50000,4,50000,54.2,https://www.edmunds.com/volvo/xc90/2026/trims/,NHTSA,,model-specific,
Volvo,XC90,T8 Ultra,2026,no,SUV,4.0,7.0,AWD,PHEV,83400.0,1395.0,84795.0,26.0,27.0,27.0,,5.0,,40.9,37.0,32.0,38.9,38.5,36.0,yes,,85.7,5000.0,,"3.5/5.0 (RepairPal, rank 8 of 14 luxury midsize SUVs)",455.0,523.0,5.0,112.0,2.0,4,50000,4,50000,54.2,https://www.edmunds.com/volvo/xc90/2026/trims/,NHTSA,,model-specific,
Volvo,XC90,T8 Ultra Dark,2026,no,SUV,4.0,7.0,AWD,PHEV,83400.0,1395.0,84795.0,26.0,27.0,27.0,,5.0,,40.9,37.0,32.0,38.9,38.5,36.0,yes,,85.7,5000.0,,"3.5/5.0 (RepairPal, rank 8 of 14 luxury midsize SUVs)",455.0,523.0,5.0,112.0,2.0,4,50000,4,50000,54.2,https://www.edmunds.com/volvo/xc90/2026/trims/,NHTSA,,model-specific,
Volvo,EX30,Single Motor Extended Range Plus,2026,no,Hatchback,4.0,5.0,RWD,EV,38950.0,1395.0,40345.0,127.0,104.0,116.0,261.0,,,41.9,32.3,,41.7,38.3,,,12.4,27.8,,,,268.0,253.0,5.1,112.0,2.0,4,50000,4,50000,61.4,https://www.edmunds.com/volvo/ex30/2026/trims/,,,model-specific,
Volvo,EX30,Twin Motor Performance Plus,2026,yes,Hatchback,4.0,5.0,AWD,EV,44950.0,1395.0,46345.0,116.0,100.0,109.0,253.0,,,41.9,32.3,,41.7,38.3,,,12.4,27.8,,,,422.0,400.0,3.4,112.0,2.0,4,50000,4,50000,61.4,https://www.edmunds.com/volvo/ex30/2026/trims/,,,model-specific,
Volvo,EX30,Twin Motor Performance Ultra,2026,yes,Hatchback,4.0,5.0,AWD,EV,46650.0,1395.0,48045.0,116.0,100.0,109.0,253.0,,,41.9,32.3,,41.7,38.3,,,12.4,27.8,,,,422.0,400.0,3.4,112.0,3.0,4,50000,4,50000,61.4,https://www.edmunds.com/volvo/ex30/2026/trims/,,,model-specific,
Volvo,EX30 Cross Country,Twin Motor Performance Ultra,2026,yes,Hatchback,4.0,5.0,AWD,EV,48150.0,1395.0,49545.0,106.0,92.0,99.0,227.0,,,41.9,32.3,,40.2,36.8,,,12.4,27.8,,,,422.0,400.0,3.5,112.0,3.0,4,50000,4,50000,,https://www.edmunds.com/volvo/ex30-cross-country/2026/st-402064243/features-specs/,,,,
Volvo,EX40,Single Motor Plus,2026,no,SUV,4.0,5.0,RWD,EV,55150.0,1395.0,56545.0,118.0,94.0,106.0,296.0,,,40.9,36.1,,37.6,38.3,,,18.9,49.4,,,,248.0,310.0,6.9,112.0,2.0,4,50000,4,50000,64.5,https://www.edmunds.com/volvo/ex40/2026/trims/,,,model-specific,
Volvo,EX40,Twin Motor Plus,2026,no,SUV,4.0,5.0,AWD,EV,56900.0,1395.0,58295.0,103.0,85.0,94.0,260.0,,,40.9,36.1,,37.6,38.3,,,18.9,49.4,,,,402.0,494.0,4.6,112.0,2.0,4,50000,4,50000,64.5,https://www.edmunds.com/volvo/ex40/2026/trims/,,,model-specific,
Volvo,EX40,Twin Motor Ultra Black Edition,2026,no,SUV,4.0,5.0,AWD,EV,60850.0,1395.0,62245.0,103.0,85.0,94.0,260.0,,,40.9,36.1,,37.6,38.3,,,18.9,49.4,,,,402.0,494.0,4.6,112.0,2.0,4,50000,4,50000,64.5,https://www.edmunds.com/volvo/ex40/2026/trims/,,,model-specific,
Volvo,EX90,Single Motor Plus,2026,no,SUV,4.0,7.0,RWD,EV,76695.0,1395.0,78090.0,97.0,86.0,92.0,276.0,5.0,,40.9,36.5,32.0,42.3,41.6,36.0,yes,11.0,75.4,4850.0,,,329.0,354.0,6.6,112.0,3.0,4,50000,4,50000,68.2,https://www.edmunds.com/volvo/ex90/2026/trims/,NHTSA,,model-specific,
Volvo,EX90,Twin Motor Plus,2026,no,SUV,4.0,7.0,AWD,EV,79995.0,1395.0,81390.0,90.0,82.0,86.0,298.0,5.0,,40.9,36.5,32.0,42.3,41.6,36.0,yes,11.0,75.4,4850.0,,,449.0,494.0,5.3,112.0,3.0,4,50000,4,50000,68.2,https://www.edmunds.com/volvo/ex90/2026/trims/,NHTSA,,model-specific,
Volvo,EX90,Twin Motor Ultra,2026,no,SUV,4.0,7.0,AWD,EV,84345.0,1395.0,85740.0,92.0,84.0,88.0,305.0,5.0,,40.9,36.5,32.0,42.3,41.6,36.0,yes,11.0,75.4,4850.0,,,449.0,494.0,5.3,112.0,3.0,4,50000,4,50000,68.2,https://www.edmunds.com/volvo/ex90/2026/trims/,NHTSA,,model-specific,
Volvo,EX90,Twin Motor Performance Plus,2026,yes,SUV,4.0,7.0,AWD,EV,84995.0,1395.0,86390.0,90.0,82.0,86.0,298.0,5.0,,40.9,36.5,32.0,42.3,41.6,36.0,yes,11.0,75.4,4850.0,,,670.0,642.0,4.0,112.0,3.0,4,50000,4,50000,68.2,https://www.edmunds.com/volvo/ex90/2026/trims/,NHTSA,,model-specific,
Volvo,EX90,Twin Motor Performance Ultra,2026,yes,SUV,4.0,7.0,AWD,EV,89345.0,1395.0,90740.0,92.0,84.0,88.0,305.0,5.0,,40.9,36.5,32.0,42.3,41.6,36.0,yes,11.0,75.4,4850.0,,,670.0,642.0,4.0,112.0,3.0,4,50000,4,50000,68.2,https://www.edmunds.com/volvo/ex90/2026/trims/,NHTSA,,model-specific,
Volvo,V60 Cross Country,B5 Plus,2026,no,Wagon,4.0,5.0,AWD,Gas,52300.0,1395.0,53695.0,23.0,31.0,26.0,413.0,5.0,,42.3,35.2,,37.4,38.1,,,,,,,,247.0,258.0,6.6,112.0,2.0,4,50000,4,50000,44.0,https://www.edmunds.com/volvo/v60-cross-country/2026/trims/,NHTSA,15.9,model-specific,
Volvo,V60 Cross Country,B5 Ultra,2026,no,Wagon,4.0,5.0,AWD,Gas,57600.0,1395.0,58995.0,23.0,31.0,26.0,413.0,5.0,,42.3,35.2,,37.4,38.1,,,,,,,,247.0,258.0,6.6,112.0,2.0,4,50000,4,50000,44.0,https://www.edmunds.com/volvo/v60-cross-country/2026/trims/,NHTSA,15.9,model-specific,
Volvo,V90 Cross Country,B6 Ultra,2026,no,Wagon,4.0,5.0,AWD,Gas,66900.0,1395.0,68295.0,22.0,29.0,25.0,398.0,,,42.2,35.9,,38.7,38.0,,,,69.0,,,,295.0,310.0,6.1,112.0,2.0,4,50000,4,50000,44.4,https://www.edmunds.com/volvo/v90-cross-country/2026/,,15.9,model-specific,
Volkswagen,Jetta,S,2026,no,Sedan,4.0,5.0,FWD,Gas,23995.0,1275.0,25270.0,29.0,40.0,34.0,449.0,5.0,,41.1,37.4,,38.5,37.2,,no,14.1,,,,4.0,158.0,184.0,8.4,,2.0,4,50000,4,50000,35.9,https://www.edmunds.com/volkswagen/jetta/2026/trims/,NHTSA,13.2,model-specific,
Volkswagen,Jetta,Sport,2026,no,Sedan,4.0,5.0,FWD,Gas,25305.0,1275.0,26580.0,29.0,40.0,34.0,449.0,5.0,,41.1,37.4,,38.5,37.2,,no,14.1,,,,4.0,158.0,184.0,8.4,,2.0,4,50000,4,50000,35.9,https://www.edmunds.com/volkswagen/jetta/2026/trims/,NHTSA,13.2,model-specific,
Volkswagen,Jetta,SE,2026,no,Sedan,4.0,5.0,FWD,Gas,26985.0,1275.0,28260.0,29.0,40.0,33.0,436.0,5.0,,41.1,37.4,,38.5,37.2,,no,14.1,,,,4.0,158.0,184.0,8.4,,3.0,4,50000,4,50000,35.9,https://www.edmunds.com/volkswagen/jetta/2026/trims/,NHTSA,13.2,model-specific,
Volkswagen,Jetta,SEL,2026,no,Sedan,4.0,5.0,FWD,Gas,29995.0,1275.0,31270.0,29.0,40.0,33.0,436.0,5.0,,41.1,37.4,,38.5,37.2,,no,14.1,,,,4.0,158.0,184.0,8.4,,3.0,4,50000,4,50000,35.9,https://www.edmunds.com/volkswagen/jetta/2026/trims/,NHTSA,13.2,model-specific,
Volkswagen,Jetta GLI,Autobahn,2026,yes,Sedan,4.0,5.0,FWD,Gas,33745.0,1275.0,35020.0,26.0,35.0,29.0,383.0,5.0,,41.1,37.4,,38.5,37.2,,no,14.1,,,,4.0,228.0,258.0,5.6,,3.0,4,50000,4,50000,38.7,https://www.edmunds.com/volkswagen/jetta-gli/2026/trims/,NHTSA,13.2,model-specific,
Volkswagen,Golf GTI,S,2026,yes,Hatchback,4.0,5.0,FWD,Gas,34590.0,1275.0,35865.0,24.0,32.0,27.0,356.0,,,41.2,35.0,,38.5,38.1,,no,19.9,34.5,,,3.0,241.0,273.0,6.1,,3.0,4,50000,4,50000,38.8,https://www.edmunds.com/volkswagen/golf-gti/2026/trims/,,13.2,model-specific,
Volkswagen,Golf GTI,SE,2026,yes,Hatchback,4.0,5.0,FWD,Gas,39080.0,1275.0,40355.0,24.0,32.0,27.0,356.0,,,41.2,35.0,,38.5,38.1,,no,19.9,34.5,,,3.0,241.0,273.0,6.1,,3.0,4,50000,4,50000,38.8,https://www.edmunds.com/volkswagen/golf-gti/2026/trims/,,13.2,model-specific,
Volkswagen,Golf GTI,Autobahn,2026,yes,Hatchback,4.0,5.0,FWD,Gas,42480.0,1275.0,43755.0,24.0,32.0,27.0,356.0,,,41.2,35.0,,38.5,38.1,,no,19.9,34.5,,,3.0,241.0,273.0,6.1,,4.0,4,50000,4,50000,38.8,https://www.edmunds.com/volkswagen/golf-gti/2026/trims/,,13.2,model-specific,
Volkswagen,Golf R,Base,2026,yes,Hatchback,4.0,5.0,AWD,Gas,49455.0,1275.0,50730.0,22.0,31.0,25.0,362.0,,,41.2,35.0,,38.5,38.1,,no,19.9,34.5,,,3.0,328.0,295.0,4.4,,4.0,4,50000,4,50000,40.8,https://www.edmunds.com/volkswagen/golf-r/2026/trims/,,14.5,model-specific,
Volkswagen,Tiguan,S,2026,no,SUV,4.0,5.0,FWD,Gas,30805.0,1475.0,32280.0,26.0,34.0,29.0,452.0,5.0,,40.2,40.2,,39.5,38.4,,no,33.8,69.8,,,3.0,201.0,207.0,7.7,,3.0,4,50000,4,50000,44.2,https://www.edmunds.com/volkswagen/tiguan/2026/trims/,NHTSA,15.6,model-specific,
Volkswagen,Tiguan,SE,2026,no,SUV,4.0,5.0,FWD,Gas,33605.0,1475.0,35080.0,25.0,32.0,28.0,437.0,5.0,,40.2,40.2,,39.5,38.4,,no,33.8,69.8,,,3.0,201.0,207.0,7.7,,3.0,4,50000,4,50000,44.2,https://www.edmunds.com/volkswagen/tiguan/2026/trims/,NHTSA,15.6,model-specific,
Volkswagen,Tiguan,SE R-Line Black,2026,no,SUV,4.0,5.0,FWD,Gas,37245.0,1475.0,38720.0,25.0,32.0,28.0,437.0,5.0,,40.2,40.2,,38.2,38.4,,no,33.8,69.8,,,3.0,201.0,207.0,7.7,,4.0,4,50000,4,50000,44.2,https://www.edmunds.com/volkswagen/tiguan/2026/trims/,NHTSA,15.6,model-specific,
Volkswagen,Tiguan,SEL R-Line Turbo,2026,no,SUV,4.0,5.0,AWD,Gas,43085.0,1475.0,44560.0,22.0,29.0,25.0,390.0,5.0,,40.2,40.2,,38.2,38.4,,no,33.8,69.8,,,3.0,268.0,258.0,8.7,,5.0,4,50000,4,50000,44.2,https://www.edmunds.com/volkswagen/tiguan/2026/trims/,NHTSA,15.6,model-specific,
Volkswagen,Taos,S,2026,no,SUV,4.0,5.0,FWD,Gas,26500.0,1475.0,27975.0,28.0,36.0,31.0,409.0,4.0,,40.1,37.9,,40.7,39.8,,no,27.9,65.9,,,"3.5/5.0 (RepairPal, brand-level only, ranks 12th of 32 brands)",174.0,184.0,8.8,,2.0,4,50000,4,50000,44.8,https://www.edmunds.com/volkswagen/taos/2026/trims/,NHTSA,13.2,model-specific,
Volkswagen,Taos,SE,2026,no,SUV,4.0,5.0,FWD,Gas,29260.0,1475.0,30735.0,28.0,36.0,31.0,409.0,4.0,,40.1,37.9,,40.7,39.8,,no,27.9,65.9,,,"3.5/5.0 (RepairPal, brand-level only, ranks 12th of 32 brands)",174.0,184.0,8.8,,3.0,4,50000,4,50000,44.8,https://www.edmunds.com/volkswagen/taos/2026/trims/,NHTSA,13.2,model-specific,
Volkswagen,Taos,SE Black,2026,no,SUV,4.0,5.0,FWD,Gas,31510.0,1475.0,32985.0,28.0,36.0,31.0,409.0,4.0,,40.1,37.9,,39.5,39.8,,no,27.9,65.9,,,"3.5/5.0 (RepairPal, brand-level only, ranks 12th of 32 brands)",174.0,184.0,8.8,,3.0,4,50000,4,50000,44.8,https://www.edmunds.com/volkswagen/taos/2026/trims/,NHTSA,13.2,model-specific,
Volkswagen,Taos,SEL,2026,no,SUV,4.0,5.0,AWD,Gas,35900.0,1475.0,37375.0,25.0,33.0,28.0,370.0,4.0,,40.1,37.9,,39.5,39.8,,no,24.9,60.2,,,"3.5/5.0 (RepairPal, brand-level only, ranks 12th of 32 brands)",174.0,184.0,8.9,,3.0,4,50000,4,50000,44.8,https://www.edmunds.com/volkswagen/taos/2026/trims/,NHTSA,13.2,model-specific,
Volkswagen,Atlas,SE,2026,no,SUV,4.0,7.0,FWD,Gas,39310.0,1475.0,40785.0,20.0,27.0,23.0,428.0,5.0,,41.7,37.6,34.0,40.1,39.5,38.0,yes,20.6,96.6,5000.0,,"3.5/5.0 (RepairPal, brand-level only, ranks 12th of 32 brands)",269.0,273.0,,,2.0,4,50000,4,50000,50.8,https://www.edmunds.com/volkswagen/atlas/2026/trims/,NHTSA,18.6,model-specific,
Volkswagen,Atlas,SE with Technology,2026,no,SUV,4.0,7.0,FWD,Gas,43730.0,1475.0,45205.0,20.0,27.0,23.0,428.0,5.0,,41.7,37.6,34.0,40.1,39.5,38.0,yes,20.6,96.6,5000.0,,"3.5/5.0 (RepairPal, brand-level only, ranks 12th of 32 brands)",269.0,273.0,,,2.0,4,50000,4,50000,50.8,https://www.edmunds.com/volkswagen/atlas/2026/trims/,NHTSA,18.6,model-specific,
Volkswagen,Atlas,Peak Edition SE with Technology,2026,no,SUV,4.0,7.0,AWD,Gas,48060.0,1475.0,49535.0,19.0,25.0,21.0,391.0,5.0,,41.7,37.6,34.0,40.1,39.5,38.0,yes,20.6,96.6,5000.0,,"3.5/5.0 (RepairPal, brand-level only, ranks 12th of 32 brands)",269.0,273.0,7.5,,2.0,4,50000,4,50000,50.8,https://www.edmunds.com/volkswagen/atlas/2026/trims/,NHTSA,18.6,model-specific,
Volkswagen,Atlas,SEL,2026,no,SUV,4.0,7.0,AWD,Gas,49620.0,1475.0,51095.0,19.0,25.0,21.0,391.0,5.0,,41.7,37.6,34.0,40.1,39.5,38.0,yes,20.6,96.6,5000.0,,"3.5/5.0 (RepairPal, brand-level only, ranks 12th of 32 brands)",269.0,273.0,7.5,,3.0,4,50000,4,50000,50.8,https://www.edmunds.com/volkswagen/atlas/2026/trims/,NHTSA,18.6,model-specific,
Volkswagen,Atlas,SEL Premium R-Line,2026,no,SUV,4.0,7.0,AWD,Gas,54630.0,1475.0,56105.0,19.0,25.0,21.0,391.0,5.0,,41.7,37.6,34.0,40.1,39.5,38.0,yes,20.6,96.6,5000.0,,"3.5/5.0 (RepairPal, brand-level only, ranks 12th of 32 brands)",269.0,273.0,7.5,,4.0,4,50000,4,50000,50.8,https://www.edmunds.com/volkswagen/atlas/2026/trims/,NHTSA,18.6,model-specific,
Volkswagen,Atlas Cross Sport,SE,2026,no,SUV,4.0,5.0,FWD,Gas,38300.0,1475.0,39775.0,20.0,27.0,23.0,428.0,5.0,,41.7,40.4,,39.4,37.3,,no,40.3,77.6,5000.0,,"3.5/5.0 (RepairPal, brand-level only, ranks 12th of 32 brands)",269.0,273.0,,,3.0,4,50000,4,50000,49.0,https://www.edmunds.com/volkswagen/atlas-cross-sport/2026/trims/,NHTSA,18.6,model-specific,
Volkswagen,Atlas Cross Sport,SE with Technology,2026,no,SUV,4.0,5.0,FWD,Gas,42720.0,1475.0,44195.0,20.0,27.0,23.0,428.0,5.0,,41.7,40.4,,39.4,37.3,,no,40.3,77.6,5000.0,,"3.5/5.0 (RepairPal, brand-level only, ranks 12th of 32 brands)",269.0,273.0,,,3.0,4,50000,4,50000,49.0,https://www.edmunds.com/volkswagen/atlas-cross-sport/2026/trims/,NHTSA,18.6,model-specific,
Volkswagen,Atlas Cross Sport,SEL,2026,no,SUV,4.0,5.0,AWD,Gas,48610.0,1475.0,50085.0,20.0,26.0,22.0,409.0,5.0,,41.6,40.4,,38.6,37.3,,no,40.3,77.6,5000.0,,"3.5/5.0 (RepairPal, brand-level only, ranks 12th of 32 brands)",269.0,273.0,7.5,,4.0,4,50000,4,50000,49.0,https://www.edmunds.com/volkswagen/atlas-cross-sport/2026/trims/,NHTSA,18.6,model-specific,
Volkswagen,Atlas Cross Sport,SEL R-Line Black,2026,no,SUV,4.0,5.0,AWD,Gas,50560.0,1475.0,52035.0,20.0,26.0,22.0,409.0,5.0,,41.6,40.4,,38.6,37.3,,no,40.3,77.6,5000.0,,"3.5/5.0 (RepairPal, brand-level only, ranks 12th of 32 brands)",269.0,273.0,7.5,,4.0,4,50000,4,50000,49.0,https://www.edmunds.com/volkswagen/atlas-cross-sport/2026/trims/,NHTSA,18.6,model-specific,
Volkswagen,Atlas Cross Sport,SEL Premium R-Line,2026,no,SUV,4.0,5.0,AWD,Gas,53620.0,1475.0,55095.0,20.0,26.0,22.0,409.0,5.0,,41.6,40.4,,38.6,37.3,,no,40.3,77.6,5000.0,,"3.5/5.0 (RepairPal, brand-level only, ranks 12th of 32 brands)",269.0,273.0,7.5,,5.0,4,50000,4,50000,49.0,https://www.edmunds.com/volkswagen/atlas-cross-sport/2026/trims/,NHTSA,18.6,model-specific,
Volkswagen,ID.4,Pro,2026,no,SUV,4.0,5.0,RWD,EV,45095.0,1475.0,46570.0,122.0,104.0,113.0,291.0,5.0,,41.1,37.6,,40.6,38.4,,no,30.3,64.2,,,"3.5/5.0 (RepairPal, brand-level only, ranks 12th of 32 brands)",282.0,402.0,6.1,,2.0,4,50000,4,50000,62.1,https://www.edmunds.com/volkswagen/id4/2026/trims/,NHTSA,,model-specific,
Volkswagen,ID.4,AWD Pro,2026,no,SUV,4.0,5.0,AWD,EV,48995.0,1475.0,50470.0,108.0,96.0,102.0,263.0,5.0,,41.1,37.6,,40.6,38.4,,no,30.3,64.2,,,"3.5/5.0 (RepairPal, brand-level only, ranks 12th of 32 brands)",335.0,,4.9,,2.0,4,50000,4,50000,62.1,https://www.edmunds.com/volkswagen/id4/2026/trims/,NHTSA,,model-specific,
Volkswagen,ID.4,Pro S,2026,no,SUV,4.0,5.0,RWD,EV,50195.0,1475.0,51670.0,122.0,104.0,113.0,291.0,5.0,,41.1,37.6,,41.1,38.4,,no,30.3,64.2,,,"3.5/5.0 (RepairPal, brand-level only, ranks 12th of 32 brands)",282.0,402.0,6.1,,2.0,4,50000,4,50000,62.1,https://www.edmunds.com/volkswagen/id4/2026/trims/,NHTSA,,model-specific,
Volkswagen,ID.4,AWD Pro S,2026,no,SUV,4.0,5.0,AWD,EV,54095.0,1475.0,55570.0,108.0,96.0,102.0,263.0,5.0,,41.1,37.6,,41.1,38.4,,no,30.3,64.2,,,"3.5/5.0 (RepairPal, brand-level only, ranks 12th of 32 brands)",335.0,,4.9,,2.0,4,50000,4,50000,62.1,https://www.edmunds.com/volkswagen/id4/2026/trims/,NHTSA,,model-specific,
Volkswagen,ID.4,AWD Pro S Plus,2026,no,SUV,4.0,5.0,AWD,EV,57655.0,1475.0,59130.0,108.0,96.0,102.0,263.0,5.0,,41.1,37.6,,41.1,38.4,,no,30.3,64.2,,,"3.5/5.0 (RepairPal, brand-level only, ranks 12th of 32 brands)",335.0,,4.9,,3.0,4,50000,4,50000,62.1,https://www.edmunds.com/volkswagen/id4/2026/trims/,NHTSA,,model-specific,
Acura,ADX,Base FWD,2026,no,SUV,4.0,5.0,FWD,Gas,35000.0,1450.0,36450.0,26.0,31.0,28.0,392.0,5.0,119.2,41.9,37.7,,38.5,36.8,,no,23.2,53.9,,,"4.0/5.0 (RepairPal, brand-level only, ranks 2nd of 32 brands)",190.0,179.0,9.4,,2.0,4,50000,6,70000,44.9,https://www.edmunds.com/acura/adx/2026/,NHTSA,,model-specific,
Acura,ADX,Base AWD,2026,no,SUV,4.0,5.0,AWD,Gas,37000.0,1450.0,38450.0,25.0,30.0,27.0,378.0,5.0,119.2,41.9,37.7,,38.5,36.8,,no,23.2,53.9,,,"4.0/5.0 (RepairPal, brand-level only, ranks 2nd of 32 brands)",190.0,179.0,9.4,,2.0,4,50000,6,70000,44.9,https://www.edmunds.com/acura/adx/2026/,NHTSA,,model-specific,
Acura,ADX,A-Spec FWD,2026,no,SUV,4.0,5.0,FWD,Gas,38000.0,1450.0,39450.0,26.0,31.0,28.0,392.0,5.0,119.2,41.9,37.7,,38.5,36.8,,no,23.2,53.9,,,"4.0/5.0 (RepairPal, brand-level only, ranks 2nd of 32 brands)",190.0,179.0,9.4,,2.0,4,50000,6,70000,44.9,https://www.edmunds.com/acura/adx/2026/,NHTSA,,model-specific,
Acura,ADX,A-Spec AWD,2026,no,SUV,4.0,5.0,AWD,Gas,40000.0,1450.0,41450.0,25.0,30.0,27.0,378.0,5.0,119.2,41.9,37.7,,38.5,36.8,,no,23.2,53.9,,,"4.0/5.0 (RepairPal, brand-level only, ranks 2nd of 32 brands)",190.0,179.0,9.4,,2.0,4,50000,6,70000,44.9,https://www.edmunds.com/acura/adx/2026/,NHTSA,,model-specific,
Acura,ADX,A-Spec Advance FWD,2026,no,SUV,4.0,5.0,FWD,Gas,42000.0,1450.0,43450.0,26.0,31.0,28.0,392.0,5.0,119.2,41.9,37.7,,38.5,36.8,,no,23.2,53.9,,,"4.0/5.0 (RepairPal, brand-level only, ranks 2nd of 32 brands)",190.0,179.0,9.4,,3.0,4,50000,6,70000,44.9,https://www.edmunds.com/acura/adx/2026/,NHTSA,,model-specific,
Acura,ADX,A-Spec Advance AWD,2026,no,SUV,4.0,5.0,AWD,Gas,44000.0,1450.0,45450.0,25.0,30.0,27.0,378.0,5.0,119.2,41.9,37.7,,38.5,36.8,,no,23.2,53.9,,,"4.0/5.0 (RepairPal, brand-level only, ranks 2nd of 32 brands)",190.0,179.0,9.4,,3.0,4,50000,6,70000,44.9,https://www.edmunds.com/acura/adx/2026/,NHTSA,,model-specific,
Acura,Integra,Base,2026,no,Hatchback,4.0,5.0,FWD,Gas,33400.0,1295.0,34695.0,29.0,37.0,32.0,397.0,5.0,120.1,42.3,37.4,,37.6,36.4,,no,24.3,,,,"4.0/5.0 (RepairPal, brand-level only, ranks 2nd of 32 brands)",200.0,192.0,7.1,,2.0,4,50000,6,70000,41.9,https://www.edmunds.com/acura/integra/2026/,NHTSA,,model-specific,
Acura,Integra,A-Spec,2026,no,Hatchback,4.0,5.0,FWD,Gas,35950.0,1295.0,37245.0,29.0,37.0,32.0,397.0,5.0,120.1,42.3,37.4,,37.6,36.4,,no,24.3,,,,"4.0/5.0 (RepairPal, brand-level only, ranks 2nd of 32 brands)",200.0,192.0,7.1,,2.0,4,50000,6,70000,41.9,https://www.edmunds.com/acura/integra/2026/,NHTSA,,model-specific,
Acura,Integra,A-Spec w/Technology Package,2026,no,Hatchback,4.0,5.0,FWD,Gas,39200.0,1295.0,40495.0,29.0,37.0,32.0,397.0,5.0,120.1,42.3,37.4,,37.6,36.4,,no,24.3,,,,"4.0/5.0 (RepairPal, brand-level only, ranks 2nd of 32 brands)",200.0,192.0,6.8,,2.0,4,50000,6,70000,41.9,https://www.edmunds.com/acura/integra/2026/,NHTSA,,model-specific,
Acura,Integra,Type S,2026,yes,Hatchback,4.0,4.0,FWD,Gas,53900.0,1295.0,55195.0,21.0,28.0,24.0,298.0,5.0,,42.3,37.4,,37.6,36.4,,no,24.3,,,,"4.0/5.0 (RepairPal, brand-level only, ranks 2nd of 32 brands)",320.0,310.0,5.8,,2.0,4,50000,6,70000,41.9,https://www.edmunds.com/acura/integra/2026/type-s/,NHTSA,,model-specific,
Acura,RDX,Base,2026,no,SUV,4.0,5.0,AWD,Gas,45100.0,1350.0,46450.0,21.0,27.0,23.0,393.0,5.0,133.5,42.0,38.0,,40.0,38.0,,no,29.5,58.9,1500.0,,4.5,272.0,280.0,7.1,,1.0,4,50000,6,70000,43.6,https://www.edmunds.com/acura/rdx/2026/,NHTSA,,model-specific,
Acura,RDX,Technology Package,2026,no,SUV,4.0,5.0,AWD,Gas,47700.0,1350.0,49050.0,21.0,27.0,23.0,393.0,5.0,133.5,42.0,38.0,,40.0,38.0,,no,29.5,58.9,1500.0,,4.5,272.0,280.0,7.1,,2.0,4,50000,6,70000,43.6,https://www.edmunds.com/acura/rdx/2026/,NHTSA,,model-specific,
Acura,RDX,A-Spec,2026,no,SUV,4.0,5.0,AWD,Gas,50700.0,1350.0,52050.0,21.0,26.0,23.0,393.0,5.0,133.5,42.0,38.0,,40.0,38.0,,no,29.5,58.9,1500.0,,4.5,272.0,280.0,7.1,,2.0,4,50000,6,70000,43.6,https://www.edmunds.com/acura/rdx/2026/,NHTSA,,model-specific,
Acura,RDX,Advance Package,2026,no,SUV,4.0,5.0,AWD,Gas,52850.0,1350.0,54200.0,21.0,27.0,23.0,393.0,5.0,133.5,42.0,38.0,,40.0,38.0,,no,29.5,58.9,1500.0,,4.5,272.0,280.0,7.1,,4.0,4,50000,6,70000,43.6,https://www.edmunds.com/acura/rdx/2026/,NHTSA,,model-specific,
Acura,RDX,A-Spec Advance,2026,no,SUV,4.0,5.0,AWD,Gas,54850.0,1350.0,56200.0,21.0,26.0,23.0,393.0,5.0,133.5,42.0,38.0,,40.0,38.0,,no,29.5,58.9,1500.0,,4.5,272.0,280.0,7.1,,4.0,4,50000,6,70000,43.6,https://www.edmunds.com/acura/rdx/2026/,NHTSA,,model-specific,
Acura,MDX,Base FWD,2026,no,SUV,4.0,7.0,FWD,Gas,51800.0,1350.0,53150.0,19.0,26.0,22.0,407.0,5.0,157.2,41.6,38.5,29.0,38.5,38.1,36.0,yes,18.1,95.0,3500.0,,4.0,290.0,267.0,7.5,,2.0,4,50000,6,70000,49.8,https://www.edmunds.com/acura/mdx/2026/,NHTSA,,model-specific,
Acura,MDX,Base SH-AWD,2026,no,SUV,4.0,7.0,AWD,Gas,54000.0,1350.0,55350.0,19.0,25.0,21.0,389.0,5.0,157.2,41.6,38.5,29.0,38.5,38.1,36.0,yes,18.1,95.0,5000.0,,4.0,290.0,267.0,7.5,,2.0,4,50000,6,70000,49.8,https://www.edmunds.com/acura/mdx/2026/,NHTSA,,model-specific,
Acura,MDX,Technology Package FWD,2026,no,SUV,4.0,7.0,FWD,Gas,57200.0,1350.0,58550.0,19.0,26.0,22.0,407.0,5.0,157.2,41.6,38.5,29.0,38.5,38.1,36.0,yes,18.1,95.0,3500.0,,4.0,290.0,267.0,7.5,,3.0,4,50000,6,70000,49.8,https://www.edmunds.com/acura/mdx/2026/,NHTSA,,model-specific,
Acura,MDX,Technology Package SH-AWD,2026,no,SUV,4.0,7.0,AWD,Gas,59400.0,1350.0,60750.0,19.0,25.0,21.0,389.0,5.0,157.2,41.6,38.5,29.0,38.5,38.1,36.0,yes,18.1,95.0,5000.0,,4.0,290.0,267.0,7.5,,3.0,4,50000,6,70000,49.8,https://www.edmunds.com/acura/mdx/2026/,NHTSA,,model-specific,
Acura,MDX,A-Spec,2026,no,SUV,4.0,7.0,AWD,Gas,62400.0,1350.0,63750.0,19.0,25.0,21.0,389.0,5.0,157.2,41.6,38.5,29.0,38.5,38.1,36.0,yes,18.1,95.0,5000.0,,4.0,290.0,267.0,7.5,,3.0,4,50000,6,70000,49.8,https://www.edmunds.com/acura/mdx/2026/,NHTSA,,model-specific,
Acura,MDX,Advance Package,2026,no,SUV,4.0,7.0,AWD,Gas,66900.0,1350.0,68250.0,19.0,25.0,21.0,389.0,5.0,157.2,41.6,38.5,29.0,38.5,38.1,36.0,yes,18.1,95.0,5000.0,,4.0,290.0,267.0,7.5,,4.0,4,50000,6,70000,49.8,https://www.edmunds.com/acura/mdx/2026/,NHTSA,,model-specific,
Acura,MDX,A-Spec Advance,2026,no,SUV,4.0,7.0,AWD,Gas,68900.0,1350.0,70250.0,19.0,25.0,21.0,389.0,5.0,157.2,41.6,38.5,29.0,38.5,38.1,36.0,yes,18.1,95.0,5000.0,,4.0,355.0,354.0,5.5,,4.0,4,50000,6,70000,49.8,https://www.edmunds.com/acura/mdx/2026/,NHTSA,,model-specific,
Acura,MDX,Type S,2026,yes,SUV,4.0,7.0,AWD,Gas,75850.0,1350.0,77200.0,17.0,21.0,19.0,352.0,5.0,157.2,41.6,38.5,29.0,38.5,38.1,36.0,yes,18.1,95.0,5000.0,,4.0,355.0,354.0,5.5,,3.0,4,50000,6,70000,49.8,https://www.edmunds.com/acura/mdx/2026/type-s/,NHTSA,,model-specific,
Lexus,ES,350e Premium,2026,no,sedan,4.0,5.0,FWD,EV,48895.0,1395.0,50290.0,135.0,118.0,127.0,307.0,,,41.9,40.7,,38.3,37.8,,no,13.3,,,,"4.0/5.0 (RepairPal, rank 4 of 31 luxury midsize cars)",221.0,198.0,7.4,,3.0,4,50000,6,70000,12.0,https://www.edmunds.com/lexus/es/2026/trims/,,,model-specific,
Lexus,ES,350h Premium,2026,no,sedan,4.0,5.0,FWD,Hybrid,51095.0,1395.0,52490.0,48.0,44.0,46.0,,,,41.9,40.7,,38.3,37.8,,no,13.3,,,,"4.0/5.0 (RepairPal, rank 4 of 31 luxury midsize cars)",244.0,,7.2,,3.0,4,50000,6,70000,12.0,https://www.edmunds.com/lexus/es/2026/trims/,,,model-specific,
Lexus,ES,500e Premium,2026,no,sedan,4.0,5.0,AWD,EV,51895.0,1395.0,53290.0,119.0,108.0,114.0,276.0,,,41.9,40.7,,38.3,37.8,,no,13.3,,,,"4.0/5.0 (RepairPal, rank 4 of 31 luxury midsize cars)",338.0,323.0,5.1,,3.0,4,50000,6,70000,12.0,https://www.edmunds.com/lexus/es/2026/trims/,,,model-specific,
Lexus,ES,350h Premium+,2026,no,sedan,4.0,5.0,FWD,Hybrid,55895.0,1395.0,57290.0,48.0,44.0,46.0,,,,41.9,40.7,,38.3,37.8,,no,13.3,,,,"4.0/5.0 (RepairPal, rank 4 of 31 luxury midsize cars)",244.0,,7.2,,3.0,4,50000,6,70000,12.0,https://www.edmunds.com/lexus/es/2026/trims/,,,model-specific,
Lexus,ES,350e Luxury,2026,no,sedan,4.0,5.0,FWD,EV,57295.0,1395.0,58690.0,135.0,118.0,127.0,307.0,,,41.9,40.7,,38.3,37.8,,no,13.3,,,,"4.0/5.0 (RepairPal, rank 4 of 31 luxury midsize cars)",221.0,198.0,7.4,,3.0,4,50000,6,70000,12.0,https://www.edmunds.com/lexus/es/2026/trims/,,,model-specific,
Lexus,ES,500e Luxury,2026,no,sedan,4.0,5.0,AWD,EV,60295.0,1395.0,61690.0,119.0,108.0,114.0,276.0,,,41.9,40.7,,38.3,37.8,,no,13.3,,,,"4.0/5.0 (RepairPal, rank 4 of 31 luxury midsize cars)",338.0,323.0,5.1,,3.0,4,50000,6,70000,12.0,https://www.edmunds.com/lexus/es/2026/trims/,,,model-specific,
Lexus,IS,350 F Sport Design,2026,no,sedan,4.0,5.0,RWD,Gas,45500.0,1295.0,46795.0,19.0,27.0,22.0,383.0,3.0,,44.8,32.2,,38.2,36.9,,no,10.8,,,,"4.0/5.0 (RepairPal, rank 9 of 31 luxury midsize cars)",311.0,280.0,5.9,,2.0,4,50000,6,70000,14.2,https://www.edmunds.com/lexus/is/2026/trims/,IIHS,,model-specific,
Lexus,IS,350 F Sport,2026,no,sedan,4.0,5.0,RWD,Gas,47950.0,1295.0,49245.0,19.0,27.0,22.0,383.0,3.0,,44.8,32.2,,38.2,36.9,,no,10.8,,,,"4.0/5.0 (RepairPal, rank 9 of 31 luxury midsize cars)",311.0,280.0,5.9,,2.0,4,50000,6,70000,12.8,https://www.edmunds.com/lexus/is/2026/trims/,IIHS,,model-specific,
Lexus,LS,500 Heritage Edition,2026,no,sedan,4.0,5.0,AWD,Gas,97830.0,1550.0,99380.0,17.0,27.0,21.0,456.0,,114.6,41.0,38.9,,36.8,36.4,,no,17.0,,,,"3.5/5.0 (RepairPal, rank 10 of 30 luxury fullsize cars)",416.0,442.0,4.6,,3.0,4,50000,6,70000,18.4,https://www.edmunds.com/lexus/ls/2026/trims/,,,model-specific,
Lexus,LC,500,2026,no,coupe,2.0,4.0,RWD,Gas,101850.0,1550.0,103400.0,16.0,24.0,18.0,391.0,,91.3,42.0,32.5,,37.2,32.2,,no,5.4,,,,,471.0,398.0,4.4,,1.0,4,50000,6,70000,13.9,https://www.edmunds.com/lexus/lc/2026/coupe/,,,model-specific,
Lexus,LC,500,2026,no,convertible,2.0,4.0,RWD,Gas,109350.0,1550.0,110900.0,15.0,25.0,18.0,391.0,,78.6,42.6,28.0,,36.7,32.1,,no,3.4,,,,,471.0,398.0,4.4,,1.0,4,50000,6,70000,16.3,https://www.edmunds.com/lexus/lc/2026/convertible/,,,model-specific,
Lexus,UX,300h,2026,no,SUV,4.0,5.0,FWD,Hybrid,37455.0,1295.0,38750.0,44.0,40.0,42.0,445.0,3.0,,42.0,33.1,,35.7,36.3,,no,17.1,,,,,196.0,,7.9,,1.0,4,50000,6,70000,38.4,https://www.edmunds.com/lexus/ux/2026/,IIHS,,"CarEdge, brand-level only, ranks 1st of 16 luxury brands",
Lexus,UX,300h,2026,no,SUV,4.0,5.0,AWD,Hybrid,39025.0,1295.0,40320.0,,,,,3.0,,42.0,33.1,,35.7,36.3,,no,17.1,,,,,196.0,,7.9,,1.0,4,50000,6,70000,38.4,https://www.edmunds.com/lexus/ux/2026/,IIHS,,"CarEdge, brand-level only, ranks 1st of 16 luxury brands",
Lexus,UX,300h Premium,2026,no,SUV,4.0,5.0,FWD,Hybrid,40725.0,1295.0,42020.0,44.0,40.0,42.0,445.0,3.0,,42.0,33.1,,35.7,36.3,,no,17.1,,,,,196.0,,7.9,,1.0,4,50000,6,70000,38.4,https://www.edmunds.com/lexus/ux/2026/,IIHS,,"CarEdge, brand-level only, ranks 1st of 16 luxury brands",
Lexus,UX,300h Premium,2026,no,SUV,4.0,5.0,AWD,Hybrid,42295.0,1295.0,43590.0,,,,,3.0,,42.0,33.1,,35.7,36.3,,no,17.1,,,,,196.0,,7.9,,1.0,4,50000,6,70000,38.4,https://www.edmunds.com/lexus/ux/2026/,IIHS,,"CarEdge, brand-level only, ranks 1st of 16 luxury brands",
Lexus,UX,300h F SPORT Design,2026,no,SUV,4.0,5.0,FWD,Hybrid,41290.0,1295.0,42585.0,44.0,40.0,42.0,445.0,3.0,,42.0,33.1,,35.7,36.3,,no,17.1,,,,,196.0,,7.9,,1.0,4,50000,6,70000,38.4,https://www.edmunds.com/lexus/ux/2026/,IIHS,,"CarEdge, brand-level only, ranks 1st of 16 luxury brands",
Lexus,UX,300h F SPORT Design,2026,no,SUV,4.0,5.0,AWD,Hybrid,42860.0,1295.0,44155.0,,,,,3.0,,42.0,33.1,,35.7,36.3,,no,17.1,,,,,196.0,,7.9,,1.0,4,50000,6,70000,38.4,https://www.edmunds.com/lexus/ux/2026/,IIHS,,"CarEdge, brand-level only, ranks 1st of 16 luxury brands",
Lexus,UX,300h F SPORT Handling,2026,no,SUV,4.0,5.0,FWD,Hybrid,45875.0,1295.0,47170.0,44.0,40.0,42.0,445.0,3.0,,42.0,33.1,,35.7,36.3,,no,17.1,,,,,196.0,,7.9,,1.0,4,50000,6,70000,38.4,https://www.edmunds.com/lexus/ux/2026/,IIHS,,"CarEdge, brand-level only, ranks 1st of 16 luxury brands",
Lexus,UX,300h F SPORT Handling,2026,no,SUV,4.0,5.0,AWD,Hybrid,47445.0,1295.0,48740.0,,,,,3.0,,42.0,33.1,,35.7,36.3,,no,17.1,,,,,196.0,,7.9,,1.0,4,50000,6,70000,38.4,https://www.edmunds.com/lexus/ux/2026/,IIHS,,"CarEdge, brand-level only, ranks 1st of 16 luxury brands",
Lexus,NX,350h,2026,no,SUV,4.0,5.0,FWD,Hybrid,45175.0,1295.0,46470.0,,,,,5.0,,41.0,36.1,,37.1,38.1,,no,22.7,46.9,,,"4.0/5.0 (RepairPal, rank 2 of 11 luxury compact SUVs)",240.0,,7.6,,1.0,4,50000,6,70000,38.4,https://www.edmunds.com/lexus/nx/2026/,IIHS,,"CarEdge, brand-level only, ranks 1st of 16 luxury brands",
Lexus,NX,350h,2026,no,SUV,4.0,5.0,AWD,Hybrid,46725.0,1295.0,48020.0,41.0,37.0,39.0,,5.0,,41.0,36.1,,37.1,38.1,,no,22.7,46.9,,,"4.0/5.0 (RepairPal, rank 2 of 11 luxury compact SUVs)",240.0,,7.6,,1.0,4,50000,6,70000,38.4,https://www.edmunds.com/lexus/nx/2026/,IIHS,,"CarEdge, brand-level only, ranks 1st of 16 luxury brands",
Lexus,NX,350,2026,no,SUV,4.0,5.0,AWD,Gas,45825.0,1295.0,47120.0,,,24.0,348.0,5.0,,41.0,36.1,,37.1,38.1,,no,22.7,46.9,2000.0,,"4.0/5.0 (RepairPal, rank 2 of 11 luxury compact SUVs)",275.0,317.0,7.0,,1.0,4,50000,6,70000,38.4,https://www.edmunds.com/lexus/nx/2026/,IIHS,14.5,"CarEdge, brand-level only, ranks 1st of 16 luxury brands",
Lexus,NX,350h Premium,2026,no,SUV,4.0,5.0,FWD,Hybrid,47100.0,1295.0,48395.0,,,,,5.0,,41.0,36.1,,37.1,38.1,,no,22.7,46.9,,,"4.0/5.0 (RepairPal, rank 2 of 11 luxury compact SUVs)",240.0,,7.6,,1.0,4,50000,6,70000,38.4,https://www.edmunds.com/lexus/nx/2026/,IIHS,,"CarEdge, brand-level only, ranks 1st of 16 luxury brands",
Lexus,NX,350h Premium,2026,no,SUV,4.0,5.0,AWD,Hybrid,48650.0,1295.0,49945.0,41.0,37.0,39.0,,5.0,,41.0,36.1,,37.1,38.1,,no,22.7,46.9,,,"4.0/5.0 (RepairPal, rank 2 of 11 luxury compact SUVs)",240.0,,7.6,,1.0,4,50000,6,70000,38.4,https://www.edmunds.com/lexus/nx/2026/,IIHS,,"CarEdge, brand-level only, ranks 1st of 16 luxury brands",
Lexus,NX,350 Premium,2026,no,SUV,4.0,5.0,AWD,Gas,47750.0,1295.0,49045.0,,,24.0,348.0,5.0,,41.0,36.1,,37.1,38.1,,no,22.7,46.9,2000.0,,"4.0/5.0 (RepairPal, rank 2 of 11 luxury compact SUVs)",275.0,317.0,7.0,,1.0,4,50000,6,70000,38.4,https://www.edmunds.com/lexus/nx/2026/,IIHS,14.5,"CarEdge, brand-level only, ranks 1st of 16 luxury brands",
Lexus,NX,350h Luxury,2026,no,SUV,4.0,5.0,FWD,Hybrid,51240.0,1295.0,52535.0,,,,,5.0,,41.0,36.1,,37.1,38.1,,no,22.7,46.9,,,"4.0/5.0 (RepairPal, rank 2 of 11 luxury compact SUVs)",240.0,,7.6,,1.0,4,50000,6,70000,38.4,https://www.edmunds.com/lexus/nx/2026/,IIHS,,"CarEdge, brand-level only, ranks 1st of 16 luxury brands",
Lexus,NX,350h Luxury,2026,no,SUV,4.0,5.0,AWD,Hybrid,52790.0,1295.0,54085.0,41.0,37.0,39.0,,5.0,,41.0,36.1,,37.1,38.1,,no,22.7,46.9,,,"4.0/5.0 (RepairPal, rank 2 of 11 luxury compact SUVs)",240.0,,7.6,,1.0,4,50000,6,70000,38.4,https://www.edmunds.com/lexus/nx/2026/,IIHS,,"CarEdge, brand-level only, ranks 1st of 16 luxury brands",
Lexus,NX,350 F SPORT Handling,2026,no,SUV,4.0,5.0,AWD,Gas,51800.0,1295.0,53095.0,,,24.0,348.0,5.0,,41.0,36.1,,37.1,38.1,,no,22.7,46.9,2000.0,,"4.0/5.0 (RepairPal, rank 2 of 11 luxury compact SUVs)",275.0,317.0,7.0,,1.0,4,50000,6,70000,38.4,https://www.edmunds.com/lexus/nx/2026/,IIHS,14.5,"CarEdge, brand-level only, ranks 1st of 16 luxury brands",
Lexus,NX,350 Luxury,2026,no,SUV,4.0,5.0,AWD,Gas,51890.0,1295.0,53185.0,,,24.0,348.0,5.0,,41.0,36.1,,37.1,38.1,,no,22.7,46.9,2000.0,,"4.0/5.0 (RepairPal, rank 2 of 11 luxury compact SUVs)",275.0,317.0,7.0,,1.0,4,50000,6,70000,38.4,https://www.edmunds.com/lexus/nx/2026/,IIHS,14.5,"CarEdge, brand-level only, ranks 1st of 16 luxury brands",
Lexus,NX,350h F SPORT Handling,2026,no,SUV,4.0,5.0,FWD,Hybrid,53650.0,1295.0,54945.0,,,,,5.0,,41.0,36.1,,37.1,38.1,,no,22.7,46.9,,,"4.0/5.0 (RepairPal, rank 2 of 11 luxury compact SUVs)",240.0,,7.6,,1.0,4,50000,6,70000,38.4,https://www.edmunds.com/lexus/nx/2026/,IIHS,,"CarEdge, brand-level only, ranks 1st of 16 luxury brands",
Lexus,NX,350h F SPORT Handling,2026,no,SUV,4.0,5.0,AWD,Hybrid,55200.0,1295.0,56495.0,41.0,37.0,39.0,,5.0,,41.0,36.1,,37.1,38.1,,no,22.7,46.9,,,"4.0/5.0 (RepairPal, rank 2 of 11 luxury compact SUVs)",240.0,,7.6,,1.0,4,50000,6,70000,38.4,https://www.edmunds.com/lexus/nx/2026/,IIHS,,"CarEdge, brand-level only, ranks 1st of 16 luxury brands",
Lexus,NX,450h+ Premium,2026,no,SUV,4.0,5.0,AWD,PHEV,57810.0,1295.0,59105.0,,,,,,,41.0,36.1,,37.1,38.1,,no,22.7,46.9,,,"4.0/5.0 (RepairPal, rank 2 of 11 luxury compact SUVs)",304.0,,5.6,,1.0,4,50000,6,70000,38.4,https://www.edmunds.com/lexus/nx/2026/,,,"CarEdge, brand-level only, ranks 1st of 16 luxury brands",
Lexus,NX,450h+ Luxury,2026,no,SUV,4.0,5.0,AWD,PHEV,61740.0,1295.0,63035.0,,,,,,,41.0,36.1,,37.1,38.1,,no,22.7,46.9,,,"4.0/5.0 (RepairPal, rank 2 of 11 luxury compact SUVs)",304.0,,5.6,,1.0,4,50000,6,70000,38.4,https://www.edmunds.com/lexus/nx/2026/,,,"CarEdge, brand-level only, ranks 1st of 16 luxury brands",
Lexus,NX,450h+ F SPORT Handling,2026,no,SUV,4.0,5.0,AWD,PHEV,62830.0,1295.0,64125.0,,,,,,,41.0,36.1,,37.1,38.1,,no,22.7,46.9,,,"4.0/5.0 (RepairPal, rank 2 of 11 luxury compact SUVs)",304.0,,5.6,,1.0,4,50000,6,70000,38.4,https://www.edmunds.com/lexus/nx/2026/,,,"CarEdge, brand-level only, ranks 1st of 16 luxury brands",
Lexus,RX,350,2026,no,SUV,4.0,5.0,FWD,Gas,51225.0,1450.0,52675.0,,,,,2.0,,41.1,37.4,,38.1,38.5,,no,29.6,46.2,,,4.0,275.0,317.0,7.2,,2.0,4,50000,6,70000,38.4,https://www.edmunds.com/lexus/rx/2026/,IIHS,17.8,"CarEdge, brand-level only, ranks 1st of 16 luxury brands",
Lexus,RX,350,2026,no,SUV,4.0,5.0,AWD,Gas,52825.0,1450.0,54275.0,21.0,28.0,24.0,427.0,2.0,,41.1,37.4,,38.1,38.5,,no,29.6,46.2,,,4.0,275.0,317.0,7.2,,2.0,4,50000,6,70000,38.4,https://www.edmunds.com/lexus/rx/2026/,IIHS,17.8,"CarEdge, brand-level only, ranks 1st of 16 luxury brands",
Lexus,RX,350 Premium,2026,no,SUV,4.0,5.0,FWD,Gas,53400.0,1450.0,54850.0,,,,,2.0,,41.1,37.4,,38.1,38.5,,no,29.6,46.2,,,4.0,275.0,317.0,7.2,,2.0,4,50000,6,70000,38.4,https://www.edmunds.com/lexus/rx/2026/,IIHS,17.8,"CarEdge, brand-level only, ranks 1st of 16 luxury brands",
Lexus,RX,350 Premium,2026,no,SUV,4.0,5.0,AWD,Gas,55000.0,1450.0,56450.0,21.0,28.0,24.0,427.0,2.0,,41.1,37.4,,38.1,38.5,,no,29.6,46.2,,,4.0,275.0,317.0,7.2,,2.0,4,50000,6,70000,38.4,https://www.edmunds.com/lexus/rx/2026/,IIHS,17.8,"CarEdge, brand-level only, ranks 1st of 16 luxury brands",
Lexus,RX,350h,2026,no,SUV,4.0,5.0,AWD,Hybrid,53525.0,1450.0,54975.0,37.0,34.0,36.0,,2.0,,41.1,37.4,,38.1,38.5,,no,29.6,46.2,,,4.0,246.0,233.0,7.4,,2.0,4,50000,6,70000,38.4,https://www.edmunds.com/lexus/rx/2026/,IIHS,,"CarEdge, brand-level only, ranks 1st of 16 luxury brands",
Lexus,RX,350h Premium,2026,no,SUV,4.0,5.0,AWD,Hybrid,55700.0,1450.0,57150.0,37.0,34.0,36.0,,2.0,,41.1,37.4,,38.1,38.5,,no,29.6,46.2,,,4.0,246.0,233.0,7.4,,2.0,4,50000,6,70000,38.4,https://www.edmunds.com/lexus/rx/2026/,IIHS,,"CarEdge, brand-level only, ranks 1st of 16 luxury brands",
Lexus,RX,350 F SPORT Design,2026,no,SUV,4.0,5.0,FWD,Gas,55730.0,1450.0,57180.0,,,,,2.0,,41.1,37.4,,38.1,38.5,,no,29.6,46.2,,,4.0,275.0,317.0,7.2,,2.0,4,50000,6,70000,38.4,https://www.edmunds.com/lexus/rx/2026/,IIHS,17.8,"CarEdge, brand-level only, ranks 1st of 16 luxury brands",
Lexus,RX,350 F SPORT Design,2026,no,SUV,4.0,5.0,AWD,Gas,57330.0,1450.0,58780.0,21.0,28.0,24.0,427.0,2.0,,41.1,37.4,,38.1,38.5,,no,29.6,46.2,,,4.0,275.0,317.0,7.2,,2.0,4,50000,6,70000,38.4,https://www.edmunds.com/lexus/rx/2026/,IIHS,17.8,"CarEdge, brand-level only, ranks 1st of 16 luxury brands",
Lexus,RX,350 Premium Plus,2026,no,SUV,4.0,5.0,FWD,Gas,56890.0,1450.0,58340.0,,,,,2.0,,41.1,37.4,,38.1,38.5,,no,29.6,46.2,,,4.0,275.0,317.0,7.2,,2.0,4,50000,6,70000,38.4,https://www.edmunds.com/lexus/rx/2026/,IIHS,17.8,"CarEdge, brand-level only, ranks 1st of 16 luxury brands",
Lexus,RX,350 Premium Plus,2026,no,SUV,4.0,5.0,AWD,Gas,58490.0,1450.0,59940.0,21.0,28.0,24.0,427.0,2.0,,41.1,37.4,,38.1,38.5,,no,29.6,46.2,,,4.0,275.0,317.0,7.2,,2.0,4,50000,6,70000,38.4,https://www.edmunds.com/lexus/rx/2026/,IIHS,17.8,"CarEdge, brand-level only, ranks 1st of 16 luxury brands",
Lexus,RX,350h F SPORT Design,2026,no,SUV,4.0,5.0,AWD,Hybrid,58030.0,1450.0,59480.0,37.0,34.0,36.0,,2.0,,41.1,37.4,,38.1,38.5,,no,29.6,46.2,,,4.0,246.0,233.0,7.4,,2.0,4,50000,6,70000,38.4,https://www.edmunds.com/lexus/rx/2026/,IIHS,,"CarEdge, brand-level only, ranks 1st of 16 luxury brands",
Lexus,RX,350h Premium Plus,2026,no,SUV,4.0,5.0,AWD,Hybrid,59190.0,1450.0,60640.0,37.0,34.0,36.0,,2.0,,41.1,37.4,,38.1,38.5,,no,29.6,46.2,,,4.0,246.0,233.0,7.4,,2.0,4,50000,6,70000,38.4,https://www.edmunds.com/lexus/rx/2026/,IIHS,,"CarEdge, brand-level only, ranks 1st of 16 luxury brands",
Lexus,RX,350 F SPORT Handling,2026,no,SUV,4.0,5.0,AWD,Gas,60000.0,1450.0,61450.0,21.0,28.0,24.0,427.0,2.0,,41.1,37.4,,38.1,38.5,,no,29.6,46.2,,,4.0,275.0,317.0,7.2,,2.0,4,50000,6,70000,38.4,https://www.edmunds.com/lexus/rx/2026/,IIHS,17.8,"CarEdge, brand-level only, ranks 1st of 16 luxury brands",
Lexus,RX,350 Luxury,2026,no,SUV,4.0,5.0,FWD,Gas,61945.0,1450.0,63395.0,,,,,2.0,,41.1,37.4,,38.1,38.5,,no,29.6,46.2,,,4.0,275.0,317.0,7.2,,2.0,4,50000,6,70000,38.4,https://www.edmunds.com/lexus/rx/2026/,IIHS,17.8,"CarEdge, brand-level only, ranks 1st of 16 luxury brands",
Lexus,RX,350 Luxury,2026,no,SUV,4.0,5.0,AWD,Gas,63545.0,1450.0,64995.0,21.0,28.0,24.0,427.0,2.0,,41.1,37.4,,38.1,38.5,,no,29.6,46.2,,,4.0,275.0,317.0,7.2,,2.0,4,50000,6,70000,38.4,https://www.edmunds.com/lexus/rx/2026/,IIHS,17.8,"CarEdge, brand-level only, ranks 1st of 16 luxury brands",
Lexus,RX,350h Luxury,2026,no,SUV,4.0,5.0,AWD,Hybrid,64245.0,1450.0,65695.0,37.0,34.0,36.0,,2.0,,41.1,37.4,,38.1,38.5,,no,29.6,46.2,,,4.0,246.0,233.0,7.4,,2.0,4,50000,6,70000,38.4,https://www.edmunds.com/lexus/rx/2026/,IIHS,,"CarEdge, brand-level only, ranks 1st of 16 luxury brands",
Lexus,RX,450h+ Premium,2026,no,SUV,4.0,5.0,AWD,PHEV,65230.0,1450.0,66680.0,,,,,2.0,,41.1,37.4,,38.1,38.5,,no,29.6,46.2,,,4.0,304.0,,6.2,,2.0,4,50000,6,70000,38.4,https://www.edmunds.com/lexus/rx/2026/,IIHS,,"CarEdge, brand-level only, ranks 1st of 16 luxury brands",
Lexus,RX,500h F SPORT Performance,2026,yes,SUV,4.0,5.0,AWD,Hybrid,66900.0,1450.0,68350.0,27.0,28.0,27.0,,2.0,,41.1,37.4,,38.1,38.5,,no,29.6,46.2,,,4.0,366.0,406.0,5.9,,2.0,4,50000,6,70000,38.4,https://www.edmunds.com/lexus/rx/2026/,IIHS,,"CarEdge, brand-level only, ranks 1st of 16 luxury brands",
Lexus,RX,450h+ Luxury,2026,no,SUV,4.0,5.0,AWD,PHEV,71860.0,1450.0,73310.0,,,,,2.0,,41.1,37.4,,38.1,38.5,,no,29.6,46.2,,,4.0,304.0,,6.2,,2.0,4,50000,6,70000,38.4,https://www.edmunds.com/lexus/rx/2026/,IIHS,,"CarEdge, brand-level only, ranks 1st of 16 luxury brands",
Lexus,GX,Premium,2026,no,SUV,4.0,7.0,4WD,Gas,66935.0,1450.0,68385.0,15.0,21.0,17.0,359.0,,,41.2,36.7,38.0,40.3,41.9,36.0,yes,10.3,76.9,9063.0,,3.5,349.0,479.0,6.7,,3.0,4,50000,6,70000,38.4,https://www.edmunds.com/lexus/gx/2026/,,21.1,"CarEdge, brand-level only, ranks 1st of 16 luxury brands",
Lexus,GX,Premium+,2026,no,SUV,4.0,7.0,4WD,Gas,71400.0,1450.0,72850.0,15.0,21.0,17.0,359.0,,,41.2,36.7,38.0,40.3,41.9,36.0,yes,10.3,76.9,9063.0,,3.5,349.0,479.0,6.7,,3.0,4,50000,6,70000,38.4,https://www.edmunds.com/lexus/gx/2026/,,21.1,"CarEdge, brand-level only, ranks 1st of 16 luxury brands",
Lexus,GX,Overtrail,2026,no,SUV,4.0,7.0,4WD,Gas,74580.0,1450.0,76030.0,15.0,21.0,17.0,359.0,,,41.2,36.7,38.0,40.3,41.9,36.0,yes,10.3,76.9,,,3.5,349.0,479.0,6.7,,3.0,4,50000,6,70000,38.4,https://www.edmunds.com/lexus/gx/2026/,,21.1,"CarEdge, brand-level only, ranks 1st of 16 luxury brands",
Lexus,GX,Luxury,2026,no,SUV,4.0,7.0,4WD,Gas,79400.0,1450.0,80850.0,15.0,21.0,17.0,359.0,,,41.2,36.7,38.0,40.3,41.9,36.0,yes,10.3,76.9,9063.0,,3.5,349.0,479.0,6.7,,3.0,4,50000,6,70000,38.4,https://www.edmunds.com/lexus/gx/2026/,,21.1,"CarEdge, brand-level only, ranks 1st of 16 luxury brands",
Lexus,GX,Overtrail+,2026,no,SUV,4.0,7.0,4WD,Gas,82045.0,1450.0,83495.0,15.0,21.0,17.0,359.0,,,41.2,36.7,38.0,40.3,41.9,36.0,yes,10.3,76.9,,,3.5,349.0,479.0,6.7,,3.0,4,50000,6,70000,38.4,https://www.edmunds.com/lexus/gx/2026/,,21.1,"CarEdge, brand-level only, ranks 1st of 16 luxury brands",
Lexus,GX,Luxury+,2026,no,SUV,4.0,7.0,4WD,Gas,83400.0,1450.0,84850.0,15.0,21.0,17.0,359.0,,,41.2,36.7,38.0,40.3,41.9,36.0,yes,10.3,76.9,9063.0,,3.5,349.0,479.0,6.7,,3.0,4,50000,6,70000,38.4,https://www.edmunds.com/lexus/gx/2026/,,21.1,"CarEdge, brand-level only, ranks 1st of 16 luxury brands",
Lexus,LX,600 Premium,2026,no,SUV,4.0,7.0,4WD,Gas,107000.0,1450.0,108450.0,17.0,22.0,19.0,401.0,,,41.1,36.6,31.0,37.8,38.9,35.0,yes,11.0,64.0,8000.0,,3.5,409.0,479.0,6.1,,4.0,4,50000,6,70000,38.4,https://www.edmunds.com/lexus/lx/2026/,,21.1,"CarEdge, brand-level only, ranks 1st of 16 luxury brands",
Lexus,LX,600 F SPORT Handling,2026,no,SUV,4.0,7.0,4WD,Gas,114000.0,1450.0,115450.0,17.0,22.0,19.0,401.0,,,41.1,36.6,31.0,37.8,38.9,35.0,yes,11.0,64.0,8000.0,,3.5,409.0,479.0,6.1,,4.0,4,50000,6,70000,38.4,https://www.edmunds.com/lexus/lx/2026/,,21.1,"CarEdge, brand-level only, ranks 1st of 16 luxury brands",
Lexus,LX,600 Luxury,2026,no,SUV,4.0,7.0,4WD,Gas,116000.0,1450.0,117450.0,17.0,22.0,19.0,401.0,,,41.1,36.6,31.0,37.8,38.9,35.0,yes,11.0,64.0,8000.0,,3.5,409.0,479.0,6.1,,4.0,4,50000,6,70000,38.4,https://www.edmunds.com/lexus/lx/2026/,,21.1,"CarEdge, brand-level only, ranks 1st of 16 luxury brands",
Lexus,LX,700h Overtrail,2026,no,SUV,4.0,7.0,4WD,Hybrid,115735.0,1450.0,117185.0,,,,,,,41.1,36.6,31.0,37.8,38.9,35.0,yes,11.0,64.0,8000.0,,3.5,,,5.6,,4.0,4,50000,6,70000,38.4,https://www.edmunds.com/lexus/lx/2026/,,,"CarEdge, brand-level only, ranks 1st of 16 luxury brands",
Lexus,LX,700h F SPORT Handling,2026,no,SUV,4.0,7.0,4WD,Hybrid,118000.0,1450.0,119450.0,,,,,,,41.1,36.6,31.0,37.8,38.9,35.0,yes,11.0,64.0,8000.0,,3.5,,,5.6,,4.0,4,50000,6,70000,38.4,https://www.edmunds.com/lexus/lx/2026/,,,"CarEdge, brand-level only, ranks 1st of 16 luxury brands",
Lexus,LX,700h Luxury,2026,no,SUV,4.0,7.0,4WD,Hybrid,120000.0,1450.0,121450.0,,,,,,,41.1,36.6,31.0,37.8,38.9,35.0,yes,11.0,64.0,8000.0,,3.5,,,5.6,,4.0,4,50000,6,70000,38.4,https://www.edmunds.com/lexus/lx/2026/,,,"CarEdge, brand-level only, ranks 1st of 16 luxury brands",
Lexus,LX,700h Ultra Luxury,2026,no,SUV,4.0,7.0,4WD,Hybrid,141500.0,1450.0,142950.0,,,,,,,41.1,36.6,31.0,37.8,38.9,35.0,yes,11.0,64.0,8000.0,,3.5,,,5.5,,4.0,4,50000,6,70000,38.4,https://www.edmunds.com/lexus/lx/2026/,,,"CarEdge, brand-level only, ranks 1st of 16 luxury brands",
Lexus,TX,350,2026,no,SUV,4.0,7.0,FWD,Gas,56940.0,1450.0,58390.0,,,,,,,41.6,39.5,34.0,40.0,38.5,37.0,yes,20.2,97.0,5000.0,,,275.0,317.0,7.8,,2.0,4,50000,6,70000,38.4,https://www.edmunds.com/lexus/tx/2026/,,17.8,"CarEdge, brand-level only, ranks 1st of 16 luxury brands",
Lexus,TX,350,2026,no,SUV,4.0,7.0,AWD,Gas,58540.0,1450.0,59990.0,20.0,26.0,23.0,409.0,,,41.6,39.5,34.0,40.0,38.5,37.0,yes,20.2,97.0,5000.0,,,275.0,317.0,7.8,,2.0,4,50000,6,70000,38.4,https://www.edmunds.com/lexus/tx/2026/,,17.8,"CarEdge, brand-level only, ranks 1st of 16 luxury brands",
Lexus,TX,350 Premium,2026,no,SUV,4.0,7.0,FWD,Gas,59740.0,1450.0,61190.0,,,,,,,41.6,39.5,34.0,40.0,38.5,37.0,yes,20.2,97.0,5000.0,,,275.0,317.0,7.8,,2.0,4,50000,6,70000,38.4,https://www.edmunds.com/lexus/tx/2026/,,17.8,"CarEdge, brand-level only, ranks 1st of 16 luxury brands",
Lexus,TX,350 Premium,2026,no,SUV,4.0,7.0,AWD,Gas,61340.0,1450.0,62790.0,20.0,26.0,23.0,409.0,,,41.6,39.5,34.0,40.0,38.5,37.0,yes,20.2,97.0,5000.0,,,275.0,317.0,7.8,,2.0,4,50000,6,70000,38.4,https://www.edmunds.com/lexus/tx/2026/,,17.8,"CarEdge, brand-level only, ranks 1st of 16 luxury brands",
Lexus,TX,350 Luxury,2026,no,SUV,4.0,7.0,FWD,Gas,62090.0,1450.0,63540.0,,,,,,,41.6,39.5,34.0,40.0,38.5,37.0,yes,20.2,97.0,5000.0,,,275.0,317.0,7.8,,2.0,4,50000,6,70000,38.4,https://www.edmunds.com/lexus/tx/2026/,,17.8,"CarEdge, brand-level only, ranks 1st of 16 luxury brands",
Lexus,TX,350 Luxury,2026,no,SUV,4.0,7.0,AWD,Gas,63690.0,1450.0,65140.0,20.0,26.0,23.0,409.0,,,41.6,39.5,34.0,40.0,38.5,37.0,yes,20.2,97.0,5000.0,,,275.0,317.0,7.8,,2.0,4,50000,6,70000,38.4,https://www.edmunds.com/lexus/tx/2026/,,17.8,"CarEdge, brand-level only, ranks 1st of 16 luxury brands",
Lexus,TX,350 F SPORT Handling,2026,no,SUV,4.0,6.0,AWD,Gas,66210.0,1450.0,67660.0,20.0,26.0,23.0,409.0,,,41.6,39.5,34.0,40.0,38.5,37.0,yes,20.2,97.0,5000.0,,,275.0,317.0,7.8,,2.0,4,50000,6,70000,38.4,https://www.edmunds.com/lexus/tx/2026/,,17.8,"CarEdge, brand-level only, ranks 1st of 16 luxury brands",
Lexus,TX,500h F SPORT Performance Premium,2026,yes,SUV,4.0,6.0,AWD,Hybrid,70460.0,1450.0,71910.0,27.0,28.0,27.0,,,,41.6,39.5,34.0,40.0,38.5,37.0,yes,20.2,97.0,,,,366.0,339.0,6.1,,2.0,4,50000,6,70000,38.4,https://www.edmunds.com/lexus/tx/2026/,,,"CarEdge, brand-level only, ranks 1st of 16 luxury brands",
Lexus,TX,500h F SPORT Performance Luxury,2026,yes,SUV,4.0,6.0,AWD,Hybrid,73610.0,1450.0,75060.0,27.0,28.0,27.0,,,,41.6,39.5,34.0,40.0,38.5,37.0,yes,20.2,97.0,,,,366.0,339.0,6.1,,2.0,4,50000,6,70000,38.4,https://www.edmunds.com/lexus/tx/2026/,,,"CarEdge, brand-level only, ranks 1st of 16 luxury brands",
Lexus,TX,550h+ Luxury,2026,no,SUV,4.0,6.0,AWD,PHEV,80610.0,1450.0,82060.0,,,,,,,41.6,39.5,34.0,40.0,38.5,37.0,yes,20.2,97.0,,,,404.0,247.0,5.9,,2.0,4,50000,6,70000,38.4,https://www.edmunds.com/lexus/tx/2026/,,,"CarEdge, brand-level only, ranks 1st of 16 luxury brands",
Lexus,RZ,350e,2026,no,SUV,4.0,5.0,FWD,EV,46000.0,,46000.0,136.0,115.0,126.0,301.0,,,42.1,37.5,,39.9,39.7,,no,34.9,,,,,221.0,198.0,7.2,,3.0,4,50000,6,70000,38.4,https://www.edmunds.com/lexus/rz/2026/,,,"CarEdge, brand-level only, ranks 1st of 16 luxury brands",
Lexus,RZ,350e Premium,2026,no,SUV,4.0,5.0,FWD,EV,48200.0,,48200.0,136.0,115.0,126.0,301.0,,,42.1,37.5,,39.9,39.7,,no,34.9,,,,,221.0,198.0,7.2,,3.0,4,50000,6,70000,38.4,https://www.edmunds.com/lexus/rz/2026/,,,"CarEdge, brand-level only, ranks 1st of 16 luxury brands",
Lexus,RZ,450e,2026,no,SUV,4.0,5.0,AWD,EV,49500.0,,49500.0,120.0,100.0,110.0,260.0,,,42.1,37.5,,39.9,39.7,,no,34.9,,,,,308.0,,4.8,,3.0,4,50000,6,70000,38.4,https://www.edmunds.com/lexus/rz/2026/,,,"CarEdge, brand-level only, ranks 1st of 16 luxury brands",
Lexus,RZ,450e Premium,2026,no,SUV,4.0,5.0,AWD,EV,51700.0,,51700.0,120.0,100.0,110.0,260.0,,,42.1,37.5,,39.9,39.7,,no,34.9,,,,,308.0,,4.8,,3.0,4,50000,6,70000,38.4,https://www.edmunds.com/lexus/rz/2026/,,,"CarEdge, brand-level only, ranks 1st of 16 luxury brands",
Lexus,RZ,450e Luxury,2026,no,SUV,4.0,5.0,AWD,EV,57000.0,,57000.0,102.0,87.0,95.0,260.0,,,42.1,37.5,,39.9,39.7,,no,34.9,,,,,308.0,,4.8,,3.0,4,50000,6,70000,38.4,https://www.edmunds.com/lexus/rz/2026/,,,"CarEdge, brand-level only, ranks 1st of 16 luxury brands",
Lexus,RZ,550e F SPORT,2026,yes,SUV,4.0,5.0,AWD,EV,57000.0,,57000.0,102.0,88.0,95.0,225.0,,,42.1,37.5,,39.9,39.7,,no,34.9,,,,,402.0,,4.0,,3.0,4,50000,6,70000,38.4,https://www.edmunds.com/lexus/rz/2026/,,,"CarEdge, brand-level only, ranks 1st of 16 luxury brands",
Buick,Encore GX,Preferred FWD,2026,no,SUV,4.0,5.0,FWD,Gas,26200.0,1795.0,27995.0,,,,,5.0,,40.9,36.0,,39.7,38.1,,no,23.5,50.2,,,"3.5/5.0 (RepairPal, brand-level only, ranks 13th of 32 brands)",,,9.2,,1.0,3,36000,5,60000,41.8,https://www.edmunds.com/buick/encore-gx/2026/features-specs/,NHTSA,13.2,model-specific,
Buick,Encore GX,Preferred AWD,2026,no,SUV,4.0,5.0,AWD,Gas,28200.0,1795.0,29995.0,,,,,5.0,,40.9,36.0,,39.7,38.1,,no,23.5,50.2,,,"3.5/5.0 (RepairPal, brand-level only, ranks 13th of 32 brands)",155.0,174.0,9.2,,1.0,3,36000,5,60000,41.8,https://www.edmunds.com/buick/encore-gx/2026/features-specs/,NHTSA,13.2,model-specific,
Buick,Encore GX,Sport Touring FWD,2026,no,SUV,4.0,5.0,FWD,Gas,27400.0,1795.0,29195.0,29.0,31.0,30.0,396.0,5.0,,40.9,36.0,,39.7,38.1,,no,23.5,50.2,,,"3.5/5.0 (RepairPal, brand-level only, ranks 13th of 32 brands)",155.0,174.0,9.2,,1.0,3,36000,5,60000,41.8,https://www.edmunds.com/buick/encore-gx/2026/features-specs/,NHTSA,13.2,model-specific,
Buick,Encore GX,Sport Touring AWD,2026,no,SUV,4.0,5.0,AWD,Gas,29000.0,1795.0,30795.0,,,,,5.0,,40.9,36.0,,39.7,38.1,,no,23.5,50.2,,,"3.5/5.0 (RepairPal, brand-level only, ranks 13th of 32 brands)",155.0,174.0,9.2,,1.0,3,36000,5,60000,41.8,https://www.edmunds.com/buick/encore-gx/2026/features-specs/,NHTSA,13.2,model-specific,
Buick,Encore GX,Avenir FWD,2026,no,SUV,4.0,5.0,FWD,Gas,31700.0,1795.0,33495.0,29.0,31.0,30.0,396.0,5.0,,40.9,36.0,,39.7,38.1,,no,23.5,50.2,,,"3.5/5.0 (RepairPal, brand-level only, ranks 13th of 32 brands)",155.0,174.0,9.2,,1.0,3,36000,5,60000,41.8,https://www.edmunds.com/buick/encore-gx/2026/features-specs/,NHTSA,13.2,model-specific,
Buick,Encore GX,Avenir AWD,2026,no,SUV,4.0,5.0,AWD,Gas,33300.0,1795.0,35095.0,,,,,5.0,,40.9,36.0,,39.7,38.1,,no,23.5,50.2,,,"3.5/5.0 (RepairPal, brand-level only, ranks 13th of 32 brands)",155.0,174.0,9.2,,1.0,3,36000,5,60000,41.8,https://www.edmunds.com/buick/encore-gx/2026/features-specs/,NHTSA,13.2,model-specific,
Buick,Envista,Preferred,2026,no,SUV,4.0,5.0,FWD,Gas,24700.0,1795.0,26495.0,,,30.0,396.0,4.0,,41.9,38.7,,39.4,37.3,,no,20.7,42.0,,,"3.5/5.0 (RepairPal, brand-level only, ranks 13th of 32 brands)",137.0,162.0,8.8,,1.0,3,36000,5,60000,47.5,https://www.edmunds.com/buick/envista/2026/features-specs/,NHTSA,,model-specific,
Buick,Envista,Sport Touring,2026,no,SUV,4.0,5.0,FWD,Gas,26200.0,1795.0,27995.0,,,30.0,396.0,4.0,,41.9,38.7,,39.4,37.3,,no,20.7,42.0,,,"3.5/5.0 (RepairPal, brand-level only, ranks 13th of 32 brands)",137.0,162.0,8.8,,1.0,3,36000,5,60000,47.5,https://www.edmunds.com/buick/envista/2026/features-specs/,NHTSA,,model-specific,
Buick,Envista,Avenir,2026,no,SUV,4.0,5.0,FWD,Gas,29500.0,1795.0,31295.0,,,30.0,396.0,4.0,,41.9,38.7,,39.4,37.3,,no,20.7,42.0,,,"3.5/5.0 (RepairPal, brand-level only, ranks 13th of 32 brands)",137.0,162.0,8.8,,1.0,3,36000,5,60000,47.5,https://www.edmunds.com/buick/envista/2026/features-specs/,NHTSA,,model-specific,
Buick,Envision,Preferred,2026,no,SUV,4.0,5.0,AWD,Gas,41000.0,1995.0,42995.0,22.0,28.0,25.0,403.0,5.0,125.6,40.4,39.3,,39.6,38.9,,no,25.2,52.7,,,"3.5/5.0 (RepairPal, brand-level only, ranks 13th of 32 brands)",228.0,258.0,7.7,,5.0,3,36000,5,60000,49.1,https://www.edmunds.com/buick/envision/2026/trims/,NHTSA,16.1,model-specific,
Buick,Envision,Sport Touring,2026,no,SUV,4.0,5.0,AWD,Gas,43500.0,1995.0,45495.0,22.0,28.0,25.0,403.0,5.0,125.6,40.4,39.3,,39.6,38.9,,no,25.2,52.7,,,"3.5/5.0 (RepairPal, brand-level only, ranks 13th of 32 brands)",228.0,258.0,7.7,,5.0,3,36000,5,60000,49.1,https://www.edmunds.com/buick/envision/2026/trims/,NHTSA,16.1,model-specific,
Buick,Envision,Avenir,2026,no,SUV,4.0,5.0,AWD,Gas,50700.0,1995.0,52695.0,22.0,28.0,25.0,403.0,5.0,125.6,40.4,39.3,,39.6,38.9,,no,25.2,52.7,,,"3.5/5.0 (RepairPal, brand-level only, ranks 13th of 32 brands)",228.0,258.0,7.7,,5.0,3,36000,5,60000,49.1,https://www.edmunds.com/buick/envision/2026/trims/,NHTSA,16.1,model-specific,
Buick,Enclave,Preferred,2026,no,SUV,4.0,7.0,FWD,Gas,46400.0,,46400.0,20.0,25.0,22.0,427.0,4.0,,44.3,41.5,32.0,42.6,40.0,38.0,yes,22.9,97.5,5000.0,,3.0,328.0,326.0,7.8,,3.0,3,36000,5,60000,54.8,https://www.edmunds.com/buick/enclave/2026/trims/,NHTSA,19.4,model-specific,
Buick,Enclave,Sport Touring,2026,no,SUV,4.0,7.0,FWD,Gas,49900.0,,49900.0,20.0,25.0,22.0,427.0,4.0,,44.3,41.5,32.0,42.6,40.0,38.0,yes,22.9,97.5,5000.0,,3.0,328.0,326.0,7.8,,3.0,3,36000,5,60000,54.8,https://www.edmunds.com/buick/enclave/2026/trims/,NHTSA,19.4,model-specific,
Buick,Enclave,Avenir,2026,no,SUV,4.0,7.0,FWD,Gas,60000.0,,60000.0,20.0,25.0,22.0,427.0,4.0,,44.3,41.5,32.0,42.6,40.0,38.0,yes,22.9,97.5,5000.0,,3.0,328.0,326.0,7.8,,4.0,3,36000,5,60000,54.8,https://www.edmunds.com/buick/enclave/2026/trims/,NHTSA,19.4,model-specific,
GMC,Terrain,Elevation,2026,no,compact SUV,4.0,5.0,FWD,Gas,32195.0,1395.0,33590.0,26.0,28.0,27.0,400.0,3.5,,44.0,39.7,,40.6,39.2,,no,29.8,63.5,800.0,,3.5/5.0,175.0,184.0,,,2.0,3,36000,5,60000,44.9,https://www.edmunds.com/gmc/terrain/2026/trims/,IIHS,14.8,model-specific,
GMC,Terrain,AT4,2026,yes,compact SUV,4.0,5.0,AWD,Gas,41395.0,1395.0,42790.0,24.0,26.0,25.0,370.0,3.5,,44.0,39.7,,40.6,39.2,,no,29.8,63.5,1500.0,,3.5/5.0,175.0,203.0,7.9,,4.0,3,36000,5,60000,44.9,https://www.edmunds.com/gmc/terrain/2026/trims/,IIHS,14.8,model-specific,
GMC,Terrain,Denali,2026,no,compact SUV,4.0,5.0,AWD,Gas,43895.0,1395.0,45290.0,24.0,26.0,25.0,370.0,3.5,,44.0,39.7,,40.6,39.2,,no,29.8,63.5,1500.0,,3.5/5.0,175.0,203.0,7.9,,4.0,3,36000,5,60000,44.9,https://www.edmunds.com/gmc/terrain/2026/trims/,IIHS,14.8,model-specific,
GMC,Acadia,Elevation,2026,no,mid-size SUV,4.0,8.0,FWD,Gas,45795.0,1895.0,47690.0,20.0,26.0,22.0,477.0,5.0,,44.3,41.5,32.1,42.6,40.0,38.0,yes,23.0,97.5,5000.0,,"3.0/5.0 (RepairPal, rank 23 of 26 midsize SUVs)",328.0,326.0,,,4.0,3,36000,5,60000,48.5,https://www.edmunds.com/gmc/acadia/2026/trims/,NHTSA,21.7,model-specific,
GMC,Acadia,AT4,2026,yes,mid-size SUV,4.0,7.0,AWD,Gas,54495.0,1895.0,56390.0,20.0,23.0,21.0,456.0,5.0,,44.3,41.5,32.1,42.6,40.0,38.0,yes,23.0,97.5,5000.0,,"3.0/5.0 (RepairPal, rank 23 of 26 midsize SUVs)",328.0,326.0,,,4.0,3,36000,5,60000,48.5,https://www.edmunds.com/gmc/acadia/2026/trims/,NHTSA,21.7,model-specific,
GMC,Acadia,Denali,2026,no,mid-size SUV,4.0,7.0,FWD,Gas,57895.0,1895.0,59790.0,20.0,26.0,22.0,477.0,5.0,,44.3,41.5,32.1,42.6,40.0,38.0,yes,23.0,97.5,5000.0,,"3.0/5.0 (RepairPal, rank 23 of 26 midsize SUVs)",328.0,326.0,,,5.0,3,36000,5,60000,48.5,https://www.edmunds.com/gmc/acadia/2026/trims/,NHTSA,21.7,model-specific,
GMC,Acadia,Denali Ultimate,2026,no,mid-size SUV,4.0,7.0,FWD,Gas,65095.0,1895.0,66990.0,20.0,26.0,22.0,477.0,5.0,,44.3,41.5,32.1,42.6,40.0,38.0,yes,23.0,97.5,5000.0,,"3.0/5.0 (RepairPal, rank 23 of 26 midsize SUVs)",328.0,326.0,,,6.0,3,36000,5,60000,48.5,https://www.edmunds.com/gmc/acadia/2026/trims/,NHTSA,21.7,model-specific,
GMC,Canyon,Elevation,2026,no,mid-size truck,4.0,5.0,RWD,Gas,40995.0,,40995.0,19.0,23.0,20.0,428.0,4.0,,45.2,34.7,,40.3,39.2,,no,,,7700.0,1570.0,4.0/5.0,310.0,430.0,,,2.0,3,36000,5,60000,33.5,https://www.edmunds.com/gmc/canyon/2026/trims/,NHTSA,21.4,model-specific,5.1
GMC,Canyon,AT4,2026,yes,mid-size truck,4.0,5.0,4WD,Gas,47595.0,,47595.0,17.0,22.0,19.0,407.0,4.0,,45.2,34.7,,40.3,39.2,,no,,,7700.0,1570.0,4.0/5.0,310.0,430.0,6.8,,2.0,3,36000,5,60000,33.5,https://www.edmunds.com/gmc/canyon/2026/trims/,NHTSA,21.4,model-specific,5.1
GMC,Canyon,Denali,2026,no,mid-size truck,4.0,5.0,4WD,Gas,55395.0,,55395.0,17.0,22.0,19.0,407.0,4.0,,45.2,34.7,,40.3,39.2,,no,,,7700.0,1570.0,4.0/5.0,310.0,430.0,6.8,,2.0,3,36000,5,60000,33.5,https://www.edmunds.com/gmc/canyon/2026/trims/,NHTSA,21.4,model-specific,5.1
GMC,Canyon,AT4X,2026,yes,mid-size truck,4.0,5.0,4WD,Gas,59395.0,,59395.0,17.0,17.0,17.0,364.0,4.0,,45.2,34.7,,40.3,39.2,,no,,,7700.0,1570.0,4.0/5.0,310.0,430.0,7.4,,5.0,3,36000,5,60000,33.5,https://www.edmunds.com/gmc/canyon/2026/trims/,NHTSA,21.4,model-specific,5.1
GMC,Yukon,Elevation,2026,no,full-size SUV,4.0,8.0,RWD,Gas,72395.0,2795.0,75190.0,15.0,20.0,17.0,408.0,5.0,,44.5,42.0,34.9,42.3,38.9,38.0,yes,25.5,122.8,8000.0,,3.5/5.0,355.0,383.0,7.2,,1.0,3,36000,5,60000,47.6,https://www.edmunds.com/gmc/yukon/2026/trims/,NHTSA,24.0,model-specific,
GMC,Yukon,AT4,2026,yes,full-size SUV,4.0,8.0,4WD,Gas,79395.0,2795.0,82190.0,15.0,19.0,17.0,408.0,5.0,,44.5,42.0,34.9,42.3,38.9,38.0,yes,25.5,122.8,8000.0,,3.5/5.0,355.0,383.0,7.2,,2.0,3,36000,5,60000,47.6,https://www.edmunds.com/gmc/yukon/2026/trims/,NHTSA,24.0,model-specific,
GMC,Yukon,Denali,2026,no,full-size SUV,4.0,7.0,RWD,Gas,83195.0,2795.0,85990.0,15.0,20.0,17.0,408.0,5.0,,44.5,42.0,34.9,42.3,38.9,38.0,yes,25.5,122.8,8000.0,,3.5/5.0,420.0,460.0,6.1,,2.0,3,36000,5,60000,47.6,https://www.edmunds.com/gmc/yukon/2026/trims/,NHTSA,24.0,model-specific,
GMC,Yukon,AT4 Ultimate,2026,yes,full-size SUV,4.0,7.0,4WD,Gas,100695.0,2795.0,103490.0,14.0,18.0,16.0,384.0,5.0,,44.5,42.0,34.9,42.3,38.9,38.0,yes,25.5,122.8,8000.0,,3.5/5.0,420.0,460.0,6.1,,4.0,3,36000,5,60000,47.6,https://www.edmunds.com/gmc/yukon/2026/trims/,NHTSA,24.0,model-specific,
GMC,Yukon,Denali Ultimate,2026,no,full-size SUV,4.0,7.0,4WD,Gas,106695.0,2795.0,109490.0,14.0,18.0,16.0,384.0,5.0,,44.5,42.0,34.9,42.3,38.9,38.0,yes,25.5,122.8,8000.0,,3.5/5.0,420.0,460.0,6.1,,4.0,3,36000,5,60000,47.6,https://www.edmunds.com/gmc/yukon/2026/trims/,NHTSA,24.0,model-specific,
GMC,Yukon XL,Elevation,2026,no,full-size SUV,4.0,8.0,RWD,Gas,75395.0,2795.0,78190.0,15.0,20.0,17.0,476.0,5.0,,44.5,42.0,36.7,42.3,38.9,38.0,yes,41.5,144.5,7800.0,,"3.0/5.0 (RepairPal, rank 12 of 14 fullsize SUVs)",355.0,383.0,7.2,,1.0,3,36000,5,60000,51.2,https://www.edmunds.com/gmc/yukon-xl/2026/trims/,NHTSA,28.0,model-specific,
GMC,Yukon XL,AT4,2026,yes,full-size SUV,4.0,8.0,4WD,Gas,82395.0,2795.0,85190.0,14.0,19.0,16.0,448.0,5.0,,44.5,42.0,36.7,42.3,38.9,38.0,yes,41.5,144.5,7800.0,,"3.0/5.0 (RepairPal, rank 12 of 14 fullsize SUVs)",355.0,383.0,7.2,,2.0,3,36000,5,60000,51.2,https://www.edmunds.com/gmc/yukon-xl/2026/trims/,NHTSA,28.0,model-specific,
GMC,Yukon XL,Denali,2026,no,full-size SUV,4.0,7.0,RWD,Gas,86195.0,2795.0,88990.0,15.0,19.0,16.0,448.0,5.0,,44.5,42.0,36.7,42.3,38.9,38.0,yes,41.5,144.5,7800.0,,"3.0/5.0 (RepairPal, rank 12 of 14 fullsize SUVs)",420.0,460.0,6.1,,2.0,3,36000,5,60000,51.2,https://www.edmunds.com/gmc/yukon-xl/2026/trims/,NHTSA,28.0,model-specific,
GMC,Yukon XL,AT4 Ultimate,2026,yes,full-size SUV,4.0,7.0,4WD,Gas,103695.0,2795.0,106490.0,14.0,18.0,16.0,448.0,5.0,,44.5,42.0,36.7,42.3,38.9,38.0,yes,41.5,144.5,7800.0,,"3.0/5.0 (RepairPal, rank 12 of 14 fullsize SUVs)",420.0,460.0,6.1,,4.0,3,36000,5,60000,51.2,https://www.edmunds.com/gmc/yukon-xl/2026/trims/,NHTSA,28.0,model-specific,
GMC,Yukon XL,Denali Ultimate,2026,no,full-size SUV,4.0,7.0,4WD,Gas,109695.0,2795.0,112490.0,14.0,18.0,16.0,448.0,5.0,,44.5,42.0,36.7,42.3,38.9,38.0,yes,41.5,144.5,7800.0,,"3.0/5.0 (RepairPal, rank 12 of 14 fullsize SUVs)",420.0,460.0,6.1,,4.0,3,36000,5,60000,51.2,https://www.edmunds.com/gmc/yukon-xl/2026/trims/,NHTSA,28.0,model-specific,
GMC,Sierra 1500,Pro,2026,no,full-size truck,4.0,6.0,RWD,Gas,46995.0,,46995.0,,,,,5.0,,44.5,43.4,,43.0,40.1,,no,,,13100.0,1960.0,3.5/5.0,310.0,430.0,,,1.0,3,36000,5,60000,38.2,https://www.edmunds.com/gmc/sierra-1500/2026/trims/,NHTSA,24.0,model-specific,6.6
GMC,Sierra 1500,SLE,2026,no,full-size truck,4.0,6.0,RWD,Gas,54095.0,,54095.0,,,,,5.0,,44.5,43.4,,43.0,40.1,,no,,,13100.0,1960.0,3.5/5.0,310.0,430.0,,,2.0,3,36000,5,60000,38.2,https://www.edmunds.com/gmc/sierra-1500/2026/trims/,NHTSA,24.0,model-specific,6.6
GMC,Sierra 1500,Elevation,2026,no,full-size truck,4.0,6.0,RWD,Gas,56095.0,,56095.0,,,,,5.0,,44.5,43.4,,43.0,40.1,,no,,,13100.0,1960.0,3.5/5.0,310.0,430.0,,,2.0,3,36000,5,60000,38.2,https://www.edmunds.com/gmc/sierra-1500/2026/trims/,NHTSA,24.0,model-specific,6.6
GMC,Sierra 1500,SLT,2026,no,full-size truck,4.0,6.0,RWD,Gas,57895.0,,57895.0,,,,,5.0,,44.5,43.4,,43.0,40.1,,no,,,13100.0,1960.0,3.5/5.0,355.0,383.0,,,2.0,3,36000,5,60000,38.2,https://www.edmunds.com/gmc/sierra-1500/2026/trims/,NHTSA,24.0,model-specific,5.8
GMC,Sierra 1500,Denali,2026,no,full-size truck,4.0,6.0,RWD,Gas,68895.0,,68895.0,,,,,5.0,,44.5,43.4,,43.0,40.1,,no,,,13100.0,1960.0,3.5/5.0,355.0,383.0,,,4.0,3,36000,5,60000,38.2,https://www.edmunds.com/gmc/sierra-1500/2026/trims/,NHTSA,24.0,model-specific,5.8
GMC,Sierra 1500,AT4,2026,yes,full-size truck,4.0,6.0,4WD,Diesel,69795.0,,69795.0,,,,,5.0,,44.5,43.4,,43.0,40.1,,no,,,13100.0,1960.0,3.5/5.0,305.0,495.0,,,4.0,3,36000,5,60000,38.2,https://www.edmunds.com/gmc/sierra-1500/2026/trims/,NHTSA,24.0,model-specific,5.8
GMC,Sierra 1500,AT4X,2026,yes,full-size truck,4.0,6.0,4WD,Diesel,82395.0,,82395.0,,,,,5.0,,44.5,43.4,,43.0,40.1,,no,,,13100.0,1960.0,3.5/5.0,305.0,495.0,,,5.0,3,36000,5,60000,38.2,https://www.edmunds.com/gmc/sierra-1500/2026/trims/,NHTSA,24.0,model-specific,5.8
GMC,Sierra 1500,Denali Ultimate,2026,no,full-size truck,4.0,6.0,RWD,Gas,87195.0,,87195.0,,,,,5.0,,44.5,43.4,,43.0,40.1,,no,,,13100.0,1960.0,3.5/5.0,420.0,460.0,5.4,,6.0,3,36000,5,60000,38.2,https://www.edmunds.com/gmc/sierra-1500/2026/trims/,NHTSA,24.0,model-specific,5.8
GMC,Sierra 2500HD,Pro,2026,no,heavy-duty truck,4.0,5.0,RWD,Gas,53495.0,,53495.0,,,,,,,44.5,43.4,,43.0,40.1,,no,,,18500.0,3428.0,"3.0/5.0 (RepairPal, rank 8 of 17 fullsize trucks)",401.0,464.0,7.7,,1.0,3,36000,5,60000,24.5,https://www.edmunds.com/gmc/sierra-2500hd/2026/trims/,,36.0,model-specific,6.85
GMC,Sierra 2500HD,SLE,2026,no,heavy-duty truck,4.0,5.0,4WD,Gas,60695.0,,60695.0,,,,,,,44.5,43.4,,43.0,40.1,,no,,,18500.0,3428.0,"3.0/5.0 (RepairPal, rank 8 of 17 fullsize trucks)",401.0,464.0,7.7,,2.0,3,36000,5,60000,24.5,https://www.edmunds.com/gmc/sierra-2500hd/2026/trims/,,36.0,model-specific,6.85
GMC,Sierra 2500HD,SLT,2026,no,heavy-duty truck,4.0,5.0,4WD,Gas,67995.0,,67995.0,,,,,,,44.5,43.4,,43.0,40.1,,no,,,18500.0,3428.0,"3.0/5.0 (RepairPal, rank 8 of 17 fullsize trucks)",401.0,464.0,7.7,,2.0,3,36000,5,60000,24.5,https://www.edmunds.com/gmc/sierra-2500hd/2026/trims/,,36.0,model-specific,6.85
GMC,Sierra 2500HD,AT4,2026,yes,heavy-duty truck,4.0,5.0,4WD,Gas,74995.0,,74995.0,,,,,,,44.5,43.4,,43.0,40.1,,no,,,18500.0,3428.0,"3.0/5.0 (RepairPal, rank 8 of 17 fullsize trucks)",401.0,464.0,7.7,,3.0,3,36000,5,60000,24.5,https://www.edmunds.com/gmc/sierra-2500hd/2026/trims/,,36.0,model-specific,6.85
GMC,Sierra 2500HD,Denali,2026,no,heavy-duty truck,4.0,5.0,4WD,Gas,77995.0,,77995.0,,,,,,,44.5,43.4,,43.0,40.1,,no,,,18500.0,3428.0,"3.0/5.0 (RepairPal, rank 8 of 17 fullsize trucks)",401.0,464.0,7.7,,4.0,3,36000,5,60000,24.5,https://www.edmunds.com/gmc/sierra-2500hd/2026/trims/,,36.0,model-specific,6.85
GMC,Sierra 2500HD,AT4X,2026,yes,heavy-duty truck,4.0,5.0,4WD,Gas,87995.0,,87995.0,,,,,,,44.5,43.4,,43.0,40.1,,no,,,18500.0,3428.0,"3.0/5.0 (RepairPal, rank 8 of 17 fullsize trucks)",401.0,464.0,7.7,,3.0,3,36000,5,60000,24.5,https://www.edmunds.com/gmc/sierra-2500hd/2026/trims/,,36.0,model-specific,6.85
GMC,Sierra 2500HD,Denali Ultimate,2026,no,heavy-duty truck,4.0,5.0,4WD,Diesel,96995.0,,96995.0,,,,,,,44.5,43.4,,43.0,40.1,,no,,,18500.0,3428.0,"3.0/5.0 (RepairPal, rank 8 of 17 fullsize trucks)",470.0,975.0,6.5,,5.0,3,36000,5,60000,24.5,https://www.edmunds.com/gmc/sierra-2500hd/2026/trims/,,36.0,model-specific,6.85
GMC,Sierra 3500HD,Pro,2026,no,heavy-duty truck,4.0,5.0,RWD,Gas,54395.0,,54395.0,,,,,,,44.5,43.4,,43.0,40.1,,no,,,20000.0,4089.0,"2.5/5.0 (RepairPal, rank 11 of 17 fullsize trucks)",401.0,464.0,7.7,,1.0,3,36000,5,60000,24.4,https://www.edmunds.com/gmc/sierra-3500hd/2026/trims/,,36.0,model-specific,8.2
GMC,Sierra 3500HD,SLE,2026,no,heavy-duty truck,4.0,5.0,4WD,Gas,61395.0,,61395.0,,,,,,,44.5,43.4,,43.0,40.1,,no,,,20000.0,4089.0,"2.5/5.0 (RepairPal, rank 11 of 17 fullsize trucks)",401.0,464.0,7.7,,2.0,3,36000,5,60000,24.4,https://www.edmunds.com/gmc/sierra-3500hd/2026/trims/,,36.0,model-specific,8.2
GMC,Sierra 3500HD,SLT,2026,no,heavy-duty truck,4.0,5.0,4WD,Gas,68695.0,,68695.0,,,,,,,44.5,43.4,,43.0,40.1,,no,,,20000.0,4089.0,"2.5/5.0 (RepairPal, rank 11 of 17 fullsize trucks)",401.0,464.0,7.7,,2.0,3,36000,5,60000,24.4,https://www.edmunds.com/gmc/sierra-3500hd/2026/trims/,,36.0,model-specific,8.2
GMC,Sierra 3500HD,AT4,2026,yes,heavy-duty truck,4.0,5.0,4WD,Gas,75595.0,,75595.0,,,,,,,44.5,43.4,,43.0,40.1,,no,,,20000.0,4089.0,"2.5/5.0 (RepairPal, rank 11 of 17 fullsize trucks)",401.0,464.0,7.7,,3.0,3,36000,5,60000,24.4,https://www.edmunds.com/gmc/sierra-3500hd/2026/trims/,,36.0,model-specific,8.2
GMC,Sierra 3500HD,Denali,2026,no,heavy-duty truck,4.0,5.0,4WD,Gas,78895.0,,78895.0,,,,,,,44.5,43.4,,43.0,40.1,,no,,,20000.0,4089.0,"2.5/5.0 (RepairPal, rank 11 of 17 fullsize trucks)",401.0,464.0,7.7,,4.0,3,36000,5,60000,24.4,https://www.edmunds.com/gmc/sierra-3500hd/2026/trims/,,36.0,model-specific,8.2
GMC,Sierra 3500HD,Denali Ultimate,2026,no,heavy-duty truck,4.0,5.0,4WD,Diesel,99995.0,,99995.0,,,,,,,44.5,43.4,,43.0,40.1,,no,,,20000.0,4089.0,"2.5/5.0 (RepairPal, rank 11 of 17 fullsize trucks)",470.0,975.0,6.5,,5.0,3,36000,5,60000,24.4,https://www.edmunds.com/gmc/sierra-3500hd/2026/trims/,,36.0,model-specific,8.2
GMC,Sierra EV,Elevation Standard Range,2026,no,full-size electric truck,4.0,5.0,AWD,EV,64995.0,2095.0,67090.0,,,,283.0,5.0,,44.9,44.3,,43.9,38.7,,no,11.0,,,,,605.0,605.0,4.5,,4.0,3,36000,8,100000,54.1,https://www.edmunds.com/gmc/sierra-ev/2026/trims/,NHTSA,,model-specific,5.9
GMC,Sierra EV,Denali Standard Range,2026,no,full-size electric truck,4.0,5.0,AWD,EV,72295.0,2095.0,74390.0,,,,283.0,5.0,,44.9,44.3,,43.9,38.7,,no,11.0,,,,,605.0,605.0,4.5,,4.0,3,36000,8,100000,54.1,https://www.edmunds.com/gmc/sierra-ev/2026/trims/,NHTSA,,model-specific,5.9
GMC,Sierra EV,Elevation Extended Range,2026,no,full-size electric truck,4.0,5.0,AWD,EV,73195.0,2095.0,75290.0,,,,410.0,5.0,,44.9,44.3,,43.9,38.7,,no,11.0,,,,,605.0,605.0,4.5,,4.0,3,36000,8,100000,54.1,https://www.edmunds.com/gmc/sierra-ev/2026/trims/,NHTSA,,model-specific,5.9
GMC,Sierra EV,Denali Extended Range,2026,no,full-size electric truck,4.0,5.0,AWD,EV,80495.0,2095.0,82590.0,,,,410.0,5.0,,44.9,44.3,,43.9,38.7,,no,11.0,,,,,605.0,605.0,4.5,,4.0,3,36000,8,100000,54.1,https://www.edmunds.com/gmc/sierra-ev/2026/trims/,NHTSA,,model-specific,5.9
GMC,Sierra EV,AT4 Extended Range,2026,yes,full-size electric truck,4.0,5.0,AWD,EV,81895.0,2095.0,83990.0,,,,390.0,5.0,,44.9,44.3,,43.9,38.7,,no,11.0,,,,,605.0,605.0,4.5,,6.0,3,36000,8,100000,54.1,https://www.edmunds.com/gmc/sierra-ev/2026/trims/,NHTSA,,model-specific,5.9
GMC,Sierra EV,AT4 Max Range,2026,yes,full-size electric truck,4.0,5.0,AWD,EV,92195.0,2095.0,94290.0,,,,478.0,5.0,,44.9,44.3,,43.9,38.7,,no,11.0,,,,,760.0,785.0,4.43,,6.0,3,36000,8,100000,54.1,https://www.edmunds.com/gmc/sierra-ev/2026/trims/,NHTSA,,model-specific,5.9
GMC,Sierra EV,Denali Max Range,2026,no,full-size electric truck,4.0,5.0,AWD,EV,101195.0,2095.0,103290.0,,,,478.0,5.0,,44.9,44.3,,43.9,38.7,,no,11.0,,,,,760.0,785.0,4.43,,4.0,3,36000,8,100000,54.1,https://www.edmunds.com/gmc/sierra-ev/2026/trims/,NHTSA,,model-specific,5.9
GMC,Hummer EV Pickup,2X,2026,no,full-size electric truck,4.0,5.0,AWD,EV,99895.0,,99895.0,59.0,47.0,53.0,318.0,,,45.6,38.9,,42.5,38.6,,no,11.3,,,,,570.0,7400.0,4.4,,5.0,3,36000,8,100000,54.1,https://www.edmunds.com/gmc/hummer-ev/2026/trims/,,,model-specific,5.0
GMC,Hummer EV Pickup,3X,2026,no,full-size electric truck,4.0,5.0,AWD,EV,107995.0,,107995.0,58.0,46.0,52.0,312.0,,,45.6,38.9,,42.5,38.6,,no,11.3,,,,,830.0,11500.0,2.8,,5.0,3,36000,8,100000,54.1,https://www.edmunds.com/gmc/hummer-ev/2026/trims/,,,model-specific,5.0
GMC,Hummer EV SUV,2X,2026,no,full-size electric SUV,4.0,5.0,AWD,EV,99895.0,,99895.0,59.0,46.0,53.0,315.0,,,45.6,39.0,,42.5,38.4,,no,47.2,93.1,,,,570.0,7400.0,4.4,,5.0,3,36000,8,100000,65.2,https://www.edmunds.com/gmc/hummer-ev-suv/2026/trims/,,,model-specific,
GMC,Hummer EV SUV,3X,2026,no,full-size electric SUV,4.0,5.0,AWD,EV,107995.0,,107995.0,58.0,46.0,52.0,312.0,,,45.6,39.0,,42.5,38.4,,no,47.2,93.1,,,,830.0,11500.0,3.5,,5.0,3,36000,8,100000,65.2,https://www.edmunds.com/gmc/hummer-ev-suv/2026/trims/,,,model-specific,
Nissan,Sentra,S,2026,no,Sedan,4.0,5.0,FWD,Gas,22600.0,1245.0,23845.0,30.0,38.0,33.0,409.0,5.0,,44.0,34.8,,38.9,36.7,,,14.3,,,,4.0,149.0,146.0,8.3,,1.0,3,36000,5,60000,33.3,https://www.edmunds.com/nissan/sentra/2026/trims/,IIHS,12.4,model-specific,
Nissan,Sentra,SV,2026,no,Sedan,4.0,5.0,FWD,Gas,23370.0,1245.0,24615.0,30.0,38.0,33.0,409.0,5.0,,44.0,34.8,,38.9,36.7,,,14.3,,,,4.0,149.0,146.0,8.3,,2.0,3,36000,5,60000,33.3,https://www.edmunds.com/nissan/sentra/2026/trims/,IIHS,12.4,model-specific,
Nissan,Sentra,SR,2026,no,Sedan,4.0,5.0,FWD,Gas,25000.0,1245.0,26245.0,29.0,36.0,32.0,397.0,5.0,,44.0,34.8,,38.9,36.7,,,14.3,,,,4.0,149.0,146.0,8.3,,3.0,3,36000,5,60000,33.3,https://www.edmunds.com/nissan/sentra/2026/trims/,IIHS,12.4,model-specific,
Nissan,Sentra,SL,2026,no,Sedan,4.0,5.0,FWD,Gas,27990.0,1245.0,29235.0,29.0,36.0,32.0,397.0,5.0,,44.0,34.8,,37.7,36.7,,,14.3,,,,4.0,149.0,146.0,9.1,,4.0,3,36000,5,60000,33.3,https://www.edmunds.com/nissan/sentra/2026/trims/,IIHS,12.4,model-specific,
Nissan,Altima,SV,2026,no,Sedan,4.0,5.0,FWD,Gas,27580.0,1245.0,28825.0,26.0,36.0,30.0,486.0,5.0,,43.8,35.2,,39.1,36.9,,,15.4,,,,4.0,188.0,180.0,,,0.0,3,36000,5,60000,44.2,https://www.edmunds.com/nissan/altima/2026/trims/,NHTSA,16.2,model-specific,
Nissan,Altima,SR,2026,no,Sedan,4.0,5.0,FWD,Gas,28980.0,1245.0,30225.0,26.0,36.0,30.0,486.0,5.0,,43.8,35.2,,39.1,36.9,,,15.4,,,,4.0,188.0,180.0,,,1.0,3,36000,5,60000,44.2,https://www.edmunds.com/nissan/altima/2026/trims/,NHTSA,16.2,model-specific,
Nissan,Kicks,S,2026,no,SUV,5.0,5.0,FWD,Gas,22730.0,1545.0,24275.0,28.0,35.0,31.0,369.0,4.0,,42.7,34.5,,39.7,38.5,,,30.0,60.0,,,,141.0,140.0,,,2.0,3,36000,5,60000,35.3,https://www.edmunds.com/nissan/kicks/2026/trims/,NHTSA,11.9,model-specific,
Nissan,Kicks,SV,2026,no,SUV,5.0,5.0,FWD,Gas,24470.0,1545.0,26015.0,28.0,35.0,31.0,369.0,4.0,,42.7,34.5,,39.7,38.5,,,29.2,58.5,,,,141.0,140.0,,,3.0,3,36000,5,60000,35.3,https://www.edmunds.com/nissan/kicks/2026/trims/,NHTSA,11.9,model-specific,
Nissan,Kicks,SR,2026,no,SUV,5.0,5.0,FWD,Gas,26960.0,1545.0,28505.0,28.0,35.0,31.0,369.0,4.0,,42.7,34.5,,39.7,38.5,,,29.2,58.5,,,,141.0,140.0,,,3.0,3,36000,5,60000,35.3,https://www.edmunds.com/nissan/kicks/2026/trims/,NHTSA,11.9,model-specific,
Nissan,Rogue,S,2026,no,SUV,5.0,5.0,FWD,Gas,29335.0,1545.0,30880.0,29.0,36.0,32.0,464.0,5.0,,41.5,38.5,,41.1,39.2,,,31.6,74.1,,,4.0,201.0,225.0,,,2.0,3,36000,5,60000,50.0,https://www.edmunds.com/nissan/rogue/2026/trims/,NHTSA,14.5,model-specific,
Nissan,Rogue,SV,2026,no,SUV,5.0,5.0,FWD,Gas,30490.0,1545.0,32035.0,29.0,36.0,32.0,464.0,5.0,,41.5,38.5,,41.1,39.2,,,31.6,74.1,,,4.0,201.0,225.0,,,2.0,3,36000,5,60000,50.0,https://www.edmunds.com/nissan/rogue/2026/trims/,NHTSA,14.5,model-specific,
Nissan,Rogue,Dark Armor,2026,yes,SUV,5.0,5.0,FWD,Gas,33340.0,1545.0,34885.0,29.0,36.0,32.0,464.0,5.0,,41.5,38.5,,41.1,39.2,,,31.6,74.1,,,4.0,201.0,225.0,,,3.0,3,36000,5,60000,50.0,https://www.edmunds.com/nissan/rogue/2026/trims/,NHTSA,14.5,model-specific,
Nissan,Rogue,Rock Creek,2026,yes,SUV,5.0,5.0,AWD,Gas,34390.0,1545.0,35935.0,27.0,32.0,29.0,420.0,5.0,,41.5,38.5,,41.1,39.2,,,31.6,74.1,,,4.0,201.0,225.0,8.0,,3.0,3,36000,5,60000,50.0,https://www.edmunds.com/nissan/rogue/2026/trims/,NHTSA,14.5,model-specific,
Nissan,Rogue,SL,2026,no,SUV,5.0,5.0,FWD,Gas,35835.0,1545.0,37380.0,29.0,36.0,32.0,464.0,5.0,,41.5,38.5,,41.1,39.2,,,36.5,74.1,,,4.0,201.0,225.0,,,3.0,3,36000,5,60000,50.0,https://www.edmunds.com/nissan/rogue/2026/trims/,NHTSA,14.5,model-specific,
Nissan,Rogue,Platinum,2026,no,SUV,5.0,5.0,AWD,Gas,39235.0,1545.0,40780.0,28.0,35.0,31.0,450.0,5.0,,41.5,38.5,,39.2,37.8,,,36.5,74.1,,,4.0,201.0,225.0,8.0,,3.0,3,36000,5,60000,50.0,https://www.edmunds.com/nissan/rogue/2026/trims/,NHTSA,14.5,model-specific,
Nissan,Rogue Plug-In Hybrid,SL,2026,no,SUV,5.0,7.0,AWD,PHEV,45990.0,1545.0,47535.0,,,,,,,41.7,38.1,19.1,,,,yes,12.8,,,,,248.0,332.0,6.6,,4.0,3,36000,5,60000,,https://www.edmunds.com/nissan/rogue-plug-in-hybrid/2026/trims/,,,,
Nissan,Rogue Plug-In Hybrid,Platinum,2026,no,SUV,5.0,7.0,AWD,PHEV,49990.0,1545.0,51535.0,,,,,,,41.7,38.5,19.1,,,,yes,12.8,64.7,,,,248.0,332.0,6.6,,4.0,3,36000,5,60000,,https://www.edmunds.com/nissan/rogue-plug-in-hybrid/2026/trims/,,,,
Nissan,Murano,SV,2026,no,SUV,5.0,5.0,AWD,Gas,41620.0,1545.0,43165.0,21.0,27.0,23.0,430.0,5.0,,44.3,36.3,,41.1,37.9,,,32.9,63.5,,,3.5,241.0,260.0,7.2,,3.0,3,36000,5,60000,52.7,https://www.edmunds.com/nissan/murano/2026/trims/,NHTSA,18.7,model-specific,
Nissan,Murano,SL,2026,no,SUV,5.0,5.0,AWD,Gas,46710.0,1545.0,48255.0,21.0,27.0,23.0,430.0,5.0,,44.3,36.3,,41.1,37.9,,,32.9,63.5,,,3.5,241.0,260.0,7.2,,3.0,3,36000,5,60000,52.7,https://www.edmunds.com/nissan/murano/2026/trims/,NHTSA,18.7,model-specific,
Nissan,Murano,Platinum,2026,no,SUV,5.0,5.0,AWD,Gas,49750.0,1545.0,51295.0,21.0,27.0,23.0,430.0,5.0,,44.3,36.3,,41.1,37.9,,,32.9,63.5,,,3.5,241.0,260.0,7.2,,3.0,3,36000,5,60000,52.7,https://www.edmunds.com/nissan/murano/2026/trims/,NHTSA,18.7,model-specific,
Nissan,Pathfinder,S,2026,no,SUV,5.0,8.0,4WD,Gas,37500.0,1545.0,39045.0,21.0,27.0,23.0,426.0,5.0,,44.3,35.5,28.0,42.3,39.6,37.8,yes,16.6,80.5,,,3.5,284.0,259.0,6.8,,,3,36000,5,60000,52.9,https://www.edmunds.com/nissan/pathfinder/2026/trims/,NHTSA,18.5,model-specific,
Nissan,Pathfinder,SV,2026,no,SUV,5.0,8.0,4WD,Gas,39900.0,1545.0,41445.0,21.0,27.0,23.0,426.0,5.0,,44.3,35.5,28.0,42.3,39.6,37.8,yes,16.6,80.5,,,3.5,284.0,259.0,6.8,,,3,36000,5,60000,52.9,https://www.edmunds.com/nissan/pathfinder/2026/trims/,NHTSA,18.5,model-specific,
Nissan,Pathfinder,SL,2026,no,SUV,5.0,8.0,4WD,Gas,42590.0,1545.0,44135.0,21.0,27.0,23.0,426.0,5.0,,44.3,35.5,28.0,42.3,39.6,37.8,yes,16.6,80.5,,,3.5,284.0,259.0,6.8,,,3,36000,5,60000,52.9,https://www.edmunds.com/nissan/pathfinder/2026/trims/,NHTSA,18.5,model-specific,
Nissan,Pathfinder,Rock Creek,2026,yes,SUV,5.0,8.0,4WD,Gas,45090.0,1545.0,46635.0,20.0,23.0,21.0,388.0,5.0,,44.3,35.5,28.0,42.3,39.6,37.8,yes,16.6,80.5,,,3.5,295.0,270.0,,,,3,36000,5,60000,52.9,https://www.edmunds.com/nissan/pathfinder/2026/trims/,NHTSA,18.5,model-specific,
Nissan,Pathfinder,Platinum,2026,no,SUV,5.0,8.0,4WD,Gas,49790.0,1545.0,51335.0,21.0,27.0,23.0,426.0,5.0,,44.3,35.5,28.0,41.1,38.4,37.8,yes,16.6,80.5,,,3.5,284.0,259.0,6.8,,,3,36000,5,60000,52.9,https://www.edmunds.com/nissan/pathfinder/2026/trims/,NHTSA,18.5,model-specific,
Nissan,Armada,SV,2026,no,SUV,4.0,8.0,RWD,Gas,58840.0,2245.0,61085.0,16.0,20.0,18.0,425.0,4.5,,43.8,39.2,32.9,41.6,40.0,,,20.4,97.1,8500.0,1755.0,3.5,425.0,516.0,,,,3,36000,5,60000,57.0,https://www.edmunds.com/nissan/armada/2026/trims/,IIHS,23.6,model-specific,
Nissan,Armada,SL,2026,no,SUV,4.0,8.0,RWD,Gas,63530.0,2245.0,65775.0,16.0,20.0,18.0,425.0,4.5,,43.8,39.2,32.9,41.6,40.0,,,20.4,97.1,8500.0,1755.0,3.5,425.0,516.0,,,,3,36000,5,60000,57.0,https://www.edmunds.com/nissan/armada/2026/trims/,IIHS,23.6,model-specific,
Nissan,Armada,Platinum,2026,no,SUV,4.0,7.0,RWD,Gas,70490.0,2245.0,72735.0,16.0,20.0,18.0,425.0,4.5,,43.8,39.2,32.9,40.8,37.8,,,20.4,97.1,8500.0,1755.0,3.5,425.0,516.0,,,,3,36000,5,60000,57.0,https://www.edmunds.com/nissan/armada/2026/trims/,IIHS,23.6,model-specific,
Nissan,Armada,PRO-4X,2026,no,SUV,4.0,8.0,4WD,Gas,74300.0,2245.0,76545.0,15.0,18.0,16.0,378.0,4.5,,43.8,39.2,32.9,41.6,40.0,,,20.4,97.1,8500.0,1755.0,3.5,425.0,516.0,5.9,,,3,36000,5,60000,57.0,https://www.edmunds.com/nissan/armada/2026/trims/,IIHS,23.6,model-specific,
Nissan,Armada,Platinum Reserve,2026,no,SUV,4.0,7.0,RWD,Gas,77550.0,2245.0,79795.0,16.0,20.0,18.0,425.0,4.5,,43.8,39.2,32.9,40.8,37.8,,,20.4,97.1,8500.0,1755.0,3.5,425.0,516.0,,,,3,36000,5,60000,57.0,https://www.edmunds.com/nissan/armada/2026/trims/,IIHS,23.6,model-specific,
Nissan,Armada,NISMO,2026,yes,SUV,4.0,7.0,4WD,Gas,79530.0,2245.0,81775.0,16.0,19.0,17.0,401.0,4.5,,43.8,39.2,32.9,40.8,37.8,,,20.4,97.1,8500.0,1755.0,3.5,460.0,,,,,3,36000,5,60000,57.0,https://www.edmunds.com/nissan/armada/2026/trims/,IIHS,23.6,model-specific,
Nissan,Frontier,King Cab S,2026,no,Truck,2.0,4.0,RWD,Gas,32150.0,1695.0,33845.0,18.0,24.0,21.0,441.0,,,42.3,26.2,,39.7,36.6,,,,,7150.0,,4.0,310.0,281.0,,,,3,36000,5,60000,35.3,https://www.edmunds.com/nissan/frontier/2026/king-cab/trims/,,21.0,model-specific,6.1
Nissan,Frontier,King Cab SV,2026,no,Truck,2.0,4.0,RWD,Gas,33895.0,1695.0,35590.0,18.0,24.0,21.0,441.0,,,42.3,26.2,,39.7,36.6,,,,,7150.0,,4.0,310.0,281.0,,,,3,36000,5,60000,35.3,https://www.edmunds.com/nissan/frontier/2026/king-cab/trims/,,21.0,model-specific,6.1
Nissan,Frontier,Crew Cab S,2026,no,Truck,4.0,5.0,RWD,Gas,33550.0,1695.0,35245.0,18.0,24.0,21.0,441.0,4.0,,42.3,33.2,,39.9,38.6,,,,,7040.0,1480.0,4.0,310.0,281.0,,,,3,36000,5,60000,35.3,https://www.edmunds.com/nissan/frontier/2026/crew-cab/trims/,NHTSA,21.0,model-specific,5.0
Nissan,Frontier,Crew Cab SV,2026,no,Truck,4.0,5.0,RWD,Gas,36190.0,1695.0,37885.0,18.0,24.0,21.0,441.0,4.0,,42.3,33.2,,39.9,38.6,,,,,7040.0,,4.0,310.0,281.0,,,,3,36000,5,60000,35.3,https://www.edmunds.com/nissan/frontier/2026/crew-cab/trims/,NHTSA,21.0,model-specific,5.0
Nissan,Frontier,Crew Cab PRO-X,2026,no,Truck,4.0,5.0,RWD,Gas,38570.0,1695.0,40265.0,18.0,24.0,21.0,441.0,4.0,,42.3,33.2,,39.9,38.6,,,,,7040.0,,4.0,310.0,281.0,,,,3,36000,5,60000,35.3,https://www.edmunds.com/nissan/frontier/2026/crew-cab/trims/,NHTSA,21.0,model-specific,5.0
Nissan,Frontier,Crew Cab PRO-4X,2026,no,Truck,4.0,5.0,4WD,Gas,41870.0,1695.0,43565.0,18.0,24.0,21.0,441.0,4.0,,42.3,33.2,,39.9,38.6,,,,,7040.0,,4.0,310.0,281.0,7.3,,,3,36000,5,60000,35.3,https://www.edmunds.com/nissan/frontier/2026/crew-cab/trims/,NHTSA,21.0,model-specific,6.1
Nissan,Frontier,Crew Cab PRO-4X R by Roush,2026,yes,Truck,4.0,5.0,4WD,Gas,46265.0,1695.0,47960.0,18.0,24.0,21.0,441.0,4.0,,42.3,33.2,,39.9,38.6,,,,,7040.0,,4.0,310.0,281.0,7.3,,,3,36000,5,60000,35.3,https://www.edmunds.com/nissan/frontier/2026/crew-cab/trims/,NHTSA,21.0,model-specific,6.1
Nissan,LEAF,S+,2026,no,Hatchback,5.0,5.0,FWD,EV,29990.0,1545.0,31535.0,131.0,111.0,121.0,303.0,3.5,,42.4,31.8,,39.9,37.2,,,20.0,55.5,,,4.0,214.0,261.0,6.9,,,3,36000,5,60000,62.9,https://www.edmunds.com/nissan/leaf/2026/trims/,IIHS,,model-specific,
Nissan,LEAF,SV+,2026,no,Hatchback,5.0,5.0,FWD,EV,34230.0,1545.0,35775.0,122.0,105.0,114.0,288.0,3.5,,42.4,31.8,,39.9,37.2,,,20.0,55.5,,,4.0,214.0,261.0,6.9,,,3,36000,5,60000,62.9,https://www.edmunds.com/nissan/leaf/2026/trims/,IIHS,,model-specific,
Nissan,LEAF,Platinum+,2026,no,Hatchback,5.0,5.0,FWD,EV,38990.0,1545.0,40535.0,110.0,96.0,103.0,259.0,3.5,,42.4,31.8,,39.9,36.6,,,20.0,55.5,,,4.0,214.0,261.0,6.9,,,3,36000,5,60000,62.9,https://www.edmunds.com/nissan/leaf/2026/trims/,IIHS,,model-specific,
Nissan,Z,Sport,2026,no,Coupe,2.0,2.0,RWD,Gas,43020.0,1245.0,44265.0,19.0,28.0,22.0,361.0,,,42.9,,,38.2,,,,,,,,,400.0,350.0,4.5,,1.0,3,36000,5,60000,28.0,https://www.edmunds.com/nissan/z/2026/trims/,,16.4,model-specific,
Nissan,Z,Performance,2026,no,Coupe,2.0,2.0,RWD,Gas,53020.0,1245.0,54265.0,18.0,24.0,20.0,328.0,,,42.9,,,38.2,,,,,,,,,400.0,350.0,4.5,,2.0,3,36000,5,60000,28.0,https://www.edmunds.com/nissan/z/2026/trims/,,16.4,model-specific,
Nissan,Z,Heritage Edition,2026,no,Coupe,2.0,2.0,RWD,Gas,55960.0,1245.0,57205.0,18.0,24.0,20.0,328.0,,,42.9,,,38.2,,,,,,,,,400.0,350.0,4.5,,2.0,3,36000,5,60000,28.0,https://www.edmunds.com/nissan/z/2026/trims/,,16.4,model-specific,
Nissan,Z,Nismo,2026,yes,Coupe,2.0,2.0,RWD,Gas,65800.0,1245.0,67045.0,17.0,24.0,19.0,312.0,,,42.9,,,38.2,,,,,,,,,420.0,384.0,3.9,,2.0,3,36000,5,60000,28.0,https://www.edmunds.com/nissan/z/2026/trims/,,16.4,model-specific,
Subaru,Impreza,Sport,2026,no,Hatchback,4.0,5.0,AWD,Gas,26595.0,1195.0,27790.0,27.0,33.0,29.0,481.0,5.0,,42.9,36.5,,39.8,38.0,,,20.4,56.0,,,"3.5/5.0 (RepairPal, rank 33 of 36 compact cars)",152.0,145.0,,,1.0,3,36000,5,60000,29.2,https://www.edmunds.com/subaru/impreza/2026/trims/,NHTSA,16.6,model-specific,
Subaru,Impreza,RS,2026,no,Hatchback,4.0,5.0,AWD,Gas,29495.0,1195.0,30690.0,26.0,33.0,29.0,481.0,5.0,,42.9,36.5,,39.8,38.0,,,20.4,56.0,,,"3.5/5.0 (RepairPal, rank 33 of 36 compact cars)",180.0,178.0,8.4,,2.0,3,36000,5,60000,29.2,https://www.edmunds.com/subaru/impreza/2026/trims/,NHTSA,16.6,model-specific,
Subaru,Crosstrek,Base,2026,no,SUV,4.0,5.0,AWD,Gas,26995.0,1420.0,28415.0,26.0,33.0,29.0,481.0,5.0,,42.9,36.5,,39.8,38.0,,,19.9,54.7,,,"4.5/5.0 (RepairPal, rank 1 of 26 compact SUVs)",180.0,178.0,,,0.0,3,36000,5,60000,29.1,https://www.edmunds.com/subaru/crosstrek/2026/trims/,NHTSA,16.6,model-specific,
Subaru,Crosstrek,Premium,2026,no,SUV,4.0,5.0,AWD,Gas,27995.0,1420.0,29415.0,26.0,33.0,29.0,481.0,5.0,,42.9,36.5,,39.8,38.0,,,19.9,54.7,,,"4.5/5.0 (RepairPal, rank 1 of 26 compact SUVs)",180.0,178.0,,,1.0,3,36000,5,60000,29.1,https://www.edmunds.com/subaru/crosstrek/2026/trims/,NHTSA,16.6,model-specific,
Subaru,Crosstrek,Sport,2026,no,SUV,4.0,5.0,AWD,Gas,30625.0,1420.0,32045.0,26.0,33.0,29.0,481.0,5.0,,42.9,36.5,,39.8,38.0,,,19.9,54.7,,,"4.5/5.0 (RepairPal, rank 1 of 26 compact SUVs)",180.0,178.0,,,2.0,3,36000,5,60000,29.1,https://www.edmunds.com/subaru/crosstrek/2026/trims/,NHTSA,16.6,model-specific,
Subaru,Crosstrek,Limited,2026,no,SUV,4.0,5.0,AWD,Gas,32995.0,1420.0,34415.0,26.0,33.0,29.0,481.0,5.0,,42.9,36.5,,39.8,38.0,,,19.9,54.7,,,"4.5/5.0 (RepairPal, rank 1 of 26 compact SUVs)",180.0,178.0,,,1.0,3,36000,5,60000,29.1,https://www.edmunds.com/subaru/crosstrek/2026/trims/,NHTSA,16.6,model-specific,
Subaru,Crosstrek,Wilderness,2026,no,SUV,4.0,5.0,AWD,Gas,33795.0,1420.0,35215.0,24.0,29.0,26.0,432.0,5.0,,42.9,36.5,,39.8,38.0,,,20.0,54.9,,,"4.5/5.0 (RepairPal, rank 1 of 26 compact SUVs)",180.0,178.0,,,1.0,3,36000,5,60000,29.1,https://www.edmunds.com/subaru/crosstrek/2026/trims/,NHTSA,16.6,model-specific,
Subaru,Crosstrek,Sport Hybrid,2026,no,SUV,4.0,5.0,AWD,Hybrid,33995.0,1420.0,35415.0,36.0,36.0,36.0,597.0,5.0,,42.9,36.7,,38.7,37.6,,,18.6,50.6,,,"4.5/5.0 (RepairPal, rank 1 of 26 compact SUVs)",194.0,,8.4,,2.0,3,36000,5,60000,32.1,https://www.edmunds.com/subaru/crosstrek/2026/trims/,NHTSA,,model-specific,
Subaru,Crosstrek,Limited Hybrid,2026,no,SUV,4.0,5.0,AWD,Hybrid,34995.0,1420.0,36415.0,36.0,36.0,36.0,597.0,5.0,,42.9,36.7,,39.8,37.6,,,18.6,50.6,,,"4.5/5.0 (RepairPal, rank 1 of 26 compact SUVs)",194.0,,8.4,,2.0,3,36000,5,60000,32.1,https://www.edmunds.com/subaru/crosstrek/2026/trims/,NHTSA,,model-specific,
Subaru,Forester,Base,2026,no,SUV,4.0,5.0,AWD,Gas,29995.0,1195.0,31190.0,26.0,33.0,29.0,481.0,5.0,,43.3,39.4,,40.0,37.7,,,27.5,69.1,,,"3.5/5.0 (RepairPal, rank 21 of 26 compact SUVs)",180.0,178.0,9.2,,0.0,3,36000,5,60000,32.5,https://www.edmunds.com/subaru/forester/2026/trims/,NHTSA,16.6,model-specific,
Subaru,Forester,Premium,2026,no,SUV,4.0,5.0,AWD,Gas,31995.0,1195.0,33190.0,26.0,33.0,29.0,481.0,5.0,,43.3,39.4,,40.0,37.7,,,27.5,69.1,,,"3.5/5.0 (RepairPal, rank 21 of 26 compact SUVs)",180.0,178.0,9.2,,2.0,3,36000,5,60000,32.5,https://www.edmunds.com/subaru/forester/2026/trims/,NHTSA,16.6,model-specific,
Subaru,Forester,Sport,2026,no,SUV,4.0,5.0,AWD,Gas,34795.0,1195.0,35990.0,25.0,32.0,28.0,465.0,5.0,,43.3,39.4,,40.0,37.7,,,27.5,69.1,,,"3.5/5.0 (RepairPal, rank 21 of 26 compact SUVs)",180.0,178.0,9.2,,2.0,3,36000,5,60000,32.5,https://www.edmunds.com/subaru/forester/2026/trims/,NHTSA,16.6,model-specific,
Subaru,Forester,Sport Onyx Edition,2026,no,SUV,4.0,5.0,AWD,Gas,36495.0,1195.0,37690.0,25.0,32.0,28.0,465.0,5.0,,43.3,39.4,,40.0,37.7,,,27.5,69.1,,,"3.5/5.0 (RepairPal, rank 21 of 26 compact SUVs)",180.0,178.0,9.2,,2.0,3,36000,5,60000,32.5,https://media.subaru.com/newsrelease.do?id=2421,NHTSA,16.6,model-specific,
Subaru,Forester,Limited,2026,no,SUV,4.0,5.0,AWD,Gas,35995.0,1195.0,37190.0,26.0,33.0,29.0,481.0,5.0,,43.3,39.4,,40.0,37.7,,,27.5,69.1,,,"3.5/5.0 (RepairPal, rank 21 of 26 compact SUVs)",180.0,178.0,9.2,,2.0,3,36000,5,60000,32.5,https://www.edmunds.com/subaru/forester/2026/trims/,NHTSA,16.6,model-specific,
Subaru,Forester,Touring,2026,no,SUV,4.0,5.0,AWD,Gas,39995.0,1195.0,41190.0,25.0,32.0,28.0,465.0,5.0,,43.3,39.4,,40.0,37.7,,,27.5,69.1,,,"3.5/5.0 (RepairPal, rank 21 of 26 compact SUVs)",180.0,178.0,9.2,,3.0,3,36000,5,60000,32.5,https://www.edmunds.com/subaru/forester/2026/trims/,NHTSA,16.6,model-specific,
Subaru,Forester,Wilderness,2026,no,SUV,4.0,5.0,AWD,Gas,36995.0,1195.0,38190.0,24.0,28.0,26.0,432.0,5.0,,43.3,39.4,,40.0,37.7,,,27.5,69.1,,,"3.5/5.0 (RepairPal, rank 21 of 26 compact SUVs)",180.0,178.0,9.2,,2.0,3,36000,5,60000,32.5,https://www.edmunds.com/subaru/forester/2026/trims/,NHTSA,16.6,model-specific,
Subaru,Forester,Premium Hybrid,2026,no,SUV,4.0,5.0,AWD,Hybrid,34730.0,1195.0,35925.0,35.0,34.0,35.0,,5.0,,43.3,39.4,,40.0,37.7,,,27.5,69.1,,,"3.5/5.0 (RepairPal, rank 21 of 26 compact SUVs)",194.0,,8.8,,2.0,3,36000,5,60000,32.5,https://www.edmunds.com/subaru/forester/2026/trims/,NHTSA,,model-specific,
Subaru,Forester,Sport Hybrid,2026,no,SUV,4.0,5.0,AWD,Hybrid,37930.0,1195.0,39125.0,35.0,34.0,35.0,,5.0,,43.3,39.4,,40.0,37.7,,,27.5,69.1,,,"3.5/5.0 (RepairPal, rank 21 of 26 compact SUVs)",194.0,,8.8,,2.0,3,36000,5,60000,32.5,https://www.edmunds.com/subaru/forester/2026/trims/,NHTSA,,model-specific,
Subaru,Forester,Limited Hybrid,2026,no,SUV,4.0,5.0,AWD,Hybrid,38995.0,1195.0,40190.0,35.0,34.0,35.0,,5.0,,43.3,39.4,,40.0,37.7,,,27.5,69.1,,,"3.5/5.0 (RepairPal, rank 21 of 26 compact SUVs)",194.0,,8.8,,2.0,3,36000,5,60000,32.5,https://www.edmunds.com/subaru/forester/2026/trims/,NHTSA,,model-specific,
Subaru,Forester,Touring Hybrid,2026,no,SUV,4.0,5.0,AWD,Hybrid,41545.0,1195.0,42740.0,35.0,34.0,35.0,,5.0,,43.3,39.4,,40.0,37.7,,,27.5,69.1,,,"3.5/5.0 (RepairPal, rank 21 of 26 compact SUVs)",194.0,,8.8,,3.0,3,36000,5,60000,32.5,https://www.edmunds.com/subaru/forester/2026/trims/,NHTSA,,model-specific,
Subaru,Outback,Premium,2026,no,SUV,4.0,5.0,AWD,Gas,34995.0,1450.0,36445.0,25.0,31.0,27.0,486.0,5.0,,43.0,39.5,,40.2,40.5,,,34.6,80.5,,,"3.5/5.0 (RepairPal, rank 10 of 26 midsize SUVs)",180.0,178.0,,,2.0,3,36000,5,60000,38.6,https://www.edmunds.com/subaru/outback/2026/trims/,IIHS,18.0,model-specific,
Subaru,Outback,Limited,2026,no,SUV,4.0,5.0,AWD,Gas,41715.0,1450.0,43165.0,25.0,31.0,27.0,486.0,5.0,,43.0,39.5,,40.2,40.5,,,34.6,80.5,,,"3.5/5.0 (RepairPal, rank 10 of 26 midsize SUVs)",180.0,178.0,,,2.0,3,36000,5,60000,38.6,https://www.edmunds.com/subaru/outback/2026/trims/,IIHS,18.0,model-specific,
Subaru,Outback,Touring,2026,no,SUV,4.0,5.0,AWD,Gas,45395.0,1450.0,46845.0,25.0,31.0,27.0,486.0,5.0,,43.0,39.5,,40.2,40.5,,,34.6,80.5,,,"3.5/5.0 (RepairPal, rank 10 of 26 midsize SUVs)",180.0,178.0,,,3.0,3,36000,5,60000,38.6,https://www.edmunds.com/subaru/outback/2026/trims/,IIHS,18.0,model-specific,
Subaru,Outback,Limited XT,2026,no,SUV,4.0,5.0,AWD,Gas,44365.0,1450.0,45815.0,21.0,29.0,24.0,432.0,5.0,,43.0,39.5,,40.2,40.5,,,34.6,80.5,,,"3.5/5.0 (RepairPal, rank 10 of 26 midsize SUVs)",260.0,277.0,6.5,,3.0,3,36000,5,60000,38.6,https://www.edmunds.com/subaru/outback/2026/trims/,IIHS,18.0,model-specific,
Subaru,Outback,Wilderness,2026,no,SUV,4.0,5.0,AWD,Gas,44995.0,1450.0,46445.0,21.0,27.0,23.0,414.0,5.0,,43.0,39.5,,40.2,40.5,,,34.6,80.5,,,"3.5/5.0 (RepairPal, rank 10 of 26 midsize SUVs)",260.0,277.0,6.5,,2.0,3,36000,5,60000,38.6,https://www.edmunds.com/subaru/outback/2026/trims/,IIHS,18.0,model-specific,
Subaru,Outback,Touring XT,2026,no,SUV,4.0,5.0,AWD,Gas,47995.0,1450.0,49445.0,21.0,29.0,24.0,432.0,5.0,,43.0,39.5,,40.2,40.5,,,34.6,80.5,,,"3.5/5.0 (RepairPal, rank 10 of 26 midsize SUVs)",260.0,277.0,6.5,,3.0,3,36000,5,60000,38.6,https://www.edmunds.com/subaru/outback/2026/trims/,IIHS,18.0,model-specific,
Subaru,Ascent,Premium,2026,no,SUV,4.0,8.0,AWD,Gas,40795.0,1450.0,42245.0,19.0,26.0,22.0,425.0,5.0,,42.2,38.6,31.7,41.2,40.0,36.0,yes,17.8,75.6,5000.0,,,260.0,277.0,,,1.0,3,36000,5,60000,46.2,https://www.edmunds.com/subaru/ascent/2026/trims/,NHTSA,19.3,model-specific,
Subaru,Ascent,Limited,2026,no,SUV,4.0,8.0,AWD,Gas,47885.0,1450.0,49335.0,19.0,25.0,21.0,405.0,5.0,,42.2,38.6,31.7,41.2,40.0,36.0,yes,17.6,75.6,5000.0,,,260.0,277.0,,,2.0,3,36000,5,60000,46.2,https://www.edmunds.com/subaru/ascent/2026/trims/,NHTSA,19.3,model-specific,
Subaru,Ascent,Limited Bronze Edition,2026,no,SUV,4.0,7.0,AWD,Gas,48995.0,1450.0,50445.0,19.0,25.0,21.0,405.0,5.0,,42.2,38.6,31.7,41.2,40.0,36.0,yes,17.6,75.6,5000.0,,,260.0,277.0,,,2.0,3,36000,5,60000,46.2,https://www.edmunds.com/subaru/ascent/2026/trims/,NHTSA,19.3,model-specific,
Subaru,Ascent,Touring,2026,no,SUV,4.0,7.0,AWD,Gas,51165.0,1450.0,52615.0,19.0,25.0,21.0,405.0,5.0,,42.2,38.6,31.7,41.2,40.0,36.0,yes,17.6,75.6,5000.0,,,260.0,277.0,,,2.0,3,36000,5,60000,46.2,https://www.edmunds.com/subaru/ascent/2026/trims/,NHTSA,19.3,model-specific,
Subaru,Ascent,Onyx Edition Touring,2026,no,SUV,4.0,7.0,AWD,Gas,51995.0,1450.0,53445.0,19.0,25.0,21.0,405.0,5.0,,42.2,38.6,31.7,41.2,40.0,36.0,yes,17.6,75.6,5000.0,,,260.0,277.0,,,2.0,3,36000,5,60000,46.2,https://www.edmunds.com/subaru/ascent/2026/trims/,NHTSA,19.3,model-specific,
Subaru,WRX,Base,2026,no,Sedan,4.0,5.0,AWD,Gas,32495.0,1195.0,33690.0,19.0,26.0,22.0,365.0,5.0,,43.1,36.5,,39.8,36.7,,,12.5,,,,"3.5/5.0 (RepairPal, rank 32 of 36 compact cars)",271.0,258.0,5.6,,1.0,3,36000,5,60000,29.8,https://www.edmunds.com/subaru/wrx/2026/trims/,NHTSA,16.6,model-specific,
Subaru,WRX,Premium,2026,no,Sedan,4.0,5.0,AWD,Gas,33995.0,1195.0,35190.0,19.0,26.0,22.0,365.0,5.0,,43.1,36.5,,39.8,36.7,,,12.5,,,,"3.5/5.0 (RepairPal, rank 32 of 36 compact cars)",271.0,258.0,5.6,,1.0,3,36000,5,60000,29.8,https://www.edmunds.com/subaru/wrx/2026/trims/,NHTSA,16.6,model-specific,
Subaru,WRX,Limited,2026,no,Sedan,4.0,5.0,AWD,Gas,38995.0,1195.0,40190.0,19.0,26.0,22.0,365.0,5.0,,43.1,36.5,,39.8,36.7,,,12.5,,,,"3.5/5.0 (RepairPal, rank 32 of 36 compact cars)",271.0,258.0,5.6,,1.0,3,36000,5,60000,29.8,https://www.edmunds.com/subaru/wrx/2026/trims/,NHTSA,16.6,model-specific,
Subaru,WRX,Limited SPT,2026,no,Sedan,4.0,5.0,AWD,Gas,39995.0,1195.0,41190.0,18.0,25.0,21.0,349.0,5.0,,43.1,36.5,,39.8,36.7,,,12.5,,,,"3.5/5.0 (RepairPal, rank 32 of 36 compact cars)",271.0,258.0,5.4,,1.0,3,36000,5,60000,29.8,https://www.edmunds.com/subaru/wrx/2026/trims/,NHTSA,16.6,model-specific,
Subaru,WRX,GT,2026,no,Sedan,4.0,5.0,AWD,Gas,44995.0,1195.0,46190.0,18.0,25.0,21.0,349.0,5.0,,43.1,36.5,,39.8,36.7,,,12.5,,,,"3.5/5.0 (RepairPal, rank 32 of 36 compact cars)",271.0,258.0,5.4,,2.0,3,36000,5,60000,29.8,https://www.edmunds.com/subaru/wrx/2026/trims/,NHTSA,16.6,model-specific,
Subaru,WRX,tS,2026,yes,Sedan,4.0,5.0,AWD,Gas,44995.0,1195.0,46190.0,19.0,26.0,22.0,365.0,5.0,,43.1,36.5,,39.8,36.7,,,12.5,,,,"3.5/5.0 (RepairPal, rank 32 of 36 compact cars)",271.0,258.0,5.6,,2.0,3,36000,5,60000,29.8,https://www.edmunds.com/subaru/wrx/2026/trims/,NHTSA,16.6,model-specific,
Subaru,WRX,Series.Yellow,2026,yes,Sedan,4.0,5.0,AWD,Gas,45995.0,1195.0,47190.0,19.0,26.0,22.0,365.0,5.0,,43.1,36.5,,39.8,36.7,,,12.5,,,,"3.5/5.0 (RepairPal, rank 32 of 36 compact cars)",271.0,258.0,5.6,,2.0,3,36000,5,60000,29.8,https://www.edmunds.com/subaru/wrx/2026/trims/,NHTSA,16.6,model-specific,
Subaru,BRZ,Limited,2026,no,Coupe,2.0,4.0,RWD,Gas,35860.0,1195.0,37055.0,20.0,27.0,22.0,290.0,,,41.5,29.9,,37.0,33.5,,,6.3,,,,"3.0/5.0 (RepairPal, rank 20 of 21 subcompact cars)",228.0,184.0,6.1,,0.0,3,36000,5,60000,23.7,https://www.edmunds.com/subaru/brz/2026/trims/,,13.2,model-specific,
Subaru,BRZ,tS,2026,yes,Coupe,2.0,4.0,RWD,Gas,38360.0,1195.0,39555.0,20.0,27.0,22.0,290.0,,,41.5,29.9,,37.0,33.5,,,6.3,,,,"3.0/5.0 (RepairPal, rank 20 of 21 subcompact cars)",228.0,184.0,6.1,,0.0,3,36000,5,60000,23.7,https://www.edmunds.com/subaru/brz/2026/trims/,,13.2,model-specific,
Subaru,BRZ,Series.Yellow,2026,yes,Coupe,2.0,4.0,RWD,Gas,39360.0,1195.0,40555.0,20.0,27.0,22.0,290.0,,,41.5,29.9,,37.0,33.5,,,6.3,,,,"3.0/5.0 (RepairPal, rank 20 of 21 subcompact cars)",228.0,184.0,6.1,,0.0,3,36000,5,60000,23.7,https://www.edmunds.com/subaru/brz/2026/trims/,,13.2,model-specific,
Subaru,Solterra,Premium,2026,no,SUV,4.0,5.0,AWD,EV,38495.0,1450.0,39945.0,131.0,109.0,120.0,288.0,5.0,,42.1,35.3,,38.8,38.0,,,23.8,63.5,,,,233.0,,,,2.0,3,36000,5,60000,52.3,https://www.edmunds.com/subaru/solterra/2026/trims/,NHTSA,,model-specific,
Subaru,Solterra,Limited,2026,no,SUV,4.0,5.0,AWD,EV,41395.0,1450.0,42845.0,131.0,109.0,120.0,288.0,5.0,,42.1,35.3,,38.8,38.0,,,23.8,63.5,,,,233.0,,,,3.0,3,36000,5,60000,52.3,https://www.edmunds.com/subaru/solterra/2026/trims/,NHTSA,,model-specific,
Subaru,Solterra,Limited XT,2026,no,SUV,4.0,5.0,AWD,EV,42895.0,1450.0,44345.0,128.0,105.0,117.0,278.0,5.0,,42.1,35.3,,38.8,38.0,,,23.8,63.5,,,,338.0,,4.8,,3.0,3,36000,5,60000,52.3,https://www.edmunds.com/subaru/solterra/2026/trims/,NHTSA,,model-specific,
Subaru,Solterra,Touring XT,2026,no,SUV,4.0,5.0,AWD,EV,45555.0,1450.0,47005.0,128.0,105.0,117.0,278.0,5.0,,42.1,35.3,,38.6,37.1,,,23.8,63.5,,,,338.0,,4.8,,3.0,3,36000,5,60000,52.3,https://www.edmunds.com/subaru/solterra/2026/trims/,NHTSA,,model-specific,
Subaru,Solterra,Touring XT Leather,2026,no,SUV,4.0,5.0,AWD,EV,45855.0,1450.0,47305.0,128.0,105.0,117.0,278.0,5.0,,42.1,35.3,,38.6,37.1,,,23.8,63.5,,,,338.0,,4.8,,3.0,3,36000,5,60000,52.3,https://www.edmunds.com/subaru/solterra/2026/trims/,NHTSA,,model-specific,
Mazda,Mazda3,2.5 S,2026,no,Sedan,4.0,5.0,FWD,Gas,24650.0,1235.0,25885.0,27.0,36.0,30.0,396.0,5.0,106.0,42.3,34.4,,38.0,37.3,,no,13.2,,,,4.0,186.0,186.0,7.0,,0.0,3,36000,5,60000,34.0,https://www.edmunds.com/mazda/3/2026/trims/,NHTSA,13.2,model-specific,
Mazda,Mazda3,2.5 S Select Sport,2026,no,Sedan,4.0,5.0,FWD,Gas,25540.0,1235.0,26775.0,27.0,36.0,30.0,396.0,5.0,106.0,42.3,34.4,,38.0,37.3,,no,13.2,,,,4.0,186.0,186.0,7.0,,0.0,3,36000,5,60000,34.0,https://www.edmunds.com/mazda/3/2026/trims/,NHTSA,13.2,model-specific,
Mazda,Mazda3,2.5 S Preferred,2026,no,Sedan,4.0,5.0,FWD,Gas,27290.0,1235.0,28525.0,27.0,36.0,30.0,396.0,5.0,106.0,42.3,34.4,,37.6,36.7,,no,13.2,,,,4.0,186.0,186.0,7.0,,0.0,3,36000,5,60000,34.0,https://www.edmunds.com/mazda/3/2026/trims/,NHTSA,13.2,model-specific,
Mazda,Mazda3,2.5 S Carbon Edition,2026,no,Sedan,4.0,5.0,AWD,Gas,29815.0,1235.0,31050.0,26.0,34.0,29.0,383.0,5.0,106.0,42.3,34.4,,37.6,36.7,,no,13.2,,,,4.0,186.0,186.0,7.5,,1.0,3,36000,5,60000,34.0,https://www.edmunds.com/mazda/3/2026/trims/,NHTSA,13.2,model-specific,
Mazda,Mazda3,2.5 Turbo Premium Plus,2026,no,Sedan,4.0,5.0,AWD,Gas,36940.0,1235.0,38175.0,23.0,32.0,27.0,356.0,5.0,106.0,42.3,34.4,,37.6,36.7,,no,13.2,,,,4.0,227.0,310.0,5.6,,3.0,3,36000,5,60000,34.0,https://www.edmunds.com/mazda/3/2026/trims/,NHTSA,13.2,model-specific,
Mazda,Mazda3,2.5 S,2026,no,Hatchback,4.0,5.0,FWD,Gas,25550.0,1185.0,26735.0,26.0,34.0,29.0,383.0,5.0,112.8,42.3,34.4,,38.0,37.2,,no,20.1,,,,4.0,186.0,186.0,7.0,,0.0,3,36000,5,60000,35.3,https://www.edmunds.com/mazda/3/2026/hatchback/features-specs/,NHTSA,13.2,model-specific,
Mazda,Mazda3,2.5 S Select Sport,2026,no,Hatchback,4.0,5.0,FWD,Gas,26740.0,1185.0,27925.0,26.0,34.0,29.0,383.0,5.0,112.8,42.3,34.4,,38.0,37.2,,no,20.1,,,,4.0,186.0,186.0,7.0,,0.0,3,36000,5,60000,35.3,https://www.edmunds.com/mazda/3/2026/hatchback/features-specs/,NHTSA,13.2,model-specific,
Mazda,Mazda3,2.5 S Preferred,2026,no,Hatchback,4.0,5.0,FWD,Gas,28440.0,1185.0,29625.0,26.0,34.0,29.0,383.0,5.0,112.8,42.3,34.4,,37.2,36.5,,no,20.1,,,,4.0,186.0,186.0,7.0,,0.0,3,36000,5,60000,35.3,https://www.edmunds.com/mazda/3/2026/hatchback/features-specs/,NHTSA,13.2,model-specific,
Mazda,Mazda3,2.5 S Carbon Edition,2026,no,Hatchback,4.0,5.0,AWD,Gas,30765.0,1185.0,31950.0,,,,,5.0,112.8,42.3,34.4,,37.2,36.5,,no,20.1,,,,4.0,186.0,186.0,7.5,,1.0,3,36000,5,60000,35.3,https://www.edmunds.com/mazda/3/2026/hatchback/features-specs/,NHTSA,13.2,model-specific,
Mazda,Mazda3,2.5 S Premium,2026,no,Hatchback,4.0,5.0,FWD,Gas,31450.0,1185.0,32635.0,26.0,34.0,29.0,383.0,5.0,112.8,42.3,34.4,,37.2,36.5,,no,20.1,,,,4.0,186.0,186.0,7.0,,2.0,3,36000,5,60000,35.3,https://www.edmunds.com/mazda/3/2026/hatchback/features-specs/,NHTSA,13.2,model-specific,
Mazda,Mazda3,2.5 Turbo Premium Plus,2026,no,Hatchback,4.0,5.0,AWD,Gas,37890.0,1185.0,39075.0,,,,,5.0,112.8,42.3,34.4,,37.2,36.5,,no,20.1,,,,4.0,227.0,310.0,5.6,,4.0,3,36000,5,60000,35.3,https://www.edmunds.com/mazda/3/2026/hatchback/features-specs/,NHTSA,13.2,model-specific,
Mazda,CX-30,2.5 S,2026,no,SUV,4.0,5.0,AWD,Gas,26375.0,1495.0,27870.0,24.0,31.0,27.0,343.0,5.0,,41.7,36.3,,38.1,38.3,,no,20.2,,,,,186.0,186.0,8.1,,0.0,3,36000,5,60000,35.6,https://www.edmunds.com/mazda/cx-30/2026/trims/,NHTSA,12.7,model-specific,
Mazda,CX-30,Select Sport,2026,no,SUV,4.0,5.0,AWD,Gas,28060.0,1495.0,29555.0,24.0,31.0,27.0,343.0,5.0,,41.7,36.3,,38.1,38.3,,no,20.2,,,,,186.0,186.0,8.1,,1.0,3,36000,5,60000,35.6,https://www.edmunds.com/mazda/cx-30/2026/trims/,NHTSA,12.7,model-specific,
Mazda,CX-30,Preferred,2026,no,SUV,4.0,5.0,AWD,Gas,29690.0,1495.0,31185.0,24.0,31.0,27.0,343.0,5.0,,41.7,36.3,,37.8,38.3,,no,20.2,,,,,186.0,186.0,8.1,,2.0,3,36000,5,60000,35.6,https://www.edmunds.com/mazda/cx-30/2026/trims/,NHTSA,12.7,model-specific,
Mazda,CX-30,Aire Edition,2026,no,SUV,4.0,5.0,AWD,Gas,30250.0,1495.0,31745.0,24.0,31.0,27.0,343.0,5.0,,41.7,36.3,,37.8,38.3,,no,20.2,,,,,186.0,186.0,8.1,,2.0,3,36000,5,60000,35.6,https://www.edmunds.com/mazda/cx-30/2026/trims/,NHTSA,12.7,model-specific,
Mazda,CX-30,Carbon Edition,2026,no,SUV,4.0,5.0,AWD,Gas,31430.0,1495.0,32925.0,24.0,31.0,27.0,343.0,5.0,,41.7,36.3,,37.8,38.3,,no,20.2,,,,,186.0,186.0,8.1,,2.0,3,36000,5,60000,35.6,https://www.edmunds.com/mazda/cx-30/2026/trims/,NHTSA,12.7,model-specific,
Mazda,CX-30,Premium,2026,no,SUV,4.0,5.0,AWD,Gas,33640.0,1495.0,35135.0,24.0,31.0,27.0,343.0,5.0,,41.7,36.3,,37.8,38.3,,no,20.2,,,,,186.0,186.0,8.1,,4.0,3,36000,5,60000,35.6,https://www.edmunds.com/mazda/cx-30/2026/trims/,NHTSA,12.7,model-specific,
Mazda,CX-30,2.5 Turbo Aire Edition,2026,no,SUV,4.0,5.0,AWD,Gas,34410.0,1495.0,35905.0,22.0,30.0,25.0,318.0,5.0,,41.7,36.3,,37.8,38.3,,no,20.2,,,,,227.0,310.0,6.9,,2.0,3,36000,5,60000,35.6,https://www.edmunds.com/mazda/cx-30/2026/trims/,NHTSA,12.7,model-specific,
Mazda,CX-30,2.5 Turbo Premium Plus,2026,no,SUV,4.0,5.0,AWD,Gas,37900.0,1495.0,39395.0,22.0,30.0,25.0,318.0,5.0,,41.7,36.3,,37.8,38.3,,no,20.2,,,,,227.0,310.0,6.9,,4.0,3,36000,5,60000,35.6,https://www.edmunds.com/mazda/cx-30/2026/trims/,NHTSA,12.7,model-specific,
Mazda,CX-5,2.5 S,2026,no,SUV,4.0,5.0,AWD,Gas,29990.0,1495.0,31485.0,23.0,29.0,25.0,382.0,5.0,,41.7,39.9,,39.7,40.2,,no,33.7,66.5,,,4.5,187.0,186.0,9.6,,1.0,3,36000,5,60000,37.9,https://www.edmunds.com/mazda/cx-5/2026/trims/,IIHS,15.3,model-specific,
Mazda,CX-5,2.5 S Select,2026,no,SUV,4.0,5.0,AWD,Gas,31990.0,1495.0,33485.0,23.0,29.0,25.0,382.0,5.0,,41.7,39.9,,39.7,40.2,,no,33.7,66.5,,,4.5,187.0,186.0,9.6,,3.0,3,36000,5,60000,37.9,https://www.edmunds.com/mazda/cx-5/2026/trims/,IIHS,15.3,model-specific,
Mazda,CX-5,2.5 S Preferred,2026,no,SUV,4.0,5.0,AWD,Gas,34250.0,1495.0,35745.0,26.0,30.0,28.0,428.0,5.0,,41.7,39.9,,39.7,40.2,,no,33.7,66.5,,,4.5,187.0,186.0,9.6,,4.0,3,36000,5,60000,37.9,https://www.edmunds.com/mazda/cx-5/2026/trims/,IIHS,15.3,model-specific,
Mazda,CX-5,2.5 S Premium,2026,no,SUV,4.0,5.0,AWD,Gas,36900.0,1495.0,38395.0,26.0,30.0,28.0,428.0,5.0,,41.7,39.9,,39.2,39.1,,no,33.7,66.5,,,4.5,187.0,186.0,9.6,,4.0,3,36000,5,60000,37.9,https://www.edmunds.com/mazda/cx-5/2026/trims/,IIHS,15.3,model-specific,
Mazda,CX-5,2.5 S Premium Plus,2026,no,SUV,4.0,5.0,AWD,Gas,38990.0,1495.0,40485.0,26.0,30.0,28.0,428.0,5.0,,41.7,39.9,,39.2,39.1,,no,33.7,66.5,,,4.5,187.0,186.0,9.6,,6.0,3,36000,5,60000,37.9,https://www.edmunds.com/mazda/cx-5/2026/trims/,IIHS,15.3,model-specific,
Mazda,CX-50,2.5 S Select,2026,no,SUV,4.0,5.0,AWD,Gas,29900.0,1495.0,31395.0,24.0,30.0,26.0,413.0,5.0,,41.7,37.8,,38.6,36.7,,no,29.2,56.3,,,,187.0,185.0,8.4,,1.0,3,36000,5,60000,39.3,https://www.edmunds.com/mazda/cx-50/2026/trims/,NHTSA,15.9,model-specific,
Mazda,CX-50,2.5 S Preferred,2026,no,SUV,4.0,5.0,AWD,Gas,32400.0,1495.0,33895.0,24.0,30.0,26.0,413.0,5.0,,41.7,37.8,,38.6,36.7,,no,29.2,56.3,,,,187.0,185.0,8.4,,2.0,3,36000,5,60000,39.3,https://www.edmunds.com/mazda/cx-50/2026/trims/,NHTSA,15.9,model-specific,
Mazda,CX-50,2.5 S Meridian Edition,2026,no,SUV,4.0,5.0,AWD,Gas,33150.0,1495.0,34645.0,24.0,30.0,26.0,413.0,5.0,,41.7,37.8,,38.6,36.7,,no,29.2,56.3,,,,187.0,185.0,8.4,,2.0,3,36000,5,60000,39.3,https://www.edmunds.com/mazda/cx-50/2026/trims/,NHTSA,15.9,model-specific,
Mazda,CX-50,2.5 S Premium,2026,no,SUV,4.0,5.0,AWD,Gas,34900.0,1495.0,36395.0,24.0,30.0,26.0,413.0,5.0,,41.7,37.8,,38.6,36.7,,no,29.2,56.3,,,,187.0,185.0,8.4,,2.0,3,36000,5,60000,39.3,https://www.edmunds.com/mazda/cx-50/2026/trims/,NHTSA,15.9,model-specific,
Mazda,CX-50,2.5 Turbo,2026,no,SUV,4.0,5.0,AWD,Gas,37900.0,1495.0,39395.0,23.0,29.0,25.0,398.0,5.0,,41.7,37.8,,38.6,36.7,,no,29.2,56.3,,,,227.0,310.0,6.4,,3.0,3,36000,5,60000,39.3,https://www.edmunds.com/mazda/cx-50/2026/trims/,NHTSA,15.9,model-specific,
Mazda,CX-50,2.5 Turbo Meridian Edition,2026,no,SUV,4.0,5.0,AWD,Gas,40400.0,1495.0,41895.0,23.0,29.0,25.0,398.0,5.0,,41.7,37.8,,38.6,36.7,,no,29.2,56.3,,,,227.0,310.0,6.4,,3.0,3,36000,5,60000,39.3,https://www.edmunds.com/mazda/cx-50/2026/trims/,NHTSA,15.9,model-specific,
Mazda,CX-50,2.5 Turbo Premium Plus,2026,no,SUV,4.0,5.0,AWD,Gas,42900.0,1495.0,44395.0,23.0,29.0,25.0,398.0,5.0,,41.7,37.8,,38.6,36.7,,no,29.2,56.3,,,,227.0,310.0,6.4,,4.0,3,36000,5,60000,39.3,https://www.edmunds.com/mazda/cx-50/2026/trims/,NHTSA,15.9,model-specific,
Mazda,CX-50,Hybrid Preferred,2026,no,SUV,4.0,5.0,AWD,Hybrid,34750.0,1495.0,36245.0,39.0,37.0,38.0,,5.0,,41.7,37.8,,38.6,36.7,,no,29.2,56.3,,,,219.0,,7.6,,2.0,3,36000,5,60000,39.3,https://www.edmunds.com/mazda/cx-50/2026/trims/,NHTSA,,model-specific,
Mazda,CX-50,Hybrid Premium,2026,no,SUV,4.0,5.0,AWD,Hybrid,38150.0,1495.0,39645.0,39.0,37.0,38.0,,5.0,,41.7,37.8,,38.6,36.7,,no,29.2,56.3,,,,219.0,,7.6,,2.0,3,36000,5,60000,39.3,https://www.edmunds.com/mazda/cx-50/2026/trims/,NHTSA,,model-specific,
Mazda,CX-50,Hybrid Premium Plus,2026,no,SUV,4.0,5.0,AWD,Hybrid,40450.0,1495.0,41945.0,39.0,37.0,38.0,,5.0,,41.7,37.8,,38.6,36.7,,no,29.2,56.3,,,,219.0,,7.6,,3.0,3,36000,5,60000,39.3,https://www.edmunds.com/mazda/cx-50/2026/trims/,NHTSA,,model-specific,
Mazda,CX-70,3.3 Turbo Preferred,2026,no,SUV,4.0,5.0,AWD,Gas,42750.0,1645.0,44395.0,24.0,28.0,25.0,462.0,5.0,,41.7,39.4,,39.7,39.3,,no,39.6,75.3,,,,280.0,332.0,7.1,,2.0,3,36000,5,60000,43.0,https://www.edmunds.com/mazda/cx-70/2026/trims/,NHTSA,18.5,model-specific,
Mazda,CX-70,3.3 Turbo Premium,2026,no,SUV,4.0,5.0,AWD,Gas,46780.0,1645.0,48425.0,24.0,28.0,25.0,462.0,5.0,,41.7,39.4,,39.7,39.3,,no,39.6,75.3,,,,280.0,332.0,7.1,,4.0,3,36000,5,60000,43.0,https://www.edmunds.com/mazda/cx-70/2026/trims/,NHTSA,18.5,model-specific,
Mazda,CX-70,3.3 Turbo Premium Plus,2026,no,SUV,4.0,5.0,AWD,Gas,49570.0,1645.0,51215.0,24.0,28.0,25.0,462.0,5.0,,41.7,39.4,,39.7,39.3,,no,39.6,75.3,,,,280.0,332.0,7.1,,4.0,3,36000,5,60000,43.0,https://www.edmunds.com/mazda/cx-70/2026/trims/,NHTSA,18.5,model-specific,
Mazda,CX-70,3.3 Turbo S Premium,2026,no,SUV,4.0,5.0,AWD,Gas,53440.0,1645.0,55085.0,23.0,28.0,25.0,462.0,5.0,,41.7,39.4,,39.6,38.4,,no,39.6,75.3,,,,340.0,369.0,6.5,,4.0,3,36000,5,60000,43.0,https://www.edmunds.com/mazda/cx-70/2026/trims/,NHTSA,18.5,model-specific,
Mazda,CX-70,3.3 Turbo S Premium Plus,2026,no,SUV,4.0,5.0,AWD,Gas,56870.0,1645.0,58515.0,23.0,28.0,25.0,462.0,5.0,,41.7,39.4,,39.6,38.4,,no,39.6,75.3,,,,340.0,369.0,6.5,,4.0,3,36000,5,60000,43.0,https://www.edmunds.com/mazda/cx-70/2026/trims/,NHTSA,18.5,model-specific,
Mazda,CX-70,PHEV Select Choice,2026,no,SUV,4.0,5.0,AWD,PHEV,44450.0,1645.0,46095.0,,,,,5.0,,41.7,39.4,,39.7,38.4,,no,39.6,75.3,,,,323.0,369.0,6.3,,3.0,3,36000,5,60000,43.0,https://www.edmunds.com/mazda/cx-70/2026/trims/,NHTSA,,model-specific,
Mazda,CX-70,PHEV Select Choice Plus,2026,no,SUV,4.0,5.0,AWD,PHEV,47450.0,1645.0,49095.0,,,,,5.0,,41.7,39.4,,39.7,38.4,,no,39.6,75.3,,,,323.0,369.0,6.3,,3.0,3,36000,5,60000,43.0,https://www.edmunds.com/mazda/cx-70/2026/trims/,NHTSA,,model-specific,
Mazda,CX-90,3.3 Turbo Select,2026,no,SUV,4.0,8.0,AWD,Gas,39300.0,1645.0,40945.0,23.0,28.0,25.0,462.0,5.0,,41.7,39.4,30.0,39.6,38.4,37.0,yes,14.9,74.2,5000.0,,,280.0,332.0,7.4,,0.0,3,36000,5,60000,43.1,https://www.edmunds.com/mazda/cx-90/2026/trims/,NHTSA,18.5,model-specific,
Mazda,CX-90,3.3 Turbo Preferred,2026,no,SUV,4.0,7.0,AWD,Gas,43450.0,1645.0,45095.0,23.0,28.0,25.0,462.0,5.0,,41.7,39.4,30.0,39.6,38.4,37.0,yes,14.9,74.2,5000.0,,,280.0,332.0,7.4,,2.0,3,36000,5,60000,43.1,https://www.edmunds.com/mazda/cx-90/2026/trims/,NHTSA,18.5,model-specific,
Mazda,CX-90,3.3 Turbo Premium Sport,2026,no,SUV,4.0,7.0,AWD,Gas,47480.0,1645.0,49125.0,23.0,28.0,25.0,462.0,5.0,,41.7,39.4,30.0,39.6,38.4,37.0,yes,14.9,74.2,5000.0,,,280.0,332.0,7.4,,4.0,3,36000,5,60000,43.1,https://www.edmunds.com/mazda/cx-90/2026/trims/,NHTSA,18.5,model-specific,
Mazda,CX-90,3.3 Turbo Premium Plus,2026,no,SUV,4.0,7.0,AWD,Gas,50270.0,1645.0,51915.0,23.0,28.0,25.0,462.0,5.0,,41.7,39.4,30.0,39.6,38.4,37.0,yes,14.9,74.2,5000.0,,,280.0,332.0,7.4,,5.0,3,36000,5,60000,43.1,https://www.edmunds.com/mazda/cx-90/2026/trims/,NHTSA,18.5,model-specific,
Mazda,CX-90,3.3 Turbo S Premium Sport,2026,no,SUV,4.0,7.0,AWD,Gas,54140.0,1645.0,55785.0,23.0,28.0,25.0,462.0,5.0,,41.7,39.4,30.0,39.6,38.4,37.0,yes,14.9,74.2,5000.0,,,340.0,369.0,6.6,,4.0,3,36000,5,60000,43.1,https://www.edmunds.com/mazda/cx-90/2026/trims/,NHTSA,18.5,model-specific,
Mazda,CX-90,3.3 Turbo S Premium Plus,2026,no,SUV,4.0,7.0,AWD,Gas,57570.0,1645.0,59215.0,23.0,28.0,25.0,462.0,5.0,,41.7,39.4,30.0,39.6,38.4,37.0,yes,14.9,74.2,5000.0,,,340.0,369.0,6.6,,5.0,3,36000,5,60000,43.1,https://www.edmunds.com/mazda/cx-90/2026/trims/,NHTSA,18.5,model-specific,
Mazda,CX-90,PHEV Preferred,2026,no,SUV,4.0,7.0,AWD,PHEV,50695.0,1645.0,52340.0,,,,500.0,5.0,,41.7,39.4,30.0,39.6,38.4,37.0,yes,14.9,74.2,5000.0,,,323.0,369.0,6.6,,2.0,3,36000,5,60000,43.1,https://www.edmunds.com/mazda/cx-90/2026/trims/,NHTSA,,model-specific,
Mazda,CX-90,PHEV Premium Sport,2026,no,SUV,4.0,7.0,AWD,PHEV,55500.0,1645.0,57145.0,,,,500.0,5.0,,41.7,39.4,30.0,39.6,38.4,37.0,yes,14.9,74.2,5000.0,,,323.0,369.0,6.6,,4.0,3,36000,5,60000,43.1,https://www.edmunds.com/mazda/cx-90/2026/trims/,NHTSA,,model-specific,
Mazda,CX-90,PHEV Premium Plus,2026,no,SUV,4.0,7.0,AWD,PHEV,58700.0,1645.0,60345.0,,,,500.0,5.0,,41.7,39.4,30.0,39.6,38.4,37.0,yes,14.9,74.2,5000.0,,,323.0,369.0,6.6,,5.0,3,36000,5,60000,43.1,https://www.edmunds.com/mazda/cx-90/2026/trims/,NHTSA,,model-specific,
Mazda,MX-5 Miata,Sport,2026,no,Convertible,2.0,2.0,RWD,Gas,30350.0,1315.0,31665.0,26.0,34.0,29.0,345.0,,,43.1,,,37.4,,,no,4.6,,,,4.0,181.0,151.0,5.5,,0.0,3,36000,5,60000,30.8,https://www.edmunds.com/mazda/mx-5-miata/2026/trims/,,11.9,model-specific,
Mazda,MX-5 Miata,Club,2026,no,Convertible,2.0,2.0,RWD,Gas,33850.0,1315.0,35165.0,26.0,34.0,29.0,345.0,,,43.1,,,37.4,,,no,4.6,,,,4.0,181.0,151.0,5.5,,1.0,3,36000,5,60000,30.8,https://www.edmunds.com/mazda/mx-5-miata/2026/trims/,,11.9,model-specific,
Mazda,MX-5 Miata,Grand Touring,2026,no,Convertible,2.0,2.0,RWD,Gas,35650.0,1315.0,36965.0,26.0,34.0,29.0,345.0,,,43.1,,,37.4,,,no,4.6,,,,4.0,181.0,151.0,5.5,,1.0,3,36000,5,60000,30.8,https://www.edmunds.com/mazda/mx-5-miata/2026/trims/,,11.9,model-specific,
Mazda,MX-5 Miata,Grand Touring,2026,no,Coupe (Retractable Hardtop),2.0,2.0,RWD,Gas,38370.0,1315.0,39685.0,,,,,,,43.1,,,36.9,,,no,4.5,,,,4.0,181.0,151.0,5.5,,1.0,3,36000,5,60000,30.8,https://www.edmunds.com/mazda/mx-5-miata-rf/2026/trims/,,11.9,model-specific,
Mazda,MX-5 Miata,Club,2026,no,Coupe (Retractable Hardtop),2.0,2.0,RWD,Gas,41820.0,1315.0,43135.0,,,,,,,43.1,,,36.9,,,no,4.5,,,,4.0,181.0,151.0,5.5,,1.0,3,36000,5,60000,30.8,https://www.edmunds.com/mazda/mx-5-miata-rf/2026/trims/,,11.9,model-specific,
Mitsubishi,Outlander,ES,2026,no,SUV,4.0,7.0,FWD,Hybrid,29995.0,1745.0,31740.0,26.0,30.0,27.0,392.0,4.0,136.4,41.7,39.9,19.0,38.8,37.4,35.0,yes,10.9,64.3,2000.0,,4.0,177.0,207.0,,,1.0,5,60000,10,100000,47.5,https://www.edmunds.com/mitsubishi/outlander/2026/st-402078859/features-specs/,NHTSA,,model-specific,
Mitsubishi,Outlander,LE,2026,no,SUV,4.0,7.0,FWD,Hybrid,32345.0,1745.0,34090.0,26.0,30.0,27.0,392.0,4.0,136.4,41.7,39.9,19.0,38.8,37.4,35.0,yes,10.9,64.3,2000.0,,4.0,177.0,207.0,,,3.0,5,60000,10,100000,47.5,https://www.edmunds.com/mitsubishi/outlander/2026/st-402078865/features-specs/,NHTSA,,model-specific,
Mitsubishi,Outlander,SE,2026,no,SUV,4.0,7.0,FWD,Hybrid,34345.0,1745.0,36090.0,26.0,30.0,27.0,392.0,4.0,136.4,41.7,39.9,19.0,38.8,37.4,35.0,yes,10.9,64.3,2000.0,,4.0,177.0,207.0,,,3.0,5,60000,10,100000,47.5,https://www.edmunds.com/mitsubishi/outlander/2026/st-402078860/features-specs/,NHTSA,,model-specific,
Mitsubishi,Outlander,SEL,2026,no,SUV,4.0,7.0,FWD,Hybrid,39045.0,1745.0,40790.0,26.0,30.0,27.0,392.0,4.0,131.7,41.7,39.9,19.0,38.8,37.4,35.0,yes,10.9,64.3,2000.0,,4.0,177.0,207.0,,,4.0,5,60000,10,100000,47.5,https://www.edmunds.com/mitsubishi/outlander/2026/st-402078863/features-specs/,NHTSA,,model-specific,
Mitsubishi,Outlander,Ralliart,2026,yes,SUV,4.0,7.0,AWD,Hybrid,39645.0,1745.0,41390.0,26.0,30.0,27.0,392.0,5.0,131.7,41.7,39.9,19.0,38.8,37.4,35.0,yes,10.9,64.3,2000.0,,4.0,177.0,207.0,9.4,,3.0,5,60000,10,100000,47.5,https://www.edmunds.com/mitsubishi/outlander/2026/st-402078867/features-specs/,NHTSA,,model-specific,
Mitsubishi,Outlander,Trail Edition,2026,no,SUV,4.0,7.0,AWD,Hybrid,39645.0,1745.0,41390.0,26.0,30.0,27.0,392.0,5.0,131.7,41.7,39.9,19.0,38.8,37.4,35.0,yes,10.9,64.3,2000.0,,4.0,177.0,207.0,9.4,,3.0,5,60000,10,100000,47.5,https://www.edmunds.com/mitsubishi/outlander/2026/st-402078864/features-specs/,NHTSA,,model-specific,
Mitsubishi,Outlander,Black Edition,2026,no,SUV,4.0,7.0,FWD,Hybrid,43045.0,1745.0,44790.0,26.0,30.0,27.0,392.0,4.0,131.7,41.7,39.9,19.0,38.8,37.4,35.0,yes,10.9,64.3,2000.0,,4.0,177.0,207.0,,,4.0,5,60000,10,100000,47.5,https://www.edmunds.com/mitsubishi/outlander/2026/st-402078868/features-specs/,NHTSA,,model-specific,
Mitsubishi,Outlander PHEV,ES,2026,no,SUV,4.0,7.0,AWD,PHEV,43245.0,1745.0,44990.0,,,73.0,422.0,,130.8,41.7,37.6,19.0,38.8,37.4,33.0,yes,12.8,64.7,1500.0,,,297.0,,7.3,,2.0,5,60000,10,100000,49.6,https://www.edmunds.com/mitsubishi/outlander-phev/2026/features-specs/,,,model-specific,
Mitsubishi,Outlander PHEV,SE,2026,no,SUV,4.0,7.0,AWD,PHEV,45445.0,1745.0,47190.0,,,73.0,422.0,,130.8,41.7,37.6,19.0,38.8,37.4,33.0,yes,12.8,64.7,1500.0,,,297.0,,7.3,,5.0,5,60000,10,100000,49.6,https://www.edmunds.com/mitsubishi/outlander-phev/2026/features-specs/,,,model-specific,
Mitsubishi,Outlander PHEV,SEL,2026,no,SUV,4.0,7.0,AWD,PHEV,48945.0,1745.0,50690.0,,,73.0,422.0,,130.8,41.7,37.6,19.0,38.8,37.4,33.0,yes,12.8,64.7,1500.0,,,297.0,,7.3,,5.0,5,60000,10,100000,49.6,https://www.edmunds.com/mitsubishi/outlander-phev/2026/st-402101417/features-specs/,,,model-specific,
Mitsubishi,Outlander PHEV,SEL Black Edition,2026,no,SUV,4.0,7.0,AWD,PHEV,53695.0,1745.0,55440.0,,,73.0,422.0,,130.8,41.7,37.6,19.0,38.8,37.4,33.0,yes,12.8,64.7,1500.0,,,297.0,,7.3,,5.0,5,60000,10,100000,49.6,https://www.edmunds.com/mitsubishi/outlander-phev/2026/st-402101419/features-specs/,,,model-specific,
Mitsubishi,Outlander Sport,S,2026,no,SUV,4.0,5.0,AWD,Gas,24995.0,1745.0,26740.0,23.0,29.0,26.0,411.0,4.0,119.2,41.6,36.3,,39.4,37.9,,no,21.7,49.5,,1080.0,4.0,148.0,145.0,,,0.0,5,60000,10,100000,44.4,https://www.edmunds.com/mitsubishi/outlander-sport/2026/st-402082414/features-specs/,NHTSA,15.8,model-specific,
Mitsubishi,Outlander Sport,ES,2026,no,SUV,4.0,5.0,AWD,Gas,26595.0,1745.0,28340.0,23.0,29.0,26.0,411.0,4.0,119.2,41.6,36.3,,39.4,37.9,,no,21.7,49.5,,,4.0,148.0,145.0,,,0.0,5,60000,10,100000,44.4,https://www.edmunds.com/mitsubishi/outlander-sport/2026/features-specs/,NHTSA,15.8,model-specific,
Mitsubishi,Outlander Sport,LE,2026,no,SUV,4.0,5.0,AWD,Gas,27495.0,1745.0,29240.0,23.0,29.0,26.0,411.0,4.0,119.2,41.6,36.3,,39.4,37.9,,no,21.7,49.5,,,4.0,148.0,145.0,,,0.0,5,60000,10,100000,44.4,https://www.edmunds.com/mitsubishi/outlander-sport/2026/features-specs/,NHTSA,15.8,model-specific,
Mitsubishi,Outlander Sport,SE,2026,no,SUV,4.0,5.0,AWD,Gas,28845.0,1745.0,30590.0,23.0,29.0,26.0,411.0,4.0,119.2,41.6,36.3,,39.4,37.9,,no,21.7,49.5,,1080.0,4.0,148.0,145.0,,,0.0,5,60000,10,100000,44.4,https://www.edmunds.com/mitsubishi/outlander-sport/2026/st-402082415/features-specs/,NHTSA,15.8,model-specific,
Mitsubishi,Outlander Sport,Ralliart,2026,yes,SUV,4.0,5.0,AWD,Gas,29245.0,1745.0,30990.0,23.0,29.0,26.0,411.0,4.0,119.2,41.6,36.3,,39.4,37.9,,no,21.7,49.5,,1080.0,4.0,148.0,145.0,,,0.0,5,60000,10,100000,44.4,https://www.edmunds.com/mitsubishi/outlander-sport/2026/st-402082419/features-specs/,NHTSA,15.8,model-specific,
Mitsubishi,Outlander Sport,Trail Edition,2026,no,SUV,4.0,5.0,AWD,Gas,29495.0,1745.0,31240.0,23.0,29.0,26.0,411.0,4.0,119.2,41.6,36.3,,39.4,37.9,,no,21.7,49.5,,,4.0,148.0,145.0,,,0.0,5,60000,10,100000,44.4,https://www.edmunds.com/mitsubishi/outlander-sport/2026/features-specs/,NHTSA,15.8,model-specific,
Mitsubishi,Outlander Sport,SEL,2026,no,SUV,4.0,5.0,AWD,Gas,29695.0,1745.0,31440.0,23.0,28.0,25.0,395.0,4.0,119.2,41.6,36.3,,39.4,37.9,,no,21.7,49.5,,1047.0,4.0,168.0,167.0,8.0,,0.0,5,60000,10,100000,44.4,https://www.edmunds.com/mitsubishi/outlander-sport/2026/st-402082412/features-specs/,NHTSA,15.8,model-specific,
Mitsubishi,Eclipse Cross,ES,2026,no,SUV,4.0,5.0,AWD,Gas,27695.0,1745.0,29440.0,25.0,26.0,25.0,395.0,5.0,120.1,40.9,37.1,,39.5,37.3,,no,23.4,50.1,1500.0,,,152.0,184.0,8.6,,0.0,5,60000,10,100000,45.6,https://www.edmunds.com/mitsubishi/eclipse-cross/2026/st-402075318/features-specs/,NHTSA,15.8,model-specific,
Mitsubishi,Eclipse Cross,LE,2026,no,SUV,4.0,5.0,AWD,Gas,29295.0,1745.0,31040.0,25.0,26.0,25.0,395.0,5.0,120.1,40.9,37.1,,39.5,37.3,,no,23.4,50.1,1500.0,,,152.0,184.0,8.6,,0.0,5,60000,10,100000,45.6,https://www.edmunds.com/mitsubishi/eclipse-cross/2026/features-specs/,NHTSA,15.8,model-specific,
Mitsubishi,Eclipse Cross,SE,2026,no,SUV,4.0,5.0,AWD,Gas,30395.0,1745.0,32140.0,25.0,26.0,25.0,395.0,5.0,120.1,40.9,37.1,,39.5,37.3,,no,23.4,50.1,1500.0,,,152.0,184.0,8.6,,0.0,5,60000,10,100000,45.6,https://www.edmunds.com/mitsubishi/eclipse-cross/2026/st-402075317/features-specs/,NHTSA,15.8,model-specific,
Mitsubishi,Eclipse Cross,Ralliart,2026,yes,SUV,4.0,5.0,AWD,Gas,31245.0,1745.0,32990.0,25.0,26.0,25.0,395.0,5.0,120.1,40.9,37.1,,39.5,37.3,,no,23.4,50.1,1500.0,,,152.0,184.0,8.6,,0.0,5,60000,10,100000,45.6,https://www.edmunds.com/mitsubishi/eclipse-cross/2026/st-402076780/features-specs/,NHTSA,15.8,model-specific,
Mitsubishi,Eclipse Cross,Black Edition,2026,no,SUV,4.0,5.0,AWD,Gas,31545.0,1745.0,33290.0,25.0,26.0,25.0,395.0,5.0,120.1,40.9,37.1,,39.5,37.3,,no,23.4,50.1,1500.0,,,152.0,184.0,8.6,,0.0,5,60000,10,100000,45.6,https://www.edmunds.com/mitsubishi/eclipse-cross/2026/st-402075315/features-specs/,NHTSA,15.8,model-specific,
Mitsubishi,Eclipse Cross,SEL,2026,no,SUV,4.0,5.0,AWD,Gas,31845.0,1745.0,33590.0,25.0,26.0,25.0,395.0,5.0,120.1,40.9,37.1,,39.5,37.3,,no,23.4,50.1,1500.0,,,152.0,184.0,8.6,,0.0,5,60000,10,100000,45.6,https://www.edmunds.com/mitsubishi/eclipse-cross/2026/st-402075319/features-specs/,NHTSA,15.8,model-specific,
Jeep,Wrangler,Sport,2026,no,SUV,4.0,5.0,4WD,Gas,38030.0,1995.0,40025.0,17.0,23.0,19.0,408.0,3.5,,41.2,38.3,,42.6,41.7,,no,31.7,72.4,3500.0,1218.0,3.5,285.0,260.0,6.1,,1.0,3,36000,5,60000,32.0,https://www.edmunds.com/jeep/wrangler/2026/trims/,IIHS,21.5,model-specific,
Jeep,Wrangler,Sport S,2026,no,SUV,4.0,5.0,4WD,Gas,41680.0,1995.0,43675.0,17.0,23.0,19.0,408.0,3.5,,41.2,38.3,,42.6,41.7,,no,31.7,72.4,3500.0,1218.0,3.5,285.0,260.0,6.1,,1.0,3,36000,5,60000,32.0,https://www.edmunds.com/jeep/wrangler/2026/trims/,IIHS,21.5,model-specific,
Jeep,Wrangler,Willys,2026,yes,SUV,4.0,5.0,4WD,Gas,45750.0,1995.0,47745.0,17.0,23.0,19.0,408.0,3.5,,41.2,38.3,,42.6,41.7,,no,31.7,72.4,3500.0,1218.0,3.5,285.0,260.0,6.1,,1.0,3,36000,5,60000,32.0,https://www.edmunds.com/jeep/wrangler/2026/trims/,IIHS,21.5,model-specific,
Jeep,Wrangler,Willys 41,2026,yes,SUV,4.0,5.0,4WD,Gas,50735.0,1995.0,52730.0,,,,,3.5,,41.2,38.3,,42.6,41.7,,no,31.7,72.4,3500.0,1218.0,3.5,285.0,260.0,6.1,,1.0,3,36000,5,60000,32.0,https://www.edmunds.com/jeep/wrangler/2026/trims/,IIHS,21.5,model-specific,
Jeep,Wrangler,California Edition,2026,no,SUV,4.0,5.0,4WD,Gas,46030.0,1995.0,48025.0,,,,,3.5,,41.2,38.3,,42.6,41.7,,no,31.7,72.4,3500.0,1218.0,3.5,285.0,260.0,6.1,,1.0,3,36000,5,60000,32.0,https://www.edmunds.com/jeep/wrangler/2026/trims/,IIHS,21.5,model-specific,
Jeep,Wrangler,85th Anniversary Edition,2026,no,SUV,4.0,5.0,4WD,Gas,49235.0,1995.0,51230.0,20.0,22.0,21.0,452.0,3.5,,41.2,38.3,,42.6,41.7,,no,31.7,72.4,3500.0,1218.0,3.5,270.0,295.0,6.5,,1.0,3,36000,5,60000,32.0,https://www.edmunds.com/jeep/wrangler/2026/trims/,IIHS,21.5,model-specific,
Jeep,Wrangler,Sahara,2026,no,SUV,4.0,5.0,4WD,Gas,50905.0,1995.0,52900.0,20.0,22.0,21.0,452.0,3.5,,41.2,38.3,,42.6,41.7,,no,31.7,72.4,3500.0,1218.0,3.5,270.0,295.0,6.5,,1.0,3,36000,5,60000,32.0,https://www.edmunds.com/jeep/wrangler/2026/trims/,IIHS,21.5,model-specific,
Jeep,Wrangler,Rubicon,2026,yes,SUV,4.0,5.0,4WD,Gas,47810.0,1995.0,49805.0,17.0,23.0,19.0,408.0,3.5,,41.2,38.3,,42.6,41.7,,no,31.7,72.4,3500.0,1218.0,3.5,285.0,260.0,6.1,,1.0,3,36000,5,60000,32.0,https://www.edmunds.com/jeep/wrangler/2026/trims/,IIHS,21.5,model-specific,
Jeep,Wrangler,Sport RHD,2026,no,SUV,4.0,5.0,4WD,Gas,51785.0,1995.0,53780.0,20.0,23.0,21.0,452.0,3.5,,41.2,38.3,,42.6,41.7,,no,31.7,72.4,3500.0,1218.0,3.5,270.0,295.0,6.5,,1.0,3,36000,5,60000,32.0,https://www.edmunds.com/jeep/wrangler/2026/trims/,IIHS,21.5,model-specific,
Jeep,Wrangler,Rewind,2026,no,SUV,4.0,5.0,4WD,Gas,52930.0,1995.0,54925.0,,,,,3.5,,41.2,38.3,,42.6,41.7,,no,31.7,72.4,3500.0,1218.0,3.5,270.0,295.0,6.5,,1.0,3,36000,5,60000,32.0,https://www.edmunds.com/jeep/wrangler/2026/trims/,IIHS,21.5,model-specific,
Jeep,Wrangler,Rubicon X,2026,yes,SUV,4.0,5.0,4WD,Gas,57760.0,1995.0,59755.0,17.0,23.0,19.0,408.0,3.5,,41.2,38.3,,42.6,41.7,,no,31.7,72.4,3500.0,1218.0,3.5,285.0,260.0,6.1,,1.0,3,36000,5,60000,32.0,https://www.edmunds.com/jeep/wrangler/2026/trims/,IIHS,21.5,model-specific,
Jeep,Wrangler,Willys 392,2026,yes,SUV,4.0,5.0,4WD,Gas,71990.0,1995.0,73985.0,13.0,16.0,14.0,301.0,3.5,,41.2,38.3,,42.6,41.7,,no,31.7,72.4,3500.0,1218.0,3.5,470.0,470.0,4.0,,1.0,3,36000,5,60000,32.0,https://www.edmunds.com/jeep/wrangler/2026/trims/,IIHS,21.5,model-specific,
Jeep,Wrangler,Moab 392,2026,yes,SUV,4.0,5.0,4WD,Gas,81990.0,1995.0,83985.0,13.0,16.0,14.0,301.0,3.5,,41.2,38.3,,42.6,41.7,,no,31.7,72.4,3500.0,1218.0,3.5,470.0,470.0,4.0,,1.0,3,36000,5,60000,32.0,https://www.edmunds.com/jeep/wrangler/2026/trims/,IIHS,21.5,model-specific,
Jeep,Gladiator,Sport,2026,no,Pickup Truck,4.0,5.0,4WD,Gas,41815.0,1995.0,43810.0,17.0,22.0,19.0,418.0,3.5,,41.2,38.3,,42.8,42.8,,no,,,4500.0,1025.0,"3.5/5.0 (RepairPal, brand-level only, ranks 15th of 32 brands)",285.0,260.0,7.2,,,3,36000,5,60000,32.3,https://www.edmunds.com/jeep/gladiator/2026/trims/,IIHS,22.0,model-specific,5.0
Jeep,Gladiator,Sport S,2026,no,Pickup Truck,4.0,5.0,4WD,Gas,45010.0,1995.0,47005.0,17.0,22.0,19.0,418.0,3.5,,41.2,38.3,,42.8,42.8,,no,,,4500.0,1025.0,"3.5/5.0 (RepairPal, brand-level only, ranks 15th of 32 brands)",285.0,260.0,7.2,,,3,36000,5,60000,32.3,https://www.edmunds.com/jeep/gladiator/2026/trims/,IIHS,22.0,model-specific,5.0
Jeep,Gladiator,Willys,2026,yes,Pickup Truck,4.0,5.0,4WD,Gas,47745.0,1995.0,49740.0,17.0,22.0,19.0,418.0,3.5,,41.2,38.3,,42.8,42.8,,no,,,4500.0,1025.0,"3.5/5.0 (RepairPal, brand-level only, ranks 15th of 32 brands)",285.0,260.0,7.2,,,3,36000,5,60000,32.3,https://www.edmunds.com/jeep/gladiator/2026/trims/,IIHS,22.0,model-specific,5.0
Jeep,Gladiator,Texas Trail,2026,no,Pickup Truck,4.0,5.0,4WD,Gas,47815.0,1995.0,49810.0,17.0,22.0,19.0,418.0,3.5,,41.2,38.3,,42.8,42.8,,no,,,4500.0,1025.0,"3.5/5.0 (RepairPal, brand-level only, ranks 15th of 32 brands)",285.0,260.0,7.2,,,3,36000,5,60000,32.3,https://www.edmunds.com/jeep/gladiator/2026/trims/,IIHS,22.0,model-specific,5.0
Jeep,Gladiator,85th Anniversary Edition,2026,no,Pickup Truck,4.0,5.0,4WD,Gas,48805.0,1995.0,50800.0,17.0,22.0,19.0,418.0,3.5,,41.2,38.3,,42.8,42.8,,no,,,4500.0,1025.0,"3.5/5.0 (RepairPal, brand-level only, ranks 15th of 32 brands)",285.0,260.0,7.2,,,3,36000,5,60000,32.3,https://www.edmunds.com/jeep/gladiator/2026/trims/,IIHS,22.0,model-specific,5.0
Jeep,Gladiator,Sahara,2026,no,Pickup Truck,4.0,5.0,4WD,Gas,50110.0,1995.0,52105.0,17.0,22.0,19.0,418.0,3.5,,41.2,38.3,,42.8,42.8,,no,,,4500.0,1025.0,"3.5/5.0 (RepairPal, brand-level only, ranks 15th of 32 brands)",285.0,260.0,7.2,,,3,36000,5,60000,32.3,https://www.edmunds.com/jeep/gladiator/2026/trims/,IIHS,22.0,model-specific,5.0
Jeep,Gladiator,Willys '41,2026,yes,Pickup Truck,4.0,5.0,4WD,Gas,50355.0,1995.0,52350.0,17.0,22.0,19.0,418.0,3.5,,41.2,38.3,,42.8,42.8,,no,,,4500.0,1025.0,"3.5/5.0 (RepairPal, brand-level only, ranks 15th of 32 brands)",285.0,260.0,7.2,,,3,36000,5,60000,32.3,https://www.edmunds.com/jeep/gladiator/2026/trims/,IIHS,22.0,model-specific,5.0
Jeep,Gladiator,Rewind,2026,no,Pickup Truck,4.0,5.0,4WD,Gas,51240.0,1995.0,53235.0,17.0,22.0,19.0,418.0,3.5,,41.2,38.3,,42.8,42.8,,no,,,4500.0,1025.0,"3.5/5.0 (RepairPal, brand-level only, ranks 15th of 32 brands)",285.0,260.0,7.2,,,3,36000,5,60000,32.3,https://www.edmunds.com/jeep/gladiator/2026/trims/,IIHS,22.0,model-specific,5.0
Jeep,Gladiator,Rubicon,2026,yes,Pickup Truck,4.0,5.0,4WD,Gas,54515.0,1995.0,56510.0,17.0,22.0,19.0,418.0,3.5,,41.2,38.3,,42.8,42.8,,no,,,4500.0,1025.0,"3.5/5.0 (RepairPal, brand-level only, ranks 15th of 32 brands)",285.0,260.0,7.2,,,3,36000,5,60000,32.3,https://www.edmunds.com/jeep/gladiator/2026/trims/,IIHS,22.0,model-specific,5.0
Jeep,Gladiator,Mojave,2026,yes,Pickup Truck,4.0,5.0,4WD,Gas,55210.0,1995.0,57205.0,17.0,22.0,19.0,418.0,3.5,,41.2,38.3,,42.8,42.8,,no,,,4500.0,1025.0,"3.5/5.0 (RepairPal, brand-level only, ranks 15th of 32 brands)",285.0,260.0,7.2,,,3,36000,5,60000,32.3,https://www.edmunds.com/jeep/gladiator/2026/trims/,IIHS,22.0,model-specific,5.0
Jeep,Gladiator,Shadow Ops,2026,no,Pickup Truck,4.0,5.0,4WD,Gas,59510.0,1995.0,61505.0,17.0,22.0,19.0,418.0,3.5,,41.2,38.3,,42.8,42.8,,no,,,4500.0,1025.0,"3.5/5.0 (RepairPal, brand-level only, ranks 15th of 32 brands)",285.0,260.0,7.2,,,3,36000,5,60000,32.3,https://www.edmunds.com/jeep/gladiator/2026/trims/,IIHS,22.0,model-specific,5.0
Jeep,Gladiator,Rubicon X,2026,yes,Pickup Truck,4.0,5.0,4WD,Gas,62510.0,1995.0,64505.0,17.0,22.0,19.0,418.0,3.5,,41.2,38.3,,42.8,42.8,,no,,,4500.0,1025.0,"3.5/5.0 (RepairPal, brand-level only, ranks 15th of 32 brands)",285.0,260.0,7.2,,,3,36000,5,60000,32.3,https://www.edmunds.com/jeep/gladiator/2026/trims/,IIHS,22.0,model-specific,5.0
Jeep,Gladiator,Mojave X,2026,yes,Pickup Truck,4.0,5.0,4WD,Gas,63205.0,1995.0,65200.0,17.0,22.0,19.0,418.0,3.5,,41.2,38.3,,42.8,42.8,,no,,,4500.0,1025.0,"3.5/5.0 (RepairPal, brand-level only, ranks 15th of 32 brands)",285.0,260.0,7.2,,,3,36000,5,60000,32.3,https://www.edmunds.com/jeep/gladiator/2026/trims/,IIHS,22.0,model-specific,5.0
Jeep,Compass,Latitude,2026,no,SUV,4.0,5.0,AWD,Gas,31545.0,1995.0,33540.0,23.0,31.0,26.0,351.0,4.0,,41.8,38.3,,39.2,38.5,,no,27.2,59.8,2000.0,,4.0,200.0,221.0,7.5,,1.0,3,36000,5,60000,43.1,https://www.edmunds.com/jeep/compass/2026/trims/,NHTSA,13.5,model-specific,
Jeep,Compass,Latitude Altitude,2026,no,SUV,4.0,5.0,AWD,Gas,33660.0,1995.0,35655.0,23.0,31.0,26.0,351.0,4.0,,41.8,38.3,,39.2,38.5,,no,27.2,59.8,2000.0,,4.0,200.0,221.0,7.5,,1.0,3,36000,5,60000,43.1,https://www.edmunds.com/jeep/compass/2026/trims/,NHTSA,13.5,model-specific,
Jeep,Compass,85th Anniversary Edition,2026,no,SUV,4.0,5.0,AWD,Gas,34340.0,1995.0,36335.0,23.0,31.0,26.0,351.0,4.0,,41.8,38.3,,39.2,38.5,,no,27.2,59.8,2000.0,,4.0,200.0,221.0,7.5,,1.0,3,36000,5,60000,43.1,https://www.edmunds.com/jeep/compass/2026/trims/,NHTSA,13.5,model-specific,
Jeep,Compass,Limited,2026,no,SUV,4.0,5.0,AWD,Gas,35555.0,1995.0,37550.0,23.0,31.0,26.0,351.0,4.0,,41.8,38.3,,39.2,38.5,,no,27.2,59.8,2000.0,,4.0,200.0,221.0,7.5,,1.0,3,36000,5,60000,43.1,https://www.edmunds.com/jeep/compass/2026/trims/,NHTSA,13.5,model-specific,
Jeep,Compass,Trailhawk,2026,yes,SUV,4.0,5.0,AWD,Gas,36055.0,1995.0,38050.0,,,,,4.0,,41.8,38.3,,39.2,38.5,,no,27.2,59.8,2000.0,,4.0,200.0,221.0,7.5,,1.0,3,36000,5,60000,43.1,https://www.edmunds.com/jeep/compass/2026/trims/,NHTSA,13.5,model-specific,
Jeep,Compass,Limited Altitude,2026,no,SUV,4.0,5.0,AWD,Gas,37550.0,1995.0,39545.0,23.0,31.0,26.0,351.0,4.0,,41.8,38.3,,39.2,38.5,,no,27.2,59.8,2000.0,,4.0,200.0,221.0,7.5,,1.0,3,36000,5,60000,43.1,https://www.edmunds.com/jeep/compass/2026/trims/,NHTSA,13.5,model-specific,
Jeep,Cherokee,Cherokee,2026,no,SUV,4.0,5.0,AWD,Hybrid,36995.0,1995.0,38990.0,39.0,35.0,37.0,,,,41.3,38.5,,40.3,40.2,,no,33.6,68.3,3500.0,,,177.0,221.0,,,2.0,3,36000,5,60000,49.5,https://www.edmunds.com/jeep/cherokee/2026/trims/,,,model-specific,
Jeep,Cherokee,Laredo,2026,no,SUV,4.0,5.0,AWD,Hybrid,39995.0,1995.0,41990.0,39.0,35.0,37.0,,,,41.3,38.5,,40.3,40.2,,no,33.6,68.3,3500.0,,,177.0,221.0,,,2.0,3,36000,5,60000,49.5,https://www.edmunds.com/jeep/cherokee/2026/trims/,,,model-specific,
Jeep,Cherokee,Limited,2026,no,SUV,4.0,5.0,AWD,Hybrid,41995.0,1995.0,43990.0,39.0,35.0,37.0,,,,41.3,38.5,,40.3,40.2,,no,33.6,68.3,3500.0,,,177.0,221.0,,,3.0,3,36000,5,60000,49.5,https://www.edmunds.com/jeep/cherokee/2026/trims/,,,model-specific,
Jeep,Cherokee,Limited Altitude,2026,no,SUV,4.0,5.0,AWD,Hybrid,42590.0,1995.0,44585.0,39.0,35.0,37.0,,,,41.3,38.5,,40.3,40.2,,no,33.6,68.3,3500.0,,,177.0,221.0,,,3.0,3,36000,5,60000,49.5,https://www.edmunds.com/jeep/cherokee/2026/trims/,,,model-specific,
Jeep,Cherokee,85th Anniversary Edition,2026,no,SUV,4.0,5.0,AWD,Hybrid,42900.0,1995.0,44895.0,39.0,35.0,37.0,,,,41.3,38.5,,40.3,40.2,,no,33.6,68.3,3500.0,,,177.0,221.0,,,3.0,3,36000,5,60000,49.5,https://www.edmunds.com/jeep/cherokee/2026/trims/,,,model-specific,
Jeep,Cherokee,Overland,2026,no,SUV,4.0,5.0,AWD,Hybrid,44995.0,1995.0,46990.0,39.0,35.0,37.0,,,,41.3,38.5,,40.3,40.2,,no,33.6,68.3,3500.0,,,177.0,221.0,,,3.0,3,36000,5,60000,49.5,https://www.edmunds.com/jeep/cherokee/2026/trims/,,,model-specific,
Jeep,Grand Cherokee,Laredo,2026,no,SUV,4.0,5.0,RWD,Gas,40915.0,1995.0,42910.0,19.0,26.0,22.0,506.0,5.0,,41.3,38.2,,39.9,39.4,,no,37.7,70.8,6200.0,,3.5,293.0,260.0,7.4,,1.0,3,36000,5,60000,50.0,https://www.edmunds.com/jeep/grand-cherokee/2026/trims/,NHTSA,23.0,model-specific,
Jeep,Grand Cherokee,Laredo X,2026,no,SUV,4.0,5.0,RWD,Gas,43410.0,1995.0,45405.0,19.0,26.0,22.0,506.0,5.0,,41.3,38.2,,39.9,39.4,,no,37.7,70.8,6200.0,,3.5,293.0,260.0,7.4,,2.0,3,36000,5,60000,50.0,https://www.edmunds.com/jeep/grand-cherokee/2026/trims/,NHTSA,23.0,model-specific,
Jeep,Grand Cherokee,Laredo Altitude,2026,no,SUV,4.0,5.0,RWD,Gas,46355.0,1995.0,48350.0,21.0,27.0,23.0,529.0,5.0,,41.3,38.2,,39.9,39.4,,no,37.7,70.8,6200.0,,3.5,324.0,332.0,6.3,,2.0,3,36000,5,60000,50.0,https://www.edmunds.com/jeep/grand-cherokee/2026/trims/,NHTSA,23.0,model-specific,
Jeep,Grand Cherokee,Limited,2026,no,SUV,4.0,5.0,RWD,Gas,46315.0,1995.0,48310.0,21.0,27.0,23.0,529.0,5.0,,41.3,38.2,,39.9,39.4,,no,37.7,70.8,6200.0,,3.5,324.0,332.0,6.3,,2.0,3,36000,5,60000,50.0,https://www.edmunds.com/jeep/grand-cherokee/2026/trims/,NHTSA,23.0,model-specific,
Jeep,Grand Cherokee,85th Anniversary Edition,2026,no,SUV,4.0,5.0,4WD,Gas,52410.0,1995.0,54405.0,21.0,26.0,23.0,529.0,5.0,,41.3,38.2,,39.9,39.4,,no,37.7,70.8,6200.0,,3.5,324.0,332.0,6.3,,2.0,3,36000,5,60000,50.0,https://www.edmunds.com/jeep/grand-cherokee/2026/trims/,NHTSA,23.0,model-specific,
Jeep,Grand Cherokee,Limited Reserve,2026,no,SUV,4.0,5.0,4WD,Gas,53910.0,1995.0,55905.0,20.0,25.0,22.0,506.0,5.0,,41.3,38.2,,39.9,39.4,,no,37.7,70.8,6200.0,,3.5,324.0,332.0,6.3,,3.0,3,36000,5,60000,50.0,https://www.edmunds.com/jeep/grand-cherokee/2026/trims/,NHTSA,23.0,model-specific,
Jeep,Grand Cherokee,Summit,2026,no,SUV,4.0,5.0,4WD,Gas,62595.0,1995.0,64590.0,20.0,25.0,22.0,506.0,5.0,,41.3,38.2,,39.9,39.4,,no,37.7,70.8,6200.0,,3.5,324.0,332.0,6.3,,4.0,3,36000,5,60000,50.0,https://www.edmunds.com/jeep/grand-cherokee/2026/trims/,NHTSA,23.0,model-specific,
Jeep,Grand Cherokee L,Laredo,2026,no,SUV,4.0,5.0,RWD,Gas,42915.0,1995.0,44910.0,19.0,26.0,21.0,483.0,5.0,,41.3,39.4,30.0,39.8,39.9,37.0,yes,17.2,84.6,6200.0,,3.5,293.0,260.0,7.3,,1.0,3,36000,5,60000,47.4,https://www.edmunds.com/jeep/grand-cherokee-l/2026/trims/,NHTSA,23.0,model-specific,
Jeep,Grand Cherokee L,Laredo X,2026,no,SUV,4.0,5.0,RWD,Gas,45410.0,1995.0,47405.0,19.0,26.0,21.0,483.0,5.0,,41.3,39.4,30.0,39.8,39.9,37.0,yes,17.2,84.6,6200.0,,3.5,293.0,260.0,7.3,,1.0,3,36000,5,60000,47.4,https://www.edmunds.com/jeep/grand-cherokee-l/2026/trims/,NHTSA,23.0,model-specific,
Jeep,Grand Cherokee L,Limited,2026,no,SUV,4.0,6.0,RWD,Gas,48315.0,1995.0,50310.0,21.0,26.0,23.0,529.0,5.0,,41.3,39.4,30.0,39.8,39.9,37.0,yes,17.2,84.6,6200.0,,3.5,324.0,332.0,,,1.0,3,36000,5,60000,47.4,https://www.edmunds.com/jeep/grand-cherokee-l/2026/trims/,NHTSA,23.0,model-specific,
Jeep,Grand Cherokee L,Laredo Altitude,2026,no,SUV,4.0,7.0,RWD,Gas,48355.0,1995.0,50350.0,21.0,26.0,23.0,529.0,5.0,,41.3,39.4,30.0,39.8,39.9,37.0,yes,17.2,84.6,6200.0,,3.5,324.0,332.0,,,1.0,3,36000,5,60000,47.4,https://www.edmunds.com/jeep/grand-cherokee-l/2026/trims/,NHTSA,23.0,model-specific,
Jeep,Grand Cherokee L,85th Anniversary Edition,2026,no,SUV,4.0,6.0,AWD,Gas,54410.0,1995.0,56405.0,20.0,25.0,22.0,506.0,5.0,,41.3,39.4,30.0,39.8,39.9,37.0,yes,17.2,84.6,6200.0,,3.5,324.0,332.0,,,1.0,3,36000,5,60000,47.4,https://www.edmunds.com/jeep/grand-cherokee-l/2026/trims/,NHTSA,23.0,model-specific,
Jeep,Grand Cherokee L,Limited Reserve,2026,no,SUV,4.0,6.0,AWD,Gas,55910.0,1995.0,57905.0,20.0,25.0,22.0,506.0,5.0,,41.3,39.4,30.0,39.8,39.9,37.0,yes,17.2,84.6,6200.0,,3.5,324.0,332.0,,,1.0,3,36000,5,60000,47.4,https://www.edmunds.com/jeep/grand-cherokee-l/2026/trims/,NHTSA,23.0,model-specific,
Jeep,Grand Cherokee L,Summit,2026,no,SUV,4.0,6.0,AWD,Gas,64595.0,1995.0,66590.0,20.0,25.0,22.0,506.0,5.0,,41.3,39.4,30.0,39.8,39.9,37.0,yes,17.2,84.6,6200.0,,3.5,324.0,332.0,,,1.0,3,36000,5,60000,47.4,https://www.edmunds.com/jeep/grand-cherokee-l/2026/trims/,NHTSA,23.0,model-specific,
Jeep,Grand Wagoneer,Base,2026,no,SUV,4.0,7.0,RWD,Gas,66790.0,,66790.0,17.0,24.0,19.0,504.0,3.0,,40.9,42.7,37.0,41.3,40.0,39.0,yes,27.4,94.2,,,"3.5/5.0 (RepairPal, brand-level only, ranks 15th of 32 brands)",420.0,468.0,5.3,,1.0,3,36000,5,60000,44.6,https://www.edmunds.com/jeep/grand-wagoneer/2026/trims/,IIHS,26.5,model-specific,
Jeep,Grand Wagoneer,Limited Altitude,2026,no,SUV,4.0,7.0,4WD,Gas,74855.0,,74855.0,17.0,24.0,19.0,504.0,3.0,,40.9,42.7,37.0,41.3,40.0,39.0,yes,27.4,94.2,,,"3.5/5.0 (RepairPal, brand-level only, ranks 15th of 32 brands)",420.0,468.0,5.3,,1.0,3,36000,5,60000,44.6,https://www.edmunds.com/jeep/grand-wagoneer/2026/trims/,IIHS,26.5,model-specific,
Jeep,Grand Wagoneer,Limited,2026,no,SUV,4.0,7.0,4WD,Gas,74855.0,,74855.0,17.0,24.0,19.0,504.0,3.0,,40.9,42.7,37.0,41.3,40.0,39.0,yes,27.4,94.2,,,"3.5/5.0 (RepairPal, brand-level only, ranks 15th of 32 brands)",420.0,468.0,5.3,,1.0,3,36000,5,60000,44.6,https://www.edmunds.com/jeep/grand-wagoneer/2026/trims/,IIHS,26.5,model-specific,
Jeep,Grand Wagoneer,Upland,2026,no,SUV,4.0,7.0,4WD,Gas,75855.0,,75855.0,17.0,24.0,19.0,504.0,3.0,,40.9,42.7,37.0,41.3,40.0,39.0,yes,27.4,94.2,,,"3.5/5.0 (RepairPal, brand-level only, ranks 15th of 32 brands)",420.0,468.0,5.3,,1.0,3,36000,5,60000,44.6,https://www.edmunds.com/jeep/grand-wagoneer/2026/trims/,IIHS,26.5,model-specific,
Jeep,Grand Wagoneer,85th Anniversary Edition,2026,no,SUV,4.0,7.0,4WD,Gas,78785.0,,78785.0,17.0,24.0,19.0,504.0,3.0,,40.9,42.7,37.0,41.3,40.0,39.0,yes,27.4,94.2,,,"3.5/5.0 (RepairPal, brand-level only, ranks 15th of 32 brands)",420.0,468.0,5.3,,1.0,3,36000,5,60000,44.6,https://www.edmunds.com/jeep/grand-wagoneer/2026/trims/,IIHS,26.5,model-specific,
Jeep,Grand Wagoneer,Limited Reserve,2026,no,SUV,4.0,7.0,4WD,Gas,82755.0,,82755.0,17.0,24.0,19.0,504.0,3.0,,40.9,42.7,37.0,41.3,40.0,39.0,yes,27.4,94.2,,,"3.5/5.0 (RepairPal, brand-level only, ranks 15th of 32 brands)",420.0,468.0,5.3,,1.0,3,36000,5,60000,44.6,https://www.edmunds.com/jeep/grand-wagoneer/2026/trims/,IIHS,26.5,model-specific,
Jeep,Grand Wagoneer,Summit Obsidian,2026,no,SUV,4.0,7.0,4WD,Gas,97105.0,,97105.0,17.0,24.0,19.0,504.0,3.0,,40.9,42.7,37.0,41.3,40.0,39.0,yes,27.4,94.2,,,"3.5/5.0 (RepairPal, brand-level only, ranks 15th of 32 brands)",420.0,468.0,5.3,,4.0,3,36000,5,60000,44.6,https://www.edmunds.com/jeep/grand-wagoneer/2026/trims/,IIHS,26.5,model-specific,
Jeep,Grand Wagoneer,Summit,2026,no,SUV,4.0,7.0,4WD,Gas,97105.0,,97105.0,17.0,24.0,19.0,504.0,3.0,,40.9,42.7,37.0,41.3,40.0,39.0,yes,27.4,94.2,,,"3.5/5.0 (RepairPal, brand-level only, ranks 15th of 32 brands)",420.0,468.0,5.3,,4.0,3,36000,5,60000,44.6,https://www.edmunds.com/jeep/grand-wagoneer/2026/trims/,IIHS,26.5,model-specific,
Jeep,Grand Wagoneer,Summit Reserve,2026,no,SUV,4.0,7.0,4WD,Gas,103105.0,,103105.0,17.0,24.0,19.0,504.0,3.0,,40.9,42.7,37.0,41.3,40.0,39.0,yes,27.4,94.2,,,"3.5/5.0 (RepairPal, brand-level only, ranks 15th of 32 brands)",420.0,468.0,5.3,,4.0,3,36000,5,60000,44.6,https://www.edmunds.com/jeep/grand-wagoneer/2026/trims/,IIHS,26.5,model-specific,
Jeep,Grand Wagoneer L,Base,2026,no,SUV,4.0,7.0,RWD,Gas,69790.0,,69790.0,16.0,22.0,18.0,549.0,,,40.9,42.7,37.0,41.3,40.0,39.0,yes,44.2,112.9,,,,420.0,468.0,5.3,,1.0,3,36000,5,60000,46.2,https://www.edmunds.com/jeep/grand-wagoneer-l/2026/trims/,,30.5,model-specific,
Jeep,Grand Wagoneer L,Limited Altitude,2026,no,SUV,4.0,7.0,4WD,Gas,77855.0,,77855.0,16.0,22.0,18.0,549.0,,,40.9,42.7,37.0,41.3,40.0,39.0,yes,44.2,112.9,,,,420.0,468.0,5.3,,1.0,3,36000,5,60000,46.2,https://www.edmunds.com/jeep/grand-wagoneer-l/2026/trims/,,30.5,model-specific,
Jeep,Grand Wagoneer L,Limited,2026,no,SUV,4.0,7.0,4WD,Gas,77855.0,,77855.0,16.0,22.0,18.0,549.0,,,40.9,42.7,37.0,41.3,40.0,39.0,yes,44.2,112.9,,,,420.0,468.0,5.3,,1.0,3,36000,5,60000,46.2,https://www.edmunds.com/jeep/grand-wagoneer-l/2026/trims/,,30.5,model-specific,
Jeep,Grand Wagoneer L,85th Anniversary Edition,2026,no,SUV,4.0,7.0,4WD,Gas,81785.0,,81785.0,16.0,22.0,18.0,549.0,,,40.9,42.7,37.0,41.3,40.0,39.0,yes,44.2,112.9,,,,420.0,468.0,5.3,,1.0,3,36000,5,60000,46.2,https://www.edmunds.com/jeep/grand-wagoneer-l/2026/trims/,,30.5,model-specific,
Jeep,Grand Wagoneer L,Limited Reserve,2026,no,SUV,4.0,7.0,4WD,Gas,85755.0,,85755.0,16.0,22.0,18.0,549.0,,,40.9,42.7,37.0,41.3,40.0,39.0,yes,44.2,112.9,,,,420.0,468.0,5.3,,1.0,3,36000,5,60000,46.2,https://www.edmunds.com/jeep/grand-wagoneer-l/2026/trims/,,30.5,model-specific,
Jeep,Grand Wagoneer L,Summit,2026,no,SUV,4.0,7.0,4WD,Gas,100105.0,,100105.0,16.0,22.0,18.0,549.0,,,40.9,42.7,37.0,41.3,40.0,39.0,yes,44.2,112.9,,,,420.0,468.0,5.3,,4.0,3,36000,5,60000,46.2,https://www.edmunds.com/jeep/grand-wagoneer-l/2026/trims/,,30.5,model-specific,
Jeep,Grand Wagoneer L,Summit Obsidian,2026,no,SUV,4.0,7.0,4WD,Gas,100105.0,,100105.0,16.0,22.0,18.0,549.0,,,40.9,42.7,37.0,41.3,40.0,39.0,yes,44.2,112.9,,,,420.0,468.0,5.3,,4.0,3,36000,5,60000,46.2,https://www.edmunds.com/jeep/grand-wagoneer-l/2026/trims/,,30.5,model-specific,
Jeep,Grand Wagoneer L,Summit Reserve,2026,no,SUV,4.0,7.0,4WD,Gas,106105.0,,106105.0,16.0,22.0,18.0,549.0,,,40.9,42.7,37.0,41.3,40.0,39.0,yes,44.2,112.9,,,,420.0,468.0,5.3,,4.0,3,36000,5,60000,46.2,https://www.edmunds.com/jeep/grand-wagoneer-l/2026/trims/,,30.5,model-specific,
Jeep,Recon,Moab,2026,no,SUV,4.0,5.0,AWD,EV,65000.0,1995.0,66995.0,80.0,62.0,71.0,,,,41.4,38.5,,42.3,40.6,,no,33.3,68.9,,,"3.5/5.0 (RepairPal, brand-level only, ranks 15th of 32 brands)",650.0,620.0,3.6,,3.0,3,36000,5,60000,,https://www.edmunds.com/jeep/recon/2026/trims/,,,,
Dodge,Charger,R/T,2026,no,Coupe,2.0,5.0,AWD,Gas,49995.0,1995.0,51990.0,17.0,26.0,20.0,350.0,,,42.6,37.2,,39.1,36.9,,no,22.8,37.4,,,3.5,420.0,468.0,4.7,,1.0,3,36000,5,60000,31.7,https://www.edmunds.com/dodge/charger/2026/st-402099277/features-specs/,,,model-specific,
Dodge,Charger,R/T,2026,no,Sedan,4.0,5.0,AWD,Gas,51995.0,1995.0,53990.0,17.0,26.0,20.0,350.0,,,42.6,37.2,,39.1,36.9,,no,22.8,37.4,,,3.5,420.0,468.0,4.7,,1.0,3,36000,5,60000,41.1,https://www.edmunds.com/dodge/charger/2026/st-402099277/features-specs/,,,model-specific,
Dodge,Charger,R/T Plus,2026,no,Coupe,2.0,5.0,AWD,Gas,54990.0,1995.0,56985.0,17.0,26.0,20.0,350.0,,,42.6,37.2,,39.1,36.9,,no,22.8,37.4,,,3.5,420.0,468.0,4.7,,2.0,3,36000,5,60000,31.7,https://www.edmunds.com/dodge/charger/2026/st-402099278/features-specs/,,,model-specific,
Dodge,Charger,R/T Plus,2026,no,Sedan,4.0,5.0,AWD,Gas,56990.0,1995.0,58985.0,17.0,26.0,20.0,350.0,,,42.6,37.2,,39.1,36.9,,no,22.8,37.4,,,3.5,420.0,468.0,4.7,,2.0,3,36000,5,60000,41.1,https://www.edmunds.com/dodge/charger/2026/st-402099278/features-specs/,,,model-specific,
Dodge,Charger,Scat Pack,2026,yes,Coupe,2.0,5.0,AWD,Gas,54995.0,1995.0,56990.0,16.0,23.0,19.0,332.0,,,42.6,37.2,,39.1,36.9,,no,22.8,37.4,,,3.5,550.0,531.0,3.9,,1.0,3,36000,5,60000,31.7,https://www.edmunds.com/dodge/charger/2026/st-402064969/features-specs/,,,model-specific,
Dodge,Charger,Scat Pack,2026,yes,Sedan,4.0,5.0,AWD,Gas,56995.0,1995.0,58990.0,16.0,23.0,19.0,332.0,,,42.6,37.2,,39.1,36.9,,no,22.8,37.4,,,3.5,550.0,531.0,3.9,,1.0,3,36000,5,60000,41.1,https://www.edmunds.com/dodge/charger/2026/st-402064969/features-specs/,,,model-specific,
Dodge,Charger,Scat Pack Plus,2026,yes,Coupe,2.0,5.0,AWD,Gas,59990.0,1995.0,61985.0,16.0,23.0,19.0,332.0,,,42.6,37.2,,39.1,36.9,,no,22.8,37.4,,,3.5,550.0,531.0,3.9,,2.0,3,36000,5,60000,31.7,https://www.edmunds.com/dodge/charger/2026/st-402091860/features-specs/,,,model-specific,
Dodge,Charger,Scat Pack Plus,2026,yes,Sedan,4.0,5.0,AWD,Gas,61990.0,1995.0,63985.0,16.0,23.0,19.0,332.0,,,42.6,37.2,,39.1,36.9,,no,22.8,37.4,,,3.5,550.0,531.0,3.9,,2.0,3,36000,5,60000,41.1,https://www.edmunds.com/dodge/charger/2026/st-402091860/features-specs/,,,model-specific,
Dodge,Charger,Daytona Scat Pack,2026,yes,Coupe,2.0,5.0,AWD,EV,59995.0,1995.0,61990.0,,,86.0,267.0,,,42.6,37.2,,39.1,36.9,,no,22.8,37.4,,,3.5,630.0,627.0,3.3,,1.0,3,36000,5,60000,47.9,https://www.edmunds.com/dodge/charger/2026/st-402091871/features-specs/,,,model-specific,
Dodge,Charger,Daytona Scat Pack,2026,yes,Sedan,4.0,5.0,AWD,EV,61995.0,1995.0,63990.0,,,86.0,267.0,,,42.6,37.2,,39.1,36.9,,no,22.8,37.4,,,3.5,630.0,627.0,3.3,,1.0,3,36000,5,60000,49.9,https://www.edmunds.com/dodge/charger/2026/st-402091871/features-specs/,,,model-specific,
Dodge,Charger,Daytona Scat Pack Plus,2026,yes,Coupe,2.0,5.0,AWD,EV,64990.0,1995.0,66985.0,,,86.0,267.0,,,42.6,37.2,,39.1,36.9,,no,22.8,37.4,,,3.5,630.0,627.0,3.3,,2.0,3,36000,5,60000,47.9,https://www.edmunds.com/dodge/charger/2026/st-402091876/features-specs/,,,model-specific,
Dodge,Charger,Daytona Scat Pack Plus,2026,yes,Sedan,4.0,5.0,AWD,EV,66990.0,1995.0,68985.0,,,86.0,267.0,,,42.6,37.2,,39.1,36.9,,no,22.8,37.4,,,3.5,630.0,627.0,3.3,,2.0,3,36000,5,60000,49.9,https://www.edmunds.com/dodge/charger/2026/st-402091876/features-specs/,,,model-specific,
Dodge,Durango,GT,2026,no,SUV,4.0,7.0,RWD,Gas,40990.0,1995.0,42985.0,18.0,25.0,20.0,492.0,4.0,,40.3,38.6,33.5,39.9,39.8,38.0,yes,17.2,85.1,,,3.5,295.0,260.0,,,0.0,3,36000,5,60000,45.5,https://www.edmunds.com/dodge/durango/2026/trims/,NHTSA,24.6,model-specific,
Dodge,Durango,GT HEMI V8,2026,no,SUV,4.0,7.0,AWD,Gas,45670.0,1995.0,47665.0,14.0,21.0,16.0,394.0,4.0,,40.3,38.6,33.5,39.9,39.8,38.0,yes,17.2,85.1,,,3.5,360.0,390.0,6.2,,0.0,3,36000,5,60000,45.5,https://www.edmunds.com/dodge/durango/2026/trims/,NHTSA,24.6,model-specific,
Dodge,Durango,GT Plus,2026,no,SUV,4.0,7.0,AWD,Gas,47590.0,1995.0,49585.0,17.0,24.0,20.0,492.0,4.0,,40.3,38.6,33.5,39.9,39.8,38.0,yes,17.2,85.1,,,3.5,295.0,260.0,7.4,,1.0,3,36000,5,60000,45.5,https://www.edmunds.com/dodge/durango/2026/trims/,NHTSA,24.6,model-specific,
Dodge,Durango,GT Plus HEMI V8,2026,no,SUV,4.0,7.0,AWD,Gas,49270.0,1995.0,51265.0,14.0,21.0,16.0,394.0,4.0,,40.3,38.6,33.5,39.9,39.8,38.0,yes,17.2,85.1,,,3.5,360.0,390.0,6.2,,1.0,3,36000,5,60000,45.5,https://www.edmunds.com/dodge/durango/2026/trims/,NHTSA,24.6,model-specific,
Dodge,Durango,GT Plus America250 Edition,2026,no,SUV,4.0,7.0,AWD,Gas,51585.0,1995.0,53580.0,17.0,24.0,20.0,492.0,4.0,,40.3,38.6,33.5,39.9,39.8,38.0,yes,17.2,85.1,,,3.5,295.0,260.0,7.4,,1.0,3,36000,5,60000,45.5,https://www.edmunds.com/dodge/durango/2026/trims/,NHTSA,24.6,model-specific,
Dodge,Durango,R/T 392 Launch Edition,2026,yes,SUV,4.0,7.0,AWD,Gas,51990.0,1995.0,53985.0,13.0,19.0,15.0,369.0,4.0,,40.3,38.6,33.5,39.9,39.8,38.0,yes,17.2,85.1,,,3.5,475.0,470.0,4.6,,1.0,3,36000,5,60000,45.5,https://www.edmunds.com/dodge/durango/2026/trims/,NHTSA,24.6,model-specific,
Dodge,Durango,GT Premium HEMI V8,2026,no,SUV,4.0,7.0,AWD,Gas,52270.0,1995.0,54265.0,14.0,21.0,16.0,394.0,4.0,,40.3,38.6,33.5,39.9,39.8,38.0,yes,17.2,85.1,,,3.5,360.0,390.0,6.2,,1.0,3,36000,5,60000,45.5,https://www.edmunds.com/dodge/durango/2026/trims/,NHTSA,24.6,model-specific,
Dodge,Durango,GT Plus America250 HEMI V8,2026,no,SUV,4.0,7.0,AWD,Gas,53265.0,1995.0,55260.0,14.0,21.0,16.0,394.0,4.0,,40.3,38.6,33.5,39.9,39.8,38.0,yes,17.2,85.1,,,3.5,360.0,390.0,6.2,,1.0,3,36000,5,60000,45.5,https://www.edmunds.com/dodge/durango/2026/trims/,NHTSA,24.6,model-specific,
Dodge,Durango,GT Premium America250 HEMI V8,2026,no,SUV,4.0,7.0,AWD,Gas,56265.0,1995.0,58260.0,14.0,21.0,16.0,394.0,4.0,,40.3,38.6,33.5,39.9,39.8,38.0,yes,17.2,85.1,,,3.5,360.0,390.0,6.2,,1.0,3,36000,5,60000,45.5,https://www.edmunds.com/dodge/durango/2026/trims/,NHTSA,24.6,model-specific,
Dodge,Durango,R/T 392 Launch Edition Premium,2026,yes,SUV,4.0,7.0,AWD,Gas,59590.0,1995.0,61585.0,13.0,19.0,15.0,369.0,4.0,,40.3,38.6,33.5,39.9,39.8,38.0,yes,17.2,85.1,,,3.5,475.0,470.0,4.6,,1.0,3,36000,5,60000,45.5,https://www.edmunds.com/dodge/durango/2026/trims/,NHTSA,24.6,model-specific,
Dodge,Durango,SRT Hellcat,2026,yes,SUV,4.0,5.0,AWD,Gas,81990.0,1995.0,83985.0,12.0,17.0,13.0,320.0,4.0,,40.3,38.6,,39.9,39.8,,no,17.2,85.1,,,3.5,710.0,645.0,3.5,,1.0,3,36000,5,60000,45.5,https://www.edmunds.com/dodge/durango/2026/trims/,NHTSA,24.6,model-specific,
Dodge,Durango,SRT Hellcat Jailbreak,2026,yes,SUV,4.0,5.0,AWD,Gas,82985.0,1995.0,84980.0,12.0,17.0,13.0,320.0,4.0,,40.3,38.6,,39.9,39.8,,no,17.2,85.1,,,3.5,710.0,645.0,3.5,,1.0,3,36000,5,60000,45.5,https://www.edmunds.com/dodge/durango/2026/trims/,NHTSA,24.6,model-specific,
Chrysler,Pacifica,Select,2026,no,Minivan,4.0,7.0,FWD,Gas,46440.0,,46440.0,19.0,28.0,22.0,418.0,5.0,,41.1,39.0,36.5,40.1,,39.0,yes,32.3,140.5,3600.0,,,287.0,262.0,7.3,,1.0,3,36000,5,60000,51.2,https://www.edmunds.com/chrysler/pacifica/2026/trims/,NHTSA,19.0,model-specific,
Chrysler,Pacifica,Limited,2026,no,Minivan,4.0,7.0,FWD,Gas,51600.0,,51600.0,19.0,28.0,22.0,418.0,5.0,,41.1,39.0,36.5,40.1,,39.0,yes,32.3,140.5,3600.0,,,287.0,262.0,7.3,,1.0,3,36000,5,60000,51.2,https://www.edmunds.com/chrysler/pacifica/2026/trims/,NHTSA,19.0,model-specific,
Chrysler,Pacifica,Pinnacle,2026,no,Minivan,4.0,7.0,FWD,Gas,58090.0,,58090.0,19.0,28.0,22.0,418.0,5.0,,41.1,39.0,36.5,40.1,,39.0,yes,32.3,140.5,3600.0,,,287.0,262.0,7.3,,2.0,3,36000,5,60000,51.2,https://www.edmunds.com/chrysler/pacifica/2026/trims/,NHTSA,19.0,model-specific,
Chrysler,Pacifica,Select PHEV,2026,no,Minivan,4.0,7.0,FWD,PHEV,53760.0,,53760.0,29.0,30.0,30.0,,5.0,,41.1,39.0,36.5,40.1,,39.0,yes,,,,,,260.0,,7.5,,1.0,3,36000,5,60000,51.5,https://www.edmunds.com/chrysler/pacifica/2026/plug-in-hybrid/,NHTSA,,model-specific,
Chrysler,Pacifica,100th Anniversary PHEV,2026,no,Minivan,4.0,7.0,FWD,PHEV,55255.0,,55255.0,29.0,30.0,30.0,,5.0,,41.1,39.0,36.5,40.1,,39.0,yes,,,,,,260.0,,7.5,,1.0,3,36000,5,60000,51.5,https://www.edmunds.com/chrysler/pacifica/2026/plug-in-hybrid/,NHTSA,,model-specific,
Chrysler,Pacifica,Select Premium PHEV,2026,no,Minivan,4.0,7.0,FWD,PHEV,57015.0,,57015.0,29.0,30.0,30.0,,5.0,,41.1,39.0,36.5,40.1,,39.0,yes,,,,,,260.0,,7.5,,1.0,3,36000,5,60000,51.5,https://www.edmunds.com/chrysler/pacifica/2026/plug-in-hybrid/,NHTSA,,model-specific,
Chrysler,Pacifica,Pinnacle PHEV,2026,no,Minivan,4.0,7.0,FWD,PHEV,62460.0,,62460.0,29.0,30.0,30.0,,5.0,,41.1,39.0,36.5,40.1,,39.0,yes,,,,,,260.0,,7.5,,2.0,3,36000,5,60000,51.5,https://www.edmunds.com/chrysler/pacifica/2026/plug-in-hybrid/,NHTSA,,model-specific,
Chrysler,Voyager,LX,2026,no,Minivan,4.0,7.0,FWD,Gas,43390.0,,43390.0,19.0,28.0,22.0,418.0,5.0,,41.1,39.0,36.5,40.1,,39.0,yes,,140.5,3600.0,,,287.0,262.0,7.3,,1.0,3,36000,5,60000,50.3,https://www.edmunds.com/chrysler/voyager/2026/trims/,NHTSA,19.0,model-specific,
Cadillac,CT4,Luxury,2026,no,Sedan,4.0,5.0,RWD,Gas,36000.0,1795.0,37795.0,22.0,32.0,26.0,442.0,,,42.4,33.4,,38.3,36.5,,no,10.7,,,,,237.0,258.0,6.2,,2.0,4,50000,6,70000,38.7,https://www.edmunds.com/cadillac/ct4/2026/luxury/features-specs/,,17.0,model-specific,
Cadillac,CT4,Premium Luxury,2026,no,Sedan,4.0,5.0,RWD,Gas,40400.0,1795.0,42195.0,22.0,32.0,26.0,442.0,,,42.4,33.4,,38.3,36.5,,no,10.7,,,,,237.0,258.0,6.2,,2.0,4,50000,6,70000,38.7,https://www.edmunds.com/cadillac/ct4/2026/premium-luxury/features-specs/,,17.0,model-specific,
Cadillac,CT4,Sport,2026,no,Sedan,4.0,5.0,RWD,Gas,44400.0,1795.0,46195.0,22.0,32.0,26.0,442.0,,,42.4,33.4,,38.3,36.5,,no,10.7,,,,,237.0,258.0,6.2,,2.0,4,50000,6,70000,38.7,https://www.edmunds.com/cadillac/ct4/2026/sport/features-specs/,,17.0,model-specific,
Cadillac,CT4,V,2026,yes,Sedan,4.0,5.0,RWD,Gas,50600.0,1795.0,52395.0,20.0,29.0,23.0,391.0,,,42.4,33.4,,38.3,36.5,,no,10.7,,,,,325.0,380.0,4.8,156.0,2.0,4,50000,6,70000,38.7,https://www.edmunds.com/cadillac/ct4/2026/v/features-specs/,,17.0,model-specific,
Cadillac,CT4,V Blackwing,2026,yes,Sedan,4.0,5.0,RWD,Gas,63600.0,1795.0,65395.0,15.0,23.0,18.0,306.0,,,42.4,33.4,,38.3,36.5,,no,10.7,,,,,472.0,445.0,4.1,189.0,2.0,4,50000,6,70000,38.7,https://www.edmunds.com/cadillac/ct4/2026/v-blackwing/features-specs/,,17.0,model-specific,
Cadillac,CT5,Premium Luxury,2026,no,Sedan,4.0,5.0,RWD,Gas,48600.0,1795.0,50395.0,22.0,31.0,26.0,442.0,5.0,,42.4,37.9,,39.0,36.6,,no,11.9,,,,,237.0,258.0,6.6,,2.0,4,50000,6,70000,41.5,https://www.edmunds.com/cadillac/ct5/2026/premium-luxury/features-specs/,NHTSA,17.0,model-specific,
Cadillac,CT5,Sport,2026,no,Sedan,4.0,5.0,RWD,Gas,49600.0,1795.0,51395.0,22.0,31.0,26.0,442.0,5.0,,42.4,37.9,,39.0,36.6,,no,11.9,,,,,237.0,258.0,6.6,,2.0,4,50000,6,70000,41.5,https://www.edmunds.com/cadillac/ct5/2026/sport/features-specs/,NHTSA,17.0,model-specific,
Cadillac,CT5,V,2026,yes,Sedan,4.0,5.0,RWD,Gas,57600.0,1795.0,59395.0,18.0,27.0,21.0,357.0,5.0,,42.4,37.9,,39.0,36.6,,no,11.9,,,,,360.0,405.0,4.8,,2.0,4,50000,6,70000,41.5,https://www.edmunds.com/cadillac/ct5/2026/v/features-specs/,NHTSA,17.0,model-specific,
Cadillac,CT5,V Blackwing,2026,yes,Sedan,4.0,5.0,RWD,Gas,97600.0,1795.0,99395.0,13.0,20.0,15.0,255.0,5.0,,42.4,37.9,,39.0,36.6,,no,11.9,,,,,668.0,659.0,3.4,200.0,2.0,4,50000,6,70000,41.5,https://www.edmunds.com/cadillac/ct5/2026/v-blackwing/features-specs/,NHTSA,17.0,model-specific,
Cadillac,XT5,Luxury,2026,no,SUV,4.0,5.0,FWD,Gas,44800.0,1795.0,46595.0,22.0,29.0,24.0,528.0,5.0,,41.2,39.0,,39.7,38.4,,no,30.0,63.0,3500.0,,,235.0,258.0,7.6,,3.0,4,50000,6,70000,53.7,https://www.edmunds.com/cadillac/xt5/2026/luxury/features-specs/,NHTSA,22.0,model-specific,
Cadillac,XT5,Luxury,2026,no,SUV,4.0,5.0,AWD,Gas,46800.0,1795.0,48595.0,21.0,27.0,23.0,506.0,5.0,,41.2,39.0,,39.7,38.4,,no,30.0,63.0,3500.0,,,235.0,258.0,,,3.0,4,50000,6,70000,53.7,https://www.edmunds.com/cadillac/xt5/2026/luxury/features-specs/,NHTSA,22.0,model-specific,
Cadillac,XT5,Premium Luxury,2026,no,SUV,4.0,5.0,FWD,Gas,53500.0,1795.0,55295.0,22.0,29.0,24.0,528.0,5.0,,41.2,39.0,,37.9,36.6,,no,30.0,63.0,3500.0,,,235.0,258.0,7.6,,3.0,4,50000,6,70000,53.7,https://www.edmunds.com/cadillac/xt5/2026/premium-luxury/features-specs/,NHTSA,22.0,model-specific,
Cadillac,XT5,Premium Luxury,2026,no,SUV,4.0,5.0,AWD,Gas,55600.0,1795.0,57395.0,21.0,27.0,23.0,506.0,5.0,,41.2,39.0,,37.9,36.6,,no,30.0,63.0,3500.0,,,235.0,258.0,,,3.0,4,50000,6,70000,53.7,https://www.edmunds.com/cadillac/xt5/2026/premium-luxury/features-specs/,NHTSA,22.0,model-specific,
Cadillac,XT5,Sport,2026,no,SUV,4.0,5.0,AWD,Gas,62800.0,1795.0,64595.0,18.0,26.0,21.0,462.0,5.0,,41.2,39.0,,37.9,36.6,,no,30.0,63.0,3500.0,,,310.0,271.0,6.1,,3.0,4,50000,6,70000,53.7,https://www.edmunds.com/cadillac/xt5/2026/st-402079185/features-specs/,NHTSA,22.0,model-specific,
Cadillac,Escalade,Base,2026,no,SUV,4.0,7.0,RWD,Gas,91100.0,2895.0,93995.0,14.0,18.0,16.0,384.0,5.0,,44.5,41.8,34.9,42.3,38.9,38.0,yes,25.5,121.0,7900.0,1580.0,2.5,420.0,460.0,,,4.0,4,50000,6,70000,55.0,https://www.edmunds.com/cadillac/escalade/2026/features-specs/,NHTSA,24.0,model-specific,
Cadillac,Escalade,Base,2026,no,SUV,4.0,7.0,4WD,Gas,94100.0,2895.0,96995.0,14.0,18.0,16.0,384.0,5.0,,44.5,41.8,34.9,42.3,38.9,38.0,yes,25.5,121.0,7900.0,1580.0,2.5,420.0,460.0,6.0,,4.0,4,50000,6,70000,55.0,https://www.edmunds.com/cadillac/escalade/2026/features-specs/,NHTSA,24.0,model-specific,
Cadillac,Escalade,Luxury,2026,no,SUV,4.0,7.0,RWD,Gas,102100.0,2895.0,104995.0,14.0,18.0,16.0,384.0,5.0,,44.5,41.8,34.9,42.3,38.9,38.0,yes,25.5,121.0,7900.0,1580.0,2.5,420.0,460.0,,,4.0,4,50000,6,70000,55.0,https://www.edmunds.com/cadillac/escalade/2026/luxury/features-specs/,NHTSA,24.0,model-specific,
Cadillac,Escalade,Luxury,2026,no,SUV,4.0,7.0,4WD,Gas,105100.0,2895.0,107995.0,14.0,18.0,16.0,384.0,5.0,,44.5,41.8,34.9,42.3,38.9,38.0,yes,25.5,121.0,7900.0,1580.0,2.5,420.0,460.0,6.0,,4.0,4,50000,6,70000,55.0,https://www.edmunds.com/cadillac/escalade/2026/luxury/features-specs/,NHTSA,24.0,model-specific,
Cadillac,Escalade,Sport,2026,no,SUV,4.0,7.0,RWD,Gas,102700.0,2895.0,105595.0,14.0,18.0,16.0,384.0,5.0,,44.5,41.8,34.9,42.3,38.9,38.0,yes,25.5,121.0,7900.0,1580.0,2.5,420.0,460.0,,,4.0,4,50000,6,70000,55.0,https://www.edmunds.com/cadillac/escalade/2026/sport/features-specs/,NHTSA,24.0,model-specific,
Cadillac,Escalade,Sport,2026,no,SUV,4.0,7.0,4WD,Gas,105700.0,2895.0,108595.0,14.0,18.0,16.0,384.0,5.0,,44.5,41.8,34.9,42.3,38.9,38.0,yes,25.5,121.0,7900.0,1580.0,2.5,420.0,460.0,6.0,,4.0,4,50000,6,70000,55.0,https://www.edmunds.com/cadillac/escalade/2026/sport/features-specs/,NHTSA,24.0,model-specific,
Cadillac,Escalade,Platinum Luxury,2026,no,SUV,4.0,7.0,RWD,Gas,119900.0,2895.0,122795.0,14.0,18.0,16.0,384.0,5.0,,44.5,41.8,34.9,42.3,38.9,38.0,yes,25.5,121.0,7900.0,1580.0,2.5,420.0,460.0,,,4.0,4,50000,6,70000,55.0,https://www.edmunds.com/cadillac/escalade/2026/platinum-luxury/features-specs/,NHTSA,24.0,model-specific,
Cadillac,Escalade,Platinum Luxury,2026,no,SUV,4.0,7.0,4WD,Gas,122900.0,2895.0,125795.0,14.0,18.0,16.0,384.0,5.0,,44.5,41.8,34.9,42.3,38.9,38.0,yes,25.5,121.0,7900.0,1580.0,2.5,420.0,460.0,6.0,,4.0,4,50000,6,70000,55.0,https://www.edmunds.com/cadillac/escalade/2026/platinum-luxury/features-specs/,NHTSA,24.0,model-specific,
Cadillac,Escalade,Platinum Sport,2026,no,SUV,4.0,7.0,RWD,Gas,120400.0,2895.0,123295.0,14.0,18.0,16.0,384.0,5.0,,44.5,41.8,34.9,42.3,38.9,38.0,yes,25.5,121.0,7900.0,1580.0,2.5,420.0,460.0,,,4.0,4,50000,6,70000,55.0,https://www.edmunds.com/cadillac/escalade/2026/platinum-sport/features-specs/,NHTSA,24.0,model-specific,
Cadillac,Escalade,Platinum Sport,2026,no,SUV,4.0,7.0,4WD,Gas,123400.0,2895.0,126295.0,14.0,18.0,16.0,384.0,5.0,,44.5,41.8,34.9,42.3,38.9,38.0,yes,25.5,121.0,7900.0,1580.0,2.5,420.0,460.0,6.0,,4.0,4,50000,6,70000,55.0,https://www.edmunds.com/cadillac/escalade/2026/platinum-sport/features-specs/,NHTSA,24.0,model-specific,
Cadillac,Escalade,V,2026,yes,SUV,4.0,7.0,AWD,Gas,168000.0,2895.0,170895.0,11.0,17.0,13.0,312.0,5.0,,44.5,41.8,34.9,42.3,38.9,38.0,yes,25.5,121.0,7200.0,1300.0,2.5,682.0,653.0,4.3,,4.0,4,50000,6,70000,55.0,https://www.edmunds.com/cadillac/escalade/2026/v/features-specs/,NHTSA,24.0,model-specific,
Cadillac,Escalade ESV,Base,2026,no,SUV,4.0,7.0,RWD,Gas,94100.0,2895.0,96995.0,14.0,18.0,16.0,448.0,5.0,,44.5,41.8,36.7,42.3,38.9,38.0,yes,41.5,142.2,7300.0,1500.0,2.5,420.0,460.0,,,4.0,4,50000,6,70000,57.8,https://www.edmunds.com/cadillac/escalade-esv/2026/features-specs/,NHTSA,28.0,model-specific,
Cadillac,Escalade ESV,Base,2026,no,SUV,4.0,7.0,4WD,Gas,97100.0,2895.0,99995.0,14.0,18.0,16.0,448.0,5.0,,44.5,41.8,36.7,42.3,38.9,38.0,yes,41.5,142.2,7300.0,1500.0,2.5,420.0,460.0,6.0,,4.0,4,50000,6,70000,57.8,https://www.edmunds.com/cadillac/escalade-esv/2026/features-specs/,NHTSA,28.0,model-specific,
Cadillac,Escalade ESV,Luxury,2026,no,SUV,4.0,7.0,RWD,Gas,105100.0,2895.0,107995.0,14.0,18.0,16.0,448.0,5.0,,44.5,41.8,36.7,42.3,38.9,38.0,yes,41.5,142.2,7300.0,1500.0,2.5,420.0,460.0,,,4.0,4,50000,6,70000,57.8,https://www.edmunds.com/cadillac/escalade-esv/2026/luxury/features-specs/,NHTSA,28.0,model-specific,
Cadillac,Escalade ESV,Luxury,2026,no,SUV,4.0,7.0,4WD,Gas,108100.0,2895.0,110995.0,14.0,18.0,16.0,448.0,5.0,,44.5,41.8,36.7,42.3,38.9,38.0,yes,41.5,142.2,7300.0,1500.0,2.5,420.0,460.0,6.0,,4.0,4,50000,6,70000,57.8,https://www.edmunds.com/cadillac/escalade-esv/2026/luxury/features-specs/,NHTSA,28.0,model-specific,
Cadillac,Escalade ESV,Sport,2026,no,SUV,4.0,7.0,RWD,Gas,105700.0,2895.0,108595.0,14.0,18.0,16.0,448.0,5.0,,44.5,41.8,36.7,42.3,38.9,38.0,yes,41.5,142.2,7300.0,1500.0,2.5,420.0,460.0,,,4.0,4,50000,6,70000,57.8,https://www.edmunds.com/cadillac/escalade-esv/2026/sport/features-specs/,NHTSA,28.0,model-specific,
Cadillac,Escalade ESV,Sport,2026,no,SUV,4.0,7.0,4WD,Gas,108700.0,2895.0,111595.0,14.0,18.0,16.0,448.0,5.0,,44.5,41.8,36.7,42.3,38.9,38.0,yes,41.5,142.2,7300.0,1500.0,2.5,420.0,460.0,6.0,,4.0,4,50000,6,70000,57.8,https://www.edmunds.com/cadillac/escalade-esv/2026/sport/features-specs/,NHTSA,28.0,model-specific,
Cadillac,Escalade ESV,Platinum Luxury,2026,no,SUV,4.0,7.0,RWD,Gas,122900.0,2895.0,125795.0,14.0,18.0,16.0,448.0,5.0,,44.5,41.8,36.7,42.3,38.9,38.0,yes,41.5,142.2,7300.0,1500.0,2.5,420.0,460.0,,,4.0,4,50000,6,70000,57.8,https://www.edmunds.com/cadillac/escalade-esv/2026/platinum-luxury/features-specs/,NHTSA,28.0,model-specific,
Cadillac,Escalade ESV,Platinum Luxury,2026,no,SUV,4.0,7.0,4WD,Gas,125900.0,2895.0,128795.0,14.0,18.0,16.0,448.0,5.0,,44.5,41.8,36.7,42.3,38.9,38.0,yes,41.5,142.2,7300.0,1500.0,2.5,420.0,460.0,6.0,,4.0,4,50000,6,70000,57.8,https://www.edmunds.com/cadillac/escalade-esv/2026/platinum-luxury/features-specs/,NHTSA,28.0,model-specific,
Cadillac,Escalade ESV,Platinum Sport,2026,no,SUV,4.0,7.0,RWD,Gas,123400.0,2895.0,126295.0,14.0,18.0,16.0,448.0,5.0,,44.5,41.8,36.7,42.3,38.9,38.0,yes,41.5,142.2,7300.0,1500.0,2.5,420.0,460.0,,,4.0,4,50000,6,70000,57.8,https://www.edmunds.com/cadillac/escalade-esv/2026/platinum-sport/features-specs/,NHTSA,28.0,model-specific,
Cadillac,Escalade ESV,Platinum Sport,2026,no,SUV,4.0,7.0,4WD,Gas,126400.0,2895.0,129295.0,14.0,18.0,16.0,448.0,5.0,,44.5,41.8,36.7,42.3,38.9,38.0,yes,41.5,142.2,7300.0,1500.0,2.5,420.0,460.0,6.0,,4.0,4,50000,6,70000,57.8,https://www.edmunds.com/cadillac/escalade-esv/2026/platinum-sport/features-specs/,NHTSA,28.0,model-specific,
Cadillac,Escalade ESV,V,2026,yes,SUV,4.0,7.0,AWD,Gas,171000.0,2895.0,173895.0,11.0,17.0,13.0,364.0,5.0,,44.5,41.8,36.7,42.3,38.9,38.0,yes,41.5,142.2,7000.0,1140.0,2.5,682.0,653.0,4.3,,4.0,4,50000,6,70000,57.8,https://www.edmunds.com/cadillac/escalade-esv/2026/v/features-specs/,NHTSA,28.0,model-specific,
Cadillac,Escalade IQ,Luxury,2026,no,SUV,4.0,7.0,AWD,EV,127405.0,2895.0,130300.0,,,,460.0,,,45.2,41.3,32.3,43.5,39.9,37.0,yes,23.6,119.1,8000.0,,,750.0,785.0,4.7,,4.0,4,50000,6,70000,71.5,https://www.edmunds.com/cadillac/escalade-iq/2026/luxury/features-specs/,,,model-specific,
Cadillac,Escalade IQ,Sport,2026,no,SUV,4.0,7.0,AWD,EV,127905.0,2895.0,130800.0,,,,460.0,,,45.2,41.3,32.3,43.5,39.9,37.0,yes,23.6,119.1,8000.0,,,750.0,785.0,4.7,,4.0,4,50000,6,70000,71.5,https://www.edmunds.com/cadillac/escalade-iq/2026/sport/features-specs/,,,model-specific,
Cadillac,Escalade IQ,Premium Luxury,2026,no,SUV,4.0,7.0,AWD,EV,147705.0,2895.0,150600.0,,,,460.0,,,45.2,41.3,32.3,43.5,39.9,37.0,yes,23.6,119.1,8000.0,,,750.0,785.0,4.7,,4.0,4,50000,6,70000,71.5,https://www.edmunds.com/cadillac/escalade-iq/2026/premium-luxury/features-specs/,,,model-specific,
Cadillac,Escalade IQ,Premium Sport,2026,no,SUV,4.0,7.0,AWD,EV,148205.0,2895.0,151100.0,,,,460.0,,,45.2,41.3,32.3,43.5,39.9,37.0,yes,23.6,119.1,8000.0,,,750.0,785.0,4.7,,4.0,4,50000,6,70000,71.5,https://www.edmunds.com/cadillac/escalade-iq/2026/premium-sport/features-specs/,,,model-specific,
Cadillac,Escalade IQL,Luxury,2026,no,SUV,4.0,7.0,AWD,EV,130405.0,2895.0,133300.0,,,,460.0,,,45.2,41.4,36.7,43.5,40.6,38.0,yes,24.2,125.2,7500.0,,,750.0,785.0,4.7,,4.0,4,50000,6,70000,71.5,https://www.edmunds.com/cadillac/escalade-iql/2026/luxury/features-specs/,,,model-specific,
Cadillac,Escalade IQL,Sport,2026,no,SUV,4.0,7.0,AWD,EV,130905.0,2895.0,133800.0,,,,460.0,,,45.2,41.4,36.7,43.5,40.6,38.0,yes,24.2,125.2,7500.0,,,750.0,785.0,4.7,,4.0,4,50000,6,70000,71.5,https://www.edmunds.com/cadillac/escalade-iql/2026/sport/features-specs/,,,model-specific,
Cadillac,Escalade IQL,Premium Luxury,2026,no,SUV,4.0,7.0,AWD,EV,150705.0,2895.0,153600.0,,,,460.0,,,45.2,41.4,36.7,43.5,40.6,38.0,yes,24.2,125.2,7500.0,,,750.0,785.0,4.7,,4.0,4,50000,6,70000,71.5,https://www.edmunds.com/cadillac/escalade-iql/2026/premium-luxury/features-specs/,,,model-specific,
Cadillac,Escalade IQL,Premium Sport,2026,no,SUV,4.0,7.0,AWD,EV,151205.0,2895.0,154100.0,,,,460.0,,,45.2,41.4,36.7,43.5,40.6,38.0,yes,24.2,125.2,7500.0,,,750.0,785.0,4.7,,4.0,4,50000,6,70000,71.5,https://www.edmunds.com/cadillac/escalade-iql/2026/premium-sport/features-specs/,,,model-specific,
Cadillac,Lyriq,Luxury,2026,no,SUV,4.0,5.0,RWD,EV,59200.0,1795.0,60995.0,100.0,83.0,92.0,326.0,5.0,,44.3,39.6,,38.6,37.7,,no,28.0,60.8,3500.0,,,340.0,325.0,5.7,,3.0,4,50000,6,70000,69.6,https://www.edmunds.com/cadillac/lyriq/2026/st-402053727/features-specs/,NHTSA,,model-specific,
Cadillac,Lyriq,Sport,2026,no,SUV,4.0,5.0,RWD,EV,59700.0,1795.0,61495.0,100.0,83.0,92.0,326.0,5.0,,44.3,39.6,,38.6,37.7,,no,28.0,60.8,3500.0,,,340.0,325.0,5.7,,3.0,4,50000,6,70000,69.6,https://www.edmunds.com/cadillac/lyriq/2026/features-specs/,NHTSA,,model-specific,
Cadillac,Lyriq,Premium Luxury,2026,no,SUV,4.0,5.0,RWD,EV,63200.0,1795.0,64995.0,100.0,83.0,92.0,326.0,5.0,,44.3,39.6,,38.6,37.7,,no,28.0,60.8,3500.0,,,340.0,325.0,5.7,,3.0,4,50000,6,70000,69.6,https://www.edmunds.com/cadillac/lyriq/2026/st-402072901/features-specs/,NHTSA,,model-specific,
Cadillac,Lyriq,Premium Sport,2026,no,SUV,4.0,5.0,RWD,EV,63700.0,1795.0,65495.0,100.0,83.0,92.0,326.0,5.0,,44.3,39.6,,38.6,37.7,,no,28.0,60.8,3500.0,,,340.0,325.0,5.7,,3.0,4,50000,6,70000,69.6,https://www.edmunds.com/cadillac/lyriq/2026/st-402072899/features-specs/,NHTSA,,model-specific,
Cadillac,Lyriq,Signature Luxury,2026,no,SUV,4.0,5.0,RWD,EV,67800.0,1795.0,69595.0,100.0,83.0,92.0,326.0,5.0,,44.3,39.6,,38.6,37.7,,no,28.0,60.8,3500.0,,,340.0,325.0,5.7,,3.0,4,50000,6,70000,69.6,https://www.edmunds.com/cadillac/lyriq/2026/st-402072902/features-specs/,NHTSA,,model-specific,
Cadillac,Lyriq,Signature Sport,2026,no,SUV,4.0,5.0,RWD,EV,68300.0,1795.0,70095.0,100.0,83.0,92.0,326.0,5.0,,44.3,39.6,,38.6,37.7,,no,28.0,60.8,3500.0,,,340.0,325.0,5.7,,3.0,4,50000,6,70000,69.6,https://www.edmunds.com/cadillac/lyriq/2026/features-specs/,NHTSA,,model-specific,
Cadillac,Lyriq,V,2026,yes,SUV,4.0,5.0,AWD,EV,78595.0,1795.0,80390.0,87.0,72.0,80.0,285.0,5.0,,44.3,39.6,,38.6,37.7,,no,28.0,60.8,3500.0,,,615.0,650.0,3.3,,3.0,4,50000,6,70000,69.6,https://www.edmunds.com/cadillac/lyriq/2026/v/features-specs/,NHTSA,,model-specific,
Cadillac,Lyriq,V Premium,2026,yes,SUV,4.0,5.0,AWD,EV,83795.0,1795.0,85590.0,87.0,72.0,80.0,285.0,5.0,,44.3,39.6,,38.6,37.7,,no,28.0,60.8,3500.0,,,615.0,650.0,3.3,,3.0,4,50000,6,70000,69.6,https://www.edmunds.com/cadillac/lyriq/2026/v-premium/st-402072905/features-specs/,NHTSA,,model-specific,
Cadillac,Vistiq,Luxury,2026,no,SUV,4.0,7.0,AWD,EV,77395.0,1995.0,79390.0,93.0,78.0,86.0,305.0,,,43.1,40.2,30.6,40.9,39.0,40.0,yes,15.2,80.2,5000.0,,,615.0,650.0,3.7,,3.0,4,50000,6,70000,69.6,https://www.edmunds.com/cadillac/vistiq/2026/st-402019394/features-specs/,,,model-specific,
Cadillac,Vistiq,Sport,2026,no,SUV,4.0,7.0,AWD,EV,77895.0,1995.0,79890.0,93.0,78.0,86.0,305.0,,,43.1,40.2,30.6,40.9,39.0,40.0,yes,15.2,80.2,5000.0,,,615.0,650.0,3.7,,3.0,4,50000,6,70000,69.6,https://www.edmunds.com/cadillac/vistiq/2026/st-402070708/features-specs/,,,model-specific,
Cadillac,Vistiq,Premium Luxury,2026,no,SUV,4.0,7.0,AWD,EV,91895.0,1995.0,93890.0,93.0,78.0,86.0,305.0,,,43.1,40.2,30.6,40.9,39.0,40.0,yes,15.2,80.2,5000.0,,,615.0,650.0,3.7,,3.0,4,50000,6,70000,69.6,https://www.edmunds.com/cadillac/vistiq/2026/st-402070707/features-specs/,,,model-specific,
Cadillac,Vistiq,Platinum,2026,no,SUV,4.0,7.0,AWD,EV,96495.0,1995.0,98490.0,93.0,78.0,86.0,305.0,,,43.1,40.2,30.6,40.9,39.0,40.0,yes,15.2,80.2,5000.0,,,615.0,650.0,3.7,,3.0,4,50000,6,70000,69.6,https://www.edmunds.com/cadillac/vistiq/2026/st-402070706/features-specs/,,,model-specific,
Cadillac,Optiq,Luxury,2026,no,SUV,4.0,5.0,RWD,EV,50900.0,1795.0,52695.0,117.0,93.0,105.0,317.0,,,41.6,37.8,,39.6,38.7,,no,26.0,57.0,1500.0,,,315.0,332.0,,,2.0,4,50000,6,70000,65.9,https://www.edmunds.com/cadillac/optiq/2026/features-specs/,,,model-specific,
Cadillac,Optiq,Sport,2026,no,SUV,4.0,5.0,RWD,EV,51500.0,1795.0,53295.0,117.0,93.0,105.0,317.0,,,41.6,37.8,,39.6,38.7,,no,26.0,57.0,1500.0,,,315.0,332.0,,,2.0,4,50000,6,70000,65.9,https://www.edmunds.com/cadillac/optiq/2026/features-specs/,,,model-specific,
Cadillac,Optiq,Premium Luxury,2026,no,SUV,4.0,5.0,RWD,EV,53100.0,1795.0,54895.0,117.0,93.0,105.0,317.0,,,41.6,37.8,,39.6,38.7,,no,26.0,57.0,1500.0,,,315.0,332.0,,,2.0,4,50000,6,70000,65.9,https://www.edmunds.com/cadillac/optiq/2026/st-402077655/features-specs/,,,model-specific,
Cadillac,Optiq,Premium Sport,2026,no,SUV,4.0,5.0,RWD,EV,53600.0,1795.0,55395.0,117.0,93.0,105.0,317.0,,,41.6,37.8,,39.6,38.7,,no,26.0,57.0,1500.0,,,315.0,332.0,,,2.0,4,50000,6,70000,65.9,https://www.edmunds.com/cadillac/optiq/2026/st-402077658/features-specs/,,,model-specific,
Cadillac,Optiq,V,2026,yes,SUV,4.0,5.0,AWD,EV,67300.0,1795.0,69095.0,103.0,81.0,92.0,317.0,,,41.6,37.8,,39.6,38.7,,no,26.0,57.0,1500.0,,,519.0,650.0,3.5,,2.0,4,50000,6,70000,65.9,https://www.edmunds.com/cadillac/optiq/2026/v/features-specs/,,,model-specific,
Lincoln,Corsair,Premiere,2026,no,SUV,4.0,5.0,FWD,Gas,39985.0,,39985.0,22.0,30.0,25.0,405.0,5.0,,43.2,38.6,,39.5,38.7,,no,27.6,57.6,3000.0,,3.0,250.0,275.0,6.1,,0.0,4,50000,6,70000,46.0,https://www.edmunds.com/lincoln/corsair/2026/features-specs/,NHTSA,,model-specific,
Lincoln,Corsair,Premiere,2026,no,SUV,4.0,5.0,AWD,Gas,42285.0,,42285.0,,,,,5.0,,43.2,38.6,,39.5,38.7,,no,27.6,57.6,3000.0,,3.0,250.0,275.0,6.1,,0.0,4,50000,6,70000,46.0,https://www.edmunds.com/lincoln/corsair/2026/features-specs/,NHTSA,16.2,model-specific,
Lincoln,Corsair,Reserve,2026,no,SUV,4.0,5.0,FWD,Gas,47640.0,,47640.0,22.0,30.0,25.0,405.0,5.0,,43.2,38.6,,39.5,38.7,,no,27.6,57.6,3000.0,,3.0,250.0,275.0,6.1,,0.0,4,50000,6,70000,46.0,https://www.edmunds.com/lincoln/corsair/2026/features-specs/,NHTSA,,model-specific,
Lincoln,Corsair,Reserve,2026,no,SUV,4.0,5.0,AWD,Gas,49940.0,,49940.0,,,,,5.0,,43.2,38.6,,39.5,38.7,,no,27.6,57.6,3000.0,,3.0,250.0,275.0,6.1,,0.0,4,50000,6,70000,46.0,https://www.edmunds.com/lincoln/corsair/2026/features-specs/,NHTSA,16.2,model-specific,
Lincoln,Corsair,Grand Touring,2026,no,SUV,4.0,5.0,AWD,PHEV,54365.0,,54365.0,,,,,5.0,,43.2,38.6,,39.5,38.7,,no,27.6,56.2,3000.0,,3.0,266.0,,6.2,,1.0,4,50000,6,70000,46.0,https://www.edmunds.com/lincoln/corsair/2026/features-specs/,NHTSA,,model-specific,
Lincoln,Nautilus,Premiere,2026,no,SUV,4.0,5.0,AWD,Gas,53995.0,2295.0,56290.0,21.0,29.0,24.0,480.0,5.0,,43.5,43.1,,39.6,39.8,,no,36.4,71.3,1750.0,,3.0,250.0,280.0,7.3,126.0,3.0,4,50000,6,70000,55.0,https://www.edmunds.com/lincoln/nautilus/2026/features-specs/,NHTSA,,model-specific,
Lincoln,Nautilus,Premiere,2026,no,SUV,4.0,5.0,AWD,Hybrid,56995.0,2295.0,59290.0,,,30.0,,5.0,,43.5,43.1,,39.6,39.8,,no,36.4,71.3,,,3.0,310.0,295.0,6.6,126.0,3.0,4,50000,6,70000,55.0,https://www.edmunds.com/lincoln/nautilus/2026/features-specs/,NHTSA,,model-specific,
Lincoln,Nautilus,Reserve,2026,no,SUV,4.0,5.0,AWD,Gas,63595.0,2295.0,65890.0,21.0,29.0,24.0,480.0,5.0,,43.5,43.1,,39.6,39.8,,no,36.4,71.3,1750.0,,3.0,250.0,280.0,7.3,126.0,3.0,4,50000,6,70000,55.0,https://www.edmunds.com/lincoln/nautilus/2026/features-specs/,NHTSA,,model-specific,
Lincoln,Nautilus,Reserve,2026,no,SUV,4.0,5.0,AWD,Hybrid,66595.0,2295.0,68890.0,,,30.0,,5.0,,43.5,43.1,,39.6,39.8,,no,36.4,71.3,,,3.0,310.0,295.0,6.6,126.0,3.0,4,50000,6,70000,55.0,https://www.edmunds.com/lincoln/nautilus/2026/features-specs/,NHTSA,,model-specific,
Lincoln,Nautilus,Black Label,2026,no,SUV,4.0,5.0,AWD,Gas,77660.0,2295.0,79955.0,21.0,29.0,24.0,480.0,5.0,,43.5,43.1,,39.6,39.8,,no,36.4,71.3,1750.0,,3.0,250.0,280.0,7.3,126.0,3.0,4,50000,6,70000,55.0,https://www.edmunds.com/lincoln/nautilus/2026/features-specs/,NHTSA,,model-specific,
Lincoln,Nautilus,Black Label,2026,no,SUV,4.0,5.0,AWD,Hybrid,80660.0,2295.0,82955.0,,,30.0,,5.0,,43.5,43.1,,39.6,39.8,,no,36.4,71.3,,,3.0,310.0,295.0,6.6,126.0,3.0,4,50000,6,70000,55.0,https://www.edmunds.com/lincoln/nautilus/2026/features-specs/,NHTSA,,model-specific,
Lincoln,Aviator,Premiere,2026,no,SUV,4.0,6.0,RWD,Gas,56910.0,,56910.0,17.0,25.0,20.0,404.0,5.0,140.6,43.0,40.2,29.0,40.2,38.4,37.0,yes,19.2,78.6,5000.0,,3.0,400.0,415.0,5.6,145.0,3.0,4,50000,6,70000,58.0,https://www.edmunds.com/lincoln/aviator/2026/features-specs/,NHTSA,,model-specific,
Lincoln,Aviator,Premiere,2026,no,SUV,4.0,6.0,AWD,Gas,59410.0,,59410.0,17.0,25.0,20.0,404.0,5.0,140.6,43.0,40.2,29.0,40.2,38.4,37.0,yes,19.2,78.6,5000.0,,3.0,400.0,415.0,5.6,145.0,3.0,4,50000,6,70000,58.0,https://www.edmunds.com/lincoln/aviator/2026/features-specs/,NHTSA,,model-specific,
Lincoln,Aviator,Reserve,2026,no,SUV,4.0,6.0,RWD,Gas,66730.0,,66730.0,17.0,25.0,20.0,404.0,5.0,140.6,43.0,40.2,29.0,40.2,38.4,37.0,yes,19.2,78.6,5000.0,,3.0,400.0,415.0,5.6,145.0,3.0,4,50000,6,70000,58.0,https://www.edmunds.com/lincoln/aviator/2026/features-specs/,NHTSA,,model-specific,
Lincoln,Aviator,Reserve,2026,no,SUV,4.0,6.0,AWD,Gas,69230.0,,69230.0,17.0,25.0,20.0,404.0,5.0,140.6,43.0,40.2,29.0,40.2,38.4,37.0,yes,19.2,78.6,5000.0,,3.0,400.0,415.0,5.6,145.0,3.0,4,50000,6,70000,58.0,https://www.edmunds.com/lincoln/aviator/2026/features-specs/,NHTSA,,model-specific,
Lincoln,Aviator,Black Label,2026,no,SUV,4.0,6.0,AWD,Gas,85910.0,,85910.0,17.0,25.0,20.0,404.0,5.0,140.6,43.0,40.2,29.0,40.2,38.4,37.0,yes,19.2,78.6,5000.0,,3.0,400.0,415.0,5.6,145.0,3.0,4,50000,6,70000,58.0,https://www.edmunds.com/lincoln/aviator/2026/features-specs/,NHTSA,,model-specific,
Lincoln,Navigator,Premiere,2026,no,SUV,4.0,7.0,4WD,Gas,91995.0,,91995.0,15.0,22.0,17.0,401.0,5.0,195.0,43.5,42.0,44.0,38.3,37.9,37.0,yes,22.9,107.0,8700.0,,3.0,432.0,510.0,5.2,115.0,3.0,4,50000,6,70000,60.0,https://www.edmunds.com/lincoln/navigator/2026/features-specs/,NHTSA,,model-specific,
Lincoln,Navigator L,Premiere,2026,no,SUV,4.0,7.0,4WD,Gas,94995.0,,94995.0,15.0,22.0,17.0,401.0,5.0,195.0,43.5,42.0,44.0,38.3,37.9,37.0,yes,22.9,107.0,8700.0,,3.0,432.0,510.0,5.2,115.0,3.0,4,50000,6,70000,60.0,https://www.edmunds.com/lincoln/navigator/2026/features-specs/,NHTSA,,model-specific,
Lincoln,Navigator,Reserve,2026,no,SUV,4.0,7.0,4WD,Gas,101995.0,,101995.0,15.0,22.0,17.0,401.0,5.0,195.0,43.5,42.0,44.0,38.3,37.9,37.0,yes,22.9,107.0,8700.0,,3.0,432.0,510.0,5.2,115.0,3.0,4,50000,6,70000,60.0,https://www.edmunds.com/lincoln/navigator/2026/features-specs/,NHTSA,,model-specific,
Lincoln,Navigator L,Reserve,2026,no,SUV,4.0,7.0,4WD,Gas,104995.0,,104995.0,15.0,22.0,17.0,401.0,5.0,195.0,43.5,42.0,44.0,38.3,37.9,37.0,yes,22.9,107.0,8700.0,,3.0,432.0,510.0,5.2,115.0,3.0,4,50000,6,70000,60.0,https://www.edmunds.com/lincoln/navigator/2026/features-specs/,NHTSA,,model-specific,
Lincoln,Navigator,Black Label,2026,no,SUV,4.0,7.0,4WD,Gas,119525.0,,119525.0,15.0,22.0,17.0,401.0,5.0,195.0,43.5,42.0,44.0,38.3,37.9,37.0,yes,22.9,107.0,8700.0,,3.0,432.0,510.0,5.2,115.0,3.0,4,50000,6,70000,60.0,https://www.edmunds.com/lincoln/navigator/2026/features-specs/,NHTSA,,model-specific,
Lincoln,Navigator L,Black Label,2026,no,SUV,4.0,7.0,4WD,Gas,122525.0,,122525.0,15.0,22.0,17.0,401.0,5.0,195.0,43.5,42.0,44.0,38.3,37.9,37.0,yes,22.9,107.0,8700.0,,3.0,432.0,510.0,5.2,115.0,3.0,4,50000,6,70000,60.0,https://www.edmunds.com/lincoln/navigator/2026/features-specs/,NHTSA,,model-specific,
Infiniti,QX60,Pure FWD,2026,no,SUV,4.0,7.0,FWD,Gas,51590.0,1350.0,52940.0,,,24.0,444.0,5.0,,42.1,37.7,28.0,41.0,37.5,36.0,yes,14.5,75.4,6000.0,,3.5,268.0,286.0,7.8,,4.0,4,60000,6,70000,63.0,https://www.edmunds.com/infiniti/qx60/2026/,NHTSA,18.5,model-specific,
Infiniti,QX60,Pure AWD,2026,no,SUV,4.0,7.0,AWD,Gas,53690.0,1350.0,55040.0,22.0,27.0,24.0,444.0,5.0,,42.1,37.7,28.0,41.0,37.5,36.0,yes,14.5,75.4,6000.0,,3.5,268.0,286.0,7.8,,4.0,4,60000,6,70000,63.0,https://www.edmunds.com/infiniti/qx60/2026/,NHTSA,18.5,model-specific,
Infiniti,QX60,Luxe FWD,2026,no,SUV,4.0,7.0,FWD,Gas,56990.0,1350.0,58340.0,,,24.0,444.0,5.0,,42.1,37.7,28.0,41.0,37.5,36.0,yes,14.5,75.4,6000.0,,3.5,268.0,286.0,7.8,,4.0,4,60000,6,70000,63.0,https://www.edmunds.com/infiniti/qx60/2026/,NHTSA,18.5,model-specific,
Infiniti,QX60,Luxe AWD,2026,no,SUV,4.0,7.0,AWD,Gas,59090.0,1350.0,60440.0,22.0,27.0,24.0,444.0,5.0,,42.1,37.7,28.0,41.0,37.5,36.0,yes,14.5,75.4,6000.0,,3.5,268.0,286.0,7.8,,4.0,4,60000,6,70000,63.0,https://www.edmunds.com/infiniti/qx60/2026/,NHTSA,18.5,model-specific,
Infiniti,QX60,Sport AWD,2026,no,SUV,4.0,7.0,AWD,Gas,62190.0,1350.0,63540.0,,,24.0,444.0,5.0,,42.1,37.7,28.0,41.0,37.5,36.0,yes,14.5,75.4,6000.0,,3.5,268.0,286.0,7.8,,4.0,4,60000,6,70000,63.0,https://www.edmunds.com/infiniti/qx60/2026/,NHTSA,18.5,model-specific,
Infiniti,QX60,Autograph AWD,2026,no,SUV,4.0,7.0,AWD,Gas,66690.0,1350.0,68040.0,,,24.0,444.0,5.0,,42.1,37.7,28.0,41.0,37.5,36.0,yes,14.5,75.4,6000.0,,3.5,268.0,286.0,7.8,,5.0,4,60000,6,70000,63.0,https://www.edmunds.com/infiniti/qx60/2026/,NHTSA,18.5,model-specific,
Infiniti,QX80,Pure RWD,2026,no,SUV,4.0,7.0,RWD,Gas,83750.0,2190.0,85940.0,,,18.0,425.0,4.5,,43.8,39.2,33.0,39.1,37.8,36.0,yes,22.0,101.0,8500.0,,3.5,450.0,516.0,6.8,,3.0,4,60000,6,70000,69.0,https://www.edmunds.com/infiniti/qx80/2026/,IIHS,,model-specific,
Infiniti,QX80,Pure 4WD,2026,no,SUV,4.0,7.0,4WD,Gas,86850.0,2190.0,89040.0,16.0,19.0,17.0,401.0,4.5,,43.8,39.2,33.0,39.1,37.8,36.0,yes,22.0,101.0,8500.0,,3.5,450.0,516.0,6.8,,3.0,4,60000,6,70000,69.0,https://www.edmunds.com/infiniti/qx80/2026/,IIHS,,model-specific,
Infiniti,QX80,Luxe RWD,2026,no,SUV,4.0,7.0,RWD,Gas,90850.0,2190.0,93040.0,,,18.0,425.0,4.5,,43.8,39.2,33.0,39.1,37.8,36.0,yes,22.0,101.0,8500.0,,3.5,450.0,516.0,6.8,,4.0,4,60000,6,70000,69.0,https://www.edmunds.com/infiniti/qx80/2026/,IIHS,,model-specific,
Infiniti,QX80,Luxe 4WD,2026,no,SUV,4.0,7.0,4WD,Gas,93950.0,2190.0,96140.0,16.0,19.0,17.0,401.0,4.5,,43.8,39.2,33.0,39.1,37.8,36.0,yes,22.0,101.0,8500.0,,3.5,450.0,516.0,6.8,,4.0,4,60000,6,70000,69.0,https://www.edmunds.com/infiniti/qx80/2026/,IIHS,,model-specific,
Infiniti,QX80,Sport 4WD,2026,no,SUV,4.0,7.0,4WD,Gas,101950.0,2190.0,104140.0,16.0,19.0,17.0,401.0,4.5,,43.8,39.2,33.0,39.1,37.8,36.0,yes,22.0,101.0,8500.0,,3.5,450.0,516.0,6.8,,4.0,4,60000,6,70000,69.0,https://www.edmunds.com/infiniti/qx80/2026/,IIHS,,model-specific,
Infiniti,QX80,Autograph 4WD,2026,no,SUV,4.0,7.0,4WD,Gas,111500.0,2190.0,113690.0,16.0,19.0,17.0,401.0,4.5,,43.8,39.2,33.0,39.1,37.8,36.0,yes,22.0,101.0,8500.0,,3.5,450.0,516.0,6.8,,5.0,4,60000,6,70000,69.0,https://www.edmunds.com/infiniti/qx80/2026/,IIHS,,model-specific,
Genesis,G70,2.5T,2026,no,Sedan,4.0,5.0,RWD,Gas,43450.0,,43450.0,,,24.0,379.0,,106.4,42.6,34.8,,,38.7,,no,10.5,,,,,300.0,311.0,5.8,,4.0,5,60000,10,100000,45.0,https://www.edmunds.com/genesis/g70/2026/features-specs/,,15.8,model-specific,
Genesis,G70,2.5T,2026,no,Sedan,4.0,5.0,AWD,Gas,45550.0,,45550.0,,,,,,106.4,42.6,34.8,,,38.7,,no,10.5,,,,,300.0,311.0,5.8,,4.0,5,60000,10,100000,45.0,https://www.edmunds.com/genesis/g70/2026/features-specs/,,15.8,model-specific,
Genesis,G70,2.5T Prestige,2026,no,Sedan,4.0,5.0,RWD,Gas,48450.0,,48450.0,,,24.0,379.0,,106.4,42.6,34.8,,,38.7,,no,10.5,,,,,300.0,311.0,5.8,,4.0,5,60000,10,100000,45.0,https://www.edmunds.com/genesis/g70/2026/features-specs/,,15.8,model-specific,
Genesis,G70,2.5T Prestige,2026,no,Sedan,4.0,5.0,AWD,Gas,50450.0,,50450.0,,,,,,106.4,42.6,34.8,,,38.7,,no,10.5,,,,,300.0,311.0,5.8,,4.0,5,60000,10,100000,45.0,https://www.edmunds.com/genesis/g70/2026/features-specs/,,15.8,model-specific,
Genesis,G70,3.3T Sport Prestige,2026,no,Sedan,4.0,5.0,RWD,Gas,53600.0,,53600.0,,,,,,106.4,42.6,34.8,,,38.7,,no,10.5,,,,,368.0,376.0,4.5,168.0,4.0,5,60000,10,100000,45.0,https://www.edmunds.com/genesis/g70/2026/features-specs/,,15.8,model-specific,
Genesis,G70,3.3T Sport Prestige,2026,no,Sedan,4.0,5.0,AWD,Gas,55600.0,,55600.0,17.0,23.0,19.0,300.0,,106.4,42.6,34.8,,,38.7,,no,10.5,,,,,368.0,376.0,4.5,168.0,4.0,5,60000,10,100000,45.0,https://www.edmunds.com/genesis/g70/2026/features-specs/,,15.8,model-specific,
Genesis,G70,3.3T Prestige Graphite,2026,no,Sedan,4.0,5.0,RWD,Gas,56900.0,,56900.0,,,,,,106.4,42.6,34.8,,,38.7,,no,10.5,,,,,368.0,376.0,4.5,168.0,4.0,5,60000,10,100000,45.0,https://www.edmunds.com/genesis/g70/2026/features-specs/,,15.8,model-specific,
Genesis,G70,3.3T Prestige Graphite,2026,no,Sedan,4.0,5.0,AWD,Gas,58900.0,,58900.0,17.0,23.0,19.0,300.0,,106.4,42.6,34.8,,,38.7,,no,10.5,,,,,368.0,376.0,4.5,168.0,4.0,5,60000,10,100000,45.0,https://www.edmunds.com/genesis/g70/2026/features-specs/,,15.8,model-specific,
Genesis,G80,2.5T,2026,no,Sedan,4.0,5.0,AWD,Gas,58450.0,,58450.0,,,,,5.0,,42.2,38.7,,40.9,38.2,,no,13.1,,,,,300.0,311.0,5.7,,4.0,5,60000,10,100000,59.0,https://www.edmunds.com/genesis/g80/2026/features-specs/,NHTSA,19.3,model-specific,
Genesis,G80,2.5T Advanced,2026,no,Sedan,4.0,5.0,AWD,Gas,64040.0,,64040.0,,,,,5.0,,42.2,38.7,,39.0,37.8,,no,13.1,,,,,300.0,311.0,5.7,,4.0,5,60000,10,100000,59.0,https://www.edmunds.com/genesis/g80/2026/features-specs/,NHTSA,19.3,model-specific,
Genesis,G80,2.5T Sport Prestige,2026,no,Sedan,4.0,5.0,AWD,Gas,69950.0,,69950.0,,,,,5.0,,42.2,38.7,,39.0,37.8,,no,13.1,,,,,300.0,311.0,5.7,,4.0,5,60000,10,100000,59.0,https://www.edmunds.com/genesis/g80/2026/features-specs/,NHTSA,19.3,model-specific,
Genesis,G80,3.5T Sport Prestige,2026,no,Sedan,4.0,5.0,AWD,Gas,78350.0,,78350.0,,,,,5.0,,42.2,38.7,,39.0,37.8,,no,13.1,,,,,375.0,391.0,4.7,,4.0,5,60000,10,100000,59.0,https://www.edmunds.com/genesis/g80/2026/features-specs/,NHTSA,19.3,model-specific,
Genesis,G80,3.5T Prestige Black,2026,no,Sedan,4.0,5.0,AWD,Gas,79350.0,,79350.0,,,,,5.0,,42.2,38.7,,39.0,37.8,,no,13.1,,,,,375.0,391.0,4.7,,4.0,5,60000,10,100000,59.0,https://www.edmunds.com/genesis/g80/2026/features-specs/,NHTSA,19.3,model-specific,
Genesis,G90,3.5T,2026,no,Sedan,4.0,5.0,AWD,Gas,92700.0,,92700.0,17.0,24.0,20.0,386.0,4.5,,42.3,37.8,,39.4,38.0,,no,10.6,,,,,409.0,405.0,4.7,,3.0,5,60000,10,100000,52.0,https://www.edmunds.com/genesis/g90/2026/features-specs/,IIHS,19.3,model-specific,
Genesis,G90,3.5T E-Supercharger,2026,no,Sedan,4.0,5.0,AWD,Gas,103000.0,,103000.0,17.0,24.0,20.0,386.0,4.5,,42.3,37.8,,39.4,38.0,,no,10.6,,,,,409.0,405.0,4.7,,3.0,5,60000,10,100000,52.0,https://www.edmunds.com/genesis/g90/2026/features-specs/,IIHS,19.3,model-specific,
Genesis,G90,3.5T E-Supercharger Prestige Black,2026,no,Sedan,4.0,5.0,AWD,Gas,105750.0,,105750.0,17.0,24.0,20.0,386.0,4.5,,42.3,37.8,,39.4,38.0,,no,10.6,,,,,409.0,405.0,4.7,,3.0,5,60000,10,100000,52.0,https://www.edmunds.com/genesis/g90/2026/features-specs/,IIHS,19.3,model-specific,
Genesis,GV60,Base,2026,no,SUV,4.0,5.0,RWD,EV,52525.0,,52525.0,119.0,101.0,110.0,,5.0,,42.3,37.6,,39.0,38.1,,no,24.0,54.7,,,,314.0,446.0,5.2,,3.0,5,60000,10,100000,61.0,https://www.edmunds.com/genesis/gv60/2026/features-specs/,NHTSA,,model-specific,
Genesis,GV60,Base,2026,no,SUV,4.0,5.0,AWD,EV,56025.0,,56025.0,,,,,5.0,,42.3,37.6,,39.0,38.1,,no,24.0,54.7,,,,314.0,446.0,5.2,,3.0,5,60000,10,100000,61.0,https://www.edmunds.com/genesis/gv60/2026/features-specs/,NHTSA,,model-specific,
Genesis,GV60,Advanced,2026,no,SUV,4.0,5.0,AWD,EV,59405.0,,59405.0,102.0,89.0,96.0,267.0,5.0,,42.3,37.6,,39.0,38.1,,no,24.0,54.7,,,,314.0,446.0,5.2,,3.0,5,60000,10,100000,61.0,https://www.edmunds.com/genesis/gv60/2026/features-specs/,NHTSA,,model-specific,
Genesis,GV60,Performance,2026,yes,SUV,4.0,5.0,AWD,EV,71875.0,,71875.0,97.0,83.0,90.0,,5.0,,42.3,37.6,,39.0,38.1,,no,24.0,54.7,,,,314.0,446.0,5.2,,3.0,5,60000,10,100000,61.0,https://www.edmunds.com/genesis/gv60/2026/features-specs/,NHTSA,,model-specific,
Genesis,GV70,2.5T,2026,no,SUV,4.0,5.0,AWD,Gas,48985.0,,48985.0,20.0,26.0,22.0,383.0,5.0,132.5,41.3,37.2,,38.6,38.3,,no,28.9,56.9,,,,300.0,311.0,5.6,,4.0,5,60000,10,100000,52.0,https://www.edmunds.com/genesis/gv70/2026/features-specs/,NHTSA,17.4,model-specific,
Genesis,GV70,2.5T Select,2026,no,SUV,4.0,5.0,AWD,Gas,51885.0,,51885.0,20.0,26.0,22.0,383.0,5.0,132.5,41.3,37.2,,38.6,38.3,,no,28.9,56.9,,,,300.0,311.0,5.6,,4.0,5,60000,10,100000,52.0,https://www.edmunds.com/genesis/gv70/2026/features-specs/,NHTSA,17.4,model-specific,
Genesis,GV70,2.5T Advanced,2026,no,SUV,4.0,5.0,AWD,Gas,56435.0,,56435.0,20.0,26.0,22.0,383.0,5.0,132.5,41.3,37.2,,38.6,38.3,,no,28.9,56.9,,,,300.0,311.0,5.6,,4.0,5,60000,10,100000,52.0,https://www.edmunds.com/genesis/gv70/2026/features-specs/,NHTSA,17.4,model-specific,
Genesis,GV70,2.5T Sport Prestige,2026,no,SUV,4.0,5.0,AWD,Gas,59795.0,,59795.0,20.0,26.0,22.0,383.0,5.0,132.5,41.3,37.2,,38.6,38.3,,no,28.9,56.9,,,,300.0,311.0,5.6,,4.0,5,60000,10,100000,52.0,https://www.edmunds.com/genesis/gv70/2026/features-specs/,NHTSA,17.4,model-specific,
Genesis,GV70,3.5T Sport Advanced,2026,no,SUV,4.0,5.0,AWD,Gas,64415.0,,64415.0,,,,,5.0,132.5,41.3,37.2,,38.6,38.3,,no,28.9,56.9,,,,375.0,391.0,4.9,,4.0,5,60000,10,100000,52.0,https://www.edmunds.com/genesis/gv70/2026/features-specs/,NHTSA,17.4,model-specific,
Genesis,GV70,3.5T Sport Prestige,2026,no,SUV,4.0,5.0,AWD,Gas,71095.0,,71095.0,,,,,5.0,132.5,41.3,37.2,,38.6,38.3,,no,28.9,56.9,,,,375.0,391.0,4.9,,4.0,5,60000,10,100000,52.0,https://www.edmunds.com/genesis/gv70/2026/features-specs/,NHTSA,17.4,model-specific,
Genesis,Electrified GV70,Base,2026,no,SUV,4.0,5.0,AWD,EV,64380.0,,64380.0,103.0,88.0,96.0,263.0,5.0,132.5,41.3,37.2,,38.6,38.3,,no,28.7,56.5,,,,429.0,516.0,3.7,,3.0,5,60000,10,100000,,https://www.edmunds.com/genesis/electrified-gv70/2026/features-specs/,IIHS,,,
Genesis,Electrified GV70,Advanced,2026,no,SUV,4.0,5.0,AWD,EV,69250.0,,69250.0,98.0,83.0,91.0,,5.0,132.5,41.3,37.2,,38.6,38.3,,no,28.7,56.5,,,,429.0,516.0,3.7,,3.0,5,60000,10,100000,,https://www.edmunds.com/genesis/electrified-gv70/2026/features-specs/,IIHS,,,
Genesis,Electrified GV70,Prestige,2026,no,SUV,4.0,5.0,AWD,EV,75350.0,,75350.0,98.0,83.0,91.0,,5.0,132.5,41.3,37.2,,38.6,38.3,,no,28.7,56.5,,,,429.0,516.0,3.7,,3.0,5,60000,10,100000,,https://www.edmunds.com/genesis/electrified-gv70/2026/features-specs/,IIHS,,,
Genesis,GV80,2.5T,2026,no,SUV,4.0,7.0,RWD,Gas,57700.0,,57700.0,,,,,5.0,120.3,41.6,38.7,30.0,40.2,38.4,34.0,yes,11.6,71.1,6000.0,,,300.0,311.0,6.1,,4.0,5,60000,10,100000,52.0,https://www.edmunds.com/genesis/gv80/2026/features-specs/,NHTSA,21.1,model-specific,
Genesis,GV80,2.5T,2026,no,SUV,4.0,7.0,AWD,Gas,59850.0,,59850.0,,,,,5.0,120.3,41.6,38.7,30.0,40.2,38.4,34.0,yes,11.6,71.1,6000.0,,,300.0,311.0,6.1,,4.0,5,60000,10,100000,52.0,https://www.edmunds.com/genesis/gv80/2026/features-specs/,NHTSA,21.1,model-specific,
Genesis,GV80,2.5T Select,2026,no,SUV,4.0,7.0,AWD,Gas,63750.0,,63750.0,,,,,5.0,120.3,41.6,38.7,30.0,40.2,38.4,34.0,yes,11.6,71.1,6000.0,,,300.0,311.0,6.1,,4.0,5,60000,10,100000,52.0,https://www.edmunds.com/genesis/gv80/2026/features-specs/,NHTSA,21.1,model-specific,
Genesis,GV80,2.5T Advanced,2026,no,SUV,4.0,7.0,AWD,Gas,68600.0,,68600.0,,,,,5.0,120.3,41.6,38.7,30.0,40.2,38.4,34.0,yes,11.6,71.1,6000.0,,,300.0,311.0,6.1,,4.0,5,60000,10,100000,52.0,https://www.edmunds.com/genesis/gv80/2026/features-specs/,NHTSA,21.1,model-specific,
Genesis,GV80,2.5T Prestige,2026,no,SUV,4.0,7.0,AWD,Gas,73500.0,,73500.0,,,,,5.0,120.3,41.6,38.7,30.0,40.2,38.4,34.0,yes,11.6,71.1,6000.0,,,300.0,311.0,6.1,,4.0,5,60000,10,100000,52.0,https://www.edmunds.com/genesis/gv80/2026/features-specs/,NHTSA,21.1,model-specific,
Genesis,GV80,3.5T Advanced,2026,no,SUV,4.0,7.0,AWD,Gas,75950.0,,75950.0,16.0,22.0,19.0,401.0,5.0,120.3,41.6,38.7,30.0,40.2,38.4,34.0,yes,11.6,71.1,6000.0,,,375.0,391.0,5.3,,4.0,5,60000,10,100000,52.0,https://www.edmunds.com/genesis/gv80/2026/features-specs/,NHTSA,21.1,model-specific,
Genesis,GV80,3.5T Prestige,2026,no,SUV,4.0,7.0,AWD,Gas,82330.0,,82330.0,16.0,22.0,19.0,401.0,5.0,120.3,41.6,38.7,30.0,40.2,38.4,34.0,yes,11.6,71.1,6000.0,,,375.0,391.0,5.3,,4.0,5,60000,10,100000,52.0,https://www.edmunds.com/genesis/gv80/2026/features-specs/,NHTSA,21.1,model-specific,
Genesis,GV80,3.5T Prestige Black,2026,no,SUV,4.0,5.0,AWD,Gas,83250.0,,83250.0,16.0,22.0,19.0,401.0,5.0,120.3,41.6,38.7,,40.2,38.4,,no,11.6,71.1,6000.0,,,375.0,391.0,5.3,,4.0,5,60000,10,100000,52.0,https://www.edmunds.com/genesis/gv80/2026/features-specs/,NHTSA,21.1,model-specific,
Genesis,GV80 Coupe,3.5T,2026,no,SUV,4.0,5.0,AWD,Gas,81850.0,,81850.0,16.0,22.0,19.0,401.0,5.0,,41.6,38.7,,40.2,37.6,,no,29.3,61.1,6000.0,,,375.0,391.0,5.3,,3.0,5,60000,10,100000,29.0,https://www.edmunds.com/genesis/gv80-coupe/2026/features-specs/,NHTSA,21.1,model-specific,
Genesis,GV80 Coupe,3.5T E-Supercharger,2026,no,SUV,4.0,5.0,AWD,Gas,87650.0,,87650.0,17.0,22.0,19.0,401.0,5.0,,41.6,38.7,,40.2,37.6,,no,29.3,61.1,6000.0,,,409.0,405.0,4.7,,3.0,5,60000,10,100000,29.0,https://www.edmunds.com/genesis/gv80-coupe/2026/features-specs/,NHTSA,21.1,model-specific,
Genesis,GV80 Coupe,3.5T E-Supercharger Prestige Black,2026,no,SUV,4.0,5.0,AWD,Gas,89400.0,,89400.0,17.0,22.0,19.0,401.0,5.0,,41.6,38.7,,40.2,37.6,,no,29.3,61.1,6000.0,,,409.0,405.0,4.7,,3.0,5,60000,10,100000,29.0,https://www.edmunds.com/genesis/gv80-coupe/2026/features-specs/,NHTSA,21.1,model-specific,
Audi,A3,Premium,2026,no,Sedan,4.0,5.0,AWD,Gas,40100.0,1295.0,41395.0,24.0,34.0,28.0,406.0,3.0,,41.2,35.2,,36.8,36.6,,no,8.3,,,,3.0,201.0,236.0,6.0,,2.0,4,50000,4,50000,49.0,https://www.edmunds.com/audi/a3/2026/trims/,IIHS,14.5,model-specific,
Audi,A3,Premium Plus,2026,no,Sedan,4.0,5.0,AWD,Gas,43000.0,1295.0,44295.0,24.0,34.0,28.0,406.0,3.0,,41.2,35.2,,36.8,36.6,,no,8.3,,,,3.0,201.0,236.0,6.0,,4.0,4,50000,4,50000,49.0,https://www.edmunds.com/audi/a3/2026/trims/,IIHS,14.5,model-specific,
Audi,S3,Base,2026,yes,Sedan,4.0,5.0,AWD,Gas,52000.0,1295.0,53295.0,23.0,31.0,26.0,377.0,3.0,,41.2,35.2,,36.8,36.6,,no,8.3,,,,3.0,328.0,295.0,4.4,155.0,3.0,4,50000,4,50000,49.0,https://www.edmunds.com/audi/s3/2026/trims/,IIHS,14.5,model-specific,
Audi,RS3,Base,2026,yes,Sedan,4.0,5.0,AWD,Gas,67495.0,1295.0,68790.0,20.0,29.0,23.0,334.0,3.0,,41.2,35.2,,36.8,36.6,,no,8.3,,,,3.0,394.0,369.0,3.8,,5.0,4,50000,4,50000,49.0,https://www.edmunds.com/audi/rs3/2026/trims/,IIHS,14.5,model-specific,
Audi,A5,Premium,2026,no,Sedan,5.0,5.0,AWD,Gas,50200.0,1295.0,51495.0,22.0,32.0,26.0,385.0,5.0,,41.3,36.1,,40.0,37.2,,no,22.6,36.6,,,3.0,268.0,295.0,5.2,,4.0,4,50000,4,50000,47.5,https://www.edmunds.com/audi/a5/2026/trims/,IIHS,14.8,model-specific,
Audi,A5,Premium Plus,2026,no,Sedan,5.0,5.0,AWD,Gas,52700.0,1295.0,53995.0,22.0,32.0,26.0,385.0,5.0,,41.3,36.1,,40.0,37.2,,no,22.6,36.6,,,3.0,268.0,295.0,5.2,,5.0,4,50000,4,50000,47.5,https://www.edmunds.com/audi/a5/2026/trims/,IIHS,14.8,model-specific,
Audi,A5,Prestige,2026,no,Sedan,5.0,5.0,AWD,Gas,56700.0,1295.0,57995.0,22.0,32.0,26.0,385.0,5.0,,41.3,36.1,,40.0,37.2,,no,22.6,36.6,,,3.0,268.0,295.0,5.2,,5.0,4,50000,4,50000,47.5,https://www.edmunds.com/audi/a5/2026/trims/,IIHS,14.8,model-specific,
Audi,S5,Premium,2026,yes,Sedan,5.0,5.0,AWD,Gas,63300.0,1295.0,64595.0,20.0,29.0,23.0,340.0,5.0,,41.0,36.1,,40.0,37.2,,no,22.6,37.5,,,3.0,362.0,406.0,4.6,155.0,4.0,4,50000,4,50000,47.5,https://www.edmunds.com/audi/s5/2026/trims/,IIHS,14.8,model-specific,
Audi,S5,Premium Plus,2026,yes,Sedan,5.0,5.0,AWD,Gas,66200.0,1295.0,67495.0,20.0,29.0,23.0,340.0,5.0,,41.0,36.1,,40.0,37.2,,no,22.6,37.5,,,3.0,362.0,406.0,4.6,155.0,4.0,4,50000,4,50000,47.5,https://www.edmunds.com/audi/s5/2026/trims/,IIHS,14.8,model-specific,
Audi,S5,Prestige,2026,yes,Sedan,5.0,5.0,AWD,Gas,70900.0,1295.0,72195.0,20.0,29.0,23.0,340.0,5.0,,41.0,36.1,,40.0,37.2,,no,22.6,37.5,,,3.0,362.0,406.0,4.6,155.0,5.0,4,50000,4,50000,47.5,https://www.edmunds.com/audi/s5/2026/trims/,IIHS,14.8,model-specific,
Audi,A6,Premium,2026,no,Sedan,4.0,5.0,AWD,Gas,64200.0,1295.0,65495.0,20.0,29.0,23.0,444.0,5.0,,41.3,37.2,,40.0,37.8,,no,13.5,,,,3.0,362.0,406.0,4.5,130.0,3.0,4,50000,4,50000,49.0,https://www.edmunds.com/audi/a6/2026/trims/,IIHS,19.3,model-specific,
Audi,A6,Premium Plus,2026,no,Sedan,4.0,5.0,AWD,Gas,67600.0,1295.0,68895.0,20.0,29.0,23.0,444.0,5.0,,41.3,37.2,,40.0,37.8,,no,13.5,,,,3.0,362.0,406.0,4.5,130.0,5.0,4,50000,4,50000,49.0,https://www.edmunds.com/audi/a6/2026/trims/,IIHS,19.3,model-specific,
Audi,A6,Prestige,2026,no,Sedan,4.0,5.0,AWD,Gas,71500.0,1295.0,72795.0,20.0,29.0,23.0,444.0,5.0,,41.3,37.2,,40.0,37.8,,no,13.5,,,,3.0,362.0,406.0,4.5,130.0,5.0,4,50000,4,50000,49.0,https://www.edmunds.com/audi/a6/2026/trims/,IIHS,19.3,model-specific,
Audi,A6 allroad,Premium Plus,2026,no,Wagon,5.0,5.0,AWD,Gas,73200.0,1295.0,74495.0,21.0,30.0,24.0,463.0,,,41.3,37.4,,38.3,39.5,,no,29.9,69.5,,,3.0,335.0,369.0,5.1,,4.0,4,50000,4,50000,45.0,https://www.edmunds.com/audi/a6-allroad/2026/trims/,,19.3,model-specific,
Audi,A6 allroad,Prestige,2026,no,Wagon,5.0,5.0,AWD,Gas,79300.0,1295.0,80595.0,21.0,30.0,24.0,463.0,,,41.3,37.4,,38.3,39.5,,no,29.9,69.5,,,3.0,335.0,369.0,5.1,,5.0,4,50000,4,50000,45.0,https://www.edmunds.com/audi/a6-allroad/2026/trims/,,19.3,model-specific,
Audi,A8,L 55 TFSI quattro,2026,no,Sedan,4.0,5.0,AWD,Gas,95200.0,1295.0,96495.0,19.0,27.0,22.0,477.0,,,41.5,44.3,,38.3,38.5,,no,12.5,,,,3.0,335.0,369.0,5.2,130.0,3.0,4,50000,4,50000,49.0,https://www.edmunds.com/audi/a8/2026/trims/,,21.7,model-specific,
Audi,S8,Base,2026,yes,Sedan,4.0,5.0,AWD,Gas,130100.0,1295.0,131395.0,15.0,24.0,18.0,391.0,,,41.5,44.3,,38.3,38.5,,no,12.5,,,,3.0,563.0,590.0,3.8,155.0,4.0,4,50000,4,50000,64.0,https://www.edmunds.com/audi/s8/2026/trims/,,21.7,model-specific,
Audi,RS6 Avant,Performance,2026,yes,Wagon,5.0,5.0,AWD,Gas,130800.0,1295.0,132095.0,,,16.0,309.0,,,41.3,37.4,,38.3,39.5,,no,29.9,69.5,,,3.0,621.0,627.0,3.2,190.0,4.0,4,50000,4,50000,,https://www.edmunds.com/audi/rs6/2026/trims/,,19.3,,
Audi,RS7,Performance,2026,yes,Sedan,4.0,5.0,AWD,Gas,132800.0,1295.0,134095.0,14.0,21.0,16.0,309.0,,,41.3,37.0,,37.0,37.1,,no,24.6,,,,3.0,621.0,627.0,3.4,190.0,3.0,4,50000,4,50000,,https://www.edmunds.com/audi/rs7/2026/trims/,,19.3,,
Audi,S e-tron GT,Premium Plus,2026,yes,Sedan,4.0,5.0,AWD,EV,127700.0,1295.0,128995.0,91.0,88.0,90.0,300.0,,,41.9,32.2,,38.2,36.5,,no,11.0,,,,3.0,670.0,,3.3,,4.0,4,50000,4,50000,60.0,https://www.edmunds.com/audi/s-e-tron-gt/2026/trims/,,,model-specific,
Audi,S e-tron GT,Prestige,2026,yes,Sedan,4.0,5.0,AWD,EV,137000.0,1295.0,138295.0,91.0,88.0,90.0,300.0,,,41.9,32.2,,38.2,36.5,,no,11.0,,,,3.0,670.0,,3.3,,5.0,4,50000,4,50000,60.0,https://www.edmunds.com/audi/s-e-tron-gt/2026/trims/,,,model-specific,
Audi,RS e-tron GT,Performance,2026,yes,Sedan,4.0,5.0,AWD,EV,170600.0,1295.0,171895.0,85.0,82.0,84.0,278.0,,,41.9,32.2,,38.2,36.5,,no,9.2,,,,3.0,912.0,,2.4,,5.0,4,50000,4,50000,60.0,https://www.edmunds.com/audi/rs-e-tron-gt/2026/trims/,,,model-specific,
Audi,Q3,S line,2026,no,SUV,4.0,5.0,AWD,Gas,43700.0,1295.0,44995.0,22.0,29.0,25.0,410.0,3.0,,40.0,36.1,,38.1,37.6,,no,25.0,50.0,,,3.0,255.0,273.0,5.7,149.0,3.0,4,50000,4,50000,38.0,https://www.edmunds.com/audi/q3/2026/trims/,IIHS,16.4,model-specific,
Audi,Q5,Premium,2026,no,SUV,4.0,5.0,AWD,Gas,52800.0,1295.0,54095.0,21.0,29.0,24.0,413.0,5.0,,40.9,38.0,,38.2,37.8,,no,27.6,,,,3.0,268.0,295.0,5.5,,3.0,4,50000,4,50000,54.0,https://www.edmunds.com/audi/q5/2026/trims/,IIHS,17.2,model-specific,
Audi,Q5,Premium Plus,2026,no,SUV,4.0,5.0,AWD,Gas,55700.0,1295.0,56995.0,21.0,29.0,24.0,413.0,5.0,,40.9,38.0,,38.2,37.8,,no,27.6,,,,3.0,268.0,295.0,5.5,,4.0,4,50000,4,50000,54.0,https://www.edmunds.com/audi/q5/2026/trims/,IIHS,17.2,model-specific,
Audi,Q5,Prestige,2026,no,SUV,4.0,5.0,AWD,Gas,60700.0,1295.0,61995.0,21.0,29.0,24.0,413.0,5.0,,40.9,38.0,,38.2,37.8,,no,27.6,,,,3.0,268.0,295.0,5.5,,5.0,4,50000,4,50000,54.0,https://www.edmunds.com/audi/q5/2026/trims/,IIHS,17.2,model-specific,
Audi,Q5 Sportback,Premium,2026,no,SUV,4.0,5.0,AWD,Gas,55100.0,1295.0,56395.0,21.0,29.0,24.0,413.0,5.0,,40.9,38.0,,38.0,37.9,,no,24.5,53.1,,,3.0,268.0,295.0,5.5,,3.0,4,50000,4,50000,54.0,https://www.edmunds.com/audi/q5-sportback/2026/trims/,IIHS,17.2,model-specific,
Audi,Q5 Sportback,Premium Plus,2026,no,SUV,4.0,5.0,AWD,Gas,57800.0,1295.0,59095.0,21.0,29.0,24.0,413.0,5.0,,40.9,38.0,,38.0,37.9,,no,24.5,53.1,,,3.0,268.0,295.0,5.5,,4.0,4,50000,4,50000,54.0,https://www.edmunds.com/audi/q5-sportback/2026/trims/,IIHS,17.2,model-specific,
Audi,Q5 Sportback,Prestige,2026,no,SUV,4.0,5.0,AWD,Gas,62800.0,1295.0,64095.0,21.0,29.0,24.0,413.0,5.0,,40.9,38.0,,38.0,37.9,,no,24.5,53.1,,,3.0,268.0,295.0,5.5,,4.0,4,50000,4,50000,54.0,https://www.edmunds.com/audi/q5-sportback/2026/trims/,IIHS,17.2,model-specific,
Audi,SQ5,Premium,2026,yes,SUV,4.0,5.0,AWD,Gas,65400.0,1295.0,66695.0,21.0,28.0,23.0,396.0,5.0,,40.6,38.0,,38.2,37.8,,no,27.6,57.1,,,3.0,362.0,406.0,4.3,155.0,3.0,4,50000,4,50000,46.0,https://www.edmunds.com/audi/sq5/2026/trims/,IIHS,17.2,model-specific,
Audi,SQ5,Premium Plus,2026,yes,SUV,4.0,5.0,AWD,Gas,67300.0,1295.0,68595.0,21.0,28.0,23.0,396.0,5.0,,40.6,38.0,,38.2,37.8,,no,27.6,57.1,,,3.0,362.0,406.0,4.3,155.0,3.0,4,50000,4,50000,46.0,https://www.edmunds.com/audi/sq5/2026/trims/,IIHS,17.2,model-specific,
Audi,SQ5,Prestige,2026,yes,SUV,4.0,5.0,AWD,Gas,71300.0,1295.0,72595.0,21.0,28.0,23.0,396.0,5.0,,40.6,38.0,,38.2,37.8,,no,27.6,57.1,,,3.0,362.0,406.0,4.3,155.0,5.0,4,50000,4,50000,46.0,https://www.edmunds.com/audi/sq5/2026/trims/,IIHS,17.2,model-specific,
Audi,SQ5 Sportback,Premium,2026,yes,SUV,4.0,5.0,AWD,Gas,66900.0,1295.0,68195.0,21.0,28.0,23.0,396.0,5.0,,40.6,38.0,,38.0,37.9,,no,25.4,53.3,,,3.0,362.0,406.0,4.3,155.0,2.0,4,50000,4,50000,46.0,https://www.edmunds.com/audi/sq5-sportback/2026/trims/,IIHS,17.2,model-specific,
Audi,SQ5 Sportback,Premium Plus,2026,yes,SUV,4.0,5.0,AWD,Gas,69200.0,1295.0,70495.0,21.0,28.0,23.0,396.0,5.0,,40.6,38.0,,38.0,37.9,,no,25.4,53.3,,,3.0,362.0,406.0,4.3,155.0,3.0,4,50000,4,50000,46.0,https://www.edmunds.com/audi/sq5-sportback/2026/trims/,IIHS,17.2,model-specific,
Audi,SQ5 Sportback,Prestige,2026,yes,SUV,4.0,5.0,AWD,Gas,73200.0,1295.0,74495.0,21.0,28.0,23.0,396.0,5.0,,40.6,38.0,,38.0,37.9,,no,25.4,53.3,,,3.0,362.0,406.0,4.3,155.0,4.0,4,50000,4,50000,46.0,https://www.edmunds.com/audi/sq5-sportback/2026/trims/,IIHS,17.2,model-specific,
Audi,Q7,Premium,2026,no,SUV,4.0,7.0,AWD,Gas,62100.0,1295.0,63395.0,20.0,26.0,22.0,495.0,5.0,,41.7,38.8,29.0,39.9,38.8,36.0,yes,13.6,,4400.0,,3.0,261.0,273.0,6.7,130.0,2.0,4,50000,4,50000,57.0,https://www.edmunds.com/audi/q7/2026/trims/,NHTSA,22.5,model-specific,
Audi,Q7,Premium Plus,2026,no,SUV,4.0,7.0,AWD,Gas,65900.0,1295.0,67195.0,20.0,26.0,22.0,495.0,5.0,,41.7,38.8,29.0,39.9,38.8,36.0,yes,13.6,,4400.0,,3.0,261.0,273.0,6.7,130.0,2.0,4,50000,4,50000,57.0,https://www.edmunds.com/audi/q7/2026/trims/,NHTSA,22.5,model-specific,
Audi,Q7,Prestige,2026,no,SUV,4.0,7.0,AWD,Gas,77000.0,1295.0,78295.0,18.0,23.0,20.0,450.0,5.0,,41.7,38.8,29.0,39.9,38.8,36.0,yes,13.6,,7700.0,,3.0,335.0,369.0,5.5,130.0,2.0,4,50000,4,50000,57.0,https://www.edmunds.com/audi/q7/2026/trims/,NHTSA,22.5,model-specific,
Audi,SQ7,Premium Plus,2026,yes,SUV,4.0,7.0,AWD,Gas,93800.0,1295.0,95095.0,14.0,20.0,16.0,360.0,4.5,,41.3,38.8,29.0,39.9,38.8,36.0,yes,13.6,,,,3.0,500.0,568.0,4.1,155.0,3.0,4,50000,4,50000,50.0,https://www.edmunds.com/audi/sq7/2026/trims/,IIHS,22.5,model-specific,
Audi,SQ7,Prestige,2026,yes,SUV,4.0,7.0,AWD,Gas,99800.0,1295.0,101095.0,14.0,20.0,16.0,360.0,4.5,,41.3,38.8,29.0,39.9,38.8,36.0,yes,13.6,,,,3.0,500.0,568.0,4.1,155.0,4.0,4,50000,4,50000,50.0,https://www.edmunds.com/audi/sq7/2026/trims/,IIHS,22.5,model-specific,
Audi,Q4 e-tron,45 Premium,2026,no,SUV,5.0,5.0,RWD,EV,50600.0,1295.0,51895.0,125.0,104.0,115.0,288.0,5.0,,41.2,37.2,,38.5,38.3,,no,24.8,53.1,,,3.0,282.0,,6.3,,2.0,4,50000,4,50000,56.0,https://www.edmunds.com/audi/q4-e-tron/2026/trims/,NHTSA,,model-specific,
Audi,Q4 e-tron,45 Premium Plus,2026,no,SUV,5.0,5.0,RWD,EV,55100.0,1295.0,56395.0,125.0,104.0,115.0,288.0,5.0,,41.2,37.2,,38.5,38.3,,no,24.8,53.1,,,3.0,282.0,,6.3,,3.0,4,50000,4,50000,56.0,https://www.edmunds.com/audi/q4-e-tron/2026/trims/,NHTSA,,model-specific,
Audi,Q4 e-tron,55 Premium,2026,no,SUV,5.0,5.0,AWD,EV,56000.0,1295.0,57295.0,,,,258.0,5.0,,41.2,37.2,,38.5,38.3,,no,24.8,53.1,,,3.0,335.0,,5.0,,2.0,4,50000,4,50000,56.0,https://www.edmunds.com/audi/q4-e-tron/2026/trims/,NHTSA,,model-specific,
Audi,Q4 e-tron,55 Premium Plus,2026,no,SUV,5.0,5.0,AWD,EV,60500.0,1295.0,61795.0,,,,258.0,5.0,,41.2,37.2,,38.5,38.3,,no,24.8,53.1,,,3.0,335.0,,5.0,,3.0,4,50000,4,50000,56.0,https://www.edmunds.com/audi/q4-e-tron/2026/trims/,NHTSA,,model-specific,
Audi,Q4 Sportback e-tron,Premium,2026,no,SUV,4.0,5.0,AWD,EV,59000.0,1295.0,60295.0,105.0,89.0,97.0,251.0,5.0,,41.2,37.2,,38.5,37.0,,no,26.1,54.4,,,3.0,335.0,,5.0,,2.0,4,50000,4,50000,56.0,https://www.edmunds.com/audi/q4-sportback-e-tron/2026/trims/,NHTSA,,model-specific,
Audi,Q4 Sportback e-tron,Premium Plus,2026,no,SUV,4.0,5.0,AWD,EV,63500.0,1295.0,64795.0,105.0,89.0,97.0,251.0,5.0,,41.2,37.2,,38.5,37.0,,no,26.1,54.4,,,3.0,335.0,,5.0,,3.0,4,50000,4,50000,56.0,https://www.edmunds.com/audi/q4-sportback-e-tron/2026/trims/,NHTSA,,model-specific,
BMW,2 Series,230i,2026,no,Coupe,2.0,4.0,RWD,Gas,43550.0,1350.0,44900.0,26.0,35.0,30.0,411.0,,,41.8,32.2,,39.8,35.0,,no,13.8,,,,2.5,255.0,295.0,5.5,130.0,2.0,4,50000,4,50000,48.3,https://www.edmunds.com/bmw/2-series/2026/trims/,,13.7,model-specific,
BMW,2 Series,230i xDrive,2026,no,Coupe,2.0,4.0,AWD,Gas,45550.0,1350.0,46900.0,25.0,33.0,28.0,384.0,,,41.8,32.2,,39.8,35.0,,no,13.8,,,,2.5,255.0,295.0,5.5,130.0,2.0,4,50000,4,50000,48.3,https://www.edmunds.com/bmw/2-series/2026/trims/,,13.7,model-specific,
BMW,2 Series,M240i,2026,yes,Coupe,2.0,4.0,RWD,Gas,54950.0,1350.0,56300.0,23.0,32.0,26.0,356.0,,,41.8,32.2,,38.1,34.7,,no,13.8,,,,2.5,382.0,369.0,4.5,130.0,2.0,4,50000,4,50000,48.3,https://www.edmunds.com/bmw/2-series/2026/trims/,,13.7,model-specific,
BMW,2 Series,M240i xDrive,2026,yes,Coupe,2.0,4.0,AWD,Gas,56950.0,1350.0,58300.0,23.0,32.0,26.0,356.0,,,41.8,32.2,,38.1,34.7,,no,13.8,,,,2.5,382.0,369.0,4.5,130.0,2.0,4,50000,4,50000,48.3,https://www.edmunds.com/bmw/2-series/2026/trims/,,13.7,model-specific,
BMW,M2,Base,2026,yes,Coupe,2.0,4.0,RWD,Gas,69375.0,1175.0,70550.0,16.0,23.0,19.0,260.0,,,41.8,32.2,,38.1,34.7,,no,13.8,,,,2.5,473.0,406.0,4.1,155.0,2.0,4,50000,4,50000,48.0,https://www.edmunds.com/bmw/m2/2026/trims/,,13.7,model-specific,
BMW,M2,CS,2026,yes,Coupe,2.0,4.0,RWD,Gas,99775.0,1175.0,100950.0,16.0,23.0,19.0,260.0,,,41.8,32.2,,39.8,35.0,,no,13.8,,,,2.5,523.0,479.0,3.7,188.0,4.0,4,50000,4,50000,48.0,https://www.edmunds.com/bmw/m2-cs/2026/trims/,,13.7,model-specific,
BMW,2 Series Gran Coupe,228,2026,no,Sedan,4.0,5.0,FWD,Gas,41350.0,1350.0,42700.0,27.0,39.0,31.0,400.0,,,,,,,,,no,12.0,,,,2.5,241.0,295.0,6.1,,3.0,4,50000,4,50000,48.3,https://www.edmunds.com/bmw/2-series-gran-coupe/2026/trims/,,12.9,model-specific,
BMW,2 Series Gran Coupe,228 xDrive,2026,no,Sedan,4.0,5.0,AWD,Gas,43350.0,1350.0,44700.0,26.0,38.0,30.0,396.0,,,,,,,,,no,12.0,,,,2.5,241.0,295.0,5.8,,3.0,4,50000,4,50000,48.3,https://www.edmunds.com/bmw/2-series-gran-coupe/2026/trims/,,13.2,model-specific,
BMW,2 Series Gran Coupe,M235 xDrive,2026,yes,Sedan,4.0,5.0,AWD,Gas,51350.0,1350.0,52700.0,24.0,33.0,27.0,356.0,,,,,,,,,no,12.0,,,,2.5,312.0,295.0,4.7,,3.0,4,50000,4,50000,48.3,https://www.edmunds.com/bmw/2-series-gran-coupe/2026/trims/,,13.2,model-specific,
BMW,3 Series,330i,2026,no,Sedan,4.0,5.0,RWD,Gas,49350.0,1350.0,50700.0,28.0,35.0,31.0,484.0,5.0,,42.0,35.2,,38.7,37.6,,no,16.9,,,,2.5,255.0,295.0,5.6,,3.0,4,50000,4,50000,53.0,https://www.edmunds.com/bmw/3-series/2026/trims/,NHTSA,15.6,model-specific,
BMW,3 Series,330i xDrive,2026,no,Sedan,4.0,5.0,AWD,Gas,51350.0,1350.0,52700.0,26.0,34.0,29.0,452.0,5.0,,42.0,35.2,,38.7,37.6,,no,16.9,,,,2.5,255.0,295.0,5.4,,3.0,4,50000,4,50000,53.0,https://www.edmunds.com/bmw/3-series/2026/trims/,NHTSA,15.6,model-specific,
BMW,3 Series,M340i,2026,yes,Sedan,4.0,5.0,RWD,Gas,63650.0,1350.0,65000.0,27.0,33.0,29.0,452.0,5.0,,42.0,35.2,,38.7,37.6,,no,16.9,,,,2.5,386.0,398.0,4.4,155.0,3.0,4,50000,4,50000,53.0,https://www.edmunds.com/bmw/3-series/2026/trims/,NHTSA,15.6,model-specific,
BMW,3 Series,M340i xDrive,2026,yes,Sedan,4.0,5.0,AWD,Gas,65650.0,1350.0,67000.0,26.0,33.0,29.0,452.0,5.0,,42.0,35.2,,38.7,37.6,,no,16.9,,,,2.5,386.0,398.0,4.1,155.0,3.0,4,50000,4,50000,53.0,https://www.edmunds.com/bmw/3-series/2026/trims/,NHTSA,15.6,model-specific,
BMW,M3,Base,2026,yes,Sedan,4.0,5.0,RWD,Gas,80650.0,1350.0,82000.0,16.0,23.0,19.0,296.0,,,41.6,35.6,,40.6,37.8,,no,16.9,,,,2.5,473.0,406.0,4.1,155.0,3.0,4,50000,4,50000,49.0,https://www.edmunds.com/bmw/m3/2026/trims/,,15.6,model-specific,
BMW,M3,Competition,2026,yes,Sedan,4.0,5.0,RWD,Gas,84850.0,1350.0,86200.0,16.0,23.0,19.0,296.0,,,41.6,35.6,,40.6,37.8,,no,16.9,,,,2.5,503.0,479.0,3.8,155.0,3.0,4,50000,4,50000,49.0,https://www.edmunds.com/bmw/m3/2026/trims/,,15.6,model-specific,
BMW,M3,Competition xDrive,2026,yes,Sedan,4.0,5.0,AWD,Gas,89950.0,1350.0,91300.0,16.0,23.0,18.0,281.0,,,41.6,35.6,,40.6,37.8,,no,16.9,,,,2.5,523.0,479.0,3.4,180.0,3.0,4,50000,4,50000,49.0,https://www.edmunds.com/bmw/m3/2026/trims/,,15.6,model-specific,
BMW,4 Series,430i,2026,no,Coupe,2.0,4.0,RWD,Gas,62650.0,1350.0,64000.0,27.0,35.0,30.0,465.0,,,41.8,32.5,,38.0,35.2,,no,10.6,,,,2.5,255.0,295.0,5.3,130.0,3.0,4,50000,4,50000,48.7,https://www.edmunds.com/bmw/4-series/2026/trims/,,15.5,model-specific,
BMW,4 Series,430i xDrive,2026,no,Coupe,2.0,4.0,AWD,Gas,64650.0,1350.0,66000.0,24.0,33.0,28.0,434.0,,,41.8,32.5,,38.0,35.2,,no,10.6,,,,2.5,255.0,295.0,5.3,130.0,3.0,4,50000,4,50000,48.7,https://www.edmunds.com/bmw/4-series/2026/trims/,,15.5,model-specific,
BMW,4 Series,M440i,2026,yes,Coupe,2.0,4.0,RWD,Gas,76550.0,1350.0,77900.0,27.0,33.0,29.0,450.0,,,41.8,32.5,,38.0,35.2,,no,10.6,,,,2.5,386.0,398.0,4.2,155.0,3.0,4,50000,4,50000,48.7,https://www.edmunds.com/bmw/4-series/2026/trims/,,15.5,model-specific,
BMW,4 Series,M440i xDrive,2026,yes,Coupe,2.0,4.0,AWD,Gas,78550.0,1350.0,79900.0,25.0,32.0,28.0,434.0,,,41.8,32.5,,38.0,35.2,,no,10.6,,,,2.5,386.0,398.0,4.2,155.0,3.0,4,50000,4,50000,48.7,https://www.edmunds.com/bmw/4-series/2026/trims/,,15.5,model-specific,
BMW,4 Series Convertible,430i,2026,no,Convertible,2.0,4.0,RWD,Gas,61300.0,1350.0,62650.0,,,,,,,41.8,32.5,,40.6,36.1,,no,10.6,,,,2.5,255.0,295.0,5.3,130.0,3.0,4,50000,4,50000,53.2,https://www.edmunds.com/bmw/4-series/2026/convertible/,,15.6,model-specific,
BMW,4 Series Convertible,430i xDrive,2026,no,Convertible,2.0,4.0,AWD,Gas,63300.0,1350.0,64650.0,,,,,,,41.8,32.5,,40.6,36.1,,no,10.6,,,,2.5,255.0,295.0,5.3,130.0,3.0,4,50000,4,50000,53.2,https://www.edmunds.com/bmw/4-series/2026/convertible/,,15.6,model-specific,
BMW,4 Series Convertible,M440i,2026,yes,Convertible,2.0,4.0,RWD,Gas,75200.0,1350.0,76550.0,,,,,,,41.8,32.5,,40.6,36.1,,no,10.6,,,,2.5,386.0,398.0,4.2,155.0,3.0,4,50000,4,50000,53.2,https://www.edmunds.com/bmw/4-series/2026/convertible/,,15.6,model-specific,
BMW,4 Series Convertible,M440i xDrive,2026,yes,Convertible,2.0,4.0,AWD,Gas,77200.0,1350.0,78550.0,,,,,,,41.8,32.5,,40.6,36.1,,no,10.6,,,,2.5,386.0,398.0,4.2,155.0,3.0,4,50000,4,50000,53.2,https://www.edmunds.com/bmw/4-series/2026/convertible/,,15.6,model-specific,
BMW,4 Series Gran Coupe,430i,2026,no,Sedan,4.0,5.0,RWD,Gas,52550.0,1350.0,53900.0,27.0,35.0,30.0,468.0,,,41.5,34.9,,38.6,36.6,,no,16.6,45.6,,,2.5,255.0,295.0,5.3,130.0,3.0,4,50000,4,50000,55.9,https://www.edmunds.com/bmw/4-series-gran-coupe/2026/trims/,,15.6,model-specific,
BMW,4 Series Gran Coupe,430i xDrive,2026,no,Sedan,4.0,5.0,AWD,Gas,54550.0,1350.0,55900.0,25.0,34.0,29.0,452.0,,,41.5,34.9,,38.6,36.6,,no,16.6,45.6,,,2.5,255.0,295.0,5.3,130.0,3.0,4,50000,4,50000,55.9,https://www.edmunds.com/bmw/4-series-gran-coupe/2026/trims/,,15.6,model-specific,
BMW,4 Series Gran Coupe,M440i,2026,yes,Sedan,4.0,5.0,RWD,Gas,66450.0,1350.0,67800.0,26.0,32.0,28.0,437.0,,,41.5,34.9,,38.6,36.6,,no,16.6,45.6,,,2.5,386.0,398.0,4.2,155.0,3.0,4,50000,4,50000,55.9,https://www.edmunds.com/bmw/4-series-gran-coupe/2026/trims/,,15.6,model-specific,
BMW,4 Series Gran Coupe,M440i xDrive,2026,yes,Sedan,4.0,5.0,AWD,Gas,68450.0,1350.0,69800.0,25.0,31.0,27.0,421.0,,,41.5,34.9,,38.6,36.6,,no,16.6,45.6,,,2.5,386.0,398.0,4.2,155.0,3.0,4,50000,4,50000,55.9,https://www.edmunds.com/bmw/4-series-gran-coupe/2026/trims/,,15.6,model-specific,
BMW,M4,Base,2026,yes,Coupe,2.0,4.0,RWD,Gas,83550.0,1350.0,84900.0,16.0,23.0,19.0,296.0,,,41.7,34.7,,40.3,35.8,,no,15.5,,,,2.5,473.0,406.0,4.1,155.0,3.0,4,50000,4,50000,39.0,https://www.edmunds.com/bmw/m4/2026/trims/,,15.6,model-specific,
BMW,M4,Competition,2026,yes,Coupe,2.0,4.0,RWD,Gas,87750.0,1350.0,89100.0,16.0,23.0,19.0,296.0,,,41.7,34.7,,40.3,35.8,,no,15.5,,,,2.5,503.0,479.0,3.8,155.0,3.0,4,50000,4,50000,39.0,https://www.edmunds.com/bmw/m4/2026/trims/,,15.6,model-specific,
BMW,M4,Competition xDrive,2026,yes,Coupe,2.0,4.0,AWD,Gas,92850.0,1350.0,94200.0,16.0,23.0,18.0,281.0,,,41.7,34.7,,40.3,35.8,,no,15.5,,,,2.5,523.0,479.0,3.4,180.0,3.0,4,50000,4,50000,39.0,https://www.edmunds.com/bmw/m4/2026/trims/,,15.6,model-specific,
BMW,M4 Convertible,Competition xDrive,2026,yes,Convertible,2.0,4.0,AWD,Gas,99750.0,1350.0,101100.0,,,18.0,281.0,,,41.8,32.5,,40.6,36.1,,no,15.5,,,,2.5,523.0,,3.6,180.0,3.0,4,50000,4,50000,39.0,https://www.edmunds.com/bmw/m4/2026/convertible/,,15.6,model-specific,
BMW,i4,eDrive40,2026,no,Sedan,4.0,5.0,RWD,EV,59075.0,1175.0,60250.0,121.0,115.0,118.0,333.0,,,41.5,34.2,,38.2,36.6,,no,16.6,45.6,,,2.5,335.0,317.0,5.5,,2.0,4,50000,4,50000,54.0,https://www.edmunds.com/bmw/i4/2026/trims/,,,model-specific,
BMW,i4,xDrive40,2026,no,Sedan,4.0,5.0,AWD,EV,63475.0,1175.0,64650.0,99.0,103.0,101.0,287.0,,,41.5,34.2,,38.2,36.6,,no,16.6,45.6,,,2.5,396.0,443.0,4.9,,2.0,4,50000,4,50000,54.0,https://www.edmunds.com/bmw/i4/2026/trims/,,,model-specific,
BMW,i4,M60,2026,yes,Sedan,4.0,5.0,AWD,EV,71875.0,1175.0,73050.0,99.0,96.0,98.0,278.0,,,41.5,34.2,,38.2,36.6,,no,16.6,45.6,,,2.5,593.0,586.0,3.6,,2.0,4,50000,4,50000,54.0,https://www.edmunds.com/bmw/i4/2026/trims/,,,model-specific,
BMW,5 Series,530i,2026,no,Sedan,4.0,5.0,RWD,Gas,61950.0,1450.0,63400.0,28.0,35.0,31.0,493.0,4.5,,41.3,37.0,,38.8,37.5,,no,18.4,,,,2.5,255.0,295.0,5.9,155.0,3.0,4,50000,4,50000,55.9,https://www.edmunds.com/bmw/5-series/2026/trims/,IIHS,15.9,model-specific,
BMW,5 Series,530i xDrive,2026,no,Sedan,4.0,5.0,AWD,Gas,64250.0,1450.0,65700.0,27.0,35.0,30.0,477.0,4.5,,41.3,37.0,,38.8,37.5,,no,18.4,,,,2.5,255.0,295.0,5.8,155.0,3.0,4,50000,4,50000,55.9,https://www.edmunds.com/bmw/5-series/2026/trims/,IIHS,15.9,model-specific,
BMW,5 Series,540i xDrive,2026,no,Sedan,4.0,5.0,AWD,Gas,69150.0,1450.0,70600.0,26.0,32.0,28.0,445.0,4.5,,41.3,37.0,,38.8,37.5,,no,18.4,,,,2.5,375.0,398.0,4.4,155.0,3.0,4,50000,4,50000,55.9,https://www.edmunds.com/bmw/5-series/2026/trims/,IIHS,15.9,model-specific,
BMW,5 Series,550e xDrive,2026,no,Sedan,4.0,5.0,AWD,PHEV,76950.0,1450.0,78400.0,22.0,28.0,25.0,,4.5,,41.3,36.5,,38.8,37.5,,no,18.4,,,,2.5,483.0,516.0,4.1,155.0,3.0,4,50000,4,50000,55.9,https://www.edmunds.com/bmw/5-series/2026/trims/,IIHS,,model-specific,
BMW,M5,Base,2026,yes,Sedan,4.0,5.0,AWD,PHEV,126850.0,1450.0,128300.0,12.0,19.0,14.0,,,,41.3,36.2,,39.0,37.5,,no,16.5,,,,2.5,717.0,738.0,3.4,,3.0,4,50000,4,50000,46.0,https://www.edmunds.com/bmw/m5/2026/trims/,,,model-specific,
BMW,M5 Touring,Base,2026,yes,Wagon,4.0,5.0,AWD,PHEV,125300.0,1450.0,126750.0,12.0,19.0,14.0,,,,,,,,,,no,17.7,,,,2.5,717.0,738.0,3.5,,3.0,4,50000,4,50000,,https://www.edmunds.com/bmw/m5/2026/trims/,,,,
BMW,i5,eDrive40,2026,no,Sedan,4.0,5.0,RWD,EV,68275.0,1175.0,69450.0,114.0,106.0,110.0,310.0,,,41.3,36.5,,38.8,37.5,,no,17.3,,,,2.5,335.0,295.0,5.7,,3.0,4,50000,4,50000,54.0,https://www.edmunds.com/bmw/i5/2026/trims/,,,model-specific,
BMW,i5,xDrive40,2026,no,Sedan,4.0,5.0,AWD,EV,71275.0,1175.0,72450.0,99.0,97.0,98.0,278.0,,,41.3,36.5,,38.8,37.5,,no,17.3,,,,2.5,389.0,435.0,5.2,,3.0,4,50000,4,50000,54.0,https://www.edmunds.com/bmw/i5/2026/trims/,,,model-specific,
BMW,i5,M60,2026,yes,Sedan,4.0,5.0,AWD,EV,85275.0,1175.0,86450.0,100.0,98.0,99.0,277.0,,,41.3,36.5,,38.8,37.5,,no,17.3,,,,2.5,593.0,586.0,3.7,,3.0,4,50000,4,50000,54.0,https://www.edmunds.com/bmw/i5/2026/trims/,,,model-specific,
BMW,7 Series,740i,2026,no,Sedan,4.0,5.0,RWD,Gas,100850.0,1550.0,102400.0,25.0,31.0,28.0,546.0,,,41.2,43.3,,39.8,38.6,,no,19.1,,,,2.5,375.0,398.0,5.2,130.0,4.0,4,50000,4,50000,61.8,https://www.edmunds.com/bmw/7-series/2026/trims/,,19.5,model-specific,
BMW,7 Series,740i xDrive,2026,no,Sedan,4.0,5.0,AWD,Gas,103850.0,1550.0,105400.0,24.0,31.0,27.0,526.0,,,41.2,43.3,,39.8,38.6,,no,19.1,,,,2.5,375.0,398.0,4.9,130.0,4.0,4,50000,4,50000,61.8,https://www.edmunds.com/bmw/7-series/2026/trims/,,19.5,model-specific,
BMW,7 Series,750e xDrive,2026,no,Sedan,4.0,5.0,AWD,PHEV,111550.0,1550.0,113100.0,23.0,26.0,24.0,,,,41.2,42.8,,39.8,38.6,,no,18.5,,,,2.5,483.0,516.0,4.6,130.0,4.0,4,50000,4,50000,61.8,https://www.edmunds.com/bmw/7-series/2026/trims/,,,model-specific,
BMW,7 Series,760i xDrive,2026,no,Sedan,4.0,5.0,AWD,Gas,126250.0,1550.0,127800.0,18.0,25.0,20.0,390.0,,,41.2,43.3,,39.8,38.6,,no,19.1,,,,2.5,536.0,553.0,4.1,130.0,4.0,4,50000,4,50000,61.8,https://www.edmunds.com/bmw/7-series/2026/trims/,,19.5,model-specific,
BMW,i7,eDrive50,2026,no,Sedan,4.0,5.0,RWD,EV,106875.0,1175.0,108050.0,85.0,93.0,88.0,314.0,,,41.2,42.8,,39.8,38.6,,no,17.7,,,,2.5,449.0,479.0,5.3,,2.0,4,50000,4,50000,55.0,https://www.edmunds.com/bmw/i7/2026/trims/,,,model-specific,
BMW,i7,xDrive60,2026,no,Sedan,4.0,5.0,AWD,EV,125375.0,1175.0,126550.0,81.0,85.0,83.0,296.0,,,41.2,42.8,,39.8,38.6,,no,17.7,,,,2.5,536.0,549.0,4.5,,2.0,4,50000,4,50000,55.0,https://www.edmunds.com/bmw/i7/2026/trims/,,,model-specific,
BMW,i7,M70 xDrive,2026,yes,Sedan,4.0,5.0,AWD,EV,169675.0,1175.0,170850.0,77.0,83.0,79.0,285.0,,,41.2,42.8,,39.8,38.6,,no,17.7,,,,2.5,650.0,749.0,3.5,,2.0,4,50000,4,50000,55.0,https://www.edmunds.com/bmw/i7/2026/trims/,,,model-specific,
BMW,X1,xDrive28i,2026,no,SUV,5.0,5.0,AWD,Gas,44550.0,1350.0,45900.0,25.0,34.0,28.0,400.0,4.0,,40.4,37.0,,42.1,39.3,,no,25.7,57.2,,,2.5,241.0,295.0,6.2,130.0,2.0,4,50000,4,50000,48.0,https://www.edmunds.com/bmw/x1/2026/trims/,NHTSA,14.3,model-specific,
BMW,X1,M35i xDrive,2026,yes,SUV,5.0,5.0,AWD,Gas,53750.0,1350.0,55100.0,24.0,32.0,27.0,386.0,4.0,,40.4,37.0,,42.1,39.3,,no,25.7,57.2,,,2.5,312.0,295.0,5.2,155.0,3.0,4,50000,4,50000,48.0,https://www.edmunds.com/bmw/x1/2026/trims/,NHTSA,14.3,model-specific,
BMW,X2,xDrive28i,2026,no,SUV,4.0,5.0,AWD,Gas,46050.0,1350.0,47400.0,24.0,34.0,28.0,400.0,4.5,,40.3,36.7,,40.1,37.1,,no,25.3,51.7,,,2.5,241.0,295.0,6.2,130.0,3.0,4,50000,4,50000,53.0,https://www.edmunds.com/bmw/x2/2026/trims/,IIHS,14.3,model-specific,
BMW,X2,M35i,2026,yes,SUV,4.0,5.0,AWD,Gas,55250.0,1350.0,56600.0,23.0,31.0,26.0,372.0,4.5,,40.3,36.7,,40.1,37.1,,no,25.3,51.7,,,2.5,312.0,295.0,5.2,155.0,3.0,4,50000,4,50000,53.0,https://www.edmunds.com/bmw/x2/2026/trims/,IIHS,14.3,model-specific,
BMW,X3,30 xDrive,2026,no,SUV,5.0,5.0,AWD,Gas,52650.0,1350.0,54000.0,27.0,33.0,29.0,499.0,4.0,,40.2,36.3,,,,,no,31.5,67.1,,,2.5,255.0,295.0,6.0,,3.0,4,50000,4,50000,54.0,https://www.edmunds.com/bmw/x3/2026/trims/,NHTSA,17.2,model-specific,
BMW,X3,M50 xDrive,2026,yes,SUV,5.0,5.0,AWD,Gas,67850.0,1350.0,69200.0,25.0,30.0,27.0,464.0,4.0,,40.2,36.3,,40.5,38.2,,no,31.5,67.1,,,2.5,393.0,428.0,4.4,155.0,3.0,4,50000,4,50000,54.0,https://www.edmunds.com/bmw/x3/2026/trims/,NHTSA,17.2,model-specific,
BMW,X5,sDrive40i,2026,no,SUV,4.0,5.0,RWD,Gas,69750.0,1450.0,71200.0,23.0,27.0,25.0,548.0,5.0,,39.8,37.4,,40.7,39.4,,no,33.9,72.3,,,2.5,375.0,398.0,5.2,130.0,3.0,4,50000,4,50000,59.0,https://www.edmunds.com/bmw/x5/2026/trims/,IIHS,21.9,model-specific,
BMW,X5,xDrive40i,2026,no,SUV,4.0,5.0,AWD,Gas,72050.0,1450.0,73500.0,23.0,27.0,25.0,548.0,4.0,,39.8,37.4,,40.7,39.4,,no,33.9,72.3,,,2.5,375.0,398.0,5.2,130.0,3.0,4,50000,4,50000,59.0,https://www.edmunds.com/bmw/x5/2026/trims/,NHTSA,21.9,model-specific,
BMW,X5,xDrive50e,2026,no,SUV,4.0,5.0,AWD,PHEV,77450.0,1450.0,78900.0,21.0,23.0,22.0,,4.0,,39.8,37.4,,40.7,39.4,,no,33.1,71.2,,,2.5,483.0,516.0,4.6,,3.0,4,50000,4,50000,59.0,https://www.edmunds.com/bmw/x5/2026/trims/,NHTSA,,model-specific,
BMW,X5,M60i xDrive,2026,yes,SUV,4.0,5.0,AWD,Gas,95050.0,1450.0,96500.0,17.0,22.0,19.0,416.0,4.0,,39.8,37.4,,40.7,39.4,,no,33.9,72.3,,,2.5,523.0,553.0,4.2,130.0,3.0,4,50000,4,50000,59.0,https://www.edmunds.com/bmw/x5/2026/trims/,NHTSA,21.9,model-specific,
BMW,X5 M,Competition,2026,yes,SUV,4.0,5.0,AWD,Gas,132450.0,1450.0,133900.0,13.0,18.0,15.0,328.0,,,39.8,37.4,,40.8,39.4,,no,33.9,72.3,,,2.5,617.0,553.0,3.7,155.0,3.0,4,50000,4,50000,44.0,https://www.edmunds.com/bmw/x5-m/2026/trims/,,21.9,model-specific,
BMW,X6,xDrive40i,2026,no,SUV,4.0,5.0,AWD,Gas,78750.0,1450.0,80200.0,22.0,26.0,23.0,504.0,,,40.4,35.7,,39.3,37.5,,no,27.4,59.6,,,2.5,375.0,398.0,5.2,130.0,3.0,4,50000,4,50000,44.0,https://www.edmunds.com/bmw/x6/2026/trims/,,21.9,model-specific,
BMW,X6,M60i xDrive,2026,yes,SUV,4.0,5.0,AWD,Gas,99450.0,1450.0,100900.0,17.0,22.0,19.0,416.0,,,40.4,35.7,,39.3,37.5,,no,27.4,59.6,,,2.5,523.0,553.0,4.2,,4.0,4,50000,4,50000,44.0,https://www.edmunds.com/bmw/x6/2026/trims/,,21.9,model-specific,
BMW,X6 M,Competition,2026,yes,SUV,4.0,5.0,AWD,Gas,137550.0,1450.0,139000.0,13.0,18.0,15.0,328.0,,,40.4,35.7,,39.3,37.5,,no,27.4,59.6,,,2.5,617.0,553.0,3.7,155.0,3.0,4,50000,4,50000,45.0,https://www.edmunds.com/bmw/x6-m/2026/trims/,,21.9,model-specific,
BMW,X7,xDrive40i,2026,no,SUV,4.0,7.0,AWD,Gas,89050.0,1550.0,90600.0,21.0,25.0,23.0,504.0,,,39.8,37.6,33.0,41.9,39.9,37.0,yes,,90.4,,,2.5,375.0,398.0,5.6,130.0,3.0,4,50000,4,50000,63.0,https://www.edmunds.com/bmw/x7/2026/trims/,,21.9,model-specific,
BMW,X7,M60i,2026,yes,SUV,4.0,7.0,AWD,Gas,116550.0,1550.0,118100.0,16.0,20.0,18.0,394.0,,,39.8,37.6,33.0,41.9,39.9,37.0,yes,,90.4,,,2.5,523.0,553.0,4.5,,4.0,4,50000,4,50000,63.0,https://www.edmunds.com/bmw/x7/2026/trims/,,21.9,model-specific,
BMW,ALPINA XB7,Base,2026,yes,SUV,4.0,7.0,AWD,Gas,157175.0,1175.0,158350.0,16.0,20.0,17.0,372.0,,,39.8,37.6,33.0,41.9,39.9,37.0,yes,48.6,90.4,,,2.5,631.0,590.0,3.9,,4.0,4,50000,4,50000,,https://www.edmunds.com/bmw/alpina-xb7/2026/trims/,,21.9,,
BMW,iX,xDrive45,2026,no,SUV,4.0,5.0,AWD,EV,76325.0,1175.0,77500.0,94.0,93.0,94.0,312.0,,,40.2,38.9,,41.5,39.6,,no,35.5,77.9,,,2.5,402.0,516.0,4.9,,2.0,4,50000,4,50000,62.0,https://www.edmunds.com/bmw/ix/2026/trims/,,,model-specific,
BMW,iX,xDrive60,2026,no,SUV,4.0,5.0,AWD,EV,89675.0,1175.0,90850.0,99.0,94.0,97.0,364.0,,,40.2,38.9,,42.0,39.8,,no,35.5,77.9,,,2.5,536.0,564.0,4.4,,2.0,4,50000,4,50000,62.0,https://www.edmunds.com/bmw/ix/2026/trims/,,,model-specific,
BMW,iX,M70 xDrive,2026,yes,SUV,4.0,5.0,AWD,EV,112675.0,1175.0,113850.0,79.0,82.0,80.0,303.0,,,40.2,38.9,,42.0,39.8,,no,35.5,77.9,,,2.5,650.0,811.0,3.6,155.0,2.0,4,50000,4,50000,62.0,https://www.edmunds.com/bmw/ix/2026/trims/,,,model-specific,
BMW,Z4,sDrive30i,2026,no,Convertible,2.0,2.0,RWD,Gas,57275.0,1175.0,58450.0,25.0,33.0,28.0,384.0,,,42.2,,,38.9,,,no,9.9,,,,2.5,255.0,295.0,5.2,,3.0,4,50000,4,50000,40.0,https://www.edmunds.com/bmw/z4/2026/trims/,,13.7,model-specific,
BMW,Z4,M40i,2026,yes,Convertible,2.0,2.0,RWD,Gas,69575.0,1175.0,70750.0,23.0,29.0,25.0,342.0,,,42.2,,,38.9,,,no,9.9,,,,2.5,382.0,369.0,3.9,,3.0,4,50000,4,50000,40.0,https://www.edmunds.com/bmw/z4/2026/trims/,,13.7,model-specific,
BMW,8 Series,840i,2026,no,Coupe,2.0,4.0,RWD,Gas,106050.0,1550.0,107600.0,21.0,29.0,24.0,432.0,,,42.1,29.5,,38.9,34.7,,no,12.4,,,,2.5,335.0,369.0,4.7,,3.0,4,50000,4,50000,55.7,https://www.edmunds.com/bmw/8-series/2026/trims/,,18.0,model-specific,
BMW,8 Series,840i xDrive,2026,no,Coupe,2.0,4.0,AWD,Gas,109050.0,1550.0,110600.0,21.0,29.0,24.0,432.0,,,42.1,29.5,,38.9,34.7,,no,12.4,,,,2.5,335.0,369.0,4.4,,3.0,4,50000,4,50000,55.7,https://www.edmunds.com/bmw/8-series/2026/trims/,,18.0,model-specific,
BMW,8 Series,M850i xDrive,2026,yes,Coupe,2.0,4.0,AWD,Gas,121850.0,1550.0,123400.0,17.0,24.0,19.0,342.0,,,42.1,29.5,,38.9,34.7,,no,12.4,,,,2.5,523.0,553.0,3.9,,3.0,4,50000,4,50000,55.7,https://www.edmunds.com/bmw/8-series/2026/trims/,,18.0,model-specific,
BMW,8 Series Gran Coupe,840i,2026,no,Sedan,4.0,5.0,RWD,Gas,96050.0,1550.0,97600.0,21.0,29.0,24.0,432.0,,,42.1,36.6,,39.1,37.0,,no,15.5,,,,2.5,335.0,369.0,4.9,,3.0,4,50000,4,50000,55.7,https://www.edmunds.com/bmw/8-series-gran-coupe/2026/trims/,,18.0,model-specific,
BMW,8 Series Gran Coupe,840i xDrive,2026,no,Sedan,4.0,5.0,AWD,Gas,99050.0,1550.0,100600.0,21.0,29.0,24.0,432.0,,,42.1,36.6,,39.1,37.0,,no,15.5,,,,2.5,335.0,369.0,4.6,,3.0,4,50000,4,50000,55.7,https://www.edmunds.com/bmw/8-series-gran-coupe/2026/trims/,,18.0,model-specific,
BMW,8 Series Gran Coupe,M850i xDrive,2026,yes,Sedan,4.0,5.0,AWD,Gas,112050.0,1550.0,113600.0,17.0,24.0,19.0,342.0,,,42.1,36.6,,39.1,37.0,,no,15.5,,,,2.5,523.0,553.0,3.7,,3.0,4,50000,4,50000,55.7,https://www.edmunds.com/bmw/8-series-gran-coupe/2026/trims/,,18.0,model-specific,
Mercedes-Benz,C-Class,C 300,2026,no,Sedan,4.0,5.0,RWD,Gas,49650.0,1250.0,50900.0,25.0,35.0,29.0,505.0,4.5,,41.7,36.0,,40.0,37.5,,no,11.6,,,,"3.0/5.0 (RepairPal, brand-level only, ranks 27th of 32 brands)",255.0,295.0,6.0,130.0,3.0,4,50000,4,50000,47.8,https://www.edmunds.com/mercedes-benz/c-class/2026/features-specs/,IIHS,17.4,model-specific,
Mercedes-Benz,C-Class,C 300 4MATIC,2026,no,Sedan,4.0,5.0,AWD,Gas,51650.0,1250.0,52900.0,25.0,35.0,29.0,505.0,4.5,,41.7,36.0,,40.0,37.5,,no,11.6,,,,"3.0/5.0 (RepairPal, brand-level only, ranks 27th of 32 brands)",255.0,295.0,6.0,130.0,3.0,4,50000,4,50000,47.8,https://www.edmunds.com/mercedes-benz/c-class/2026/features-specs/,IIHS,17.4,model-specific,
Mercedes-Benz,C-Class,AMG C 43,2026,yes,Sedan,4.0,5.0,AWD,Gas,64150.0,1250.0,65400.0,,,,,4.5,,41.7,36.0,,40.0,37.5,,no,11.6,,,,"3.0/5.0 (RepairPal, brand-level only, ranks 27th of 32 brands)",,,4.3,155.0,3.0,4,50000,4,50000,47.8,https://www.edmunds.com/mercedes-benz/c-class/2026/features-specs/,IIHS,17.4,model-specific,
Mercedes-Benz,C-Class,AMG C 63 S E Performance,2026,yes,Sedan,4.0,5.0,AWD,PHEV,88000.0,1250.0,89250.0,,,,,4.5,,41.7,36.0,,40.0,37.5,,no,11.6,,,,"3.0/5.0 (RepairPal, brand-level only, ranks 27th of 32 brands)",,,3.3,155.0,3.0,4,50000,4,50000,51.0,https://www.edmunds.com/mercedes-benz/c-class/2026/features-specs/,IIHS,,model-specific,
Mercedes-Benz,E-Class,E 350,2026,no,Sedan,4.0,5.0,RWD,Gas,63900.0,1250.0,65150.0,25.0,33.0,28.0,487.0,3.0,,41.5,36.2,,37.3,37.6,,no,12.7,,,,"3.0/5.0 (RepairPal, brand-level only, ranks 27th of 32 brands)",255.0,295.0,6.1,130.0,3.0,4,50000,4,50000,52.3,https://www.edmunds.com/mercedes-benz/e-class/2026/features-specs/,IIHS,17.4,model-specific,
Mercedes-Benz,E-Class,E 350 4MATIC,2026,no,Sedan,4.0,5.0,AWD,Gas,66400.0,1250.0,67650.0,25.0,33.0,28.0,487.0,3.0,,41.5,36.2,,37.3,37.6,,no,12.7,,,,"3.0/5.0 (RepairPal, brand-level only, ranks 27th of 32 brands)",255.0,295.0,6.1,130.0,3.0,4,50000,4,50000,52.3,https://www.edmunds.com/mercedes-benz/e-class/2026/features-specs/,IIHS,17.4,model-specific,
Mercedes-Benz,E-Class,E 450 4MATIC,2026,no,Sedan,4.0,5.0,AWD,Gas,72300.0,1250.0,73550.0,,,,,3.0,,41.5,36.2,,37.3,37.6,,no,12.7,,,,"3.0/5.0 (RepairPal, brand-level only, ranks 27th of 32 brands)",,,4.4,130.0,3.0,4,50000,4,50000,52.3,https://www.edmunds.com/mercedes-benz/e-class/2026/features-specs/,IIHS,17.4,model-specific,
Mercedes-Benz,E-Class,AMG E 53 Hybrid,2026,yes,Sedan,4.0,5.0,AWD,PHEV,89600.0,1250.0,90850.0,,,,,3.0,,41.5,36.2,,37.3,37.6,,no,12.7,,,,"3.0/5.0 (RepairPal, brand-level only, ranks 27th of 32 brands)",,,3.7,155.0,3.0,4,50000,4,50000,55.6,https://www.edmunds.com/mercedes-benz/e-class/2026/features-specs/,IIHS,,model-specific,
Mercedes-Benz,E-Class,E 450 4MATIC All-Terrain,2026,no,Wagon,4.0,5.0,AWD,Gas,78300.0,1250.0,79550.0,,,,,,,41.7,36.1,,37.5,38.2,,no,33.1,,,,"3.0/5.0 (RepairPal, brand-level only, ranks 27th of 32 brands)",,,4.4,130.0,3.0,4,50000,4,50000,42.0,https://www.edmunds.com/mercedes-benz/e-class/2026/features-specs/,,17.4,model-specific,
Mercedes-Benz,E-Class,AMG E 53 Hybrid All-Terrain,2026,yes,Wagon,4.0,5.0,AWD,PHEV,93350.0,1250.0,94600.0,,,,,,,41.5,36.2,,37.3,37.6,,no,33.1,,,,"3.0/5.0 (RepairPal, brand-level only, ranks 27th of 32 brands)",,,3.7,155.0,3.0,4,50000,4,50000,45.5,https://www.edmunds.com/mercedes-benz/e-class/2026/features-specs/,,,model-specific,
Mercedes-Benz,CLA,CLA 250,2026,no,Sedan,4.0,5.0,FWD,Hybrid,42750.0,1250.0,44000.0,26.0,36.0,30.0,,,,41.8,33.9,,38.5,35.7,,no,11.6,,,,"3.0/5.0 (RepairPal, brand-level only, ranks 27th of 32 brands)",221.0,258.0,6.3,130.0,3.0,4,50000,4,50000,42.0,https://www.edmunds.com/mercedes-benz/cla/2026/features-specs/,,,model-specific,
Mercedes-Benz,CLA,CLA 250 4MATIC,2026,no,Sedan,4.0,5.0,AWD,Hybrid,44750.0,1250.0,46000.0,,,,,,,41.8,33.9,,38.5,35.7,,no,11.6,,,,"3.0/5.0 (RepairPal, brand-level only, ranks 27th of 32 brands)",221.0,258.0,5.6,130.0,3.0,4,50000,4,50000,42.0,https://www.edmunds.com/mercedes-benz/cla/2026/features-specs/,,,model-specific,
Mercedes-Benz,CLA,CLA 250+ w/EQ Technology,2026,no,Sedan,4.0,5.0,RWD,EV,47250.0,1250.0,48500.0,112.0,105.0,109.0,374.0,,,41.8,33.9,,38.5,35.7,,no,11.6,,,,"3.0/5.0 (RepairPal, brand-level only, ranks 27th of 32 brands)",,,,130.0,3.0,4,50000,4,50000,62.9,https://www.edmunds.com/mercedes-benz/cla/2026/features-specs/,,,model-specific,
Mercedes-Benz,CLA,CLA 350 4MATIC w/EQ Technology,2026,no,Sedan,4.0,5.0,AWD,EV,49800.0,1250.0,51050.0,120.0,115.0,118.0,,,,41.8,33.9,,38.5,35.7,,no,11.6,,,,"3.0/5.0 (RepairPal, brand-level only, ranks 27th of 32 brands)",,,,130.0,3.0,4,50000,4,50000,62.9,https://www.edmunds.com/mercedes-benz/cla/2026/features-specs/,,,model-specific,
Mercedes-Benz,CLA,AMG CLA 35,2026,yes,Sedan,4.0,5.0,AWD,Hybrid,56600.0,1250.0,57850.0,,,,,,,41.8,33.9,,38.5,35.7,,no,11.6,,,,"3.0/5.0 (RepairPal, brand-level only, ranks 27th of 32 brands)",,,4.4,155.0,3.0,4,50000,4,50000,42.0,https://www.edmunds.com/mercedes-benz/cla/2026/features-specs/,,,model-specific,
Mercedes-Benz,CLA,AMG CLA 45 S,2026,yes,Sedan,4.0,5.0,AWD,Gas,67550.0,1250.0,68800.0,,,,,,,41.8,33.9,,38.5,35.7,,no,11.6,,,,"3.0/5.0 (RepairPal, brand-level only, ranks 27th of 32 brands)",,,4.0,155.0,3.0,4,50000,4,50000,42.0,https://www.edmunds.com/mercedes-benz/cla/2026/features-specs/,,13.5,model-specific,
Mercedes-Benz,CLE,CLE 300 4MATIC,2026,no,Coupe,2.0,4.0,AWD,Gas,59550.0,1250.0,60800.0,,,,,,,42.1,34.2,,40.3,36.0,,no,9.8,,,,"3.0/5.0 (RepairPal, brand-level only, ranks 27th of 32 brands)",255.0,295.0,,130.0,3.0,4,50000,4,50000,35.0,https://www.edmunds.com/mercedes-benz/cle/2026/features-specs/,,17.4,model-specific,
Mercedes-Benz,CLE,CLE 450 4MATIC,2026,no,Coupe,2.0,4.0,AWD,Gas,69000.0,1250.0,70250.0,,,,,,,42.1,34.2,,40.3,36.0,,no,9.8,,,,"3.0/5.0 (RepairPal, brand-level only, ranks 27th of 32 brands)",375.0,369.0,4.1,130.0,3.0,4,50000,4,50000,35.0,https://www.edmunds.com/mercedes-benz/cle/2026/features-specs/,,17.4,model-specific,
Mercedes-Benz,CLE,AMG CLE 53,2026,yes,Coupe,2.0,4.0,AWD,Hybrid,76300.0,1250.0,77550.0,20.0,27.0,23.0,,,,42.1,34.2,,40.3,36.0,,no,9.8,,,,"3.0/5.0 (RepairPal, brand-level only, ranks 27th of 32 brands)",443.0,413.0,4.0,155.0,3.0,4,50000,4,50000,35.0,https://www.edmunds.com/mercedes-benz/cle/2026/features-specs/,,,model-specific,
Mercedes-Benz,CLE,CLE 300 4MATIC Cabriolet,2026,no,Convertible,2.0,4.0,AWD,Gas,68050.0,1250.0,69300.0,23.0,32.0,26.0,452.0,,,,,,40.2,36.0,,no,9.6,,,,"3.0/5.0 (RepairPal, brand-level only, ranks 27th of 32 brands)",255.0,295.0,,130.0,3.0,4,50000,4,50000,41.5,https://www.edmunds.com/mercedes-benz/cle/2026/convertible/features-specs/,,17.4,model-specific,
Mercedes-Benz,CLE,CLE 450 4MATIC Cabriolet,2026,no,Convertible,2.0,4.0,AWD,Gas,77400.0,1250.0,78650.0,,,,,,,,,,40.2,36.0,,no,9.6,,,,"3.0/5.0 (RepairPal, brand-level only, ranks 27th of 32 brands)",375.0,369.0,,130.0,3.0,4,50000,4,50000,41.5,https://www.edmunds.com/mercedes-benz/cle/2026/convertible/features-specs/,,17.4,model-specific,
Mercedes-Benz,CLE,AMG CLE 53 Cabriolet,2026,yes,Convertible,2.0,4.0,AWD,Hybrid,84600.0,1250.0,85850.0,,,,,,,,,,40.2,36.0,,no,9.6,,,,"3.0/5.0 (RepairPal, brand-level only, ranks 27th of 32 brands)",443.0,413.0,,155.0,3.0,4,50000,4,50000,41.5,https://www.edmunds.com/mercedes-benz/cle/2026/convertible/features-specs/,,,model-specific,
Mercedes-Benz,GLE,GLE 350,2026,no,SUV,4.0,5.0,RWD,Gas,62250.0,1250.0,63500.0,,,,,5.0,,40.3,40.9,,40.5,36.9,,no,33.3,74.9,7700.0,,"3.0/5.0 (RepairPal, brand-level only, ranks 27th of 32 brands)",255.0,295.0,,130.0,3.0,4,50000,4,50000,47.5,https://www.edmunds.com/mercedes-benz/gle/2026/features-specs/,NHTSA,22.5,model-specific,
Mercedes-Benz,GLE,GLE 350 4MATIC,2026,no,SUV,4.0,5.0,AWD,Gas,64750.0,1250.0,66000.0,,,,,5.0,,40.3,40.9,,40.5,36.9,,no,33.3,74.9,7700.0,,"3.0/5.0 (RepairPal, brand-level only, ranks 27th of 32 brands)",255.0,295.0,6.6,130.0,3.0,4,50000,4,50000,47.5,https://www.edmunds.com/mercedes-benz/gle/2026/features-specs/,NHTSA,22.5,model-specific,
Mercedes-Benz,GLE,GLE 450 4MATIC,2026,no,SUV,4.0,5.0,AWD,Gas,72250.0,1250.0,73500.0,19.0,25.0,21.0,472.0,5.0,,40.3,40.9,,40.5,36.9,,no,33.3,74.9,7700.0,,"3.0/5.0 (RepairPal, brand-level only, ranks 27th of 32 brands)",375.0,369.0,5.3,130.0,3.0,4,50000,4,50000,47.5,https://www.edmunds.com/mercedes-benz/gle/2026/features-specs/,NHTSA,22.5,model-specific,
Mercedes-Benz,GLE,GLE 450e,2026,no,SUV,4.0,5.0,AWD,PHEV,72250.0,1250.0,73500.0,,,,,5.0,,40.3,40.9,,40.5,36.9,,no,33.3,74.9,7700.0,,"3.0/5.0 (RepairPal, brand-level only, ranks 27th of 32 brands)",,,,130.0,3.0,4,50000,4,50000,50.8,https://www.edmunds.com/mercedes-benz/gle/2026/features-specs/,NHTSA,,model-specific,
Mercedes-Benz,GLE,AMG GLE 53,2026,yes,SUV,4.0,5.0,AWD,Hybrid,90000.0,1250.0,91250.0,,,,,5.0,,40.3,40.9,,40.5,36.9,,no,33.3,74.9,7700.0,,"3.0/5.0 (RepairPal, brand-level only, ranks 27th of 32 brands)",,,4.4,155.0,3.0,4,50000,4,50000,47.5,https://www.edmunds.com/mercedes-benz/gle/2026/features-specs/,NHTSA,,model-specific,
Mercedes-Benz,GLE,GLE 580 4MATIC,2026,no,SUV,4.0,5.0,AWD,Gas,90000.0,1250.0,91250.0,,,,,5.0,,40.3,40.9,,40.5,36.9,,no,33.3,74.9,7700.0,,"3.0/5.0 (RepairPal, brand-level only, ranks 27th of 32 brands)",,,,130.0,3.0,4,50000,4,50000,47.5,https://www.edmunds.com/mercedes-benz/gle/2026/features-specs/,NHTSA,22.5,model-specific,
Mercedes-Benz,GLE,AMG GLE 63 S,2026,yes,SUV,4.0,5.0,AWD,Gas,131800.0,1250.0,133050.0,,,,,5.0,,40.3,40.9,,40.5,36.9,,no,33.3,74.9,7700.0,,"3.0/5.0 (RepairPal, brand-level only, ranks 27th of 32 brands)",,,3.4,155.0,3.0,4,50000,4,50000,47.5,https://www.edmunds.com/mercedes-benz/gle/2026/features-specs/,NHTSA,22.5,model-specific,
Mercedes-Benz,GLA,GLA 250,2026,no,SUV,4.0,5.0,FWD,Gas,41500.0,1250.0,42750.0,26.0,34.0,29.0,392.0,,,41.0,38.0,,39.0,38.1,,no,15.4,50.5,,,"3.0/5.0 (RepairPal, brand-level only, ranks 27th of 32 brands)",221.0,258.0,6.8,130.0,3.0,4,50000,4,50000,44.0,https://www.edmunds.com/mercedes-benz/gla/2026/features-specs/,,13.5,model-specific,
Mercedes-Benz,GLA,GLA 250 4MATIC,2026,no,SUV,4.0,5.0,AWD,Gas,43500.0,1250.0,44750.0,26.0,34.0,29.0,392.0,,,41.0,38.0,,39.0,38.1,,no,15.4,50.5,,,"3.0/5.0 (RepairPal, brand-level only, ranks 27th of 32 brands)",221.0,258.0,6.6,130.0,3.0,4,50000,4,50000,44.0,https://www.edmunds.com/mercedes-benz/gla/2026/features-specs/,,13.5,model-specific,
Mercedes-Benz,GLA,AMG GLA 35,2026,yes,SUV,4.0,5.0,AWD,Gas,58550.0,1250.0,59800.0,,,,,,,41.0,38.0,,39.0,38.1,,no,15.4,50.5,,,"3.0/5.0 (RepairPal, brand-level only, ranks 27th of 32 brands)",,,4.7,155.0,3.0,4,50000,4,50000,44.0,https://www.edmunds.com/mercedes-benz/gla/2026/features-specs/,,13.5,model-specific,
Mercedes-Benz,GLB,GLB 250,2026,no,SUV,4.0,5.0,FWD,Gas,43800.0,1250.0,45050.0,25.0,33.0,28.0,445.0,4.0,,41.1,38.1,,40.7,39.3,,no,22.0,62.0,,,"3.0/5.0 (RepairPal, brand-level only, ranks 27th of 32 brands)",221.0,258.0,6.9,130.0,3.0,4,50000,4,50000,42.9,https://www.edmunds.com/mercedes-benz/glb/2026/features-specs/,NHTSA,15.9,model-specific,
Mercedes-Benz,GLB,GLB 250 4MATIC,2026,no,SUV,4.0,5.0,AWD,Gas,45800.0,1250.0,47050.0,,,,,5.0,,41.1,38.1,,40.7,39.3,,no,22.0,62.0,,,"3.0/5.0 (RepairPal, brand-level only, ranks 27th of 32 brands)",221.0,258.0,6.9,130.0,3.0,4,50000,4,50000,42.9,https://www.edmunds.com/mercedes-benz/glb/2026/features-specs/,NHTSA,15.9,model-specific,
Mercedes-Benz,GLB,AMG GLB 35,2026,yes,SUV,4.0,5.0,AWD,Gas,60600.0,1250.0,61850.0,,,,,5.0,,41.1,38.1,,40.7,39.3,,no,22.0,62.0,,,"3.0/5.0 (RepairPal, brand-level only, ranks 27th of 32 brands)",,,4.9,155.0,3.0,4,50000,4,50000,42.9,https://www.edmunds.com/mercedes-benz/glb/2026/features-specs/,NHTSA,15.9,model-specific,
Mercedes-Benz,GLC,GLC 300,2026,no,SUV,4.0,5.0,RWD,Gas,49550.0,1250.0,50800.0,23.0,31.0,26.0,452.0,4.5,,40.7,37.4,,41.3,39.7,,no,21.9,56.3,,,"3.0/5.0 (RepairPal, brand-level only, ranks 27th of 32 brands)",255.0,295.0,6.0,130.0,3.0,4,50000,4,50000,47.5,https://www.edmunds.com/mercedes-benz/glc/2026/features-specs/,IIHS,17.4,model-specific,
Mercedes-Benz,GLC,GLC 300 4MATIC,2026,no,SUV,4.0,5.0,AWD,Gas,51550.0,1250.0,52800.0,23.0,31.0,26.0,452.0,4.5,,40.7,37.4,,41.3,39.7,,no,21.9,56.3,,,"3.0/5.0 (RepairPal, brand-level only, ranks 27th of 32 brands)",255.0,295.0,6.0,130.0,3.0,4,50000,4,50000,47.5,https://www.edmunds.com/mercedes-benz/glc/2026/features-specs/,IIHS,17.4,model-specific,
Mercedes-Benz,GLC,GLC 350e 4MATIC,2026,no,SUV,4.0,5.0,AWD,PHEV,60300.0,1250.0,61550.0,,,,,4.5,,40.7,37.4,,41.3,39.7,,no,21.9,56.3,,,"3.0/5.0 (RepairPal, brand-level only, ranks 27th of 32 brands)",,,6.0,130.0,3.0,4,50000,4,50000,50.7,https://www.edmunds.com/mercedes-benz/glc/2026/features-specs/,IIHS,,model-specific,
Mercedes-Benz,GLC,AMG GLC 43,2026,yes,SUV,4.0,5.0,AWD,Gas,67550.0,1250.0,68800.0,,,,,4.5,,40.7,37.4,,41.3,39.7,,no,21.9,56.3,,,"3.0/5.0 (RepairPal, brand-level only, ranks 27th of 32 brands)",,,4.7,155.0,3.0,4,50000,4,50000,47.5,https://www.edmunds.com/mercedes-benz/glc/2026/features-specs/,IIHS,17.4,model-specific,
Mercedes-Benz,GLC,AMG GLC 63 S E Performance,2026,yes,SUV,4.0,5.0,AWD,PHEV,86750.0,1250.0,88000.0,,,,,4.5,,40.7,37.4,,41.3,39.7,,no,21.9,56.3,,,"3.0/5.0 (RepairPal, brand-level only, ranks 27th of 32 brands)",,,3.5,155.0,3.0,4,50000,4,50000,50.7,https://www.edmunds.com/mercedes-benz/glc/2026/features-specs/,IIHS,,model-specific,
Mercedes-Benz,GLC Coupe,GLC 300 4MATIC Coupe,2026,no,SUV,4.0,5.0,AWD,Gas,59650.0,1250.0,60900.0,23.0,31.0,26.0,452.0,,,40.8,37.2,,38.9,38.3,,no,19.2,52.6,,,"3.0/5.0 (RepairPal, brand-level only, ranks 27th of 32 brands)",255.0,295.0,6.1,130.0,3.0,4,50000,4,50000,47.5,https://www.edmunds.com/mercedes-benz/glc-coupe/2026/features-specs/,,17.4,model-specific,
Mercedes-Benz,GLC Coupe,AMG GLC 43 Coupe,2026,yes,SUV,4.0,5.0,AWD,Gas,73450.0,1250.0,74700.0,,,,,,,40.8,37.2,,38.9,38.3,,no,19.2,52.6,,,"3.0/5.0 (RepairPal, brand-level only, ranks 27th of 32 brands)",,,4.7,155.0,3.0,4,50000,4,50000,47.5,https://www.edmunds.com/mercedes-benz/glc-coupe/2026/features-specs/,,17.4,model-specific,
Mercedes-Benz,GLC Coupe,AMG GLC 63 S E Performance Coupe,2026,yes,SUV,4.0,5.0,AWD,PHEV,93450.0,1250.0,94700.0,,,,,,,40.8,37.2,,38.9,38.3,,no,19.2,52.6,,,"3.0/5.0 (RepairPal, brand-level only, ranks 27th of 32 brands)",,,3.5,155.0,3.0,4,50000,4,50000,50.7,https://www.edmunds.com/mercedes-benz/glc-coupe/2026/features-specs/,,,model-specific,
Mercedes-Benz,GLS,GLS 450 4MATIC,2026,no,SUV,4.0,7.0,AWD,Gas,90250.0,1250.0,91500.0,19.0,24.0,21.0,500.0,,,40.3,41.9,35.0,39.4,40.2,39.0,yes,17.4,84.7,7700.0,,"3.0/5.0 (RepairPal, brand-level only, ranks 27th of 32 brands)",375.0,369.0,5.8,130.0,3.0,4,50000,4,50000,51.6,https://www.edmunds.com/mercedes-benz/gls/2026/features-specs/,,23.8,model-specific,
Mercedes-Benz,GLS,GLS 580 4MATIC,2026,no,SUV,4.0,7.0,AWD,Gas,116150.0,1250.0,117400.0,,,,,,,40.3,41.9,35.0,39.4,40.2,39.0,yes,17.4,84.7,7700.0,,"3.0/5.0 (RepairPal, brand-level only, ranks 27th of 32 brands)",,,4.7,130.0,3.0,4,50000,4,50000,51.6,https://www.edmunds.com/mercedes-benz/gls/2026/features-specs/,,23.8,model-specific,
Mercedes-Benz,GLS,AMG GLS 63,2026,yes,SUV,4.0,7.0,AWD,Gas,151050.0,1250.0,152300.0,,,,,,,40.3,41.9,35.0,39.4,40.2,39.0,yes,17.4,84.7,7700.0,,"3.0/5.0 (RepairPal, brand-level only, ranks 27th of 32 brands)",,,4.1,155.0,3.0,4,50000,4,50000,51.6,https://www.edmunds.com/mercedes-benz/gls/2026/features-specs/,,23.8,model-specific,
Mercedes-Benz,S-Class,S 500 4MATIC,2026,no,Sedan,4.0,5.0,AWD,Gas,119500.0,1250.0,120750.0,,,,,,,41.4,43.8,,42.1,39.4,,no,12.8,,,,"3.0/5.0 (RepairPal, brand-level only, ranks 27th of 32 brands)",,,4.5,130.0,4.0,4,50000,4,50000,55.4,https://www.edmunds.com/mercedes-benz/s-class/2026/features-specs/,,20.0,model-specific,
Mercedes-Benz,S-Class,S 580 4MATIC,2026,no,Sedan,4.0,5.0,AWD,Gas,130700.0,1250.0,131950.0,17.0,27.0,20.0,400.0,,,41.4,43.8,,42.1,39.4,,no,12.8,,,,"3.0/5.0 (RepairPal, brand-level only, ranks 27th of 32 brands)",496.0,516.0,4.3,130.0,4.0,4,50000,4,50000,55.4,https://www.edmunds.com/mercedes-benz/s-class/2026/features-specs/,,20.0,model-specific,
Mercedes-Benz,S-Class,S 580e 4MATIC,2026,no,Sedan,4.0,5.0,AWD,PHEV,130400.0,1250.0,131650.0,,,,,,,41.4,43.8,,42.1,39.4,,no,12.8,,,,"3.0/5.0 (RepairPal, brand-level only, ranks 27th of 32 brands)",,,4.2,130.0,4.0,4,50000,4,50000,58.7,https://www.edmunds.com/mercedes-benz/s-class/2026/features-specs/,,,model-specific,
Mercedes-Benz,S-Class,AMG S 63 E Performance,2026,yes,Sedan,4.0,5.0,AWD,PHEV,189800.0,1250.0,191050.0,,,,,,,41.4,43.8,,42.1,39.4,,no,12.8,,,,"3.0/5.0 (RepairPal, brand-level only, ranks 27th of 32 brands)",,,2.6,155.0,4.0,4,50000,4,50000,58.7,https://www.edmunds.com/mercedes-benz/s-class/2026/features-specs/,,,model-specific,
Mercedes-Benz,EQE,EQE 320+,2026,no,Sedan,4.0,5.0,RWD,EV,64950.0,1250.0,66200.0,94.0,94.0,94.0,308.0,,,41.7,38.2,,40.1,38.0,,no,10.9,,,,"3.0/5.0 (RepairPal, brand-level only, ranks 27th of 32 brands)",315.0,416.0,5.8,130.0,3.0,4,50000,4,50000,66.9,https://www.edmunds.com/mercedes-benz/eqe/2026/features-specs/,,,model-specific,
Mercedes-Benz,EQE,EQE 320 4MATIC,2026,no,Sedan,4.0,5.0,AWD,EV,67450.0,1250.0,68700.0,87.0,85.0,86.0,308.0,,,41.7,38.2,,40.1,38.0,,no,10.9,,,,"3.0/5.0 (RepairPal, brand-level only, ranks 27th of 32 brands)",315.0,416.0,5.3,130.0,3.0,4,50000,4,50000,66.9,https://www.edmunds.com/mercedes-benz/eqe/2026/features-specs/,,,model-specific,
Mercedes-Benz,EQE,AMG EQE,2026,yes,Sedan,4.0,5.0,AWD,EV,96600.0,1250.0,97850.0,69.0,71.0,70.0,,,,41.7,38.2,,40.1,38.0,,no,10.9,,,,"3.0/5.0 (RepairPal, brand-level only, ranks 27th of 32 brands)",,,2.8,155.0,3.0,4,50000,4,50000,66.9,https://www.edmunds.com/mercedes-benz/eqe/2026/features-specs/,,,model-specific,
Mercedes-Benz,EQE SUV,EQE 320+,2026,no,SUV,4.0,5.0,RWD,EV,64950.0,1250.0,66200.0,98.0,87.0,93.0,253.0,,,40.6,40.6,,39.5,39.4,,no,14.0,55.0,,,"3.0/5.0 (RepairPal, brand-level only, ranks 27th of 32 brands)",235.0,564.0,5.7,130.0,3.0,4,50000,4,50000,63.0,https://www.edmunds.com/mercedes-benz/eqe-suv/2026/features-specs/,,,model-specific,
Mercedes-Benz,EQE SUV,EQE 320 4MATIC,2026,no,SUV,4.0,5.0,AWD,EV,67450.0,1250.0,68700.0,84.0,78.0,81.0,253.0,,,40.6,40.6,,39.5,39.4,,no,14.0,55.0,,,"3.0/5.0 (RepairPal, brand-level only, ranks 27th of 32 brands)",235.0,564.0,,130.0,3.0,4,50000,4,50000,63.0,https://www.edmunds.com/mercedes-benz/eqe-suv/2026/features-specs/,,,model-specific,
Mercedes-Benz,EQE SUV,AMG EQE,2026,yes,SUV,4.0,5.0,AWD,EV,97400.0,1250.0,98650.0,76.0,72.0,74.0,,,,40.6,40.6,,39.5,39.4,,no,14.0,55.0,,,"3.0/5.0 (RepairPal, brand-level only, ranks 27th of 32 brands)",,,3.1,155.0,3.0,4,50000,4,50000,63.0,https://www.edmunds.com/mercedes-benz/eqe-suv/2026/features-specs/,,,model-specific,
Mercedes-Benz,EQS,EQS 450+,2026,no,Sedan,4.0,5.0,RWD,EV,99900.0,1250.0,101150.0,98.0,98.0,98.0,367.0,,,41.7,40.4,,40.4,38.0,,no,22.0,63.0,,,"3.0/5.0 (RepairPal, brand-level only, ranks 27th of 32 brands)",355.0,590.0,5.4,130.0,3.0,4,50000,4,50000,70.6,https://www.edmunds.com/mercedes-benz/eqs/2026/features-specs/,,,model-specific,
Mercedes-Benz,EQS,EQS 450 4MATIC,2026,no,Sedan,4.0,5.0,AWD,EV,102900.0,1250.0,104150.0,91.0,93.0,92.0,367.0,,,41.7,40.4,,40.4,38.0,,no,22.0,63.0,,,"3.0/5.0 (RepairPal, brand-level only, ranks 27th of 32 brands)",355.0,590.0,5.4,130.0,3.0,4,50000,4,50000,70.6,https://www.edmunds.com/mercedes-benz/eqs/2026/features-specs/,,,model-specific,
Mercedes-Benz,EQS,EQS 580 4MATIC,2026,no,Sedan,4.0,5.0,AWD,EV,123900.0,1250.0,125150.0,93.0,93.0,93.0,,,,41.7,40.4,,40.4,38.0,,no,22.0,63.0,,,"3.0/5.0 (RepairPal, brand-level only, ranks 27th of 32 brands)",,,3.7,130.0,3.0,4,50000,4,50000,70.6,https://www.edmunds.com/mercedes-benz/eqs/2026/features-specs/,,,model-specific,
Mercedes-Benz,EQS SUV,EQS 400 4MATIC,2026,no,SUV,4.0,5.0,AWD,EV,89950.0,1250.0,91200.0,80.0,78.0,79.0,312.0,,,40.6,41.3,,40.7,40.6,,no,23.0,74.0,,,"3.0/5.0 (RepairPal, brand-level only, ranks 27th of 32 brands)",355.0,590.0,5.9,130.0,3.0,4,50000,4,50000,64.8,https://www.edmunds.com/mercedes-benz/eqs-suv/2026/features-specs/,,,model-specific,
Mercedes-Benz,EQS SUV,EQS 550 4MATIC,2026,no,SUV,4.0,5.0,AWD,EV,112450.0,1250.0,113700.0,82.0,78.0,80.0,,,,40.6,41.3,,40.7,40.6,,no,23.0,74.0,,,"3.0/5.0 (RepairPal, brand-level only, ranks 27th of 32 brands)",,,4.0,130.0,3.0,4,50000,4,50000,64.8,https://www.edmunds.com/mercedes-benz/eqs-suv/2026/features-specs/,,,model-specific,
Mercedes-Benz,G-Class,G 550,2026,no,SUV,4.0,5.0,4WD,Gas,153900.0,1250.0,155150.0,,,,,,,38.7,39.5,,41.9,40.5,,no,37.4,68.6,,,"3.0/5.0 (RepairPal, brand-level only, ranks 27th of 32 brands)",,,5.3,130.0,3.0,4,50000,4,50000,34.7,https://www.edmunds.com/mercedes-benz/g-class/2026/features-specs/,,26.4,model-specific,
Mercedes-Benz,G-Class,AMG G 63,2026,yes,SUV,4.0,5.0,4WD,Gas,195500.0,1250.0,196750.0,14.0,16.0,15.0,396.0,,,38.7,39.5,,41.9,40.5,,no,37.4,68.6,7000.0,,"3.0/5.0 (RepairPal, brand-level only, ranks 27th of 32 brands)",577.0,627.0,4.2,155.0,3.0,4,50000,4,50000,34.7,https://www.edmunds.com/mercedes-benz/g-class/2026/features-specs/,,26.4,model-specific,
Mercedes-Benz,G-Class,G 580 w/EQ Technology,2026,no,SUV,4.0,5.0,4WD,EV,163200.0,1250.0,164450.0,68.0,56.0,62.0,239.0,,,38.7,39.5,,41.9,40.5,,no,37.4,68.6,,,"3.0/5.0 (RepairPal, brand-level only, ranks 27th of 32 brands)",579.0,859.0,4.6,130.0,3.0,4,50000,4,50000,50.4,https://www.edmunds.com/mercedes-benz/g-class/2026/features-specs/,,,model-specific,
Mercedes-Benz,AMG GT,AMG GT 43 Sedan,2026,yes,Sedan,4.0,4.0,AWD,Gas,102100.0,1250.0,103350.0,,,,,,,41.7,,,40.8,38.2,,no,16.1,,,,"3.0/5.0 (RepairPal, brand-level only, ranks 27th of 32 brands)",,,,,,4,50000,4,50000,44.2,https://www.edmunds.com/mercedes-benz/amg-gt/2026/features-specs/,,21.1,model-specific,
Mercedes-Benz,AMG GT,AMG GT 43 Coupe,2026,yes,Coupe,2.0,4.0,AWD,Gas,106500.0,1250.0,107750.0,,,,,,,42.7,,,37.8,,,no,,,,,"3.0/5.0 (RepairPal, brand-level only, ranks 27th of 32 brands)",,,4.5,,,4,50000,4,50000,33.3,https://www.edmunds.com/mercedes-benz/amg-gt/2026/features-specs/,,18.5,model-specific,
Mercedes-Benz,AMG GT,AMG GT 53 Sedan,2026,yes,Sedan,4.0,4.0,AWD,Gas,113000.0,1250.0,114250.0,19.0,24.0,,,,,41.7,,,40.8,38.2,,no,16.1,,,,"3.0/5.0 (RepairPal, brand-level only, ranks 27th of 32 brands)",429.0,384.0,4.4,,,4,50000,4,50000,44.2,https://www.edmunds.com/mercedes-benz/amg-gt/2026/features-specs/,,21.1,model-specific,
Mercedes-Benz,AMG GT,AMG GT 55 Coupe,2026,yes,Coupe,2.0,4.0,AWD,Gas,138150.0,1250.0,139400.0,,,,,,,42.7,,,37.8,,,no,,,,,"3.0/5.0 (RepairPal, brand-level only, ranks 27th of 32 brands)",,,3.8,,,4,50000,4,50000,33.3,https://www.edmunds.com/mercedes-benz/amg-gt/2026/features-specs/,,18.5,model-specific,
Mercedes-Benz,AMG GT,AMG GT 63 Sedan,2026,yes,Sedan,4.0,4.0,AWD,Gas,158350.0,1250.0,159600.0,,,,,,,41.7,,,40.8,38.2,,no,16.1,,,,"3.0/5.0 (RepairPal, brand-level only, ranks 27th of 32 brands)",,,,,,4,50000,4,50000,44.2,https://www.edmunds.com/mercedes-benz/amg-gt/2026/features-specs/,,21.1,model-specific,
Mercedes-Benz,AMG GT,AMG GT 63 Coupe,2026,yes,Coupe,2.0,4.0,AWD,Gas,181350.0,1250.0,182600.0,,,,,,,42.7,,,37.8,,,no,,,,,"3.0/5.0 (RepairPal, brand-level only, ranks 27th of 32 brands)",,,3.1,,,4,50000,4,50000,33.3,https://www.edmunds.com/mercedes-benz/amg-gt/2026/features-specs/,,18.5,model-specific,
Mercedes-Benz,AMG GT,AMG GT 63 S E Performance Sedan,2026,yes,Sedan,4.0,4.0,AWD,PHEV,200500.0,1250.0,201750.0,,,,,,,41.7,,,40.8,38.2,,no,16.1,,,,"3.0/5.0 (RepairPal, brand-level only, ranks 27th of 32 brands)",,,2.4,,,4,50000,4,50000,47.4,https://www.edmunds.com/mercedes-benz/amg-gt/2026/features-specs/,,,model-specific,
Mercedes-Benz,AMG GT,AMG GT 63 S E Performance Coupe,2026,yes,Coupe,2.0,4.0,AWD,PHEV,202200.0,1250.0,203450.0,,,,,,,42.7,,,37.8,,,no,,,,,"3.0/5.0 (RepairPal, brand-level only, ranks 27th of 32 brands)",,,2.7,,,4,50000,4,50000,36.6,https://www.edmunds.com/mercedes-benz/amg-gt/2026/features-specs/,,,model-specific,
Mercedes-Benz,AMG GT,AMG GT 63 PRO 4MATIC+ Coupe,2026,yes,Coupe,2.0,4.0,AWD,Gas,202200.0,1250.0,203450.0,,,,,,,42.7,,,37.8,,,no,,,,,"3.0/5.0 (RepairPal, brand-level only, ranks 27th of 32 brands)",,,3.1,,,4,50000,4,50000,33.3,https://www.edmunds.com/mercedes-benz/amg-gt/2026/features-specs/,,18.5,model-specific,
Mercedes-Benz,SL,SL 43,2026,yes,Convertible,2.0,4.0,RWD,Hybrid,112550.0,1250.0,113800.0,,,,,,,41.5,,,37.7,32.7,,no,7.5,,,,"3.0/5.0 (RepairPal, brand-level only, ranks 27th of 32 brands)",,,4.6,,,4,50000,4,50000,42.1,https://www.edmunds.com/mercedes-benz/sl/2026/features-specs/,,,model-specific,
Mercedes-Benz,SL,SL 55,2026,yes,Convertible,2.0,4.0,AWD,Gas,145250.0,1250.0,146500.0,,,16.0,296.0,,,41.5,,,37.7,32.7,,no,7.5,,,,"3.0/5.0 (RepairPal, brand-level only, ranks 27th of 32 brands)",469.0,516.0,3.8,,,4,50000,4,50000,42.1,https://www.edmunds.com/mercedes-benz/sl/2026/features-specs/,,18.5,model-specific,
Mercedes-Benz,SL,SL 63,2026,yes,Convertible,2.0,4.0,AWD,Gas,187850.0,1250.0,189100.0,,,,,,,41.5,,,37.7,32.7,,no,7.5,,,,"3.0/5.0 (RepairPal, brand-level only, ranks 27th of 32 brands)",,,3.5,,,4,50000,4,50000,42.1,https://www.edmunds.com/mercedes-benz/sl/2026/features-specs/,,18.5,model-specific,
Mercedes-Benz,SL,SL 63 S E Performance,2026,yes,Convertible,2.0,4.0,AWD,PHEV,207900.0,1250.0,209150.0,,,,,,,41.5,,,37.7,32.7,,no,7.5,,,,"3.0/5.0 (RepairPal, brand-level only, ranks 27th of 32 brands)",,,2.5,,,4,50000,4,50000,45.4,https://www.edmunds.com/mercedes-benz/sl/2026/features-specs/,,,model-specific,
Mercedes-Benz,Maybach S-Class,Maybach S 580 4MATIC,2026,no,Sedan,4.0,5.0,AWD,Gas,207150.0,1250.0,208400.0,16.0,27.0,20.0,402.0,,,41.4,49.1,,39.4,38.1,,no,12.9,,,,"3.0/5.0 (RepairPal, brand-level only, ranks 27th of 32 brands)",496.0,516.0,4.7,,4.0,4,50000,4,50000,,https://www.edmunds.com/mercedes-benz/maybach/2026/features-specs/,,20.1,,
Mercedes-Benz,Maybach S-Class,Maybach S 680 4MATIC,2026,no,Sedan,4.0,5.0,AWD,Gas,244400.0,1250.0,245650.0,,,,,,,41.4,49.1,,39.4,38.1,,no,12.9,,,,"3.0/5.0 (RepairPal, brand-level only, ranks 27th of 32 brands)",,,3.7,,4.0,4,50000,4,50000,,https://www.edmunds.com/mercedes-benz/maybach/2026/features-specs/,,20.1,,
Mercedes-Benz,Maybach GLS,Maybach GLS 600 4MATIC,2026,no,SUV,4.0,5.0,AWD,Gas,180000.0,1250.0,181250.0,13.0,18.0,15.0,357.0,,,40.3,43.4,,42.5,40.2,,no,18.4,,7700.0,,"3.0/5.0 (RepairPal, brand-level only, ranks 27th of 32 brands)",550.0,568.0,4.6,,4.0,4,50000,4,50000,,https://www.edmunds.com/mercedes-benz/maybach-gls/2026/features-specs/,,23.8,,
Mercedes-Benz,Maybach SL,Maybach SL 680 Monogram Series,2026,no,Convertible,2.0,2.0,AWD,Gas,224900.0,1250.0,226150.0,13.0,20.0,16.0,296.0,,,41.4,,,37.7,,,no,7.5,,,,"3.0/5.0 (RepairPal, brand-level only, ranks 27th of 32 brands)",577.0,590.0,4.0,,4.0,4,50000,4,50000,,https://www.edmunds.com/mercedes-benz/maybach-sl/2026/features-specs/,,18.5,,
Mini,Cooper 2 Door,Oxford Edition,2026,no,Hatchback,2.0,4.0,FWD,Gas,25500.0,,25500.0,26.0,36.0,30.0,348.0,,,41.4,30.8,,39.8,39.0,,no,5.2,,,,3.0,161.0,184.0,7.4,,3.0,4,50000,4,50000,34.2,https://www.edmunds.com/mini/cooper/2026/,,,model-specific,
Mini,Cooper 2 Door,Signature,2026,no,Hatchback,2.0,4.0,FWD,Gas,29500.0,,29500.0,26.0,36.0,30.0,348.0,,,41.4,30.8,,39.8,39.0,,no,5.2,,,,3.0,161.0,184.0,7.4,,3.0,4,50000,4,50000,34.2,https://www.edmunds.com/mini/cooper/2026/,,,model-specific,
Mini,Cooper 2 Door,Signature Plus,2026,no,Hatchback,2.0,4.0,FWD,Gas,31900.0,,31900.0,26.0,36.0,30.0,348.0,,,41.4,30.8,,39.8,39.0,,no,5.2,,,,3.0,161.0,184.0,7.4,,3.0,4,50000,4,50000,34.2,https://www.edmunds.com/mini/cooper/2026/,,,model-specific,
Mini,Cooper 2 Door,Iconic,2026,no,Hatchback,2.0,4.0,FWD,Gas,33600.0,,33600.0,26.0,36.0,30.0,348.0,,,41.4,30.8,,39.8,39.0,,no,5.2,,,,3.0,161.0,184.0,7.4,,4.0,4,50000,4,50000,34.2,https://www.edmunds.com/mini/cooper/2026/,,,model-specific,
Mini,Cooper 2 Door,S Signature,2026,no,Hatchback,2.0,4.0,FWD,Gas,32800.0,,32800.0,26.0,36.0,30.0,348.0,,,41.4,30.8,,39.8,39.0,,no,5.2,,,,3.0,201.0,221.0,6.4,,3.0,4,50000,4,50000,34.2,https://www.edmunds.com/mini/cooper/2026/,,,model-specific,
Mini,Cooper 2 Door,S Signature Plus,2026,no,Hatchback,2.0,4.0,FWD,Gas,35200.0,,35200.0,26.0,36.0,30.0,348.0,,,41.4,30.8,,39.8,39.0,,no,5.2,,,,3.0,201.0,221.0,6.4,,3.0,4,50000,4,50000,34.2,https://www.edmunds.com/mini/cooper/2026/,,,model-specific,
Mini,Cooper 2 Door,S Iconic,2026,no,Hatchback,2.0,4.0,FWD,Gas,36900.0,,36900.0,26.0,36.0,30.0,348.0,,,41.4,30.8,,39.8,39.0,,no,5.2,,,,3.0,201.0,221.0,6.4,,4.0,4,50000,4,50000,34.2,https://www.edmunds.com/mini/cooper/2026/,,,model-specific,
Mini,Cooper 2 Door,JCW Signature,2026,yes,Hatchback,2.0,4.0,FWD,Gas,38900.0,,38900.0,26.0,36.0,30.0,348.0,,,41.4,30.8,,39.8,39.0,,no,5.2,,,,3.0,228.0,280.0,5.9,,3.0,4,50000,4,50000,34.2,https://www.edmunds.com/mini/cooper/2026/,,,model-specific,
Mini,Cooper 2 Door,JCW Signature Plus,2026,yes,Hatchback,2.0,4.0,FWD,Gas,41300.0,,41300.0,26.0,36.0,30.0,348.0,,,41.4,30.8,,39.8,39.0,,no,5.2,,,,3.0,228.0,280.0,5.9,,3.0,4,50000,4,50000,34.2,https://www.edmunds.com/mini/cooper/2026/,,,model-specific,
Mini,Cooper 2 Door,JCW Iconic,2026,yes,Hatchback,2.0,4.0,FWD,Gas,43300.0,,43300.0,26.0,36.0,30.0,348.0,,,41.4,30.8,,39.8,39.0,,no,5.2,,,,3.0,228.0,280.0,5.9,,4.0,4,50000,4,50000,34.2,https://www.edmunds.com/mini/cooper/2026/,,,model-specific,
Mini,Cooper 4 Door,Oxford Edition,2026,no,Hatchback,4.0,4.0,FWD,Gas,26500.0,,26500.0,26.0,36.0,30.0,348.0,,,41.4,30.8,,39.8,39.0,,no,5.2,,,,3.0,161.0,184.0,7.4,,3.0,4,50000,4,50000,34.7,https://www.edmunds.com/mini/cooper/2026/,,,model-specific,
Mini,Cooper 4 Door,Signature,2026,no,Hatchback,4.0,4.0,FWD,Gas,30500.0,,30500.0,26.0,36.0,30.0,348.0,,,41.4,30.8,,39.8,39.0,,no,5.2,,,,3.0,161.0,184.0,7.4,,3.0,4,50000,4,50000,34.7,https://www.edmunds.com/mini/cooper/2026/,,,model-specific,
Mini,Cooper 4 Door,Signature Plus,2026,no,Hatchback,4.0,4.0,FWD,Gas,32900.0,,32900.0,26.0,36.0,30.0,348.0,,,41.4,30.8,,39.8,39.0,,no,5.2,,,,3.0,161.0,184.0,7.4,,3.0,4,50000,4,50000,34.7,https://www.edmunds.com/mini/cooper/2026/,,,model-specific,
Mini,Cooper 4 Door,Iconic,2026,no,Hatchback,4.0,4.0,FWD,Gas,34600.0,,34600.0,26.0,36.0,30.0,348.0,,,41.4,30.8,,39.8,39.0,,no,5.2,,,,3.0,161.0,184.0,7.4,,4.0,4,50000,4,50000,34.7,https://www.edmunds.com/mini/cooper/2026/,,,model-specific,
Mini,Cooper 4 Door,S Signature,2026,no,Hatchback,4.0,4.0,FWD,Gas,33800.0,,33800.0,26.0,36.0,30.0,348.0,,,41.4,30.8,,39.8,39.0,,no,5.2,,,,3.0,201.0,221.0,6.4,,3.0,4,50000,4,50000,34.7,https://www.edmunds.com/mini/cooper/2026/,,,model-specific,
Mini,Cooper 4 Door,S Signature Plus,2026,no,Hatchback,4.0,4.0,FWD,Gas,36200.0,,36200.0,26.0,36.0,30.0,348.0,,,41.4,30.8,,39.8,39.0,,no,5.2,,,,3.0,201.0,221.0,6.4,,3.0,4,50000,4,50000,34.7,https://www.edmunds.com/mini/cooper/2026/,,,model-specific,
Mini,Cooper 4 Door,S Iconic,2026,no,Hatchback,4.0,4.0,FWD,Gas,37900.0,,37900.0,26.0,36.0,30.0,348.0,,,41.4,30.8,,39.8,39.0,,no,5.2,,,,3.0,201.0,221.0,6.4,,4.0,4,50000,4,50000,34.7,https://www.edmunds.com/mini/cooper/2026/,,,model-specific,
Mini,Cooper Convertible,Signature,2026,no,Convertible,2.0,4.0,FWD,Gas,34600.0,,34600.0,26.0,36.0,30.0,348.0,,,41.4,30.8,,39.8,39.0,,no,5.2,,,,3.0,161.0,184.0,7.4,,3.0,4,50000,4,50000,34.9,https://www.edmunds.com/mini/cooper/2026/convertible/,,,model-specific,
Mini,Cooper Convertible,Signature Plus,2026,no,Convertible,2.0,4.0,FWD,Gas,37000.0,,37000.0,26.0,36.0,30.0,348.0,,,41.4,30.8,,39.8,39.0,,no,5.2,,,,3.0,161.0,184.0,7.4,,3.0,4,50000,4,50000,34.9,https://www.edmunds.com/mini/cooper/2026/convertible/,,,model-specific,
Mini,Cooper Convertible,Iconic,2026,no,Convertible,2.0,4.0,FWD,Gas,38700.0,,38700.0,26.0,36.0,30.0,348.0,,,41.4,30.8,,39.8,39.0,,no,5.2,,,,3.0,161.0,184.0,7.4,,4.0,4,50000,4,50000,34.9,https://www.edmunds.com/mini/cooper/2026/convertible/,,,model-specific,
Mini,Cooper Convertible,S Signature,2026,no,Convertible,2.0,4.0,FWD,Gas,37900.0,,37900.0,26.0,36.0,30.0,348.0,,,41.4,30.8,,39.8,39.0,,no,5.2,,,,3.0,201.0,221.0,6.4,,3.0,4,50000,4,50000,34.9,https://www.edmunds.com/mini/cooper/2026/convertible/,,,model-specific,
Mini,Cooper Convertible,S Signature Plus,2026,no,Convertible,2.0,4.0,FWD,Gas,40300.0,,40300.0,26.0,36.0,30.0,348.0,,,41.4,30.8,,39.8,39.0,,no,5.2,,,,3.0,201.0,221.0,6.4,,3.0,4,50000,4,50000,34.9,https://www.edmunds.com/mini/cooper/2026/convertible/,,,model-specific,
Mini,Cooper Convertible,S Iconic,2026,no,Convertible,2.0,4.0,FWD,Gas,42000.0,,42000.0,26.0,36.0,30.0,348.0,,,41.4,30.8,,39.8,39.0,,no,5.2,,,,3.0,201.0,221.0,6.4,,4.0,4,50000,4,50000,34.9,https://www.edmunds.com/mini/cooper/2026/convertible/,,,model-specific,
Mini,Cooper Convertible,JCW Signature,2026,yes,Convertible,2.0,4.0,FWD,Gas,44600.0,,44600.0,26.0,36.0,30.0,348.0,,,41.4,30.8,,39.8,39.0,,no,5.2,,,,3.0,228.0,280.0,5.9,,3.0,4,50000,4,50000,34.9,https://www.edmunds.com/mini/cooper/2026/convertible/,,,model-specific,
Mini,Cooper Convertible,JCW Signature Plus,2026,yes,Convertible,2.0,4.0,FWD,Gas,47000.0,,47000.0,26.0,36.0,30.0,348.0,,,41.4,30.8,,39.8,39.0,,no,5.2,,,,3.0,228.0,280.0,5.9,,3.0,4,50000,4,50000,34.9,https://www.edmunds.com/mini/cooper/2026/convertible/,,,model-specific,
Mini,Cooper Convertible,JCW Iconic,2026,yes,Convertible,2.0,4.0,FWD,Gas,49000.0,,49000.0,26.0,36.0,30.0,348.0,,,41.4,30.8,,39.8,39.0,,no,5.2,,,,3.0,228.0,280.0,5.9,,4.0,4,50000,4,50000,34.9,https://www.edmunds.com/mini/cooper/2026/convertible/,,,model-specific,
Mini,Countryman,S ALL4 Signature Plus,2026,no,SUV,4.0,5.0,AWD,Gas,38900.0,,38900.0,24.0,32.0,27.0,386.0,4.5,,40.4,37.0,,40.7,37.8,,no,25.0,56.2,1587.0,,3.0,241.0,295.0,6.1,,3.0,4,50000,4,50000,42.4,https://www.edmunds.com/mini/countryman/2026/features-specs/,IIHS,14.3,model-specific,
Mini,Countryman,S ALL4 Iconic,2026,no,SUV,4.0,5.0,AWD,Gas,42300.0,,42300.0,24.0,32.0,27.0,386.0,4.5,,40.4,37.0,,40.7,37.8,,no,25.0,56.2,1587.0,,3.0,241.0,295.0,6.1,,4.0,4,50000,4,50000,42.4,https://www.edmunds.com/mini/countryman/2026/features-specs/,IIHS,14.3,model-specific,
Mini,Countryman,SE ALL4 Signature Plus,2026,no,SUV,4.0,5.0,AWD,EV,45200.0,,45200.0,,,,216.0,4.5,,40.4,37.0,,40.7,37.8,,no,25.0,56.2,1587.0,,3.0,308.0,364.0,5.4,,3.0,4,50000,4,50000,58.0,https://www.edmunds.com/mini/countryman/2026/features-specs/,IIHS,,model-specific,
Mini,Countryman,SE ALL4 Iconic,2026,no,SUV,4.0,5.0,AWD,EV,48600.0,,48600.0,,,,216.0,4.5,,40.4,37.0,,40.7,37.8,,no,25.0,56.2,1587.0,,3.0,308.0,364.0,5.4,,4.0,4,50000,4,50000,58.0,https://www.edmunds.com/mini/countryman/2026/features-specs/,IIHS,,model-specific,
Mini,Countryman,JCW ALL4 Signature Plus,2026,yes,SUV,4.0,5.0,AWD,Gas,46900.0,,46900.0,24.0,32.0,27.0,386.0,4.5,,40.4,37.0,,40.7,37.8,,no,25.0,56.2,1587.0,,3.0,312.0,295.0,5.2,,3.0,4,50000,4,50000,42.4,https://www.edmunds.com/mini/countryman/2026/features-specs/,IIHS,14.3,model-specific,
Mini,Countryman,JCW ALL4 Iconic,2026,yes,SUV,4.0,5.0,AWD,Gas,49400.0,,49400.0,24.0,32.0,27.0,386.0,4.5,,40.4,37.0,,40.7,37.8,,no,25.0,56.2,1587.0,,3.0,312.0,295.0,5.2,,4.0,4,50000,4,50000,42.4,https://www.edmunds.com/mini/countryman/2026/features-specs/,IIHS,14.3,model-specific,
Porsche,911,Carrera,2026,no,Coupe,2.0,4.0,RWD,Gas,137850.0,2350.0,140200.0,18.0,25.0,21.0,349.0,,,,,,,,,no,4.8,,,,"2.0/5.0 (RepairPal, brand-level only, ranks 32nd of 32 brands)",388.0,331.0,3.5,183.0,2.0,4,50000,4,50000,7.8,https://www.edmunds.com/porsche/911/2026/trims/,,16.6,model-specific,
Porsche,911,Carrera,2026,no,Convertible,2.0,4.0,RWD,Gas,151750.0,2350.0,154100.0,,,,,,,,,,,,,no,4.8,,,,"2.0/5.0 (RepairPal, brand-level only, ranks 32nd of 32 brands)",388.0,331.0,3.9,181.0,2.0,4,50000,4,50000,19.3,https://www.edmunds.com/porsche/911/2026/trims/,,16.6,model-specific,
Porsche,911,Carrera T,2026,yes,Coupe,2.0,4.0,RWD,Gas,150350.0,2350.0,152700.0,17.0,25.0,20.0,332.0,,,,,,,,,no,4.8,,,,"2.0/5.0 (RepairPal, brand-level only, ranks 32nd of 32 brands)",388.0,331.0,4.3,183.0,2.0,4,50000,4,50000,7.8,https://www.edmunds.com/porsche/911/2026/trims/,,16.6,model-specific,
Porsche,911,Carrera T,2026,yes,Convertible,2.0,4.0,RWD,Gas,164250.0,2350.0,166600.0,,,,,,,,,,,,,no,4.8,,,,"2.0/5.0 (RepairPal, brand-level only, ranks 32nd of 32 brands)",388.0,331.0,4.5,182.0,2.0,4,50000,4,50000,19.3,https://www.edmunds.com/porsche/911/2026/trims/,,16.6,model-specific,
Porsche,911,Carrera S,2026,no,Coupe,2.0,4.0,RWD,Gas,158550.0,2350.0,160900.0,17.0,24.0,20.0,332.0,,,,,,,,,no,4.8,,,,"2.0/5.0 (RepairPal, brand-level only, ranks 32nd of 32 brands)",473.0,390.0,3.1,191.0,2.0,4,50000,4,50000,7.8,https://www.edmunds.com/porsche/911/2026/trims/,,16.6,model-specific,
Porsche,911,Carrera S,2026,no,Convertible,2.0,4.0,RWD,Gas,172450.0,2350.0,174800.0,,,,,,,,,,,,,no,4.8,,,,"2.0/5.0 (RepairPal, brand-level only, ranks 32nd of 32 brands)",473.0,390.0,3.3,191.0,2.0,4,50000,4,50000,19.3,https://www.edmunds.com/porsche/911/2026/trims/,,16.6,model-specific,
Porsche,911,Carrera 4S,2026,no,Coupe,2.0,4.0,AWD,Gas,166850.0,2350.0,169200.0,17.0,24.0,20.0,332.0,,,,,,,,,no,4.8,,,,"2.0/5.0 (RepairPal, brand-level only, ranks 32nd of 32 brands)",473.0,390.0,3.1,191.0,2.0,4,50000,4,50000,7.8,https://www.edmunds.com/porsche/911/2026/trims/,,16.6,model-specific,
Porsche,911,Carrera 4S,2026,no,Convertible,2.0,4.0,AWD,Gas,180750.0,2350.0,183100.0,,,,,,,,,,,,,no,4.8,,,,"2.0/5.0 (RepairPal, brand-level only, ranks 32nd of 32 brands)",473.0,390.0,3.3,191.0,2.0,4,50000,4,50000,19.3,https://www.edmunds.com/porsche/911/2026/trims/,,16.6,model-specific,
Porsche,911,Targa 4S,2026,no,Targa,2.0,4.0,AWD,Gas,182550.0,2350.0,184900.0,17.0,24.0,20.0,332.0,,,,,,,,,no,4.8,,,,"2.0/5.0 (RepairPal, brand-level only, ranks 32nd of 32 brands)",473.0,390.0,3.3,191.0,2.0,4,50000,4,50000,,https://www.edmunds.com/porsche/911/2026/trims/,,16.6,,
Porsche,911,Carrera GTS,2026,yes,Coupe,2.0,4.0,RWD,Hybrid,183350.0,2350.0,185700.0,17.0,24.0,20.0,,,,,,,,,,no,4.8,,,,"2.0/5.0 (RepairPal, brand-level only, ranks 32nd of 32 brands)",532.0,449.0,2.9,194.0,2.0,4,50000,4,50000,11.0,https://www.edmunds.com/porsche/911/2026/trims/,,,model-specific,
Porsche,911,Carrera GTS,2026,yes,Convertible,2.0,4.0,RWD,Hybrid,197250.0,2350.0,199600.0,,,,,,,,,,,,,no,4.8,,,,"2.0/5.0 (RepairPal, brand-level only, ranks 32nd of 32 brands)",532.0,449.0,3.0,194.0,2.0,4,50000,4,50000,22.5,https://www.edmunds.com/porsche/911/2026/trims/,,,model-specific,
Porsche,911,Carrera 4 GTS,2026,yes,Coupe,2.0,4.0,AWD,Hybrid,191650.0,2350.0,194000.0,17.0,23.0,19.0,,,,,,,,,,no,4.8,,,,"2.0/5.0 (RepairPal, brand-level only, ranks 32nd of 32 brands)",532.0,449.0,2.9,194.0,2.0,4,50000,4,50000,11.0,https://www.edmunds.com/porsche/911/2026/trims/,,,model-specific,
Porsche,911,Carrera 4 GTS,2026,yes,Convertible,2.0,4.0,AWD,Hybrid,205550.0,2350.0,207900.0,,,,,,,,,,,,,no,4.8,,,,"2.0/5.0 (RepairPal, brand-level only, ranks 32nd of 32 brands)",532.0,449.0,3.0,194.0,2.0,4,50000,4,50000,22.5,https://www.edmunds.com/porsche/911/2026/trims/,,,model-specific,
Porsche,911,Targa 4 GTS,2026,yes,Targa,2.0,4.0,AWD,Hybrid,205650.0,2350.0,208000.0,17.0,23.0,19.0,,,,,,,,,,no,4.8,,,,"2.0/5.0 (RepairPal, brand-level only, ranks 32nd of 32 brands)",532.0,449.0,3.0,194.0,2.0,4,50000,4,50000,,https://www.edmunds.com/porsche/911/2026/trims/,,,,
Porsche,911,GT3,2026,yes,Coupe,2.0,4.0,RWD,Gas,239850.0,2350.0,242200.0,14.0,17.0,15.0,249.0,,,,,,,,,no,4.8,,,,"2.0/5.0 (RepairPal, brand-level only, ranks 32nd of 32 brands)",502.0,331.0,3.2,193.0,2.0,4,50000,4,50000,7.8,https://www.edmunds.com/porsche/911/2026/trims/,,16.6,model-specific,
Porsche,911,GT3 w/Touring Package,2026,yes,Coupe,2.0,4.0,RWD,Gas,239850.0,2350.0,242200.0,13.0,18.0,15.0,249.0,,,,,,,,,no,4.8,,,,"2.0/5.0 (RepairPal, brand-level only, ranks 32nd of 32 brands)",502.0,331.0,3.2,193.0,2.0,4,50000,4,50000,7.8,https://www.edmunds.com/porsche/911/2026/trims/,,16.6,model-specific,
Porsche,911,Turbo S,2026,yes,Coupe,2.0,4.0,AWD,Hybrid,272650.0,2350.0,275000.0,15.0,22.0,18.0,,,,,,,,,,no,4.8,,,,"2.0/5.0 (RepairPal, brand-level only, ranks 32nd of 32 brands)",701.0,590.0,2.4,200.0,2.0,4,50000,4,50000,11.0,https://www.edmunds.com/porsche/911/2026/trims/,,,model-specific,
Porsche,911,Turbo S,2026,yes,Convertible,2.0,4.0,AWD,Hybrid,286650.0,2350.0,289000.0,,,,,,,,,,,,,no,4.5,,,,"2.0/5.0 (RepairPal, brand-level only, ranks 32nd of 32 brands)",701.0,590.0,2.5,200.0,2.0,4,50000,4,50000,22.5,https://www.edmunds.com/porsche/911/2026/trims/,,,model-specific,
Porsche,Taycan,Taycan,2026,no,Sedan,4.0,4.0,RWD,EV,108150.0,2350.0,110500.0,94.0,88.0,91.0,274.0,,,,,,,,,no,17.3,,,,"2.0/5.0 (RepairPal, brand-level only, ranks 32nd of 32 brands)",402.0,302.0,4.4,143.0,3.0,4,50000,4,50000,55.0,https://www.edmunds.com/porsche/taycan/2026/trims/,,,model-specific,
Porsche,Taycan,Taycan Black Edition,2026,no,Sedan,4.0,4.0,RWD,EV,125150.0,2350.0,127500.0,94.0,88.0,91.0,274.0,,,,,,,,,no,17.3,,,,"2.0/5.0 (RepairPal, brand-level only, ranks 32nd of 32 brands)",429.0,309.0,4.5,143.0,3.0,4,50000,4,50000,55.0,https://www.edmunds.com/porsche/taycan/2026/trims/,,,model-specific,
Porsche,Taycan,Taycan 4,2026,no,Sedan,4.0,4.0,AWD,EV,112250.0,2350.0,114600.0,89.0,85.0,87.0,294.0,,,,,,,,,no,17.3,,,,"2.0/5.0 (RepairPal, brand-level only, ranks 32nd of 32 brands)",402.0,431.0,4.5,137.0,3.0,4,50000,4,50000,55.0,https://www.edmunds.com/porsche/taycan/2026/trims/,,,model-specific,
Porsche,Taycan,Taycan 4,2026,no,Cross Turismo,4.0,4.0,AWD,EV,112250.0,2350.0,114600.0,89.0,85.0,87.0,294.0,,,,,,,,,no,18.6,45.7,,,"2.0/5.0 (RepairPal, brand-level only, ranks 32nd of 32 brands)",402.0,431.0,4.8,137.0,3.0,4,50000,4,50000,46.9,https://www.edmunds.com/porsche/taycan/2026/trims/,,,model-specific,
Porsche,Taycan,Taycan 4 Black Edition,2026,no,Sedan,4.0,4.0,AWD,EV,129150.0,2350.0,131500.0,89.0,85.0,87.0,294.0,,,,,,,,,no,17.3,,,,"2.0/5.0 (RepairPal, brand-level only, ranks 32nd of 32 brands)",429.0,449.0,4.5,137.0,3.0,4,50000,4,50000,55.0,https://www.edmunds.com/porsche/taycan/2026/trims/,,,model-specific,
Porsche,Taycan,Taycan 4S,2026,no,Sedan,4.0,4.0,AWD,EV,128250.0,2350.0,130600.0,90.0,85.0,88.0,252.0,,,,,,,,,no,17.3,,,,"2.0/5.0 (RepairPal, brand-level only, ranks 32nd of 32 brands)",536.0,512.0,3.4,155.0,3.0,4,50000,4,50000,55.0,https://www.edmunds.com/porsche/taycan/2026/trims/,,,model-specific,
Porsche,Taycan,Taycan 4S,2026,no,Cross Turismo,4.0,4.0,AWD,EV,128250.0,2350.0,130600.0,90.0,85.0,88.0,252.0,,,,,,,,,no,18.6,45.7,,,"2.0/5.0 (RepairPal, brand-level only, ranks 32nd of 32 brands)",536.0,512.0,3.9,149.0,3.0,4,50000,4,50000,46.9,https://www.edmunds.com/porsche/taycan/2026/trims/,,,model-specific,
Porsche,Taycan,Taycan 4S Black Edition,2026,no,Sedan,4.0,4.0,AWD,EV,143350.0,2350.0,145700.0,,,,,,,,,,,,,no,17.3,,,,"2.0/5.0 (RepairPal, brand-level only, ranks 32nd of 32 brands)",590.0,523.0,3.7,155.0,3.0,4,50000,4,50000,55.0,https://www.edmunds.com/porsche/taycan/2026/trims/,,,model-specific,
Porsche,Taycan,Taycan GTS,2026,yes,Sedan,4.0,4.0,AWD,EV,159350.0,2350.0,161700.0,88.0,85.0,86.0,293.0,,,,,,,,,no,17.3,,,,"2.0/5.0 (RepairPal, brand-level only, ranks 32nd of 32 brands)",690.0,582.0,3.1,155.0,3.0,4,50000,4,50000,55.0,https://www.edmunds.com/porsche/taycan/2026/trims/,,,model-specific,
Porsche,Taycan,Taycan GTS,2026,yes,Sport Turismo,4.0,4.0,AWD,EV,159350.0,2350.0,161700.0,88.0,85.0,86.0,293.0,,,,,,,,,no,17.3,58.7,,,"2.0/5.0 (RepairPal, brand-level only, ranks 32nd of 32 brands)",690.0,582.0,3.1,155.0,3.0,4,50000,4,50000,46.9,https://www.edmunds.com/porsche/taycan/2026/trims/,,,model-specific,
Porsche,Taycan,Taycan Turbo,2026,yes,Sedan,4.0,4.0,AWD,EV,186950.0,2350.0,189300.0,88.0,83.0,86.0,292.0,,,,,,,,,no,17.3,,,,"2.0/5.0 (RepairPal, brand-level only, ranks 32nd of 32 brands)",871.0,656.0,3.0,161.0,3.0,4,50000,4,50000,55.0,https://www.edmunds.com/porsche/taycan/2026/trims/,,,model-specific,
Porsche,Taycan,Taycan Turbo,2026,yes,Cross Turismo,4.0,4.0,AWD,EV,186950.0,2350.0,189300.0,88.0,83.0,86.0,292.0,,,,,,,,,no,17.2,44.2,,,"2.0/5.0 (RepairPal, brand-level only, ranks 32nd of 32 brands)",871.0,656.0,3.1,155.0,3.0,4,50000,4,50000,46.9,https://www.edmunds.com/porsche/taycan/2026/trims/,,,model-specific,
Porsche,Taycan,Taycan Turbo S,2026,yes,Sedan,4.0,4.0,AWD,EV,223750.0,2350.0,226100.0,80.0,78.0,79.0,266.0,,,,,,,,,no,17.3,,,,"2.0/5.0 (RepairPal, brand-level only, ranks 32nd of 32 brands)",938.0,818.0,2.4,162.0,3.0,4,50000,4,50000,55.0,https://www.edmunds.com/porsche/taycan/2026/trims/,,,model-specific,
Porsche,Taycan,Taycan Turbo S,2026,yes,Cross Turismo,4.0,4.0,AWD,EV,223750.0,2350.0,226100.0,80.0,78.0,79.0,266.0,,,,,,,,,no,17.2,44.2,,,"2.0/5.0 (RepairPal, brand-level only, ranks 32nd of 32 brands)",938.0,818.0,2.7,155.0,3.0,4,50000,4,50000,46.9,https://www.edmunds.com/porsche/taycan/2026/trims/,,,model-specific,
Porsche,Taycan,Taycan Turbo GT,2026,yes,Sedan,4.0,4.0,AWD,EV,246050.0,2350.0,248400.0,82.0,78.0,82.0,276.0,,,,,,,,,no,17.3,,,,"2.0/5.0 (RepairPal, brand-level only, ranks 32nd of 32 brands)",1019.0,914.0,1.9,180.0,3.0,4,50000,4,50000,55.0,https://www.edmunds.com/porsche/taycan/2026/trims/,,,model-specific,
Porsche,Taycan,Taycan Turbo GT w/Weissach Package,2026,yes,Sedan,4.0,4.0,AWD,EV,246050.0,2350.0,248400.0,85.0,76.0,81.0,269.0,,,,,,,,,no,17.3,,,,"2.0/5.0 (RepairPal, brand-level only, ranks 32nd of 32 brands)",1019.0,914.0,2.1,180.0,3.0,4,50000,4,50000,55.0,https://www.edmunds.com/porsche/taycan/2026/trims/,,,model-specific,
Porsche,Macan,Base,2026,no,SUV,4.0,5.0,AWD,Gas,67750.0,2350.0,70100.0,19.0,25.0,21.0,416.0,,,,,,,,,no,17.2,53.1,,,"2.0/5.0 (RepairPal, brand-level only, ranks 32nd of 32 brands)",261.0,295.0,6.0,144.0,1.0,4,50000,4,50000,40.1,https://www.edmunds.com/porsche/macan/2026/trims/,,19.8,model-specific,
Porsche,Macan,T,2026,no,SUV,4.0,5.0,AWD,Gas,73450.0,2350.0,75800.0,19.0,25.0,21.0,416.0,,,,,,,,,no,17.2,53.1,,,"2.0/5.0 (RepairPal, brand-level only, ranks 32nd of 32 brands)",261.0,295.0,5.8,144.0,1.0,4,50000,4,50000,40.1,https://www.edmunds.com/porsche/macan/2026/trims/,,19.8,model-specific,
Porsche,Macan,S,2026,no,SUV,4.0,5.0,AWD,Gas,81250.0,2350.0,83600.0,17.0,23.0,19.0,376.0,,,,,,,,,no,17.2,53.1,,,"2.0/5.0 (RepairPal, brand-level only, ranks 32nd of 32 brands)",375.0,383.0,4.4,161.0,1.0,4,50000,4,50000,40.1,https://www.edmunds.com/porsche/macan/2026/trims/,,19.8,model-specific,
Porsche,Macan,GTS,2026,yes,SUV,4.0,5.0,AWD,Gas,96550.0,2350.0,98900.0,17.0,22.0,19.0,376.0,,,,,,,,,no,17.2,53.1,,,"2.0/5.0 (RepairPal, brand-level only, ranks 32nd of 32 brands)",434.0,405.0,4.1,169.0,1.0,4,50000,4,50000,40.1,https://www.edmunds.com/porsche/macan/2026/trims/,,19.8,model-specific,
Porsche,Macan,Electric,2026,no,SUV,4.0,5.0,RWD,EV,82650.0,2350.0,85000.0,,,105.0,309.0,,,,,,,,,no,17.2,53.1,,,"2.0/5.0 (RepairPal, brand-level only, ranks 32nd of 32 brands)",355.0,415.0,5.4,137.0,2.0,4,50000,4,50000,55.8,https://www.edmunds.com/porsche/macan/2026/trims/,,,model-specific,
Porsche,Macan,4 Electric,2026,no,SUV,4.0,5.0,AWD,EV,86350.0,2350.0,88700.0,,,102.0,304.0,,,,,,,,,no,17.2,53.1,,,"2.0/5.0 (RepairPal, brand-level only, ranks 32nd of 32 brands)",402.0,479.0,4.9,136.0,2.0,4,50000,4,50000,55.8,https://www.edmunds.com/porsche/macan/2026/trims/,,,model-specific,
Porsche,Macan,4S Electric,2026,no,SUV,4.0,5.0,AWD,EV,92250.0,2350.0,94600.0,,,92.0,290.0,,,,,,,,,no,17.2,53.1,,,"2.0/5.0 (RepairPal, brand-level only, ranks 32nd of 32 brands)",509.0,604.0,3.9,149.0,2.0,4,50000,4,50000,55.8,https://www.edmunds.com/porsche/macan/2026/trims/,,,model-specific,
Porsche,Macan,GTS Electric,2026,yes,SUV,4.0,5.0,AWD,EV,107650.0,2350.0,110000.0,,,92.0,294.0,,,,,,,,,no,17.2,53.1,,,"2.0/5.0 (RepairPal, brand-level only, ranks 32nd of 32 brands)",563.0,704.0,3.6,155.0,2.0,4,50000,4,50000,55.8,https://www.edmunds.com/porsche/macan/2026/trims/,,,model-specific,
Porsche,Macan,Turbo Electric,2026,yes,SUV,4.0,5.0,AWD,EV,115050.0,2350.0,117400.0,,,91.0,293.0,,,,,,,,,no,17.2,53.1,,,"2.0/5.0 (RepairPal, brand-level only, ranks 32nd of 32 brands)",630.0,833.0,3.1,161.0,2.0,4,50000,4,50000,55.8,https://www.edmunds.com/porsche/macan/2026/trims/,,,model-specific,
Porsche,Cayenne,Base,2026,no,SUV,4.0,5.0,AWD,Gas,92250.0,2350.0,94600.0,17.0,23.0,19.0,450.0,,,,,,,,,no,27.3,60.3,7716.0,,"2.0/5.0 (RepairPal, brand-level only, ranks 32nd of 32 brands)",348.0,368.0,5.7,154.0,1.0,4,50000,4,50000,45.2,https://www.edmunds.com/porsche/cayenne/2026/trims/,,23.7,model-specific,
Porsche,Cayenne,S,2026,no,SUV,4.0,5.0,AWD,Gas,110650.0,2350.0,113000.0,16.0,21.0,18.0,427.0,,,,,,,,,no,27.3,60.3,7716.0,,"2.0/5.0 (RepairPal, brand-level only, ranks 32nd of 32 brands)",468.0,442.0,4.4,170.0,1.0,4,50000,4,50000,45.2,https://www.edmunds.com/porsche/cayenne/2026/trims/,,23.7,model-specific,
Porsche,Cayenne,GTS,2026,yes,SUV,4.0,5.0,AWD,Gas,134750.0,2350.0,137100.0,15.0,22.0,18.0,427.0,,,,,,,,,no,27.3,60.3,7716.0,,"2.0/5.0 (RepairPal, brand-level only, ranks 32nd of 32 brands)",493.0,487.0,4.2,171.0,1.0,4,50000,4,50000,45.2,https://www.edmunds.com/porsche/cayenne/2026/trims/,,23.7,model-specific,
Porsche,Cayenne,E-Hybrid,2026,no,SUV,4.0,5.0,AWD,Hybrid,105450.0,2350.0,107800.0,21.0,23.0,22.0,,,,,,,,,,no,27.3,60.3,7716.0,,"2.0/5.0 (RepairPal, brand-level only, ranks 32nd of 32 brands)",463.0,479.0,4.6,158.0,1.0,4,50000,4,50000,48.4,https://www.edmunds.com/porsche/cayenne/2026/trims/,,,model-specific,
Porsche,Cayenne,S E-Hybrid,2026,no,SUV,4.0,5.0,AWD,Hybrid,113950.0,2350.0,116300.0,21.0,23.0,22.0,,,,,,,,,,no,27.3,60.3,7716.0,,"2.0/5.0 (RepairPal, brand-level only, ranks 32nd of 32 brands)",512.0,553.0,4.4,163.0,1.0,4,50000,4,50000,48.4,https://www.edmunds.com/porsche/cayenne/2026/trims/,,,model-specific,
Porsche,Cayenne,Turbo E-Hybrid,2026,yes,SUV,4.0,5.0,AWD,Hybrid,166850.0,2350.0,169200.0,21.0,23.0,22.0,,,,,,,,,,no,27.3,60.3,7716.0,,"2.0/5.0 (RepairPal, brand-level only, ranks 32nd of 32 brands)",729.0,700.0,3.5,183.0,1.0,4,50000,4,50000,48.4,https://www.edmunds.com/porsche/cayenne/2026/trims/,,,model-specific,
Porsche,Cayenne,Electric,2026,no,SUV,4.0,5.0,AWD,EV,111350.0,2350.0,113700.0,,,,,,,,,,,,,no,27.3,60.3,7716.0,,"2.0/5.0 (RepairPal, brand-level only, ranks 32nd of 32 brands)",435.0,615.0,4.5,143.0,2.0,4,50000,4,50000,,https://www.edmunds.com/porsche/cayenne/2026/trims/,,,,
Porsche,Cayenne,S Electric,2026,no,SUV,4.0,5.0,AWD,EV,128650.0,2350.0,131000.0,,,,,,,,,,,,,no,27.3,60.3,7716.0,,"2.0/5.0 (RepairPal, brand-level only, ranks 32nd of 32 brands)",536.0,657.0,4.5,143.0,2.0,4,50000,4,50000,,https://www.edmunds.com/porsche/cayenne/2026/trims/,,,,
Porsche,Cayenne,Turbo Electric,2026,yes,SUV,4.0,5.0,AWD,EV,165350.0,2350.0,167700.0,,,,,,,,,,,,,no,27.3,60.3,7716.0,,"2.0/5.0 (RepairPal, brand-level only, ranks 32nd of 32 brands)",1139.0,1106.0,2.4,162.0,2.0,4,50000,4,50000,,https://www.edmunds.com/porsche/cayenne/2026/trims/,,,,
Porsche,Cayenne,Base,2026,no,Coupe,4.0,5.0,AWD,Gas,97450.0,2350.0,99800.0,17.0,23.0,19.0,450.0,,,,,,,,,no,20.9,53.0,7716.0,,"2.0/5.0 (RepairPal, brand-level only, ranks 32nd of 32 brands)",348.0,368.0,5.4,154.0,1.0,4,50000,4,50000,45.2,https://www.edmunds.com/porsche/cayenne-coupe/2026/trims/,,23.7,model-specific,
Porsche,Cayenne,S,2026,no,Coupe,4.0,5.0,AWD,Gas,117250.0,2350.0,119600.0,16.0,21.0,18.0,427.0,,,,,,,,,no,20.9,53.0,7716.0,,"2.0/5.0 (RepairPal, brand-level only, ranks 32nd of 32 brands)",468.0,442.0,4.4,170.0,1.0,4,50000,4,50000,45.2,https://www.edmunds.com/porsche/cayenne-coupe/2026/trims/,,23.7,model-specific,
Porsche,Cayenne,GTS,2026,yes,Coupe,4.0,5.0,AWD,Gas,139450.0,2350.0,141800.0,15.0,22.0,18.0,427.0,,,,,,,,,no,20.9,53.0,7716.0,,"2.0/5.0 (RepairPal, brand-level only, ranks 32nd of 32 brands)",493.0,487.0,4.2,171.0,1.0,4,50000,4,50000,45.2,https://www.edmunds.com/porsche/cayenne-coupe/2026/trims/,,23.7,model-specific,
Porsche,Cayenne,Turbo GT,2026,yes,Coupe,4.0,5.0,AWD,Gas,217150.0,2350.0,219500.0,14.0,19.0,16.0,379.0,,,,,,,,,no,20.3,52.4,7716.0,,"2.0/5.0 (RepairPal, brand-level only, ranks 32nd of 32 brands)",650.0,626.0,3.1,190.0,1.0,4,50000,4,50000,45.2,https://www.edmunds.com/porsche/cayenne-coupe/2026/trims/,,23.7,model-specific,
Porsche,Cayenne,E-Hybrid,2026,no,Coupe,4.0,5.0,AWD,Hybrid,109650.0,2350.0,112000.0,21.0,23.0,22.0,,,,,,,,,,no,15.3,47.4,7716.0,,"2.0/5.0 (RepairPal, brand-level only, ranks 32nd of 32 brands)",463.0,479.0,4.6,158.0,1.0,4,50000,4,50000,48.4,https://www.edmunds.com/porsche/cayenne-coupe/2026/trims/,,,model-specific,
Porsche,Cayenne,S E-Hybrid,2026,no,Coupe,4.0,5.0,AWD,Hybrid,119450.0,2350.0,121800.0,21.0,23.0,22.0,,,,,,,,,,no,15.3,47.4,7716.0,,"2.0/5.0 (RepairPal, brand-level only, ranks 32nd of 32 brands)",512.0,553.0,4.4,163.0,1.0,4,50000,4,50000,48.4,https://www.edmunds.com/porsche/cayenne-coupe/2026/trims/,,,model-specific,
Porsche,Cayenne,Turbo E-Hybrid,2026,yes,Coupe,4.0,5.0,AWD,Hybrid,171450.0,2350.0,173800.0,21.0,23.0,22.0,,,,,,,,,,no,15.3,47.4,7716.0,,"2.0/5.0 (RepairPal, brand-level only, ranks 32nd of 32 brands)",729.0,700.0,3.5,183.0,1.0,4,50000,4,50000,48.4,https://www.edmunds.com/porsche/cayenne-coupe/2026/trims/,,,model-specific,
Porsche,Cayenne,Electric,2026,no,Coupe,4.0,5.0,AWD,EV,116150.0,2350.0,118500.0,,,,,,,,,,,,,no,22.1,50.8,7716.0,,"2.0/5.0 (RepairPal, brand-level only, ranks 32nd of 32 brands)",435.0,615.0,4.5,143.0,2.0,4,50000,4,50000,,https://www.edmunds.com/porsche/cayenne-coupe/2026/trims/,,,,
Porsche,Cayenne,S Electric,2026,no,Coupe,4.0,5.0,AWD,EV,133550.0,2350.0,135900.0,,,,,,,,,,,,,no,22.1,50.8,7716.0,,"2.0/5.0 (RepairPal, brand-level only, ranks 32nd of 32 brands)",657.0,796.0,4.5,143.0,2.0,4,50000,4,50000,,https://www.edmunds.com/porsche/cayenne-coupe/2026/trims/,,,,
Porsche,Cayenne,Turbo Electric,2026,yes,Coupe,4.0,5.0,AWD,EV,170350.0,2350.0,172700.0,,,,,,,,,,,,,no,22.1,50.8,7716.0,,"2.0/5.0 (RepairPal, brand-level only, ranks 32nd of 32 brands)",1139.0,1106.0,2.4,162.0,2.0,4,50000,4,50000,,https://www.edmunds.com/porsche/cayenne-coupe/2026/trims/,,,,
Porsche,Panamera,Base,2026,no,Sedan,4.0,4.0,RWD,Gas,115350.0,2350.0,117700.0,18.0,25.0,21.0,498.0,,,,,,,,,no,17.4,46.9,,,"2.0/5.0 (RepairPal, brand-level only, ranks 32nd of 32 brands)",348.0,368.0,5.0,169.0,2.0,4,50000,4,50000,42.4,https://www.edmunds.com/porsche/panamera/2026/trims/,,23.7,model-specific,
Porsche,Panamera,4,2026,no,Sedan,4.0,4.0,AWD,Gas,122750.0,2350.0,125100.0,18.0,25.0,21.0,498.0,,,,,,,,,no,17.4,46.9,,,"2.0/5.0 (RepairPal, brand-level only, ranks 32nd of 32 brands)",348.0,368.0,4.5,168.0,2.0,4,50000,4,50000,42.4,https://www.edmunds.com/porsche/panamera/2026/trims/,,23.7,model-specific,
Porsche,Panamera,4 E-Hybrid,2026,no,Sedan,4.0,4.0,AWD,PHEV,129550.0,2350.0,131900.0,,,,28.0,,,,,,,,,no,17.4,46.9,,,"2.0/5.0 (RepairPal, brand-level only, ranks 32nd of 32 brands)",463.0,479.0,3.9,174.0,2.0,4,50000,4,50000,45.7,https://www.edmunds.com/porsche/panamera/2026/trims/,,,model-specific,
Porsche,Panamera,4S E-Hybrid,2026,no,Sedan,4.0,4.0,AWD,PHEV,141450.0,2350.0,143800.0,,,,28.0,,,,,,,,,no,17.4,46.9,,,"2.0/5.0 (RepairPal, brand-level only, ranks 32nd of 32 brands)",536.0,553.0,3.5,180.0,2.0,4,50000,4,50000,45.7,https://www.edmunds.com/porsche/panamera/2026/trims/,,,model-specific,
Porsche,Panamera,GTS,2026,yes,Sedan,4.0,4.0,AWD,Gas,169250.0,2350.0,171600.0,16.0,24.0,18.0,427.0,,,,,,,,,no,17.4,46.9,,,"2.0/5.0 (RepairPal, brand-level only, ranks 32nd of 32 brands)",493.0,486.0,3.6,188.0,2.0,4,50000,4,50000,42.4,https://www.edmunds.com/porsche/panamera/2026/trims/,,23.7,model-specific,
Porsche,Panamera,Turbo E-Hybrid,2026,yes,Sedan,4.0,4.0,AWD,PHEV,210250.0,2350.0,212600.0,,,,,,,,,,,,,no,17.4,46.9,,,"2.0/5.0 (RepairPal, brand-level only, ranks 32nd of 32 brands)",670.0,686.0,3.0,196.0,2.0,4,50000,4,50000,45.7,https://www.edmunds.com/porsche/panamera/2026/trims/,,,model-specific,
Porsche,Panamera,Turbo S E-Hybrid,2026,yes,Sedan,4.0,4.0,AWD,PHEV,247550.0,2350.0,249900.0,,,,,,,,,,,,,no,17.4,46.9,,,"2.0/5.0 (RepairPal, brand-level only, ranks 32nd of 32 brands)",771.0,737.0,2.8,202.0,2.0,4,50000,4,50000,45.7,https://www.edmunds.com/porsche/panamera/2026/trims/,,,model-specific,
Land Rover,Defender,90 P400 X-Dynamic SE,2026,no,SUV,2.0,5.0,AWD,Gas,68500.0,1950.0,70450.0,18.0,22.0,20.0,476.0,,,39.1,38.4,,40.6,37.2,,no,15.6,,8200.0,,"2.5/5.0 (RepairPal, brand-level only, ranks 31st of 32 brands)",395.0,406.0,6.2,119.0,3.0,4,50000,4,50000,48.0,https://www.edmunds.com/land-rover/defender/2026/features-specs/,,23.8,model-specific,
Land Rover,Defender,90 P525 V8,2026,yes,SUV,2.0,5.0,AWD,Gas,114400.0,1950.0,116350.0,,,,,,,39.1,38.4,,40.6,37.2,,no,15.6,,8200.0,,"2.5/5.0 (RepairPal, brand-level only, ranks 31st of 32 brands)",,,5.1,149.0,3.0,4,50000,4,50000,48.0,https://www.edmunds.com/land-rover/defender/2026/features-specs/,,23.8,model-specific,
Land Rover,Defender,110 P300 S,2026,no,SUV,4.0,5.0,AWD,Gas,63500.0,1950.0,65450.0,,,,,,,39.1,38.4,,40.6,40.4,,no,34.0,,8200.0,,"2.5/5.0 (RepairPal, brand-level only, ranks 31st of 32 brands)",,,7.0,119.0,3.0,4,50000,4,50000,48.0,https://www.edmunds.com/land-rover/defender/2026/features-specs/,,23.8,model-specific,
Land Rover,Defender,110 P400 X-Dynamic SE,2026,no,SUV,4.0,5.0,AWD,Gas,75200.0,1950.0,77150.0,18.0,22.0,20.0,476.0,,,39.1,38.4,,40.6,40.4,,no,34.0,,8200.0,,"2.5/5.0 (RepairPal, brand-level only, ranks 31st of 32 brands)",395.0,406.0,5.8,119.0,3.0,4,50000,4,50000,48.0,https://www.edmunds.com/land-rover/defender/2026/features-specs/,,23.8,model-specific,
Land Rover,Defender,110 P400 Trophy Edition,2026,no,SUV,4.0,5.0,AWD,Gas,87400.0,1950.0,89350.0,18.0,22.0,20.0,476.0,,,39.1,38.4,,40.6,40.4,,no,34.0,,8200.0,,"2.5/5.0 (RepairPal, brand-level only, ranks 31st of 32 brands)",395.0,406.0,5.8,119.0,3.0,4,50000,4,50000,48.0,https://www.edmunds.com/land-rover/defender/2026/features-specs/,,23.8,model-specific,
Land Rover,Defender,110 P400 X,2026,no,SUV,4.0,5.0,AWD,Gas,95600.0,1950.0,97550.0,18.0,22.0,20.0,476.0,,,39.1,38.4,,40.6,40.4,,no,34.0,,8200.0,,"2.5/5.0 (RepairPal, brand-level only, ranks 31st of 32 brands)",395.0,406.0,5.8,119.0,3.0,4,50000,4,50000,48.0,https://www.edmunds.com/land-rover/defender/2026/features-specs/,,23.8,model-specific,
Land Rover,Defender,110 P500 X-Dynamic SE,2026,yes,SUV,4.0,5.0,AWD,Gas,99100.0,1950.0,101050.0,,,,,,,39.1,38.4,,40.6,40.4,,no,34.0,,8200.0,,"2.5/5.0 (RepairPal, brand-level only, ranks 31st of 32 brands)",,,5.2,149.0,3.0,4,50000,4,50000,48.0,https://www.edmunds.com/land-rover/defender/2026/features-specs/,,23.8,model-specific,
Land Rover,Defender,110 P525 V8,2026,yes,SUV,4.0,5.0,AWD,Gas,118300.0,1950.0,120250.0,,,,,,,39.1,38.4,,40.6,40.4,,no,34.0,,8200.0,,"2.5/5.0 (RepairPal, brand-level only, ranks 31st of 32 brands)",,,5.1,149.0,3.0,4,50000,4,50000,48.0,https://www.edmunds.com/land-rover/defender/2026/features-specs/,,23.8,model-specific,
Land Rover,Defender,110 P635 OCTA,2026,yes,SUV,4.0,5.0,AWD,Gas,158300.0,1950.0,160250.0,,,,,,,39.1,38.4,,40.6,40.4,,no,34.0,,8200.0,,"2.5/5.0 (RepairPal, brand-level only, ranks 31st of 32 brands)",,,3.8,155.0,3.0,4,50000,4,50000,48.0,https://www.edmunds.com/land-rover/defender/2026/features-specs/,,23.8,model-specific,
Land Rover,Defender,110 P635 OCTA Black,2026,yes,SUV,4.0,5.0,AWD,Gas,168700.0,1950.0,170650.0,,,,,,,39.1,38.4,,40.6,40.4,,no,34.0,,8200.0,,"2.5/5.0 (RepairPal, brand-level only, ranks 31st of 32 brands)",,,3.8,155.0,3.0,4,50000,4,50000,48.0,https://www.edmunds.com/land-rover/defender/2026/features-specs/,,23.8,model-specific,
Land Rover,Defender,130 P300 S,2026,no,SUV,4.0,5.0,AWD,Gas,73000.0,1950.0,74950.0,,,,,,,39.1,38.4,,40.6,40.4,,no,15.3,,8200.0,,"2.5/5.0 (RepairPal, brand-level only, ranks 31st of 32 brands)",,,7.5,119.0,3.0,4,50000,4,50000,48.0,https://www.edmunds.com/land-rover/defender/2026/features-specs/,,23.8,model-specific,
Land Rover,Defender,130 P400 X-Dynamic SE,2026,no,SUV,4.0,5.0,AWD,Gas,84400.0,1950.0,86350.0,18.0,22.0,20.0,476.0,,,39.1,38.4,,40.6,40.4,,no,15.3,,8200.0,,"2.5/5.0 (RepairPal, brand-level only, ranks 31st of 32 brands)",395.0,406.0,6.3,119.0,3.0,4,50000,4,50000,48.0,https://www.edmunds.com/land-rover/defender/2026/features-specs/,,23.8,model-specific,
Land Rover,Defender,130 P400 Outbound,2026,no,SUV,4.0,5.0,AWD,Gas,86700.0,1950.0,88650.0,18.0,22.0,20.0,476.0,,,39.1,38.4,,40.6,40.4,,no,15.3,,8200.0,,"2.5/5.0 (RepairPal, brand-level only, ranks 31st of 32 brands)",395.0,406.0,6.3,119.0,3.0,4,50000,4,50000,48.0,https://www.edmunds.com/land-rover/defender/2026/features-specs/,,23.8,model-specific,
Land Rover,Defender,130 P400 X,2026,no,SUV,4.0,5.0,AWD,Gas,105000.0,1950.0,106950.0,18.0,22.0,20.0,476.0,,,39.1,38.4,,40.6,40.4,,no,15.3,,8200.0,,"2.5/5.0 (RepairPal, brand-level only, ranks 31st of 32 brands)",395.0,406.0,6.3,119.0,3.0,4,50000,4,50000,48.0,https://www.edmunds.com/land-rover/defender/2026/features-specs/,,23.8,model-specific,
Land Rover,Defender,130 P500 V8,2026,yes,SUV,4.0,5.0,AWD,Gas,123900.0,1950.0,125850.0,,,,,,,39.1,38.4,,40.6,40.4,,no,15.3,,8200.0,,"2.5/5.0 (RepairPal, brand-level only, ranks 31st of 32 brands)",,,5.4,149.0,3.0,4,50000,4,50000,48.0,https://www.edmunds.com/land-rover/defender/2026/features-specs/,,23.8,model-specific,
Land Rover,Range Rover,P400 SE (Standard Wheelbase),2026,no,SUV,4.0,5.0,AWD,Gas,113300.0,2450.0,115750.0,19.0,24.0,21.0,500.0,,,39.9,40.4,,39.3,39.2,,no,40.7,83.5,7715.0,,"2.5/5.0 (RepairPal, brand-level only, ranks 31st of 32 brands)",395.0,406.0,5.5,150.0,3.0,4,50000,4,50000,74.0,https://www.edmunds.com/land-rover/range-rover/2026/features-specs/,,23.8,model-specific,
Land Rover,Range Rover,"P400 SE (Long Wheelbase, 7-Seat)",2026,no,SUV,4.0,7.0,AWD,Gas,120700.0,2450.0,123150.0,19.0,24.0,21.0,500.0,,,39.9,40.4,36.0,39.3,39.6,36.0,yes,40.7,83.5,7715.0,,"2.5/5.0 (RepairPal, brand-level only, ranks 31st of 32 brands)",395.0,406.0,5.5,150.0,3.0,4,50000,4,50000,74.0,https://www.edmunds.com/land-rover/range-rover/2026/features-specs/,,23.8,model-specific,
Land Rover,Range Rover,P550e SE (Standard Wheelbase),2026,no,SUV,4.0,5.0,AWD,PHEV,125900.0,2450.0,128350.0,,,,21.0,,,39.9,40.4,,39.3,39.2,,no,40.7,83.5,7715.0,,"2.5/5.0 (RepairPal, brand-level only, ranks 31st of 32 brands)",543.0,,4.8,150.0,3.0,4,50000,4,50000,74.0,https://www.edmunds.com/land-rover/range-rover/2026/features-specs/,,,model-specific,
Land Rover,Range Rover,P530 SE (Standard Wheelbase),2026,yes,SUV,4.0,5.0,AWD,Gas,138000.0,2450.0,140450.0,,,,,,,39.9,40.4,,39.3,39.2,,no,40.7,83.5,7715.0,,"2.5/5.0 (RepairPal, brand-level only, ranks 31st of 32 brands)",607.0,,4.4,155.0,3.0,4,50000,4,50000,74.0,https://www.edmunds.com/land-rover/range-rover/2026/features-specs/,,23.8,model-specific,
Land Rover,Range Rover,"P530 SE (Long Wheelbase, 7-Seat)",2026,yes,SUV,4.0,7.0,AWD,Gas,145400.0,2450.0,147850.0,,,,,,,39.9,40.4,36.0,39.3,39.6,36.0,yes,40.7,83.5,7715.0,,"2.5/5.0 (RepairPal, brand-level only, ranks 31st of 32 brands)",607.0,,4.4,155.0,3.0,4,50000,4,50000,74.0,https://www.edmunds.com/land-rover/range-rover/2026/features-specs/,,23.8,model-specific,
Land Rover,Range Rover,P550e Autobiography (Standard Wheelbase),2026,no,SUV,4.0,5.0,AWD,PHEV,159200.0,2450.0,161650.0,,,,21.0,,,39.9,40.4,,39.3,39.2,,no,40.7,83.5,7715.0,,"2.5/5.0 (RepairPal, brand-level only, ranks 31st of 32 brands)",543.0,,4.8,150.0,4.0,4,50000,4,50000,74.0,https://www.edmunds.com/land-rover/range-rover/2026/features-specs/,,,model-specific,
Land Rover,Range Rover,P530 Autobiography (Standard Wheelbase),2026,yes,SUV,4.0,5.0,AWD,Gas,174800.0,2450.0,177250.0,,,,,,,39.9,40.4,,39.3,39.2,,no,40.7,83.5,7715.0,,"2.5/5.0 (RepairPal, brand-level only, ranks 31st of 32 brands)",607.0,,4.4,155.0,4.0,4,50000,4,50000,74.0,https://www.edmunds.com/land-rover/range-rover/2026/features-specs/,,23.8,model-specific,
Land Rover,Range Rover,"P530 Autobiography (Long Wheelbase, 7-Seat)",2026,yes,SUV,4.0,7.0,AWD,Gas,177900.0,2450.0,180350.0,,,,,,,39.9,40.4,36.0,39.3,39.6,36.0,yes,40.7,83.5,7715.0,,"2.5/5.0 (RepairPal, brand-level only, ranks 31st of 32 brands)",607.0,,4.4,155.0,4.0,4,50000,4,50000,74.0,https://www.edmunds.com/land-rover/range-rover/2026/features-specs/,,23.8,model-specific,
Land Rover,Range Rover,"P530 Autobiography (Long Wheelbase, 5-Seat)",2026,yes,SUV,4.0,5.0,AWD,Gas,179500.0,2450.0,181950.0,,,,,,,39.9,40.4,,39.3,39.2,,no,40.7,83.5,7715.0,,"2.5/5.0 (RepairPal, brand-level only, ranks 31st of 32 brands)",607.0,,4.4,155.0,4.0,4,50000,4,50000,74.0,https://www.edmunds.com/land-rover/range-rover/2026/features-specs/,,23.8,model-specific,
Land Rover,Range Rover,P615 SV (Standard Wheelbase),2026,yes,SUV,4.0,5.0,AWD,Gas,219500.0,2450.0,221950.0,,,,,,,39.9,40.4,,39.3,38.5,,no,40.7,83.5,7715.0,,"2.5/5.0 (RepairPal, brand-level only, ranks 31st of 32 brands)",,,4.3,162.0,5.0,4,50000,4,50000,74.0,https://www.edmunds.com/land-rover/range-rover/2026/features-specs/,,23.8,model-specific,
Land Rover,Range Rover,P615 SV (Long Wheelbase),2026,yes,SUV,4.0,5.0,AWD,Gas,245700.0,2450.0,248150.0,,,,,,,39.9,40.4,,39.3,38.5,,no,40.7,83.5,7715.0,,"2.5/5.0 (RepairPal, brand-level only, ranks 31st of 32 brands)",,,4.3,162.0,5.0,4,50000,4,50000,74.0,https://www.edmunds.com/land-rover/range-rover/2026/features-specs/,,23.8,model-specific,
Land Rover,Range Rover,P615 SV Black (Standard Wheelbase),2026,yes,SUV,4.0,5.0,AWD,Gas,238900.0,2450.0,241350.0,,,,,,,39.9,40.4,,39.3,38.5,,no,40.7,83.5,7715.0,,"2.5/5.0 (RepairPal, brand-level only, ranks 31st of 32 brands)",,,4.3,162.0,5.0,4,50000,4,50000,74.0,https://www.edmunds.com/land-rover/range-rover/2026/features-specs/,,23.8,model-specific,
Land Rover,Range Rover,P615 SV Black (Long Wheelbase),2026,yes,SUV,4.0,5.0,AWD,Gas,260900.0,2450.0,263350.0,,,,,,,39.9,40.4,,39.3,38.5,,no,40.7,83.5,7715.0,,"2.5/5.0 (RepairPal, brand-level only, ranks 31st of 32 brands)",,,4.3,162.0,5.0,4,50000,4,50000,74.0,https://www.edmunds.com/land-rover/range-rover/2026/features-specs/,,23.8,model-specific,
Land Rover,Range Rover Sport,P360 S,2026,no,SUV,4.0,5.0,AWD,Gas,77600.0,1850.0,79450.0,20.0,25.0,22.0,524.0,,,40.3,37.8,,38.8,39.0,,no,31.9,,7716.0,,"2.5/5.0 (RepairPal, brand-level only, ranks 31st of 32 brands)",395.0,406.0,5.7,140.0,3.0,4,50000,4,50000,64.0,https://www.edmunds.com/land-rover/range-rover-sport/2026/features-specs/,,23.8,model-specific,
Land Rover,Range Rover Sport,P360 SE,2026,no,SUV,4.0,5.0,AWD,Gas,83700.0,1850.0,85550.0,20.0,25.0,22.0,524.0,,,40.3,37.8,,38.8,39.0,,no,31.9,,7716.0,,"2.5/5.0 (RepairPal, brand-level only, ranks 31st of 32 brands)",395.0,406.0,5.7,140.0,3.0,4,50000,4,50000,64.0,https://www.edmunds.com/land-rover/range-rover-sport/2026/features-specs/,,23.8,model-specific,
Land Rover,Range Rover Sport,P400 Dynamic SE,2026,no,SUV,4.0,5.0,AWD,Gas,90800.0,1850.0,92650.0,20.0,25.0,22.0,524.0,,,40.3,37.8,,38.8,39.0,,no,31.9,,7716.0,,"2.5/5.0 (RepairPal, brand-level only, ranks 31st of 32 brands)",395.0,406.0,5.8,150.0,3.0,4,50000,4,50000,64.0,https://www.edmunds.com/land-rover/range-rover-sport/2026/features-specs/,,23.8,model-specific,
Land Rover,Range Rover Sport,P460e Dynamic SE,2026,no,SUV,4.0,5.0,AWD,PHEV,95100.0,1850.0,96950.0,,,,,,,40.3,37.8,,38.8,39.0,,no,31.9,,7716.0,,"2.5/5.0 (RepairPal, brand-level only, ranks 31st of 32 brands)",,,5.3,140.0,3.0,4,50000,4,50000,64.0,https://www.edmunds.com/land-rover/range-rover-sport/2026/features-specs/,,,model-specific,
Land Rover,Range Rover Sport,P530 Dynamic SE,2026,yes,SUV,4.0,5.0,AWD,Gas,103700.0,1850.0,105550.0,,,,,,,40.3,37.8,,38.8,39.0,,no,31.9,,7716.0,,"2.5/5.0 (RepairPal, brand-level only, ranks 31st of 32 brands)",607.0,,4.3,155.0,3.0,4,50000,4,50000,64.0,https://www.edmunds.com/land-rover/range-rover-sport/2026/features-specs/,,23.8,model-specific,
Land Rover,Range Rover Sport,P550e Autobiography,2026,no,SUV,4.0,5.0,AWD,PHEV,118700.0,1850.0,120550.0,,,,21.0,,,40.3,37.8,,38.8,39.0,,no,31.9,,7716.0,,"2.5/5.0 (RepairPal, brand-level only, ranks 31st of 32 brands)",543.0,,4.7,150.0,4.0,4,50000,4,50000,64.0,https://www.edmunds.com/land-rover/range-rover-sport/2026/features-specs/,,,model-specific,
Land Rover,Range Rover Sport,P530 Autobiography,2026,yes,SUV,4.0,5.0,AWD,Gas,120900.0,1850.0,122750.0,,,,,,,40.3,37.8,,38.8,39.0,,no,31.9,,7716.0,,"2.5/5.0 (RepairPal, brand-level only, ranks 31st of 32 brands)",607.0,,4.3,155.0,4.0,4,50000,4,50000,64.0,https://www.edmunds.com/land-rover/range-rover-sport/2026/features-specs/,,23.8,model-specific,
Land Rover,Range Rover Sport,P635 SV,2026,yes,SUV,4.0,5.0,AWD,Gas,152000.0,1850.0,153850.0,,,,,,,40.3,37.8,,38.8,39.0,,no,31.9,,7716.0,,"2.5/5.0 (RepairPal, brand-level only, ranks 31st of 32 brands)",,,3.7,180.0,5.0,4,50000,4,50000,64.0,https://www.edmunds.com/land-rover/range-rover-sport/2026/features-specs/,,23.8,model-specific,
Land Rover,Range Rover Sport,P635 SV Black,2026,yes,SUV,4.0,5.0,AWD,Gas,161600.0,1850.0,163450.0,,,,,,,40.3,37.8,,38.8,39.0,,no,31.9,,7716.0,,"2.5/5.0 (RepairPal, brand-level only, ranks 31st of 32 brands)",,,3.7,180.0,5.0,4,50000,4,50000,64.0,https://www.edmunds.com/land-rover/range-rover-sport/2026/features-specs/,,23.8,model-specific,
Land Rover,Range Rover Sport,P635 SV Carbon,2026,yes,SUV,4.0,5.0,AWD,Gas,169500.0,1850.0,171350.0,,,,,,,40.3,37.8,,38.8,39.0,,no,31.9,,7716.0,,"2.5/5.0 (RepairPal, brand-level only, ranks 31st of 32 brands)",,,3.7,180.0,5.0,4,50000,4,50000,64.0,https://www.edmunds.com/land-rover/range-rover-sport/2026/features-specs/,,23.8,model-specific,
Land Rover,Range Rover Velar,P250 S,2026,no,SUV,4.0,5.0,AWD,Gas,61600.0,1575.0,63175.0,22.0,26.0,23.0,497.0,,,40.3,37.2,,38.2,38.0,,no,30.9,62.7,5291.0,,"2.5/5.0 (RepairPal, brand-level only, ranks 31st of 32 brands)",247.0,269.0,7.1,135.0,3.0,4,50000,4,50000,62.0,https://www.edmunds.com/land-rover/range-rover-velar/2026/features-specs/,,21.6,model-specific,
Land Rover,Range Rover Velar,P250 Belgravia Edition,2026,no,SUV,4.0,5.0,AWD,Gas,63800.0,1575.0,65375.0,22.0,26.0,23.0,497.0,,,40.3,37.2,,38.2,38.0,,no,30.9,62.7,5291.0,,"2.5/5.0 (RepairPal, brand-level only, ranks 31st of 32 brands)",247.0,269.0,7.1,135.0,3.0,4,50000,4,50000,62.0,https://www.edmunds.com/land-rover/range-rover-velar/2026/features-specs/,,21.6,model-specific,
Land Rover,Range Rover Velar,P400 Belgravia Edition,2026,yes,SUV,4.0,5.0,AWD,Gas,70800.0,1575.0,72375.0,,,,,,,40.3,37.2,,38.2,38.0,,no,30.9,62.7,5291.0,,"2.5/5.0 (RepairPal, brand-level only, ranks 31st of 32 brands)",,,5.2,155.0,3.0,4,50000,4,50000,62.0,https://www.edmunds.com/land-rover/range-rover-velar/2026/features-specs/,,21.6,model-specific,
Land Rover,Range Rover Velar,P400 Autobiography,2026,yes,SUV,4.0,5.0,AWD,Gas,78900.0,1575.0,80475.0,,,,,,,40.3,37.2,,38.2,38.0,,no,30.9,62.7,5291.0,,"2.5/5.0 (RepairPal, brand-level only, ranks 31st of 32 brands)",,,5.2,155.0,4.0,4,50000,4,50000,62.0,https://www.edmunds.com/land-rover/range-rover-velar/2026/features-specs/,,21.6,model-specific,
Land Rover,Range Rover Velar,P400 Belgravia Edition Satin,2026,yes,SUV,4.0,5.0,AWD,Gas,80900.0,1575.0,82475.0,,,,,,,40.3,37.2,,38.2,38.0,,no,30.9,62.7,5291.0,,"2.5/5.0 (RepairPal, brand-level only, ranks 31st of 32 brands)",,,5.2,155.0,3.0,4,50000,4,50000,62.0,https://www.edmunds.com/land-rover/range-rover-velar/2026/features-specs/,,21.6,model-specific,
Land Rover,Range Rover Evoque,P250 S,2026,no,SUV,4.0,5.0,AWD,Gas,49900.0,1475.0,51375.0,20.0,27.0,22.0,389.0,,,40.0,34.0,,37.4,38.1,,no,21.4,,3968.0,,"2.5/5.0 (RepairPal, brand-level only, ranks 31st of 32 brands)",246.0,269.0,7.0,137.0,3.0,4,50000,4,50000,52.0,https://www.edmunds.com/land-rover/range-rover-evoque/2026/features-specs/,,17.7,model-specific,
Land Rover,Range Rover Evoque,P250 Dynamic SE,2026,no,SUV,4.0,5.0,AWD,Gas,55100.0,1475.0,56575.0,20.0,27.0,22.0,389.0,,,40.0,34.0,,37.4,38.1,,no,21.4,,3968.0,,"2.5/5.0 (RepairPal, brand-level only, ranks 31st of 32 brands)",246.0,269.0,7.0,137.0,3.0,4,50000,4,50000,52.0,https://www.edmunds.com/land-rover/range-rover-evoque/2026/features-specs/,,17.7,model-specific,
Land Rover,Range Rover Evoque,P250 Hoxton Edition,2026,no,SUV,4.0,5.0,AWD,Gas,55100.0,1475.0,56575.0,20.0,27.0,22.0,389.0,,,40.0,34.0,,37.4,38.1,,no,21.4,,3968.0,,"2.5/5.0 (RepairPal, brand-level only, ranks 31st of 32 brands)",246.0,269.0,7.0,137.0,3.0,4,50000,4,50000,52.0,https://www.edmunds.com/land-rover/range-rover-evoque/2026/features-specs/,,17.7,model-specific,
Land Rover,Discovery,P300 S,2026,no,SUV,4.0,7.0,AWD,Gas,60200.0,1850.0,62050.0,,,,,,,39.1,37.4,34.0,39.4,39.0,38.0,yes,,70.5,8200.0,,"2.5/5.0 (RepairPal, brand-level only, ranks 31st of 32 brands)",,,6.9,125.0,3.0,4,50000,4,50000,65.0,https://www.edmunds.com/land-rover/discovery/2026/features-specs/,,23.8,model-specific,
Land Rover,Discovery,P300 Dynamic SE,2026,no,SUV,4.0,7.0,AWD,Gas,64600.0,1850.0,66450.0,,,,,,,39.1,37.4,34.0,39.4,39.0,38.0,yes,,70.5,8200.0,,"2.5/5.0 (RepairPal, brand-level only, ranks 31st of 32 brands)",,,6.9,125.0,3.0,4,50000,4,50000,65.0,https://www.edmunds.com/land-rover/discovery/2026/features-specs/,,23.8,model-specific,
Land Rover,Discovery,P360 Gemini Edition,2026,yes,SUV,4.0,7.0,AWD,Gas,70800.0,1850.0,72650.0,17.0,23.0,19.0,452.0,,,39.1,37.4,34.0,39.4,39.0,38.0,yes,,70.5,8200.0,,"2.5/5.0 (RepairPal, brand-level only, ranks 31st of 32 brands)",355.0,369.0,6.2,130.0,3.0,4,50000,4,50000,65.0,https://www.edmunds.com/land-rover/discovery/2026/features-specs/,,23.8,model-specific,
Land Rover,Discovery,P360 Tempest Edition,2026,yes,SUV,4.0,7.0,AWD,Gas,83500.0,1850.0,85350.0,17.0,23.0,19.0,452.0,,,39.1,37.4,34.0,39.4,39.0,38.0,yes,,70.5,8200.0,,"2.5/5.0 (RepairPal, brand-level only, ranks 31st of 32 brands)",355.0,369.0,6.2,130.0,4.0,4,50000,4,50000,65.0,https://www.edmunds.com/land-rover/discovery/2026/features-specs/,,23.8,model-specific,
Land Rover,Discovery Sport,P250 Landmark,2026,no,SUV,4.0,5.0,AWD,Gas,49900.0,1275.0,51175.0,19.0,23.0,20.0,354.0,,,,,,,,,no,32.4,,4409.0,,"2.5/5.0 (RepairPal, brand-level only, ranks 31st of 32 brands)",246.0,269.0,7.3,137.0,3.0,4,50000,4,50000,59.0,https://www.edmunds.com/land-rover/discovery-sport/2026/features-specs/,,17.7,model-specific,
Alfa Romeo,Giulia,Base,2026,no,Sedan,4.0,5.0,RWD,Gas,44995.0,3250.0,48245.0,23.0,31.0,26.0,398.0,4.0,,42.4,35.1,,38.6,37.6,,no,,,,,,280.0,306.0,5.4,,2.0,4,50000,4,50000,62.0,https://www.edmunds.com/alfa-romeo/giulia/2026/features-specs/,IIHS,15.3,model-specific,
Alfa Romeo,Giulia,Base,2026,no,Sedan,4.0,5.0,AWD,Gas,46995.0,3250.0,50245.0,23.0,31.0,26.0,398.0,4.0,,42.4,35.1,,38.6,37.6,,no,,,,905.0,,280.0,306.0,5.4,,2.0,4,50000,4,50000,62.0,https://www.edmunds.com/alfa-romeo/giulia/2026/features-specs/,IIHS,15.3,model-specific,
Alfa Romeo,Stelvio,Base,2026,no,SUV,4.0,5.0,AWD,Gas,49995.0,3250.0,53245.0,22.0,28.0,24.0,406.0,,116.0,36.6,31.9,,40.2,38.9,,no,18.5,56.5,3000.0,,,280.0,306.0,5.4,,2.0,4,50000,4,50000,67.0,https://www.edmunds.com/alfa-romeo/stelvio/2026/features-specs/,,16.9,model-specific,
Alfa Romeo,Tonale,Sprint,2026,no,SUV,4.0,5.0,AWD,Gas,37495.0,3250.0,40745.0,21.0,29.0,24.0,324.0,,,41.7,38.0,,38.8,38.2,,no,27.0,,,,,268.0,295.0,6.5,,2.0,4,50000,4,50000,67.0,https://www.edmunds.com/alfa-romeo/tonale/2026/features-specs/,,13.5,model-specific,
Alfa Romeo,Tonale,Sport Speciale,2026,no,SUV,4.0,5.0,AWD,Gas,41995.0,3250.0,45245.0,21.0,29.0,24.0,324.0,,,41.7,38.0,,38.8,38.2,,no,27.0,,,,,268.0,295.0,6.5,,2.0,4,50000,4,50000,67.0,https://www.edmunds.com/alfa-romeo/tonale/2026/features-specs/,,13.5,model-specific,
Alfa Romeo,Tonale,Veloce,2026,no,SUV,4.0,5.0,AWD,Gas,41995.0,3250.0,45245.0,21.0,29.0,24.0,324.0,,,41.7,38.0,,38.8,38.2,,no,27.0,,,,,268.0,295.0,6.5,,2.0,4,50000,4,50000,67.0,https://www.edmunds.com/alfa-romeo/tonale/2026/features-specs/,,13.5,model-specific,
Rivian,R1T,Dual-Motor Standard Pack,2026,no,Pickup,4.0,5.0,AWD,EV,70990.0,,70990.0,85.0,72.0,79.0,258.0,4.5,,41.4,36.6,,41.1,39.7,,no,21.6,,7700.0,1984.0,,533.0,610.0,4.5,,3.0,4,50000,8,120000,54.5,https://www.edmunds.com/rivian/r1t/2026/trims/,IIHS,,model-specific,4.5
Rivian,R1T,Dual-Motor Large Pack,2026,no,Pickup,4.0,5.0,AWD,EV,77990.0,,77990.0,94.0,77.0,85.0,,4.5,,41.4,36.6,,41.1,39.7,,no,21.6,,7700.0,,,533.0,610.0,4.5,,3.0,4,50000,8,120000,54.5,https://www.edmunds.com/rivian/r1t/2026/trims/,IIHS,,model-specific,4.5
Rivian,R1T,Dual-Motor Max Pack,2026,no,Pickup,4.0,5.0,AWD,EV,84990.0,,84990.0,,,,,4.5,,41.4,36.6,,41.1,39.7,,no,21.6,,7700.0,,,533.0,610.0,4.5,,3.0,4,50000,8,120000,54.5,https://www.edmunds.com/rivian/r1t/2026/trims/,IIHS,,model-specific,4.5
Rivian,R1T,Tri-Motor Max Pack,2026,no,Pickup,4.0,5.0,AWD,EV,100990.0,,100990.0,81.0,70.0,76.0,,4.5,,41.4,36.6,,41.1,39.7,,no,21.6,,11000.0,,,850.0,,2.9,,3.0,4,50000,8,120000,54.5,https://www.edmunds.com/rivian/r1t/2026/trims/,IIHS,,model-specific,4.5
Rivian,R1T,Quad-Motor Max Pack,2026,yes,Pickup,4.0,5.0,AWD,EV,115990.0,,115990.0,,,,,4.5,,41.4,36.6,,41.1,39.7,,no,21.6,,11000.0,,,1025.0,1198.0,2.5,,3.0,4,50000,8,120000,54.5,https://www.edmunds.com/rivian/r1t/2026/trims/,IIHS,,model-specific,4.5
Rivian,R1T,Quad-Motor Max Pack Launch Edition,2026,yes,Pickup,4.0,5.0,AWD,EV,119990.0,,119990.0,,,,,4.5,,41.4,36.6,,41.1,39.7,,no,21.6,,11000.0,,,1025.0,1198.0,2.5,,3.0,4,50000,8,120000,54.5,https://www.edmunds.com/rivian/r1t/2026/trims/,IIHS,,model-specific,4.5
Rivian,R1S,Dual-Motor Standard Pack,2026,no,SUV,4.0,7.0,AWD,EV,76990.0,,76990.0,85.0,72.0,79.0,258.0,5.0,,41.4,36.6,32.8,41.1,39.7,39.0,yes,32.6,105.8,7700.0,2017.0,,533.0,610.0,4.5,,3.0,4,50000,8,120000,67.7,https://www.edmunds.com/rivian/r1s/2026/trims/,IIHS,,model-specific,
Rivian,R1S,Dual-Motor Large Pack,2026,no,SUV,4.0,7.0,AWD,EV,83990.0,,83990.0,94.0,77.0,85.0,,5.0,,41.4,36.6,32.8,41.1,39.7,39.0,yes,32.6,105.8,7700.0,,,533.0,610.0,4.5,,3.0,4,50000,8,120000,67.7,https://www.edmunds.com/rivian/r1s/2026/trims/,IIHS,,model-specific,
Rivian,R1S,Dual-Motor Max Pack,2026,no,SUV,4.0,7.0,AWD,EV,90990.0,,90990.0,,,,410.0,5.0,,41.4,36.6,32.8,41.1,39.7,39.0,yes,32.6,105.8,7700.0,,,533.0,610.0,4.5,,3.0,4,50000,8,120000,67.7,https://www.edmunds.com/rivian/r1s/2026/trims/,IIHS,,model-specific,
Rivian,R1S,Tri-Motor Max Pack,2026,no,SUV,4.0,7.0,AWD,EV,106990.0,,106990.0,81.0,70.0,76.0,371.0,5.0,,41.4,36.6,32.8,41.1,39.7,39.0,yes,32.6,105.8,7700.0,,,850.0,,2.9,,3.0,4,50000,8,120000,67.7,https://www.edmunds.com/rivian/r1s/2026/trims/,IIHS,,model-specific,
Rivian,R1S,Quad-Motor Max Pack,2026,yes,SUV,4.0,7.0,AWD,EV,121990.0,,121990.0,,,,374.0,5.0,,41.4,36.6,32.8,41.1,39.7,39.0,yes,32.6,105.8,7700.0,,,1025.0,1198.0,2.5,,3.0,4,50000,8,120000,67.7,https://www.edmunds.com/rivian/r1s/2026/trims/,IIHS,,model-specific,
Rivian,R1S,Quad-Motor Max Pack Launch Edition,2026,yes,SUV,4.0,7.0,AWD,EV,125990.0,,125990.0,,,,374.0,5.0,,41.4,36.6,32.8,41.1,39.7,39.0,yes,32.6,105.8,7700.0,,,1025.0,1198.0,2.5,,3.0,4,50000,8,120000,67.7,https://www.edmunds.com/rivian/r1s/2026/trims/,IIHS,,model-specific,
Lucid,Air,Pure,2026,no,Sedan,4.0,5.0,RWD,EV,70900.0,1500.0,72400.0,149.0,142.0,146.0,420.0,5.0,,45.4,37.6,,39.6,37.8,,no,22.1,32.1,,,,430.0,,4.5,124.0,,4,50000,8,100000,66.3,https://www.kbb.com/lucid/air/2026/pure/,NHTSA,,model-specific,
Lucid,Air,Touring,2026,no,Sedan,4.0,5.0,AWD,EV,79900.0,1500.0,81400.0,136.0,132.0,134.0,431.0,5.0,,45.4,36.6,,39.6,37.8,,no,22.1,32.1,,,,620.0,,3.4,140.0,,4,50000,8,100000,66.3,https://www.kbb.com/lucid/air/2026/touring/,NHTSA,,model-specific,
Lucid,Air,Grand Touring,2026,no,Sedan,4.0,5.0,AWD,EV,114900.0,1500.0,116400.0,126.0,121.0,123.0,512.0,5.0,,45.4,36.6,,39.6,37.8,,no,22.1,32.1,,,,819.0,,3.0,168.0,,4,50000,8,100000,66.3,https://www.kbb.com/lucid/air/2026/grand-touring/,NHTSA,,model-specific,
Lucid,Air,Sapphire,2026,yes,Sedan,4.0,5.0,AWD,EV,249000.0,1500.0,250500.0,108.0,101.0,105.0,427.0,5.0,,45.4,36.6,,39.6,37.8,,no,22.1,32.1,,,,1234.0,,1.9,205.0,,4,50000,8,100000,66.3,https://www.kbb.com/lucid/air/2026/sapphire/,NHTSA,,model-specific,
Lucid,Gravity,Touring,2026,no,SUV,4.0,7.0,AWD,EV,79900.0,1650.0,81550.0,,,111.0,337.0,,,40.9,42.6,,42.0,41.0,,yes,21.3,,3500.0,,,560.0,,4.0,,,4,50000,8,100000,,https://www.kbb.com/lucid/gravity/2026/touring/,,,,
Lucid,Gravity,Grand Touring,2026,no,SUV,4.0,7.0,AWD,EV,94900.0,1650.0,96550.0,,,108.0,450.0,,,40.9,42.6,,42.0,41.0,,yes,21.3,,6000.0,,,828.0,,3.4,,,4,50000,8,100000,,https://www.kbb.com/lucid/gravity/2026/grand-touring/,,,,
Lucid,Gravity,Dream Edition,2026,no,SUV,4.0,7.0,AWD,EV,139900.0,1650.0,141550.0,,,90.0,378.0,,,40.9,42.6,,42.0,41.0,,yes,21.3,,,,,,,3.1,,,4,50000,8,100000,,https://www.kbb.com/lucid/gravity/2026/dream-edition/,,,,
Polestar,4,Long Range Single Motor,2026,no,SUV,4.0,5.0,RWD,EV,56400.0,1400.0,57800.0,100.0,90.0,95.0,310.0,,,,,,,,,no,18.6,54.2,,,,272.0,253.0,6.9,124.0,3.0,4,50000,4,50000,62.4,https://www.edmunds.com/polestar/4/2026/,,,model-specific,
Polestar,4,Long Range Single Motor Plus,2026,no,SUV,4.0,5.0,RWD,EV,61900.0,1400.0,63300.0,100.0,90.0,95.0,310.0,,,,,,,,,no,18.6,54.2,,,,272.0,253.0,6.9,124.0,3.0,4,50000,4,50000,62.4,https://www.edmunds.com/polestar/4/2026/,,,model-specific,
Polestar,4,Long Range Dual Motor,2026,no,SUV,4.0,5.0,AWD,EV,62900.0,1400.0,64300.0,,,,280.0,,,,,,,,,no,18.6,54.2,,,,544.0,506.0,3.7,124.0,3.0,4,50000,4,50000,62.4,https://www.edmunds.com/polestar/4/2026/,,,model-specific,
Polestar,4,Long Range Dual Motor Plus,2026,no,SUV,4.0,5.0,AWD,EV,68400.0,1400.0,69800.0,,,,280.0,,,,,,,,,no,18.6,54.2,,,,544.0,506.0,3.7,124.0,3.0,4,50000,4,50000,62.4,https://www.edmunds.com/polestar/4/2026/,,,model-specific,
Toyota,Corolla,LE,2027,no,sedan,4.0,5.0,FWD,Gas,23325.0,1295.0,24620.0,32.0,41.0,35.0,462.0,,89.0,42.0,34.8,,38.3,37.1,,no,13.1,13.1,,,"4.5/5.0 (RepairPal, rank 1 of 36 compact cars)",169.0,151.0,,,1.0,3,36000,5,60000,,https://www.toyota.com/corolla/,,13.2,,
Toyota,Corolla,SE,2027,no,sedan,4.0,5.0,FWD,Gas,25765.0,1295.0,27060.0,32.0,41.0,35.0,462.0,,89.0,42.0,34.8,,38.3,37.1,,no,13.1,13.1,,,"4.5/5.0 (RepairPal, rank 1 of 36 compact cars)",169.0,151.0,,,2.0,3,36000,5,60000,,https://www.toyota.com/corolla/,,13.2,,
Toyota,Corolla,XSE,2027,no,sedan,4.0,5.0,FWD,Gas,,,,,,,,,89.0,42.0,34.8,,38.3,37.1,,no,13.1,13.1,,,"4.5/5.0 (RepairPal, rank 1 of 36 compact cars)",169.0,151.0,,,3.0,3,36000,5,60000,,https://www.toyota.com/corolla/,,13.2,,
Toyota,Corolla,LE Hybrid,2027,no,sedan,4.0,5.0,FWD,Hybrid,25175.0,1295.0,26470.0,53.0,46.0,50.0,,,89.0,42.0,34.8,,38.3,37.1,,no,13.1,13.1,,,"4.5/5.0 (RepairPal, rank 1 of 36 compact cars)",138.0,,,,2.0,3,36000,5,60000,,https://www.toyota.com/corolla/,,,,
Toyota,Corolla,SE Hybrid,2027,no,sedan,4.0,5.0,FWD,Hybrid,27615.0,1295.0,28910.0,,,,,,89.0,42.0,34.8,,38.3,37.1,,no,13.1,13.1,,,"4.5/5.0 (RepairPal, rank 1 of 36 compact cars)",138.0,,,,2.0,3,36000,5,60000,,https://www.toyota.com/corolla/,,,,
Toyota,Corolla,SE Hybrid,2027,no,sedan,4.0,5.0,AWD,Hybrid,29015.0,1295.0,30310.0,,,,,,89.0,42.0,34.8,,38.3,37.1,,no,13.1,13.1,,,"4.5/5.0 (RepairPal, rank 1 of 36 compact cars)",138.0,,,,2.0,3,36000,5,60000,,https://www.toyota.com/corolla/,,,,
Toyota,Corolla,XLE Hybrid,2027,no,sedan,4.0,5.0,FWD,Hybrid,29540.0,1295.0,30835.0,53.0,46.0,50.0,,,89.0,42.0,34.8,,38.3,37.1,,no,13.1,13.1,,,"4.5/5.0 (RepairPal, rank 1 of 36 compact cars)",138.0,,,,3.0,3,36000,5,60000,,https://www.toyota.com/corolla/,,,,
Toyota,Corolla,SE,2027,no,hatchback,4.0,5.0,FWD,Gas,24780.0,1295.0,26075.0,32.0,41.0,35.0,462.0,,102.4,42.0,29.9,,38.4,37.6,,no,17.8,17.8,,,"4.5/5.0 (RepairPal, rank 1 of 36 compact cars)",169.0,151.0,,,2.0,3,36000,5,60000,,https://www.toyota.com/corolla/,,13.2,,
Toyota,Corolla,XSE,2027,no,hatchback,4.0,5.0,FWD,Gas,27875.0,1295.0,29170.0,32.0,41.0,35.0,462.0,,102.4,42.0,29.9,,38.4,37.6,,no,17.8,17.8,,,"4.5/5.0 (RepairPal, rank 1 of 36 compact cars)",169.0,151.0,,,3.0,3,36000,5,60000,,https://www.toyota.com/corolla/,,13.2,,
Toyota,Crown,XLE Hybrid,2027,no,sedan,4.0,5.0,AWD,Hybrid,41640.0,1295.0,42935.0,,,40.0,,,,42.1,38.9,,38.2,37.5,,no,15.2,15.2,,,,,,,,3.0,3,36000,5,60000,,https://www.toyota.com/crown/,,,,
Toyota,Crown,Nightshade Hybrid,2027,no,sedan,4.0,5.0,AWD,Hybrid,48965.0,1295.0,50260.0,,,40.0,,,,42.1,38.9,,38.2,37.5,,no,15.2,15.2,,,,,,,,3.0,3,36000,5,60000,,https://www.toyota.com/crown/,,,,
Toyota,Crown,Limited Hybrid,2027,no,sedan,4.0,5.0,AWD,Hybrid,49720.0,1295.0,51015.0,,,40.0,,,,42.1,38.9,,38.2,37.5,,no,15.2,15.2,,,,,,,,4.0,3,36000,5,60000,,https://www.toyota.com/crown/,,,,
Toyota,Crown,Platinum Hybrid MAX,2027,no,sedan,4.0,5.0,AWD,Hybrid,55190.0,1295.0,56485.0,,,30.0,,,,42.1,38.9,,38.2,37.5,,no,15.2,15.2,,,,340.0,400.0,,,5.0,3,36000,5,60000,,https://www.toyota.com/crown/,,,,
Toyota,C-HR,SE,2027,no,SUV,4.0,5.0,AWD,EV,37080.0,1450.0,38530.0,,,,287.0,,94.0,42.1,32.2,,39.1,37.5,,no,25.3,59.5,,,,338.0,,4.9,,3.0,3,36000,5,60000,,https://www.toyota.com/chr/,,,,
Toyota,C-HR,XSE,2027,no,SUV,4.0,5.0,AWD,EV,39285.0,1450.0,40735.0,,,,273.0,,94.0,42.1,32.2,,39.1,37.5,,no,25.3,59.5,,,,338.0,,4.9,,5.0,3,36000,5,60000,,https://www.toyota.com/chr/,,,,
Toyota,bZ,XLE FWD,2027,no,SUV,4.0,5.0,FWD,EV,34980.0,1595.0,36575.0,131.0,109.0,120.0,236.0,5.0,94.0,42.1,35.3,,38.6,37.1,,no,27.7,56.9,,,,165.0,,,,2.0,3,36000,5,60000,,https://www.toyota.com/bz/,NHTSA,,,
Toyota,bZ,XLE FWD Plus,2027,no,SUV,4.0,5.0,FWD,EV,37980.0,1595.0,39575.0,144.0,117.0,130.0,314.0,5.0,94.0,42.1,35.3,,38.6,37.1,,no,27.7,56.9,,,,221.0,,,,2.0,3,36000,5,60000,,https://www.toyota.com/bz/,NHTSA,,,
Toyota,bZ,XLE AWD,2027,no,SUV,4.0,5.0,AWD,EV,39980.0,1595.0,41575.0,143.0,119.0,131.0,288.0,5.0,94.0,42.1,35.3,,38.6,37.1,,no,27.7,56.9,,,,338.0,,4.9,,2.0,3,36000,5,60000,,https://www.toyota.com/bz/,NHTSA,,,
Toyota,bZ,Limited FWD,2027,no,SUV,4.0,5.0,FWD,EV,43380.0,1595.0,44975.0,128.0,105.0,117.0,299.0,5.0,94.0,42.1,35.3,,38.6,37.1,,no,27.7,56.9,,,,221.0,,,,4.0,3,36000,5,60000,,https://www.toyota.com/bz/,NHTSA,,,
Toyota,bZ,Limited AWD,2027,no,SUV,4.0,5.0,AWD,EV,45380.0,1595.0,46975.0,134.0,111.0,123.0,278.0,5.0,94.0,42.1,35.3,,38.6,37.1,,no,27.7,56.9,,,,338.0,,4.9,,4.0,3,36000,5,60000,,https://www.toyota.com/bz/,NHTSA,,,
Toyota,bZ,Woodland,2027,no,SUV,4.0,5.0,AWD,EV,45380.0,1595.0,46975.0,127.0,107.0,117.0,281.0,5.0,94.0,42.1,35.3,,38.6,37.5,,no,33.8,74.3,3500.0,,,375.0,,4.5,,2.0,3,36000,5,60000,,https://www.toyota.com/bzwoodland/,NHTSA,,,
Toyota,bZ,Woodland Premium,2027,no,SUV,4.0,5.0,AWD,EV,,,,127.0,107.0,117.0,281.0,5.0,94.0,42.1,35.3,,38.6,37.5,,no,33.8,74.3,3500.0,,,375.0,,4.5,,2.0,3,36000,5,60000,,https://www.toyota.com/bzwoodland/,NHTSA,,,
Toyota,GR86,Base,2027,no,Coupe,2.0,4.0,RWD,Gas,,1195.0,,,,,,,,41.5,29.9,,37.0,33.5,,no,6.3,,,,,228.0,184.0,6.1,,1.0,3,36000,5,60000,,https://www.toyota.com/gr86/,,,,
Toyota,GR86,Premium,2027,no,Coupe,2.0,4.0,RWD,Gas,34400.0,1195.0,,,,,,,,41.5,29.9,,37.0,33.5,,no,6.3,,,,,228.0,184.0,6.1,,4.0,3,36000,5,60000,,https://www.toyota.com/gr86/,,,,
Toyota,Land Cruiser,1958,2027,no,SUV,4.0,5.0,4WD,Hybrid,57880.0,1450.0,59330.0,22.0,25.0,23.0,,4.0,,42.0,36.0,,40.1,39.3,,no,37.5,82.8,6000.0,,"2.5/5.0 (RepairPal, rank 14 of 14 full-size SUVs)",326.0,465.0,,,2.0,3,36000,5,60000,,https://www.toyota.com/landcruiser/,NHTSA,,,
Toyota,Land Cruiser,Land Cruiser,2027,no,SUV,4.0,5.0,4WD,Hybrid,62725.0,1450.0,64175.0,22.0,25.0,23.0,,4.0,,42.0,36.0,,40.1,39.3,,no,37.5,82.8,6000.0,,"2.5/5.0 (RepairPal, rank 14 of 14 full-size SUVs)",326.0,465.0,,,3.0,3,36000,5,60000,,https://www.toyota.com/landcruiser/,NHTSA,,,
Toyota,Prius,LE,2027,no,hatchback,4.0,5.0,FWD,Hybrid,30050.0,1295.0,31345.0,,,55.0,,5.0,91.0,43.0,35.0,,38.0,36.4,,no,24.0,,,,"4.0/5.0 (RepairPal, rank 10 of 24 midsize cars)",194.0,,7.1,,2.0,3,36000,5,60000,,https://www.toyota.com/prius/,NHTSA,,,
Toyota,Prius,LE,2027,no,hatchback,4.0,5.0,AWD,Hybrid,31450.0,1295.0,32745.0,,,55.0,,5.0,91.0,43.0,35.0,,38.0,36.4,,no,24.0,,,,"4.0/5.0 (RepairPal, rank 10 of 24 midsize cars)",196.0,,7.1,,2.0,3,36000,5,60000,,https://www.toyota.com/prius/,NHTSA,,,
Toyota,Prius,XLE,2027,no,hatchback,4.0,5.0,FWD,Hybrid,33495.0,1295.0,34790.0,,,55.0,,5.0,91.0,43.0,35.0,,38.0,36.4,,no,24.0,,,,"4.0/5.0 (RepairPal, rank 10 of 24 midsize cars)",194.0,,7.1,,3.0,3,36000,5,60000,,https://www.toyota.com/prius/,NHTSA,,,
Toyota,Prius,XLE,2027,no,hatchback,4.0,5.0,AWD,Hybrid,34895.0,1295.0,36190.0,,,55.0,,5.0,91.0,43.0,35.0,,38.0,36.4,,no,24.0,,,,"4.0/5.0 (RepairPal, rank 10 of 24 midsize cars)",196.0,,7.1,,3.0,3,36000,5,60000,,https://www.toyota.com/prius/,NHTSA,,,
Toyota,Prius,Nightshade,2027,no,hatchback,4.0,5.0,FWD,Hybrid,34300.0,1295.0,35595.0,,,55.0,,5.0,91.0,43.0,35.0,,38.0,36.4,,no,24.0,,,,"4.0/5.0 (RepairPal, rank 10 of 24 midsize cars)",194.0,,7.1,,3.0,3,36000,5,60000,,https://www.toyota.com/prius/,NHTSA,,,
Toyota,Prius,Nightshade,2027,no,hatchback,4.0,5.0,AWD,Hybrid,35700.0,1295.0,36995.0,,,55.0,,5.0,91.0,43.0,35.0,,38.0,36.4,,no,24.0,,,,"4.0/5.0 (RepairPal, rank 10 of 24 midsize cars)",196.0,,7.1,,3.0,3,36000,5,60000,,https://www.toyota.com/prius/,NHTSA,,,
Toyota,Prius,Limited,2027,no,hatchback,4.0,5.0,FWD,Hybrid,37065.0,1295.0,38360.0,,,55.0,,5.0,91.0,43.0,35.0,,38.0,36.4,,no,24.0,,,,"4.0/5.0 (RepairPal, rank 10 of 24 midsize cars)",194.0,,7.1,,3.0,3,36000,5,60000,,https://www.toyota.com/prius/,NHTSA,,,
Toyota,Prius,Limited,2027,no,hatchback,4.0,5.0,AWD,Hybrid,38465.0,1295.0,39760.0,,,55.0,,5.0,91.0,43.0,35.0,,38.0,36.4,,no,24.0,,,,"4.0/5.0 (RepairPal, rank 10 of 24 midsize cars)",196.0,,7.1,,3.0,3,36000,5,60000,,https://www.toyota.com/prius/,NHTSA,,,
Toyota,Prius Prime,SE,2027,no,hatchback,4.0,5.0,FWD,PHEV,35275.0,1295.0,36570.0,,,51.0,44.0,5.0,91.0,42.4,35.9,,38.0,36.4,,no,20.3,26.7,,,,220.0,,6.6,,2.0,3,36000,5,60000,,https://www.toyota.com/priusprime/,NHTSA,,,
Toyota,Prius Prime,XSE,2027,no,hatchback,4.0,5.0,FWD,PHEV,38525.0,1295.0,39820.0,,,51.0,,5.0,91.0,42.4,35.9,,38.0,36.4,,no,20.3,26.7,,,,220.0,,6.6,,3.0,3,36000,5,60000,,https://www.toyota.com/priusprime/,NHTSA,,,
Toyota,Prius Prime,Nightshade,2027,no,hatchback,4.0,5.0,FWD,PHEV,39295.0,1295.0,40590.0,,,51.0,,5.0,91.0,42.4,35.9,,38.0,36.4,,no,20.3,26.7,,,,220.0,,6.6,,2.0,3,36000,5,60000,,https://www.toyota.com/priusprime/,NHTSA,,,
Toyota,Prius Prime,XSE Premium,2027,no,hatchback,4.0,5.0,FWD,PHEV,41970.0,1295.0,43265.0,,,51.0,,5.0,91.0,42.4,35.9,,38.0,36.4,,no,20.3,26.7,,,,220.0,,6.6,,3.0,3,36000,5,60000,,https://www.toyota.com/priusprime/,NHTSA,,,
Toyota,Highlander,XLE,2027,no,SUV,4.0,7.0,FWD,EV,,,,,,,287.0,,,,,,,,,yes,15.9,45.6,,,,221.0,198.0,,,3.0,3,36000,5,60000,,https://www.toyota.com/highlander/,,,,
Toyota,Highlander,XLE,2027,no,SUV,4.0,7.0,AWD,EV,,,,,,,270.0,,,,,,,,,yes,15.9,45.6,,,,338.0,,,,3.0,3,36000,5,60000,,https://www.toyota.com/highlander/,,,,
Toyota,Highlander,Limited,2027,no,SUV,4.0,7.0,AWD,EV,,,,,,,320.0,,,,,,,,,yes,15.9,45.6,,,,338.0,,,,5.0,3,36000,5,60000,,https://www.toyota.com/highlander/,,,,
Lexus,ES,350e Premium,2027,no,sedan,4.0,5.0,FWD,Electric,47610.0,1395.0,49005.0,135.0,118.0,127.0,307.0,,,41.9,40.7,,38.3,37.8,,no,13.3,13.3,,,"4.0/5.0 (RepairPal, brand-level only, ranks 2nd of 32 brands)",221.0,198.0,7.4,,58.0,4,50000,6,70000,,https://www.lexus.com/models/es,,,,
Lexus,ES,350e Luxury,2027,no,sedan,4.0,5.0,FWD,Electric,56010.0,1395.0,57405.0,135.0,118.0,127.0,307.0,,,41.9,40.7,,38.3,37.8,,no,13.3,13.3,,,"4.0/5.0 (RepairPal, brand-level only, ranks 2nd of 32 brands)",221.0,198.0,7.4,,68.0,4,50000,6,70000,,https://www.lexus.com/models/es,,,,
Lexus,ES,500e Premium,2027,no,sedan,4.0,5.0,AWD,Electric,50610.0,1395.0,52005.0,,,114.0,276.0,,,41.9,40.7,,38.3,37.8,,no,13.3,13.3,,,"4.0/5.0 (RepairPal, brand-level only, ranks 2nd of 32 brands)",338.0,323.0,5.1,,62.0,4,50000,6,70000,,https://www.lexus.com/models/es,,,,
Lexus,ES,500e Luxury,2027,no,sedan,4.0,5.0,AWD,Electric,59010.0,1395.0,60405.0,,,114.0,276.0,,,41.9,40.7,,38.3,37.8,,no,13.3,13.3,,,"4.0/5.0 (RepairPal, brand-level only, ranks 2nd of 32 brands)",338.0,323.0,5.1,,72.0,4,50000,6,70000,,https://www.lexus.com/models/es,,,,
Lexus,ES,350h Premium,2027,no,sedan,4.0,5.0,FWD,Hybrid,49805.0,1395.0,51200.0,48.0,44.0,46.0,,,,41.9,40.7,,38.3,37.8,,no,13.3,13.3,,,"4.0/5.0 (RepairPal, brand-level only, ranks 2nd of 32 brands)",244.0,,,,52.0,4,50000,6,70000,,https://www.lexus.com/models/es,,,,
Lexus,ES,350h Premium AWD,2027,no,sedan,4.0,5.0,AWD,Hybrid,51205.0,1395.0,52600.0,47.0,42.0,44.0,,,,41.9,40.7,,38.3,37.8,,no,13.3,13.3,,,"4.0/5.0 (RepairPal, brand-level only, ranks 2nd of 32 brands)",244.0,,,,52.0,4,50000,6,70000,,https://www.lexus.com/models/es,,,,
Lexus,ES,350h Premium+,2027,no,sedan,4.0,5.0,FWD,Hybrid,54605.0,1395.0,56000.0,48.0,44.0,46.0,,,,41.9,40.7,,38.3,37.8,,no,13.3,13.3,,,"4.0/5.0 (RepairPal, brand-level only, ranks 2nd of 32 brands)",244.0,,,,62.0,4,50000,6,70000,,https://www.lexus.com/models/es,,,,
Lexus,ES,350h Premium+ AWD,2027,no,sedan,4.0,5.0,AWD,Hybrid,56005.0,1395.0,57400.0,47.0,42.0,44.0,,,,41.9,40.7,,38.3,37.8,,no,13.3,13.3,,,"4.0/5.0 (RepairPal, brand-level only, ranks 2nd of 32 brands)",244.0,,,,62.0,4,50000,6,70000,,https://www.lexus.com/models/es,,,,
Lexus,IS,350 F Sport Special Appearance Package,2027,no,sedan,4.0,5.0,RWD,Gas,,,,19.0,27.0,22.0,,,,44.8,32.2,,38.2,36.9,,no,10.8,10.8,,,"4.0/5.0 (RepairPal, rank 9 of 31 luxury midsize cars)",311.0,280.0,,,58.0,4,50000,6,70000,,https://www.lexus.com/models/is,,,,
Lexus,IS,350 F Sport Special Appearance Package,2027,no,sedan,4.0,5.0,AWD,Gas,,,,19.0,27.0,22.0,,,,44.8,32.2,,38.2,36.9,,no,10.8,10.8,,,"4.0/5.0 (RepairPal, rank 9 of 31 luxury midsize cars)",311.0,280.0,,,58.0,4,50000,6,70000,,https://www.lexus.com/models/is,,,,
Ford,Bronco Sport,Big Bend,2027,no,compact SUV,4.0,5.0,4WD,Gas,31695.0,1995.0,33690.0,25.0,30.0,27.0,432.0,,,42.4,36.9,,41.5,41.7,,no,32.5,65.2,,,"3.5/5.0 (RepairPal, brand-level only, ranks 21st of 32 brands)",180.0,200.0,,,8.0,3,36000,5,60000,,https://www.ford.com/suvs/bronco-sport/,NHTSA,16.0,,
Ford,Bronco Sport,Heritage,2027,no,compact SUV,4.0,5.0,4WD,Gas,33490.0,1995.0,35485.0,25.0,30.0,27.0,432.0,,,42.4,36.9,,41.5,41.7,,no,32.5,65.2,,,"3.5/5.0 (RepairPal, brand-level only, ranks 21st of 32 brands)",180.0,200.0,,,12.0,3,36000,5,60000,,https://www.ford.com/suvs/bronco-sport/,NHTSA,16.0,,
Ford,Bronco Sport,Outer Banks,2027,no,compact SUV,4.0,5.0,4WD,Gas,34985.0,1995.0,36980.0,25.0,30.0,27.0,432.0,,,42.4,36.9,,41.5,41.7,,no,32.5,65.2,,,"3.5/5.0 (RepairPal, brand-level only, ranks 21st of 32 brands)",180.0,200.0,,,18.0,3,36000,5,60000,,https://www.ford.com/suvs/bronco-sport/,NHTSA,16.0,,
Ford,Bronco Sport,Badlands,2027,no,compact SUV,4.0,5.0,4WD,Gas,36760.0,1995.0,38755.0,,,,,,,42.4,36.9,,41.5,41.7,,no,29.1,60.6,2700.0,,"3.5/5.0 (RepairPal, brand-level only, ranks 21st of 32 brands)",250.0,280.0,,,22.0,3,36000,5,60000,,https://www.ford.com/suvs/bronco-sport/,NHTSA,16.0,,
Ford,Expedition,Active,2027,no,full-size SUV,4.0,8.0,RWD,Gas,66395.0,,66395.0,16.0,24.0,19.0,528.0,,,,,42.2,,,40.0,yes,22.9,,9000.0,,"3.5/5.0 (RepairPal, brand-level only, ranks 21st of 32 brands)",400.0,480.0,,,20.0,3,36000,5,60000,,https://www.ford.com/suvs/expedition/,NHTSA,27.8,,
Ford,Expedition,Platinum,2027,no,full-size SUV,4.0,7.0,RWD,Gas,73345.0,,73345.0,15.0,22.0,18.0,500.0,,,,,42.2,,,40.0,yes,22.9,,9000.0,,"3.5/5.0 (RepairPal, brand-level only, ranks 21st of 32 brands)",400.0,480.0,,,45.0,3,36000,5,60000,,https://www.ford.com/suvs/expedition/,NHTSA,27.8,,
Ford,Expedition,Tremor,2027,no,full-size SUV,4.0,7.0,4WD,Gas,85195.0,,85195.0,15.0,22.0,18.0,500.0,,,,,42.2,,,37.9,yes,22.9,,9000.0,,"3.5/5.0 (RepairPal, brand-level only, ranks 21st of 32 brands)",440.0,510.0,,,35.0,3,36000,5,60000,,https://www.ford.com/suvs/expedition/,NHTSA,27.8,,
Ford,Expedition,King Ranch,2027,no,full-size SUV,4.0,7.0,RWD,Gas,85490.0,,85490.0,15.0,22.0,18.0,500.0,,,,,42.2,,,40.0,yes,22.9,,9000.0,,"3.5/5.0 (RepairPal, brand-level only, ranks 21st of 32 brands)",400.0,480.0,,,48.0,3,36000,5,60000,,https://www.ford.com/suvs/expedition/,NHTSA,27.8,,
Ford,Expedition MAX,MAX Active,2027,no,full-size SUV,4.0,8.0,RWD,Gas,69395.0,,69395.0,16.0,24.0,19.0,528.0,,,,,42.2,,,40.0,yes,37.4,,9000.0,,"3.5/5.0 (RepairPal, brand-level only, ranks 21st of 32 brands)",400.0,480.0,,,22.0,3,36000,5,60000,,https://www.ford.com/suvs/expedition/,NHTSA,27.8,,
Ford,Expedition MAX,MAX Platinum,2027,no,full-size SUV,4.0,7.0,RWD,Gas,76345.0,,76345.0,15.0,22.0,18.0,500.0,,,,,42.2,,,40.0,yes,37.4,,9000.0,,"3.5/5.0 (RepairPal, brand-level only, ranks 21st of 32 brands)",400.0,480.0,,,47.0,3,36000,5,60000,,https://www.ford.com/suvs/expedition/,NHTSA,27.8,,
Ford,Expedition MAX,MAX King Ranch,2027,no,full-size SUV,4.0,7.0,RWD,Gas,88490.0,,88490.0,15.0,22.0,18.0,500.0,,,,,42.2,,,40.0,yes,37.4,,9000.0,,"3.5/5.0 (RepairPal, brand-level only, ranks 21st of 32 brands)",400.0,480.0,,,50.0,3,36000,5,60000,,https://www.ford.com/suvs/expedition/,NHTSA,27.8,,
Ford,Explorer,Active,2027,no,mid-size SUV,4.0,6.0,RWD,Gas,38465.0,,38465.0,20.0,29.0,24.0,430.0,,,43.0,39.0,,40.7,40.5,,yes,16.3,85.8,5300.0,,"3.5/5.0 (RepairPal, brand-level only, ranks 21st of 32 brands)",300.0,310.0,,,15.0,3,36000,5,60000,,https://www.ford.com/suvs/explorer/,NHTSA,17.9,,
Ford,Explorer,ST-Line,2027,no,mid-size SUV,4.0,6.0,RWD,Gas,44200.0,,44200.0,20.0,29.0,24.0,430.0,,,43.0,39.0,,40.7,40.5,,yes,16.3,85.8,5300.0,,"3.5/5.0 (RepairPal, brand-level only, ranks 21st of 32 brands)",300.0,310.0,,,25.0,3,36000,5,60000,,https://www.ford.com/suvs/explorer/,NHTSA,17.9,,
Ford,Explorer,Platinum,2027,no,mid-size SUV,4.0,6.0,RWD,Gas,50660.0,,50660.0,20.0,29.0,24.0,430.0,,,43.0,39.0,,40.7,40.5,,yes,16.3,85.8,5300.0,,"3.5/5.0 (RepairPal, brand-level only, ranks 21st of 32 brands)",300.0,310.0,,,40.0,3,36000,5,60000,,https://www.ford.com/suvs/explorer/,NHTSA,17.9,,
Ford,Explorer,ST,2027,yes,mid-size SUV,4.0,6.0,RWD,Gas,53660.0,,53660.0,,,,,,,43.0,39.0,,40.7,40.5,,yes,16.3,85.8,5000.0,,"3.5/5.0 (RepairPal, brand-level only, ranks 21st of 32 brands)",385.0,400.0,,,32.0,3,36000,5,60000,,https://www.ford.com/suvs/explorer/,NHTSA,17.9,,
Ford,Maverick,XLT AWD,2027,no,compact truck,4.0,5.0,AWD,Gas,30745.0,,30745.0,21.0,30.0,,,,,,,,,,,no,,,,,"3.5/5.0 (RepairPal, brand-level only, ranks 21st of 32 brands)",250.0,,,,10.0,3,36000,5,60000,,https://www.ford.com/trucks/maverick/,NHTSA,16.5,,4.5
Ford,Maverick,Lobo Standard,2027,yes,compact truck,4.0,5.0,AWD,Gas,32155.0,,32155.0,21.0,30.0,,,,,,,,,,,no,,,2000.0,1045.0,"3.5/5.0 (RepairPal, brand-level only, ranks 21st of 32 brands)",250.0,,,,18.0,3,36000,5,60000,,https://www.ford.com/trucks/maverick/,NHTSA,16.5,,4.5
Ford,Maverick,Lobo High,2027,yes,compact truck,4.0,5.0,AWD,Gas,37155.0,,37155.0,21.0,30.0,,,,,,,,,,,no,,,2000.0,1045.0,"3.5/5.0 (RepairPal, brand-level only, ranks 21st of 32 brands)",250.0,,,,25.0,3,36000,5,60000,,https://www.ford.com/trucks/maverick/,NHTSA,16.5,,4.5
Ford,Maverick,Tremor,2027,no,compact truck,4.0,5.0,AWD,Gas,37155.0,,37155.0,21.0,30.0,,,,,,,,,,,no,,,2000.0,1140.0,"3.5/5.0 (RepairPal, brand-level only, ranks 21st of 32 brands)",250.0,,,,20.0,3,36000,5,60000,,https://www.ford.com/trucks/maverick/,NHTSA,16.5,,4.5
Ford,Super Duty,XL,2027,no,heavy-duty truck,4.0,6.0,RWD,Gas,45975.0,,45975.0,,,,,,,43.9,43.6,,40.8,40.4,,no,,,19500.0,3693.0,"3.5/5.0 (RepairPal, brand-level only, ranks 21st of 32 brands)",430.0,485.0,,,5.0,3,36000,5,60000,,https://www.edmunds.com/ford/f-250-super-duty/2027/features-specs/,NHTSA,48.0,,8.2
Ford,Super Duty,XLT,2027,no,heavy-duty truck,4.0,6.0,RWD,Gas,49275.0,,49275.0,,,,,,,43.9,43.6,,40.8,40.4,,no,,,19500.0,3693.0,"3.5/5.0 (RepairPal, brand-level only, ranks 21st of 32 brands)",430.0,485.0,,,10.0,3,36000,5,60000,,https://www.edmunds.com/ford/f-250-super-duty/2027/features-specs/,NHTSA,48.0,,8.2
Ford,Super Duty,Lariat,2027,no,heavy-duty truck,4.0,6.0,RWD,Gas,62975.0,,62975.0,,,,,,,43.9,43.6,,40.8,40.4,,no,,,19500.0,3693.0,"3.5/5.0 (RepairPal, brand-level only, ranks 21st of 32 brands)",430.0,485.0,,,28.0,3,36000,5,60000,,https://www.edmunds.com/ford/f-250-super-duty/2027/features-specs/,NHTSA,48.0,,8.2
Ford,Super Duty,King Ranch,2027,no,heavy-duty truck,4.0,6.0,RWD,Gas,78575.0,,78575.0,,,,,,,43.9,43.6,,40.8,40.4,,no,,,19500.0,3693.0,"3.5/5.0 (RepairPal, brand-level only, ranks 21st of 32 brands)",430.0,485.0,,,42.0,3,36000,5,60000,,https://www.edmunds.com/ford/f-250-super-duty/2027/features-specs/,NHTSA,48.0,,8.2
Ford,Super Duty,Platinum,2027,no,heavy-duty truck,4.0,6.0,RWD,Gas,79465.0,,79465.0,,,,,,,43.9,43.6,,40.8,40.4,,no,,,19500.0,3693.0,"3.5/5.0 (RepairPal, brand-level only, ranks 21st of 32 brands)",430.0,485.0,,,48.0,3,36000,5,60000,,https://www.edmunds.com/ford/f-250-super-duty/2027/features-specs/,NHTSA,48.0,,8.2
Lincoln,Corsair,Premiere,2027,no,compact luxury SUV,4.0,5.0,AWD,Hybrid,46495.0,,46495.0,,,,,,,,,,,,,no,,,,,"3.0/5.0 (RepairPal, brand-level only, ranks 24th of 32 brands)",305.0,,,,35.0,4,50000,6,70000,,https://www.lincoln.com/luxury-suvs/corsair-hybrid/2027/,NHTSA,,,
Lincoln,Corsair,Reserve,2027,no,compact luxury SUV,4.0,5.0,AWD,Hybrid,53495.0,,53495.0,,,,,,,,,,,,,no,,,,,"3.0/5.0 (RepairPal, brand-level only, ranks 24th of 32 brands)",305.0,,,,48.0,4,50000,6,70000,,https://www.lincoln.com/luxury-suvs/corsair-hybrid/2027/,NHTSA,,,
Lincoln,Nautilus,Premiere,2027,no,mid-size luxury SUV,4.0,5.0,AWD,Gas,56790.0,,56790.0,21.0,29.0,24.0,480.0,,,43.5,43.1,,39.6,39.8,,no,36.4,71.3,,,"3.0/5.0 (RepairPal, brand-level only, ranks 24th of 32 brands)",250.0,280.0,,,38.0,4,50000,6,70000,,https://www.lincoln.com/luxury-suvs/nautilus/2027/,NHTSA,20.0,,
Lincoln,Nautilus,Reserve,2027,no,mid-size luxury SUV,4.0,5.0,AWD,Gas,66790.0,,66790.0,21.0,29.0,24.0,480.0,,,43.5,43.1,,39.6,39.8,,no,36.4,71.3,,,"3.0/5.0 (RepairPal, brand-level only, ranks 24th of 32 brands)",250.0,280.0,,,50.0,4,50000,6,70000,,https://www.lincoln.com/luxury-suvs/nautilus/2027/,NHTSA,20.0,,
Lincoln,Nautilus,Black Label,2027,no,mid-size luxury SUV,4.0,5.0,AWD,Gas,79990.0,,79990.0,21.0,29.0,24.0,480.0,,,43.5,43.1,,39.6,39.8,,no,36.4,71.3,,,"3.0/5.0 (RepairPal, brand-level only, ranks 24th of 32 brands)",250.0,280.0,,,65.0,4,50000,6,70000,,https://www.lincoln.com/luxury-suvs/nautilus/2027/,NHTSA,20.0,,
Lincoln,Navigator,Premiere,2027,no,full-size luxury SUV,4.0,7.0,RWD,Gas,89995.0,,89995.0,15.0,22.0,17.0,,,,,,,,,,yes,22.9,107.0,8700.0,,"3.0/5.0 (RepairPal, brand-level only, ranks 24th of 32 brands)",432.0,510.0,,,42.0,4,50000,6,70000,,https://www.edmunds.com/lincoln/navigator/2027/features-specs/,NHTSA,,,
Lincoln,Navigator,Reserve,2027,no,full-size luxury SUV,4.0,7.0,RWD,Gas,99995.0,,99995.0,15.0,22.0,17.0,,,,,,,,,,yes,22.9,107.0,8700.0,,"3.0/5.0 (RepairPal, brand-level only, ranks 24th of 32 brands)",432.0,510.0,,,55.0,4,50000,6,70000,,https://www.edmunds.com/lincoln/navigator/2027/features-specs/,NHTSA,,,
Lincoln,Navigator,Black Label,2027,no,full-size luxury SUV,4.0,7.0,RWD,Gas,114995.0,,114995.0,15.0,22.0,17.0,,,,,,,,,,yes,22.9,107.0,8700.0,,"3.0/5.0 (RepairPal, brand-level only, ranks 24th of 32 brands)",432.0,510.0,,,70.0,4,50000,6,70000,,https://www.edmunds.com/lincoln/navigator/2027/features-specs/,NHTSA,,,
Lincoln,Navigator L,L Premiere,2027,no,full-size luxury SUV,4.0,7.0,RWD,Gas,92995.0,,92995.0,15.0,22.0,17.0,,,,,,,,,,yes,22.9,107.0,8700.0,,"3.0/5.0 (RepairPal, brand-level only, ranks 24th of 32 brands)",432.0,510.0,,,42.0,4,50000,6,70000,,https://www.edmunds.com/lincoln/navigator/2027/features-specs/,NHTSA,,,
Lincoln,Navigator L,L Reserve,2027,no,full-size luxury SUV,4.0,7.0,RWD,Gas,102995.0,,102995.0,15.0,22.0,17.0,,,,,,,,,,yes,22.9,107.0,8700.0,,"3.0/5.0 (RepairPal, brand-level only, ranks 24th of 32 brands)",432.0,510.0,,,55.0,4,50000,6,70000,,https://www.edmunds.com/lincoln/navigator/2027/features-specs/,NHTSA,,,
Lincoln,Navigator L,L Black Label,2027,no,full-size luxury SUV,4.0,7.0,RWD,Gas,117995.0,,117995.0,15.0,22.0,17.0,,,,,,,,,,yes,22.9,107.0,8700.0,,"3.0/5.0 (RepairPal, brand-level only, ranks 24th of 32 brands)",432.0,510.0,,,70.0,4,50000,6,70000,,https://www.edmunds.com/lincoln/navigator/2027/features-specs/,NHTSA,,,
Chevrolet,Blazer EV,LT,2027,no,mid-size electric SUV,4.0,5.0,FWD,EV,44700.0,1795.0,46495.0,,,,312.0,,,44.2,38.9,,40.9,39.4,,no,25.5,59.1,,,"3.5/5.0 (RepairPal, brand-level only, ranks 20th of 32 brands)",220.0,243.0,,,1.0,3,36000,5,60000,,https://www.chevrolet.com/electric/blazer-ev,,,,
Chevrolet,Blazer EV,LT,2027,no,mid-size electric SUV,4.0,5.0,AWD,EV,47700.0,1795.0,49495.0,,,,,,,44.2,38.9,,40.9,39.4,,no,25.5,59.1,,,"3.5/5.0 (RepairPal, brand-level only, ranks 20th of 32 brands)",,,,,1.0,3,36000,5,60000,,https://www.chevrolet.com/electric/blazer-ev,,,,
Chevrolet,Blazer EV,RS,2027,no,mid-size electric SUV,4.0,5.0,FWD,EV,50500.0,1795.0,52295.0,,,,312.0,,,44.2,38.9,,40.9,39.4,,no,25.5,59.1,,,"3.5/5.0 (RepairPal, brand-level only, ranks 20th of 32 brands)",220.0,243.0,,,2.0,3,36000,5,60000,,https://www.chevrolet.com/electric/blazer-ev,,,,
Chevrolet,Blazer EV,RS,2027,no,mid-size electric SUV,4.0,5.0,AWD,EV,53500.0,1795.0,55295.0,,,,,,,44.2,38.9,,40.9,39.4,,no,25.5,59.1,,,"3.5/5.0 (RepairPal, brand-level only, ranks 20th of 32 brands)",,,,,2.0,3,36000,5,60000,,https://www.chevrolet.com/electric/blazer-ev,,,,
Chevrolet,Blazer EV,SS,2027,yes,mid-size electric SUV,4.0,5.0,AWD,EV,60700.0,1795.0,62495.0,,,,302.0,,,44.2,38.9,,40.9,39.4,,no,25.5,59.1,,,"3.5/5.0 (RepairPal, brand-level only, ranks 20th of 32 brands)",615.0,650.0,3.4,,3.0,3,36000,5,60000,,https://www.chevrolet.com/electric/blazer-ev,,,,
Chevrolet,Equinox,LT,2027,no,compact SUV,4.0,5.0,FWD,Gas,29000.0,,29000.0,25.0,29.0,27.0,400.0,,,40.9,39.9,,40.0,39.2,,no,29.8,63.5,,,"3.5/5.0 (RepairPal, brand-level only, ranks 20th of 32 brands)",175.0,184.0,,,2.0,3,36000,5,60000,,https://www.chevrolet.com/suvs/equinox,,14.8,,
Chevrolet,Equinox,LT,2027,no,compact SUV,4.0,5.0,AWD,Gas,31000.0,,31000.0,25.0,29.0,27.0,400.0,,,40.9,39.9,,40.0,39.2,,no,29.8,63.5,,,"3.5/5.0 (RepairPal, brand-level only, ranks 20th of 32 brands)",175.0,203.0,,,2.0,3,36000,5,60000,,https://www.chevrolet.com/suvs/equinox,,14.8,,
Chevrolet,Equinox,RS,2027,no,compact SUV,4.0,5.0,FWD,Gas,33900.0,,33900.0,25.0,29.0,27.0,400.0,,,40.9,39.9,,40.0,39.2,,no,29.8,63.5,,,"3.5/5.0 (RepairPal, brand-level only, ranks 20th of 32 brands)",175.0,184.0,,,2.0,3,36000,5,60000,,https://www.chevrolet.com/suvs/equinox,,14.8,,
Chevrolet,Equinox,RS,2027,no,compact SUV,4.0,5.0,AWD,Gas,35900.0,,35900.0,25.0,29.0,27.0,400.0,,,40.9,39.9,,40.0,39.2,,no,29.8,63.5,,,"3.5/5.0 (RepairPal, brand-level only, ranks 20th of 32 brands)",175.0,203.0,,,2.0,3,36000,5,60000,,https://www.chevrolet.com/suvs/equinox,,14.8,,
Chevrolet,Equinox,ACTIV,2027,no,compact SUV,4.0,5.0,FWD,Gas,33900.0,,33900.0,25.0,29.0,27.0,400.0,,,40.9,39.9,,40.0,39.2,,no,29.8,63.5,,,"3.5/5.0 (RepairPal, brand-level only, ranks 20th of 32 brands)",175.0,184.0,,,2.0,3,36000,5,60000,,https://www.chevrolet.com/suvs/equinox,,14.8,,
Chevrolet,Equinox,ACTIV,2027,no,compact SUV,4.0,5.0,AWD,Gas,35900.0,,35900.0,25.0,29.0,27.0,400.0,,,40.9,39.9,,40.0,39.2,,no,29.8,63.5,,,"3.5/5.0 (RepairPal, brand-level only, ranks 20th of 32 brands)",175.0,203.0,,,2.0,3,36000,5,60000,,https://www.chevrolet.com/suvs/equinox,,14.8,,
Chevrolet,Equinox EV,LT1,2027,no,compact electric SUV,4.0,5.0,FWD,EV,34995.0,1800.0,36795.0,,,,319.0,,,41.7,38.0,,39.2,38.5,,no,26.4,57.2,,,"3.5/5.0 (RepairPal, brand-level only, ranks 20th of 32 brands)",213.0,236.0,,,1.0,3,36000,8,100000,,https://www.chevrolet.com/electric/equinox-ev,,,,
Chevrolet,Equinox EV,LT2,2027,no,compact electric SUV,4.0,5.0,FWD,EV,41795.0,1800.0,43595.0,,,,319.0,,,41.7,38.0,,39.2,38.5,,no,26.4,57.2,,,"3.5/5.0 (RepairPal, brand-level only, ranks 20th of 32 brands)",213.0,236.0,,,1.0,3,36000,8,100000,,https://www.chevrolet.com/electric/equinox-ev,,,,
Chevrolet,Equinox EV,RS,2027,no,compact electric SUV,4.0,5.0,FWD,EV,44095.0,1800.0,45895.0,,,,319.0,,,41.7,38.0,,39.2,38.5,,no,26.4,57.2,,,"3.5/5.0 (RepairPal, brand-level only, ranks 20th of 32 brands)",213.0,236.0,,,1.0,3,36000,8,100000,,https://www.chevrolet.com/electric/equinox-ev,,,,
Chevrolet,Silverado 1500,WT,2027,no,full-size truck,,,RWD,Gas,,,,,,,,,,,,,,,,no,,,,,"3.5/5.0 (RepairPal, brand-level only, ranks 20th of 32 brands)",,,,,3.0,3,36000,5,60000,,https://www.chevrolet.com/upcoming-vehicles/2027-silverado-1500,,,,
Chevrolet,Silverado 1500,Custom,2027,no,full-size truck,,,RWD,Gas,,,,,,,,,,,,,,,,no,,,,,"3.5/5.0 (RepairPal, brand-level only, ranks 20th of 32 brands)",,,,,3.0,3,36000,5,60000,,https://www.chevrolet.com/upcoming-vehicles/2027-silverado-1500,,,,
Chevrolet,Silverado 1500,Custom Trail Boss,2027,yes,full-size truck,,,4WD,Gas,,,,,,,,,,,,,,,,no,,,,,"3.5/5.0 (RepairPal, brand-level only, ranks 20th of 32 brands)",,,,,3.0,3,36000,5,60000,,https://www.chevrolet.com/upcoming-vehicles/2027-silverado-1500,,,,
Chevrolet,Silverado 1500,Silverado,2027,no,full-size truck,,,RWD,Gas,,,,,,,,,,,,,,,,no,,,,,"3.5/5.0 (RepairPal, brand-level only, ranks 20th of 32 brands)",,,,,3.0,3,36000,5,60000,,https://www.chevrolet.com/upcoming-vehicles/2027-silverado-1500,,,,
Chevrolet,Silverado 1500,Trail Boss,2027,yes,full-size truck,,,4WD,Gas,,,,,,,,,,,,,,,,no,,,,,"3.5/5.0 (RepairPal, brand-level only, ranks 20th of 32 brands)",,,,,3.0,3,36000,5,60000,,https://www.chevrolet.com/upcoming-vehicles/2027-silverado-1500,,,,
Chevrolet,Silverado 1500,ZR2,2027,yes,full-size truck,,,4WD,Diesel,,,,,,,,,,,,,,,,no,,,,,"3.5/5.0 (RepairPal, brand-level only, ranks 20th of 32 brands)",,,,,3.0,3,36000,5,60000,,https://www.chevrolet.com/upcoming-vehicles/2027-silverado-1500,,,,
Chevrolet,Silverado 1500,High Country,2027,no,full-size truck,,,4WD,Gas,,,,,,,,,,,,,,,,no,,,,,"3.5/5.0 (RepairPal, brand-level only, ranks 20th of 32 brands)",,,,,3.0,3,36000,5,60000,,https://www.chevrolet.com/upcoming-vehicles/2027-silverado-1500,,,,
Chevrolet,Silverado EV,WT,2027,no,full-size electric truck,4.0,5.0,AWD,EV,54895.0,,54895.0,,,,283.0,,,44.9,44.4,,41.9,39.7,,no,,,8500.0,2350.0,"3.5/5.0 (RepairPal, brand-level only, ranks 20th of 32 brands)",510.0,490.0,,,3.0,3,36000,8,100000,,https://www.chevrolet.com/electric/silverado-ev,,,,5.9
Chevrolet,Silverado EV,LT,2027,no,full-size electric truck,4.0,5.0,AWD,EV,,,,,,,283.0,,,44.9,44.4,,41.9,39.7,,no,,,8500.0,,"3.5/5.0 (RepairPal, brand-level only, ranks 20th of 32 brands)",510.0,580.0,,,3.0,3,36000,8,100000,,https://www.chevrolet.com/electric/silverado-ev,,,,5.9
Chevrolet,Silverado EV,Trail Boss,2027,yes,full-size electric truck,4.0,5.0,AWD,EV,72095.0,,72095.0,,,,410.0,,,44.9,44.4,,41.9,39.7,,no,,,12500.0,1700.0,"3.5/5.0 (RepairPal, brand-level only, ranks 20th of 32 brands)",625.0,775.0,,,3.0,3,36000,8,100000,,https://www.chevrolet.com/electric/silverado-ev,,,,5.9
Chevrolet,Tahoe,LS,2027,no,3-row SUV,4.0,8.0,RWD,Gas,61200.0,,61200.0,15.0,20.0,17.0,408.0,,,44.5,42.0,,42.3,38.9,,yes,25.5,,8400.0,,"3.5/5.0 (RepairPal, brand-level only, ranks 20th of 32 brands)",355.0,383.0,,,3.0,3,36000,5,60000,,https://www.chevrolet.com/suvs/tahoe,,24.0,,
Chevrolet,Tahoe,LT,2027,no,3-row SUV,4.0,8.0,RWD,Gas,64200.0,,64200.0,15.0,20.0,17.0,408.0,,,44.5,42.0,,42.3,38.9,,yes,25.5,,8400.0,,"3.5/5.0 (RepairPal, brand-level only, ranks 20th of 32 brands)",355.0,383.0,,,3.0,3,36000,5,60000,,https://www.chevrolet.com/suvs/tahoe,,24.0,,
Chevrolet,Tahoe,RST,2027,no,3-row SUV,4.0,8.0,RWD,Gas,69600.0,,69600.0,15.0,19.0,17.0,408.0,,,44.5,42.0,,42.3,38.9,,yes,25.5,,8400.0,,"3.5/5.0 (RepairPal, brand-level only, ranks 20th of 32 brands)",355.0,383.0,,,3.0,3,36000,5,60000,,https://www.chevrolet.com/suvs/tahoe,,24.0,,
Chevrolet,Tahoe,Z71,2027,yes,3-row SUV,4.0,8.0,4WD,Gas,71200.0,,71200.0,15.0,19.0,17.0,408.0,,,44.5,42.0,,42.3,38.9,,yes,25.5,,8400.0,,"3.5/5.0 (RepairPal, brand-level only, ranks 20th of 32 brands)",355.0,383.0,,,3.0,3,36000,5,60000,,https://www.chevrolet.com/suvs/tahoe,,24.0,,
Chevrolet,Tahoe,Premier,2027,no,3-row SUV,4.0,8.0,RWD,Gas,76100.0,,76100.0,15.0,20.0,17.0,408.0,,,44.5,42.0,,42.3,38.9,,yes,25.5,,8400.0,,"3.5/5.0 (RepairPal, brand-level only, ranks 20th of 32 brands)",355.0,383.0,,,3.0,3,36000,5,60000,,https://www.chevrolet.com/suvs/tahoe,,24.0,,
Chevrolet,Tahoe,High Country,2027,no,3-row SUV,4.0,8.0,4WD,Gas,84200.0,,84200.0,14.0,18.0,16.0,,,,44.5,42.0,,42.3,38.9,,yes,25.5,,,,"3.5/5.0 (RepairPal, brand-level only, ranks 20th of 32 brands)",420.0,460.0,,,3.0,3,36000,5,60000,,https://www.chevrolet.com/suvs/tahoe,,,,
Chevrolet,Traverse,LT,2027,no,3-row SUV,4.0,7.0,FWD,Gas,40800.0,,40800.0,20.0,26.0,22.0,,,,44.3,41.5,,42.6,40.0,,yes,22.9,,,,"3.5/5.0 (RepairPal, brand-level only, ranks 20th of 32 brands)",328.0,326.0,,,3.0,3,36000,5,60000,,https://www.chevrolet.com/suvs/traverse,,,,
Chevrolet,Traverse,LT,2027,no,3-row SUV,4.0,7.0,AWD,Gas,42800.0,,42800.0,20.0,24.0,21.0,,,,44.3,41.5,,42.6,40.0,,yes,22.9,,,,"3.5/5.0 (RepairPal, brand-level only, ranks 20th of 32 brands)",328.0,326.0,,,3.0,3,36000,5,60000,,https://www.chevrolet.com/suvs/traverse,,,,
Chevrolet,Traverse,Z71,2027,yes,3-row SUV,4.0,7.0,AWD,Gas,49100.0,,49100.0,20.0,24.0,21.0,,,,44.3,41.5,,42.6,40.0,,yes,22.9,,,,"3.5/5.0 (RepairPal, brand-level only, ranks 20th of 32 brands)",328.0,326.0,,,3.0,3,36000,5,60000,,https://www.chevrolet.com/suvs/traverse,,,,
Chevrolet,Traverse,RS,2027,no,3-row SUV,4.0,7.0,FWD,Gas,55800.0,,55800.0,20.0,26.0,22.0,,,,44.3,41.5,,42.6,40.0,,yes,22.9,,,,"3.5/5.0 (RepairPal, brand-level only, ranks 20th of 32 brands)",328.0,326.0,,,3.0,3,36000,5,60000,,https://www.chevrolet.com/suvs/traverse,,,,
Chevrolet,Traverse,RS,2027,no,3-row SUV,4.0,7.0,AWD,Gas,57800.0,,57800.0,20.0,24.0,21.0,,,,44.3,41.5,,42.6,40.0,,yes,22.9,,,,"3.5/5.0 (RepairPal, brand-level only, ranks 20th of 32 brands)",328.0,326.0,,,3.0,3,36000,5,60000,,https://www.chevrolet.com/suvs/traverse,,,,
Chevrolet,Traverse,High Country,2027,no,3-row SUV,4.0,7.0,FWD,Gas,56100.0,,56100.0,20.0,26.0,22.0,,,,44.3,41.5,,42.6,40.0,,yes,22.9,,,,"3.5/5.0 (RepairPal, brand-level only, ranks 20th of 32 brands)",328.0,326.0,,,3.0,3,36000,5,60000,,https://www.chevrolet.com/suvs/traverse,,,,
Chevrolet,Traverse,High Country,2027,no,3-row SUV,4.0,7.0,AWD,Gas,58100.0,,58100.0,20.0,24.0,21.0,,,,44.3,41.5,,42.6,40.0,,yes,22.9,,,,"3.5/5.0 (RepairPal, brand-level only, ranks 20th of 32 brands)",328.0,326.0,,,3.0,3,36000,5,60000,,https://www.chevrolet.com/suvs/traverse,,,,
Chevrolet,Corvette,Stingray,2027,no,sports car,2.0,2.0,RWD,Gas,71000.0,2495.0,73495.0,,,,,,,42.8,,,37.9,,,no,12.6,12.6,,,"3.5/5.0 (RepairPal, brand-level only, ranks 20th of 32 brands)",535.0,520.0,2.8,200.0,2.0,3,36000,5,60000,,https://www.chevrolet.com/performance/corvette/stingray,,,,
Chevrolet,Corvette,Grand Sport,2027,yes,sports car,2.0,2.0,RWD,Gas,86000.0,2495.0,88495.0,,,,,,,42.8,,,37.9,,,no,12.6,12.6,,,"3.5/5.0 (RepairPal, brand-level only, ranks 20th of 32 brands)",535.0,520.0,2.75,,2.0,3,36000,5,60000,,https://www.chevrolet.com/performance/corvette/grand-sport,,,,
Chevrolet,Corvette,Grand Sport X,2027,yes,sports car,2.0,2.0,AWD,Gas,109700.0,2495.0,112195.0,,,,,,,42.8,,,37.9,,,no,12.6,12.6,,,"3.5/5.0 (RepairPal, brand-level only, ranks 20th of 32 brands)",721.0,665.0,2.4,,2.0,3,36000,5,60000,,https://www.chevrolet.com/performance/corvette/grand-sport-x,,,,
Chevrolet,Corvette,Z06,2027,yes,sports car,2.0,2.0,RWD,Gas,121500.0,2495.0,123995.0,,,,,,,42.8,,,37.9,,,no,12.6,12.6,,,"3.5/5.0 (RepairPal, brand-level only, ranks 20th of 32 brands)",670.0,,2.6,195.0,2.0,3,36000,5,60000,,https://www.chevrolet.com/performance/corvette/z06,,,,
Chevrolet,Corvette,ZR1,2027,yes,sports car,2.0,2.0,RWD,Gas,197700.0,2495.0,200195.0,,,,,,,42.8,,,37.9,,,no,12.6,12.6,,,"3.5/5.0 (RepairPal, brand-level only, ranks 20th of 32 brands)",1064.0,828.0,2.3,233.0,2.0,3,36000,5,60000,,https://www.chevrolet.com/performance/corvette/zr1,,,,
Chevrolet,Corvette,ZR1X,2027,yes,sports car,2.0,2.0,AWD,Gas,227500.0,2495.0,229995.0,,,,,,,42.8,,,37.9,,,no,12.6,12.6,,,"3.5/5.0 (RepairPal, brand-level only, ranks 20th of 32 brands)",1250.0,973.0,1.89,233.0,2.0,3,36000,5,60000,,https://www.chevrolet.com/performance/corvette/zr1x,,,,
Chevrolet,Bolt,LT,2027,no,hatchback,4.0,5.0,FWD,EV,27600.0,,27600.0,,,,262.0,,,,,,,,,no,16.2,56.3,,,"3.5/5.0 (RepairPal, brand-level only, ranks 20th of 32 brands)",210.0,,,,1.0,3,36000,8,100000,,https://www.edmunds.com/chevrolet/bolt-ev/2027/,,,,
Chevrolet,Bolt,RS,2027,no,hatchback,4.0,5.0,FWD,EV,31600.0,,31600.0,,,,262.0,,,,,,,,,no,16.2,56.3,,,"3.5/5.0 (RepairPal, brand-level only, ranks 20th of 32 brands)",210.0,,,,2.0,3,36000,8,100000,,https://www.edmunds.com/chevrolet/bolt-ev/2027/,,,,
Buick,Enclave,Preferred,2027,no,SUV,4.0,7.0,FWD,Gas,46600.0,,46600.0,20.0,25.0,22.0,427.0,,,44.3,41.5,,41.2,38.2,,yes,22.9,97.5,5000.0,,"3.5/5.0 (RepairPal, brand-level only, ranks 13th of 32 brands)",328.0,326.0,,,3.0,3,36000,5,60000,,https://www.buick.com/suvs/enclave,,19.4,,
Buick,Enclave,Sport Touring,2027,no,SUV,4.0,7.0,FWD,Gas,50100.0,,50100.0,20.0,25.0,22.0,427.0,,,44.3,41.5,,41.2,38.2,,yes,22.9,97.5,5000.0,,"3.5/5.0 (RepairPal, brand-level only, ranks 13th of 32 brands)",328.0,326.0,,,3.0,3,36000,5,60000,,https://www.buick.com/suvs/enclave,,19.4,,
Buick,Enclave,Avenir,2027,no,SUV,4.0,7.0,FWD,Gas,63300.0,,63300.0,20.0,25.0,22.0,427.0,,,44.3,41.5,,41.2,38.2,,yes,22.9,97.5,5000.0,,"3.5/5.0 (RepairPal, brand-level only, ranks 13th of 32 brands)",328.0,326.0,,,3.0,3,36000,5,60000,,https://www.buick.com/suvs/enclave,,19.4,,
Buick,Enclave,Avenir,2027,no,SUV,4.0,7.0,AWD,Gas,65300.0,,65300.0,20.0,25.0,22.0,427.0,,,44.3,41.5,,41.2,38.2,,yes,22.9,97.5,5000.0,,"3.5/5.0 (RepairPal, brand-level only, ranks 13th of 32 brands)",328.0,326.0,,,3.0,3,36000,5,60000,,https://www.buick.com/suvs/enclave,,19.4,,
Buick,Encore GX,Preferred,2027,no,SUV,4.0,5.0,FWD,Gas,,,,,,,,,,,,,,,,,,,,,"3.5/5.0 (RepairPal, brand-level only, ranks 13th of 32 brands)",137.0,162.0,,,1.0,3,36000,5,60000,,https://www.buick.com/suvs/encore-gx,,,,
Buick,Encore GX,Sport Touring,2027,no,SUV,4.0,5.0,FWD,Gas,,,,,,,,,,,,,,,,,,,,,"3.5/5.0 (RepairPal, brand-level only, ranks 13th of 32 brands)",155.0,174.0,,,1.0,3,36000,5,60000,,https://www.buick.com/suvs/encore-gx,,,,
Buick,Encore GX,Avenir,2027,no,SUV,4.0,5.0,FWD,Gas,,,,,,,,,,,,,,,,,,,,,"3.5/5.0 (RepairPal, brand-level only, ranks 13th of 32 brands)",155.0,174.0,,,1.0,3,36000,5,60000,,https://www.buick.com/suvs/encore-gx,,,,
Buick,Envision,Preferred,2027,no,SUV,4.0,5.0,AWD,Gas,,,,,,,,,,,,,,,,,,,,,"3.5/5.0 (RepairPal, brand-level only, ranks 13th of 32 brands)",228.0,258.0,,,5.0,3,36000,5,60000,,https://www.buick.com/suvs/envision,,,,
Buick,Envision,Sport Touring,2027,no,SUV,4.0,5.0,AWD,Gas,,,,,,,,,,,,,,,,,,,,,"3.5/5.0 (RepairPal, brand-level only, ranks 13th of 32 brands)",228.0,258.0,,,5.0,3,36000,5,60000,,https://www.buick.com/suvs/envision,,,,
Buick,Envision,Avenir,2027,no,SUV,4.0,5.0,AWD,Gas,,,,,,,,,,,,,,,,,,,,,"3.5/5.0 (RepairPal, brand-level only, ranks 13th of 32 brands)",228.0,258.0,,,5.0,3,36000,5,60000,,https://www.buick.com/suvs/envision,,,,
Buick,Envista,Preferred,2027,no,SUV,4.0,5.0,FWD,Gas,,,,28.0,32.0,30.0,,,,,,,,,,,,,,,"3.5/5.0 (RepairPal, brand-level only, ranks 13th of 32 brands)",137.0,162.0,,,1.0,3,36000,5,60000,,https://www.buick.com/suvs/envista,,,,
Buick,Envista,Sport Touring,2027,no,SUV,4.0,5.0,FWD,Gas,,,,28.0,32.0,30.0,,,,,,,,,,,,,,,"3.5/5.0 (RepairPal, brand-level only, ranks 13th of 32 brands)",137.0,162.0,,,1.0,3,36000,5,60000,,https://www.buick.com/suvs/envista,,,,
Buick,Envista,Avenir,2027,no,SUV,4.0,5.0,FWD,Gas,,,,28.0,32.0,30.0,,,,,,,,,,,,,,,"3.5/5.0 (RepairPal, brand-level only, ranks 13th of 32 brands)",137.0,162.0,,,1.0,3,36000,5,60000,,https://www.buick.com/suvs/envista,,,,
GMC,Terrain,Elevation,2027,no,compact SUV,4.0,5.0,FWD,Gas,30400.0,1995.0,32395.0,25.0,28.0,26.0,385.0,3.5,,44.0,39.7,,40.6,39.2,,no,29.8,63.5,800.0,,3.5/5.0,175.0,184.0,,,2.0,3,36000,5,60000,,https://www.edmunds.com/gmc/terrain/2027/,IIHS,14.8,,
GMC,Terrain,AT4,2027,yes,compact SUV,4.0,5.0,AWD,Gas,39100.0,1995.0,41095.0,24.0,28.0,25.0,370.0,3.5,,44.0,39.7,,40.6,39.2,,no,29.8,63.5,1500.0,,3.5/5.0,175.0,203.0,7.9,,4.0,3,36000,5,60000,,https://www.edmunds.com/gmc/terrain/2027/,IIHS,14.8,,
GMC,Terrain,Denali,2027,no,compact SUV,4.0,5.0,AWD,Gas,42200.0,1995.0,44195.0,24.0,28.0,25.0,370.0,3.5,,44.0,39.7,,40.6,39.2,,no,29.8,63.5,1500.0,,3.5/5.0,175.0,203.0,7.9,,4.0,3,36000,5,60000,,https://www.edmunds.com/gmc/terrain/2027/,IIHS,14.8,,
GMC,Acadia,Elevation,2027,no,mid-size SUV,4.0,8.0,FWD,Gas,45595.0,1995.0,47590.0,20.0,26.0,22.0,477.0,5.0,,44.3,41.5,32.1,42.6,40.0,38.0,yes,23.0,97.5,5000.0,,"3.0/5.0 (RepairPal, rank 23 of 26 midsize SUVs)",328.0,326.0,,,4.0,3,36000,5,60000,,https://www.edmunds.com/gmc/acadia/2027/,NHTSA,21.7,,
GMC,Acadia,AT4,2027,yes,mid-size SUV,4.0,7.0,AWD,Gas,52400.0,1995.0,54395.0,20.0,23.0,21.0,456.0,5.0,,44.3,41.5,32.1,42.6,40.0,38.0,yes,23.0,97.5,5000.0,,"3.0/5.0 (RepairPal, rank 23 of 26 midsize SUVs)",328.0,326.0,,,4.0,3,36000,5,60000,,https://www.edmunds.com/gmc/acadia/2027/,NHTSA,21.7,,
GMC,Acadia,Denali,2027,no,mid-size SUV,4.0,7.0,FWD,Gas,58900.0,1995.0,60895.0,20.0,26.0,22.0,477.0,5.0,,44.3,41.5,32.1,42.6,40.0,38.0,yes,23.0,97.5,5000.0,,"3.0/5.0 (RepairPal, rank 23 of 26 midsize SUVs)",328.0,326.0,,,5.0,3,36000,5,60000,,https://www.edmunds.com/gmc/acadia/2027/,NHTSA,21.7,,
GMC,Acadia,Denali Ultimate,2027,no,mid-size SUV,4.0,7.0,FWD,Gas,63400.0,1995.0,65395.0,20.0,26.0,22.0,477.0,5.0,,44.3,41.5,32.1,42.6,40.0,38.0,yes,23.0,97.5,5000.0,,"3.0/5.0 (RepairPal, rank 23 of 26 midsize SUVs)",328.0,326.0,,,6.0,3,36000,5,60000,,https://www.edmunds.com/gmc/acadia/2027/,NHTSA,21.7,,
GMC,Yukon,Elevation,2027,no,full-size SUV,4.0,8.0,RWD,Gas,69900.0,2795.0,72695.0,15.0,20.0,17.0,408.0,5.0,,44.5,42.0,34.9,42.3,38.9,38.0,yes,25.5,122.8,8000.0,,3.5/5.0,355.0,383.0,7.2,,1.0,3,36000,5,60000,,https://www.edmunds.com/gmc/yukon/2027/,NHTSA,24.0,,
GMC,Yukon,AT4,2027,yes,full-size SUV,4.0,7.0,4WD,Gas,77600.0,2795.0,80395.0,15.0,19.0,17.0,408.0,5.0,,44.5,42.0,34.9,42.3,38.9,38.0,yes,25.5,122.8,8000.0,,3.5/5.0,355.0,383.0,7.2,,2.0,3,36000,5,60000,,https://www.edmunds.com/gmc/yukon/2027/,NHTSA,24.0,,
GMC,Yukon,Denali,2027,no,full-size SUV,4.0,7.0,RWD,Gas,83100.0,2795.0,85895.0,15.0,20.0,17.0,408.0,5.0,,44.5,42.0,34.9,42.3,38.9,38.0,yes,25.5,122.8,8000.0,,3.5/5.0,420.0,460.0,6.1,,2.0,3,36000,5,60000,,https://www.edmunds.com/gmc/yukon/2027/,NHTSA,24.0,,
GMC,Yukon,AT4 Ultimate,2027,yes,full-size SUV,4.0,7.0,4WD,Gas,98200.0,2795.0,100995.0,14.0,18.0,16.0,384.0,5.0,,44.5,42.0,34.9,42.3,38.9,38.0,yes,25.5,122.8,8000.0,,3.5/5.0,420.0,460.0,6.1,,4.0,3,36000,5,60000,,https://www.edmunds.com/gmc/yukon/2027/,NHTSA,24.0,,
GMC,Yukon,Denali Ultimate,2027,no,full-size SUV,4.0,7.0,4WD,Gas,104800.0,2795.0,107595.0,14.0,18.0,16.0,384.0,5.0,,44.5,42.0,34.9,42.3,38.9,38.0,yes,25.5,122.8,8000.0,,3.5/5.0,420.0,460.0,6.1,,4.0,3,36000,5,60000,,https://www.edmunds.com/gmc/yukon/2027/,NHTSA,24.0,,
GMC,Yukon XL,Elevation,2027,no,full-size SUV,4.0,8.0,RWD,Gas,72900.0,2795.0,75695.0,15.0,20.0,17.0,476.0,5.0,,44.5,42.0,36.7,42.3,38.9,38.0,yes,41.5,144.5,7800.0,,"3.0/5.0 (RepairPal, rank 12 of 14 fullsize SUVs)",355.0,383.0,7.2,,1.0,3,36000,5,60000,,https://www.edmunds.com/gmc/yukon-xl/2027/features-specs/,NHTSA,28.0,,
GMC,Yukon XL,AT4,2027,yes,full-size SUV,4.0,8.0,4WD,Gas,80600.0,2795.0,83395.0,14.0,19.0,16.0,448.0,5.0,,44.5,42.0,36.7,42.3,38.9,38.0,yes,41.5,144.5,7800.0,,"3.0/5.0 (RepairPal, rank 12 of 14 fullsize SUVs)",355.0,383.0,7.2,,2.0,3,36000,5,60000,,https://www.edmunds.com/gmc/yukon-xl/2027/features-specs/,NHTSA,28.0,,
GMC,Yukon XL,Denali,2027,no,full-size SUV,4.0,7.0,RWD,Gas,86100.0,2795.0,88895.0,15.0,19.0,16.0,448.0,5.0,,44.5,42.0,36.7,42.3,38.9,38.0,yes,41.5,144.5,7800.0,,"3.0/5.0 (RepairPal, rank 12 of 14 fullsize SUVs)",420.0,460.0,6.1,,2.0,3,36000,5,60000,,https://www.edmunds.com/gmc/yukon-xl/2027/features-specs/,NHTSA,28.0,,
GMC,Yukon XL,AT4 Ultimate,2027,yes,full-size SUV,4.0,7.0,4WD,Gas,101200.0,2795.0,103995.0,14.0,18.0,16.0,448.0,5.0,,44.5,42.0,36.7,42.3,38.9,38.0,yes,41.5,144.5,7800.0,,"3.0/5.0 (RepairPal, rank 12 of 14 fullsize SUVs)",420.0,460.0,6.1,,4.0,3,36000,5,60000,,https://www.edmunds.com/gmc/yukon-xl/2027/features-specs/,NHTSA,28.0,,
GMC,Yukon XL,Denali Ultimate,2027,no,full-size SUV,4.0,7.0,4WD,Gas,107800.0,2795.0,110595.0,14.0,18.0,16.0,448.0,5.0,,44.5,42.0,36.7,42.3,38.9,38.0,yes,41.5,144.5,7800.0,,"3.0/5.0 (RepairPal, rank 12 of 14 fullsize SUVs)",420.0,460.0,6.1,,4.0,3,36000,5,60000,,https://www.edmunds.com/gmc/yukon-xl/2027/features-specs/,NHTSA,28.0,,
Cadillac,Lyriq,Luxury,2027,no,SUV,4.0,5.0,RWD,EV,59400.0,1795.0,61195.0,,,92.0,326.0,5.0,,44.3,39.6,,38.6,37.7,,no,28.0,60.8,3500.0,,,340.0,325.0,5.7,,3.0,4,50000,6,70000,,https://www.edmunds.com/cadillac/lyriq/2027/features-specs/,NHTSA,,,
Cadillac,Lyriq,Sport,2027,no,SUV,4.0,5.0,RWD,EV,59900.0,1795.0,61695.0,,,92.0,326.0,5.0,,44.3,39.6,,38.6,37.7,,no,28.0,60.8,3500.0,,,340.0,325.0,5.7,,3.0,4,50000,6,70000,,https://www.edmunds.com/cadillac/lyriq/2027/features-specs/,NHTSA,,,
Cadillac,Lyriq,Premium Luxury,2027,no,SUV,4.0,5.0,RWD,EV,63400.0,1795.0,65195.0,,,92.0,326.0,5.0,,44.3,39.6,,38.6,37.7,,no,28.0,60.8,3500.0,,,340.0,325.0,5.7,,3.0,4,50000,6,70000,,https://www.edmunds.com/cadillac/lyriq/2027/features-specs/,NHTSA,,,
Cadillac,Lyriq,Premium Sport,2027,no,SUV,4.0,5.0,RWD,EV,63900.0,1795.0,65695.0,,,92.0,326.0,5.0,,44.3,39.6,,38.6,37.7,,no,28.0,60.8,3500.0,,,340.0,325.0,5.7,,3.0,4,50000,6,70000,,https://www.edmunds.com/cadillac/lyriq/2027/features-specs/,NHTSA,,,
Cadillac,Lyriq,Signature Luxury,2027,no,SUV,4.0,5.0,RWD,EV,68000.0,1795.0,69795.0,,,92.0,326.0,5.0,,44.3,39.6,,38.6,37.7,,no,28.0,60.8,3500.0,,,340.0,325.0,5.7,,3.0,4,50000,6,70000,,https://www.edmunds.com/cadillac/lyriq/2027/features-specs/,NHTSA,,,
Cadillac,Lyriq,Signature Sport,2027,no,SUV,4.0,5.0,RWD,EV,68500.0,1795.0,70295.0,,,92.0,326.0,5.0,,44.3,39.6,,38.6,37.7,,no,28.0,60.8,3500.0,,,340.0,325.0,5.7,,3.0,4,50000,6,70000,,https://www.edmunds.com/cadillac/lyriq/2027/features-specs/,NHTSA,,,
Cadillac,Lyriq,V,2027,yes,SUV,4.0,5.0,AWD,EV,78700.0,1795.0,80495.0,,,80.0,319.0,5.0,,44.3,39.6,,38.6,37.7,,no,28.0,60.8,3500.0,,,615.0,650.0,3.3,,3.0,4,50000,6,70000,,https://www.edmunds.com/cadillac/lyriq/2027/features-specs/,NHTSA,,,
Cadillac,Lyriq,V Premium,2027,yes,SUV,4.0,5.0,AWD,EV,83900.0,1795.0,85695.0,,,80.0,319.0,5.0,,44.3,39.6,,38.6,37.7,,no,28.0,60.8,3500.0,,,615.0,650.0,3.3,,3.0,4,50000,6,70000,,https://www.edmunds.com/cadillac/lyriq/2027/features-specs/,NHTSA,,,
Cadillac,Optiq,Luxury,2027,no,SUV,4.0,5.0,RWD,EV,50900.0,1795.0,52695.0,,,105.0,317.0,,,41.6,37.8,,39.6,38.7,,no,26.0,57.0,1500.0,,,315.0,332.0,,,2.0,4,50000,6,70000,,https://www.edmunds.com/cadillac/optiq/2027/features-specs/,,,,
Cadillac,Optiq,Sport,2027,no,SUV,4.0,5.0,RWD,EV,51500.0,1795.0,53295.0,,,105.0,317.0,,,41.6,37.8,,39.6,38.7,,no,26.0,57.0,1500.0,,,315.0,332.0,,,2.0,4,50000,6,70000,,https://www.edmunds.com/cadillac/optiq/2027/features-specs/,,,,
Cadillac,Optiq,Premium Luxury,2027,no,SUV,4.0,5.0,RWD,EV,53200.0,1795.0,54995.0,,,105.0,317.0,,,41.6,37.8,,39.6,38.7,,no,26.0,57.0,1500.0,,,315.0,332.0,,,2.0,4,50000,6,70000,,https://www.edmunds.com/cadillac/optiq/2027/features-specs/,,,,
Cadillac,Optiq,Premium Sport,2027,no,SUV,4.0,5.0,RWD,EV,53700.0,1795.0,55495.0,,,105.0,317.0,,,41.6,37.8,,39.6,38.7,,no,26.0,57.0,1500.0,,,315.0,332.0,,,2.0,4,50000,6,70000,,https://www.edmunds.com/cadillac/optiq/2027/features-specs/,,,,
Cadillac,Optiq,V,2027,yes,SUV,4.0,5.0,AWD,EV,67500.0,1795.0,69295.0,,,,278.0,,,41.6,37.8,,39.6,38.7,,no,26.0,57.0,1500.0,,,519.0,650.0,3.5,,2.0,4,50000,6,70000,,https://www.edmunds.com/cadillac/optiq/2027/v/,,,,
Cadillac,Vistiq,Luxury,2027,no,SUV,4.0,7.0,AWD,EV,77500.0,1995.0,79495.0,,,86.0,305.0,,,43.1,40.2,30.6,40.9,39.0,40.0,yes,15.2,80.2,5000.0,,,615.0,650.0,3.7,,3.0,4,50000,6,70000,,https://www.edmunds.com/cadillac/vistiq/2027/features-specs/,,,,
Cadillac,Vistiq,Sport,2027,no,SUV,4.0,7.0,AWD,EV,78000.0,1995.0,79995.0,,,86.0,305.0,,,43.1,40.2,30.6,40.9,39.0,40.0,yes,15.2,80.2,5000.0,,,615.0,650.0,3.7,,3.0,4,50000,6,70000,,https://www.edmunds.com/cadillac/vistiq/2027/features-specs/,,,,
Cadillac,Vistiq,Premium Luxury,2027,no,SUV,4.0,7.0,AWD,EV,92000.0,1995.0,93995.0,,,86.0,305.0,,,43.1,40.2,30.6,40.9,39.0,40.0,yes,15.2,80.2,5000.0,,,615.0,650.0,3.7,,3.0,4,50000,6,70000,,https://www.edmunds.com/cadillac/vistiq/2027/features-specs/,,,,
Cadillac,Vistiq,Platinum,2027,no,SUV,4.0,7.0,AWD,EV,96600.0,1995.0,98595.0,,,86.0,305.0,,,43.1,40.2,30.6,40.9,39.0,40.0,yes,15.2,80.2,5000.0,,,615.0,650.0,3.7,,3.0,4,50000,6,70000,,https://www.edmunds.com/cadillac/vistiq/2027/features-specs/,,,,
Cadillac,Escalade ESV,Luxury,2027,no,SUV,4.0,7.0,RWD,Gas,105700.0,2895.0,108595.0,14.0,19.0,16.0,448.0,5.0,,44.5,41.8,36.7,42.3,38.9,38.0,yes,41.5,142.2,7700.0,1500.0,2.5,420.0,460.0,,,4.0,4,50000,6,70000,,https://www.edmunds.com/cadillac/escalade-esv/2027/features-specs/,NHTSA,28.0,,
Cadillac,Escalade ESV,Luxury,2027,no,SUV,4.0,7.0,4WD,Gas,108700.0,2895.0,111595.0,14.0,19.0,16.0,448.0,5.0,,44.5,41.8,36.7,42.3,38.9,38.0,yes,41.5,142.2,7700.0,1500.0,2.5,420.0,460.0,6.0,,4.0,4,50000,6,70000,,https://www.edmunds.com/cadillac/escalade-esv/2027/features-specs/,NHTSA,28.0,,
Cadillac,Escalade ESV,Sport,2027,no,SUV,4.0,7.0,RWD,Gas,106300.0,2895.0,109195.0,14.0,19.0,16.0,448.0,5.0,,44.5,41.8,36.7,42.3,38.9,38.0,yes,41.5,142.2,7700.0,1500.0,2.5,420.0,460.0,,,4.0,4,50000,6,70000,,https://www.edmunds.com/cadillac/escalade-esv/2027/features-specs/,NHTSA,28.0,,
Cadillac,Escalade ESV,Sport,2027,no,SUV,4.0,7.0,4WD,Gas,109300.0,2895.0,112195.0,14.0,19.0,16.0,448.0,5.0,,44.5,41.8,36.7,42.3,38.9,38.0,yes,41.5,142.2,7700.0,1500.0,2.5,420.0,460.0,6.0,,4.0,4,50000,6,70000,,https://www.edmunds.com/cadillac/escalade-esv/2027/features-specs/,NHTSA,28.0,,
Cadillac,Escalade ESV,Platinum Luxury,2027,no,SUV,4.0,7.0,4WD,Gas,127200.0,2895.0,130095.0,14.0,19.0,16.0,448.0,5.0,,44.5,41.8,36.7,42.3,38.9,38.0,yes,41.5,142.2,7700.0,1500.0,2.5,420.0,460.0,6.0,,4.0,4,50000,6,70000,,https://www.edmunds.com/cadillac/escalade-esv/2027/features-specs/,NHTSA,28.0,,
Cadillac,Escalade ESV,Platinum Sport,2027,no,SUV,4.0,7.0,4WD,Gas,127700.0,2895.0,130595.0,14.0,19.0,16.0,448.0,5.0,,44.5,41.8,36.7,42.3,38.9,38.0,yes,41.5,142.2,7700.0,1500.0,2.5,420.0,460.0,6.0,,4.0,4,50000,6,70000,,https://www.edmunds.com/cadillac/escalade-esv/2027/features-specs/,NHTSA,28.0,,
Cadillac,Escalade ESV,V,2027,yes,SUV,4.0,7.0,AWD,Gas,172300.0,2895.0,175195.0,11.0,17.0,13.0,364.0,5.0,,44.5,41.8,36.7,42.3,38.9,38.0,yes,41.5,142.2,7000.0,1140.0,2.5,682.0,653.0,4.3,,4.0,4,50000,6,70000,,https://www.edmunds.com/cadillac/escalade-esv/2027/features-specs/,NHTSA,28.0,,
Honda,CR-V,LX,2027,no,SUV,4.0,5.0,FWD,Gas,31520.0,1450.0,32970.0,28.0,33.0,30.0,420.0,5.0,106.0,41.3,41.0,,40.0,38.2,,no,39.3,76.5,1500.0,,"4.5/5.0 (RepairPal, rank 2 of 26 compact SUVs)",190.0,179.0,,,2.0,3,36000,5,60000,,https://automobiles.honda.com/cr-v,NHTSA,,,
Honda,CR-V,EX,2027,no,SUV,4.0,5.0,FWD,Gas,33550.0,1450.0,35000.0,28.0,33.0,30.0,420.0,5.0,106.0,41.3,41.0,,40.0,38.2,,no,39.3,76.5,1500.0,,"4.5/5.0 (RepairPal, rank 2 of 26 compact SUVs)",190.0,179.0,,,2.0,3,36000,5,60000,,https://automobiles.honda.com/cr-v,NHTSA,,,
Honda,CR-V,EX-L,2027,no,SUV,4.0,5.0,FWD,Gas,35800.0,1450.0,37250.0,28.0,33.0,30.0,420.0,5.0,106.0,41.3,41.0,,38.0,38.2,,no,39.3,76.5,1500.0,,"4.5/5.0 (RepairPal, rank 2 of 26 compact SUVs)",190.0,179.0,,,3.0,3,36000,5,60000,,https://automobiles.honda.com/cr-v,NHTSA,,,
Honda,CR-V,Sport Hybrid,2027,no,SUV,4.0,5.0,FWD,Hybrid,36030.0,1450.0,37480.0,43.0,36.0,40.0,560.0,5.0,103.5,41.3,41.0,,38.0,38.2,,no,34.7,71.8,1500.0,,"4.5/5.0 (RepairPal, rank 2 of 26 compact SUVs)",204.0,247.0,,,2.0,3,36000,5,60000,,https://automobiles.honda.com/cr-v,NHTSA,,,
Honda,CR-V,Sport-L Hybrid,2027,no,SUV,4.0,5.0,FWD,Hybrid,39125.0,1450.0,40575.0,43.0,36.0,40.0,560.0,5.0,103.5,41.3,41.0,,38.0,38.2,,no,34.7,71.8,1500.0,,"4.5/5.0 (RepairPal, rank 2 of 26 compact SUVs)",204.0,247.0,,,3.0,3,36000,5,60000,,https://automobiles.honda.com/cr-v,NHTSA,,,
Honda,CR-V,TrailSport Hybrid,2027,no,SUV,4.0,5.0,AWD,Hybrid,39200.0,1450.0,40650.0,38.0,33.0,35.0,490.0,5.0,103.5,41.3,41.0,,38.0,38.2,,no,34.7,71.8,1500.0,,"4.5/5.0 (RepairPal, rank 2 of 26 compact SUVs)",204.0,247.0,8.0,,3.0,3,36000,5,60000,,https://automobiles.honda.com/cr-v,NHTSA,,,
Honda,CR-V,Sport Touring Hybrid,2027,no,SUV,4.0,5.0,AWD,Hybrid,42950.0,1450.0,44400.0,40.0,34.0,37.0,518.0,5.0,103.5,41.3,41.0,,38.0,38.2,,no,34.7,71.8,1500.0,,"4.5/5.0 (RepairPal, rank 2 of 26 compact SUVs)",204.0,247.0,8.0,,3.0,3,36000,5,60000,,https://automobiles.honda.com/cr-v,NHTSA,,,
Honda,HR-V,LX,2027,no,SUV,4.0,5.0,FWD,Gas,26600.0,,,26.0,32.0,28.0,392.0,5.0,98.7,41.9,37.7,,38.4,38.0,,no,24.4,55.1,,,"5.0/5.0 (RepairPal, rank 1 of 7 subcompact SUVs)",158.0,138.0,,,2.0,3,36000,5,60000,,https://automobiles.honda.com/hr-v,NHTSA,14.0,,
Honda,HR-V,Sport,2027,no,SUV,4.0,5.0,FWD,Gas,28400.0,,,26.0,32.0,28.0,392.0,5.0,98.7,41.9,37.7,,38.4,38.0,,no,24.4,55.1,,,"5.0/5.0 (RepairPal, rank 1 of 7 subcompact SUVs)",158.0,138.0,,,2.0,3,36000,5,60000,,https://automobiles.honda.com/hr-v,NHTSA,14.0,,
Honda,HR-V,EX-L,2027,no,SUV,4.0,5.0,FWD,Gas,30450.0,,,26.0,32.0,28.0,392.0,5.0,98.7,41.9,37.7,,38.4,38.0,,no,24.4,55.1,,,"5.0/5.0 (RepairPal, rank 1 of 7 subcompact SUVs)",158.0,138.0,,,3.0,3,36000,5,60000,,https://automobiles.honda.com/hr-v,NHTSA,14.0,,
Honda,HR-V,EX-L,2027,no,SUV,4.0,5.0,AWD,Gas,31950.0,,,25.0,30.0,27.0,378.0,5.0,98.7,41.9,37.7,,38.4,38.0,,no,24.4,55.1,,,"5.0/5.0 (RepairPal, rank 1 of 7 subcompact SUVs)",158.0,138.0,,,3.0,3,36000,5,60000,,https://automobiles.honda.com/hr-v,NHTSA,14.0,,
Honda,Odyssey,EX-L,2027,no,minivan,4.0,8.0,FWD,Gas,43195.0,1495.0,44690.0,19.0,28.0,22.0,429.0,5.0,160.1,40.9,40.9,38.1,38.7,39.2,38.3,yes,32.8,140.7,3500.0,,"3.5/5.0 (RepairPal, rank 3 of 8 minivans)",280.0,262.0,6.4,,3.0,3,36000,5,60000,,https://automobiles.honda.com/odyssey,NHTSA,19.5,,
Honda,Odyssey,Sport-L,2027,no,minivan,4.0,8.0,FWD,Gas,44295.0,1495.0,45790.0,19.0,28.0,22.0,429.0,5.0,160.1,40.9,40.9,38.1,38.7,39.2,38.3,yes,32.8,140.7,3500.0,,"3.5/5.0 (RepairPal, rank 3 of 8 minivans)",280.0,262.0,6.4,,3.0,3,36000,5,60000,,https://automobiles.honda.com/odyssey,NHTSA,19.5,,
Honda,Odyssey,Touring,2027,no,minivan,4.0,8.0,FWD,Gas,47895.0,1495.0,49390.0,19.0,28.0,22.0,429.0,5.0,160.1,40.9,40.9,38.1,38.7,39.2,38.3,yes,32.8,140.7,3500.0,,"3.5/5.0 (RepairPal, rank 3 of 8 minivans)",280.0,262.0,6.4,,3.0,3,36000,5,60000,,https://automobiles.honda.com/odyssey,NHTSA,19.5,,
Honda,Odyssey,Elite,2027,no,minivan,4.0,8.0,FWD,Gas,52095.0,1495.0,53590.0,19.0,28.0,22.0,429.0,5.0,160.1,40.9,40.9,38.1,38.7,39.2,38.3,yes,32.8,140.7,3500.0,,"3.5/5.0 (RepairPal, rank 3 of 8 minivans)",280.0,262.0,6.4,,3.0,3,36000,5,60000,,https://automobiles.honda.com/odyssey,NHTSA,19.5,,
Honda,Prelude,Hybrid,2027,no,coupe,2.0,4.0,FWD,Hybrid,42400.0,1195.0,43595.0,46.0,41.0,44.0,466.0,,99.7,42.3,32.0,,37.2,33.1,,no,15.1,,,,"4.0/5.0 (RepairPal, brand-level only, ranks 1st of 32 brands)",200.0,232.0,6.5,,3.0,3,36000,5,60000,,https://automobiles.honda.com/prelude,,,,
Honda,Prelude,Hybrid Two-Tone,2027,no,coupe,2.0,4.0,FWD,Hybrid,42900.0,1195.0,44095.0,46.0,41.0,44.0,466.0,,99.7,42.3,32.0,,37.2,33.1,,no,15.1,,,,"4.0/5.0 (RepairPal, brand-level only, ranks 1st of 32 brands)",200.0,232.0,6.5,,3.0,3,36000,5,60000,,https://automobiles.honda.com/prelude,,,,
Chrysler,Pacifica,LX,2027,no,Minivan,4.0,7.0,FWD,Gasoline,41495.0,,41495.0,19.0,28.0,22.0,418.0,5.0,,41.1,39.0,,40.1,39.6,,yes,32.3,140.5,3600.0,,"3.5/5.0 (RepairPal, brand-level only, ranks 11th of 32 brands)",287.0,262.0,,,35.0,3,36000,5,60000,62.0,https://www.chrysler.com/2027/pacifica.html,NHTSA,19.0,Chrysler brand-level (CarEdge),
Chrysler,Pacifica,Select,2027,no,Minivan,4.0,7.0,FWD,Gasoline,43545.0,,43545.0,19.0,28.0,22.0,418.0,5.0,,41.1,39.0,,40.1,39.6,,yes,32.3,140.5,3600.0,,"3.5/5.0 (RepairPal, brand-level only, ranks 11th of 32 brands)",287.0,262.0,,,45.0,3,36000,5,60000,62.0,https://www.chrysler.com/2027/pacifica.html,NHTSA,19.0,Chrysler brand-level (CarEdge),
Chrysler,Pacifica,Limited,2027,no,Minivan,4.0,7.0,FWD,Gasoline,47995.0,,47995.0,19.0,28.0,22.0,418.0,5.0,,41.1,39.0,,40.1,39.6,,yes,32.3,140.5,3600.0,,"3.5/5.0 (RepairPal, brand-level only, ranks 11th of 32 brands)",287.0,262.0,,,65.0,3,36000,5,60000,62.0,https://www.chrysler.com/2027/pacifica.html,NHTSA,19.0,Chrysler brand-level (CarEdge),
Chrysler,Pacifica,Pinnacle,2027,no,Minivan,4.0,7.0,FWD,Gasoline,54910.0,,54910.0,19.0,28.0,22.0,418.0,5.0,,41.1,39.0,,40.1,39.6,,yes,32.3,140.5,3600.0,,"3.5/5.0 (RepairPal, brand-level only, ranks 11th of 32 brands)",287.0,262.0,,,85.0,3,36000,5,60000,62.0,https://www.chrysler.com/2027/pacifica.html,NHTSA,19.0,Chrysler brand-level (CarEdge),
Ram,ProMaster,"1500 Tradesman High Roof w/136"" WB",2027,no,cargo van,2.0,3.0,FWD,Gasoline,48700.0,,48700.0,,,,,,,,,,,,,no,353.0,353.0,,,"3.0/5.0 (RepairPal, brand-level only, ranks 23rd of 32 brands)",276.0,250.0,,,25.0,3,36000,10,100000,43.0,https://www.ramtrucks.com/2027/ram-promaster.html,NHTSA,24.0,"Ram ProMaster Cargo Van (CarEdge, model-specific)",
Ram,ProMaster,SLT,2027,no,cargo van,2.0,3.0,FWD,Gasoline,51500.0,,51500.0,,,,,,,,,,,,,no,353.0,353.0,,,"3.0/5.0 (RepairPal, brand-level only, ranks 23rd of 32 brands)",276.0,250.0,,,35.0,3,36000,10,100000,43.0,https://www.ramtrucks.com/2027/ram-promaster.html,NHTSA,24.0,"Ram ProMaster Cargo Van (CarEdge, model-specific)",
Ram,ProMaster,"1500 SLT+ High Roof w/136"" WB",2027,no,cargo van,2.0,3.0,FWD,Gasoline,55100.0,,55100.0,,,,,,,,,,,,,no,353.0,353.0,,,"3.0/5.0 (RepairPal, brand-level only, ranks 23rd of 32 brands)",276.0,250.0,,,45.0,3,36000,10,100000,43.0,https://www.ramtrucks.com/2027/ram-promaster.html,NHTSA,24.0,"Ram ProMaster Cargo Van (CarEdge, model-specific)",
Ram,ProMaster,"2500 Tradesman High Roof w/159"" WB",2027,no,cargo van,2.0,2.0,FWD,Gasoline,51700.0,,51700.0,,,,,,,,,,,,,no,420.0,420.0,,,"3.0/5.0 (RepairPal, brand-level only, ranks 23rd of 32 brands)",276.0,250.0,,,25.0,3,36000,10,100000,40.5,https://www.ramtrucks.com/2027/ram-promaster.html,NHTSA,24.0,Ram brand-level (CarEdge),
Ram,ProMaster,"2500 SLT+ High Roof w/159"" WB",2027,no,cargo van,2.0,2.0,FWD,Gasoline,57100.0,,57100.0,,,,,,,,,,,,,no,420.0,420.0,,,"3.0/5.0 (RepairPal, brand-level only, ranks 23rd of 32 brands)",276.0,250.0,,,45.0,3,36000,10,100000,40.5,https://www.ramtrucks.com/2027/ram-promaster.html,NHTSA,24.0,Ram brand-level (CarEdge),
Jeep,Wrangler,Sport,2027,no,SUV,4.0,5.0,4WD,Gas,38630.0,1995.0,40625.0,16.0,22.0,19.0,,3.5,,41.2,38.3,,42.6,41.7,,no,31.7,72.4,3500.0,1218.0,3.5,285.0,260.0,6.1,,1.0,3,36000,5,60000,,https://www.edmunds.com/jeep/wrangler/2027/trims/,IIHS,21.5,,
Jeep,Wrangler,Sport S,2027,no,SUV,4.0,5.0,4WD,Gas,41780.0,1995.0,43775.0,16.0,22.0,19.0,,3.5,,41.2,38.3,,42.6,41.7,,no,31.7,72.4,3500.0,1218.0,3.5,285.0,260.0,6.1,,1.0,3,36000,5,60000,,https://www.edmunds.com/jeep/wrangler/2027/trims/,IIHS,21.5,,
Jeep,Wrangler,Willys,2027,no,SUV,4.0,5.0,4WD,Gas,45850.0,1995.0,47845.0,16.0,22.0,19.0,,3.5,,41.2,38.3,,42.6,41.7,,no,31.7,72.4,3500.0,1218.0,3.5,285.0,260.0,6.1,,2.0,3,36000,5,60000,,https://www.edmunds.com/jeep/wrangler/2027/trims/,IIHS,21.5,,
Jeep,Wrangler,Rubicon,2027,yes,SUV,4.0,5.0,4WD,Gas,48705.0,1995.0,50700.0,16.0,22.0,19.0,,3.5,,41.2,38.3,,42.6,41.7,,no,31.7,72.4,3500.0,1218.0,3.5,285.0,260.0,6.1,,2.0,3,36000,5,60000,,https://www.edmunds.com/jeep/wrangler/2027/trims/,IIHS,21.5,,
Jeep,Wrangler,Sport RHD,2027,no,SUV,4.0,5.0,4WD,Gas,52385.0,1995.0,54380.0,20.0,23.0,21.0,,3.5,,41.2,38.3,,42.6,41.7,,no,31.7,72.4,3500.0,1218.0,3.5,270.0,295.0,6.5,,2.0,3,36000,5,60000,,https://www.edmunds.com/jeep/wrangler/2027/trims/,IIHS,21.5,,
Jeep,Wrangler,Sahara,2027,no,SUV,4.0,5.0,4WD,Gas,53405.0,1995.0,55400.0,20.0,23.0,21.0,,3.5,,41.2,38.3,,42.6,41.7,,no,31.7,72.4,3500.0,1218.0,3.5,270.0,295.0,6.5,,3.0,3,36000,5,60000,,https://www.edmunds.com/jeep/wrangler/2027/trims/,IIHS,21.5,,
Jeep,Wrangler,Rewind,2027,no,SUV,4.0,5.0,4WD,Gas,53530.0,1995.0,55525.0,16.0,22.0,19.0,,3.5,,41.2,38.3,,42.6,41.7,,no,31.7,72.4,3500.0,1218.0,3.5,285.0,260.0,6.1,,3.0,3,36000,5,60000,,https://www.edmunds.com/jeep/wrangler/2027/trims/,IIHS,21.5,,
Jeep,Wrangler,Rubicon X,2027,yes,SUV,4.0,5.0,4WD,Gas,58555.0,1995.0,60550.0,16.0,22.0,19.0,,3.5,,41.2,38.3,,42.6,41.7,,no,31.7,72.4,3500.0,1218.0,3.5,285.0,260.0,6.1,,3.0,3,36000,5,60000,,https://www.edmunds.com/jeep/wrangler/2027/trims/,IIHS,21.5,,
Jeep,Wrangler,Willys 392,2027,yes,SUV,4.0,5.0,4WD,Gas,71990.0,1995.0,73985.0,13.0,16.0,14.0,,3.5,,41.2,38.3,,42.6,41.7,,no,31.7,72.4,3500.0,1218.0,3.5,470.0,470.0,4.0,,4.0,3,36000,5,60000,,https://www.edmunds.com/jeep/wrangler/2027/trims/,IIHS,21.5,,
Jeep,Wrangler,Moab 392,2027,yes,SUV,4.0,5.0,4WD,Gas,81990.0,1995.0,83985.0,13.0,16.0,14.0,,3.5,,41.2,38.3,,42.6,41.7,,no,31.7,72.4,3500.0,1218.0,3.5,470.0,470.0,4.0,,4.0,3,36000,5,60000,,https://www.edmunds.com/jeep/wrangler/2027/trims/,IIHS,21.5,,
Jeep,Cherokee,Cherokee,2027,no,SUV,4.0,5.0,AWD,Hybrid,36995.0,1995.0,38990.0,39.0,35.0,37.0,,,,41.3,38.5,,40.3,40.2,,no,33.6,68.3,3500.0,,,177.0,221.0,,,2.0,3,36000,5,60000,,https://www.edmunds.com/jeep/cherokee/2027/trims/,,,,
Jeep,Cherokee,Laredo,2027,no,SUV,4.0,5.0,AWD,Hybrid,39995.0,1995.0,41990.0,39.0,35.0,37.0,,,,41.3,38.5,,40.3,40.2,,no,33.6,68.3,3500.0,,,177.0,221.0,,,2.0,3,36000,5,60000,,https://www.edmunds.com/jeep/cherokee/2027/trims/,,,,
Jeep,Cherokee,Limited,2027,no,SUV,4.0,5.0,AWD,Hybrid,41995.0,1995.0,43990.0,39.0,35.0,37.0,,,,41.3,38.5,,40.3,40.2,,no,33.6,68.3,3500.0,,,177.0,221.0,,,3.0,3,36000,5,60000,,https://www.edmunds.com/jeep/cherokee/2027/trims/,,,,
Jeep,Cherokee,Limited Altitude,2027,no,SUV,4.0,5.0,AWD,Hybrid,42590.0,1995.0,44585.0,39.0,35.0,37.0,,,,41.3,38.5,,40.3,40.2,,no,33.6,68.3,3500.0,,,177.0,221.0,,,3.0,3,36000,5,60000,,https://www.edmunds.com/jeep/cherokee/2027/trims/,,,,
Jeep,Cherokee,Overland,2027,no,SUV,4.0,5.0,AWD,Hybrid,44995.0,1995.0,46990.0,39.0,35.0,37.0,,,,41.3,38.5,,40.3,40.2,,no,33.6,68.3,3500.0,,,177.0,221.0,,,4.0,3,36000,5,60000,,https://www.edmunds.com/jeep/cherokee/2027/trims/,,,,
Jeep,Compass,Latitude Altitude,2027,no,SUV,4.0,5.0,AWD,Gas,37160.0,1995.0,39155.0,23.0,31.0,26.0,,4.0,,41.8,38.3,,39.2,38.5,,no,27.2,59.8,2000.0,,4.0,200.0,221.0,7.5,,1.0,3,36000,5,60000,,https://www.edmunds.com/jeep/compass/2027/trims/,NHTSA,13.5,,
Jeep,Compass,Limited,2027,no,SUV,4.0,5.0,AWD,Gas,36220.0,1995.0,38215.0,23.0,31.0,26.0,,4.0,,41.8,38.3,,39.2,38.5,,no,27.2,59.8,2000.0,,4.0,200.0,221.0,7.5,,1.0,3,36000,5,60000,,https://www.edmunds.com/jeep/compass/2027/trims/,NHTSA,13.5,,
Jeep,Compass,Limited Altitude,2027,no,SUV,4.0,5.0,AWD,Gas,37215.0,1995.0,39210.0,23.0,31.0,26.0,,4.0,,41.8,38.3,,39.2,38.5,,no,27.2,59.8,2000.0,,4.0,200.0,221.0,7.5,,2.0,3,36000,5,60000,,https://www.edmunds.com/jeep/compass/2027/trims/,NHTSA,13.5,,
Jeep,Compass,Trailhawk,2027,yes,SUV,4.0,5.0,AWD,Gas,37465.0,1995.0,39460.0,,,,,4.0,,41.8,38.3,,39.2,38.5,,no,27.2,59.8,2000.0,,4.0,200.0,221.0,7.5,,1.0,3,36000,5,60000,,https://www.edmunds.com/jeep/compass/2027/trims/,NHTSA,13.5,,
Jeep,Grand Cherokee,Laredo,2027,no,SUV,4.0,5.0,RWD,Gas,41515.0,1995.0,43510.0,19.0,26.0,22.0,,5.0,,41.3,38.2,,39.9,39.4,,no,37.7,70.8,6200.0,,3.5,293.0,260.0,7.4,,1.0,3,36000,5,60000,,https://www.edmunds.com/jeep/grand-cherokee/2027/trims/,NHTSA,23.0,,
Jeep,Grand Cherokee,Laredo X,2027,no,SUV,4.0,5.0,RWD,Gas,44010.0,1995.0,46005.0,19.0,26.0,22.0,,5.0,,41.3,38.2,,39.9,39.4,,no,37.7,70.8,6200.0,,3.5,293.0,260.0,7.4,,1.0,3,36000,5,60000,,https://www.edmunds.com/jeep/grand-cherokee/2027/trims/,NHTSA,23.0,,
Jeep,Grand Cherokee,Laredo Altitude,2027,no,SUV,4.0,5.0,RWD,Gas,46955.0,1995.0,48950.0,19.0,26.0,22.0,,5.0,,41.3,38.2,,39.9,39.4,,no,37.7,70.8,6200.0,,3.5,293.0,260.0,7.4,,2.0,3,36000,5,60000,,https://www.edmunds.com/jeep/grand-cherokee/2027/trims/,NHTSA,23.0,,
Jeep,Grand Cherokee,Limited,2027,no,SUV,4.0,5.0,RWD,Gas,46955.0,1995.0,48950.0,19.0,26.0,22.0,,5.0,,41.3,38.2,,39.9,39.4,,no,37.7,70.8,6200.0,,3.5,293.0,260.0,7.4,,2.0,3,36000,5,60000,,https://www.edmunds.com/jeep/grand-cherokee/2027/trims/,NHTSA,23.0,,
Jeep,Grand Cherokee,Limited Reserve,2027,no,SUV,4.0,5.0,4WD,Gas,54550.0,1995.0,56545.0,20.0,25.0,22.0,,5.0,,41.3,38.2,,39.9,39.4,,no,37.7,70.8,6200.0,,3.5,324.0,332.0,7.2,,3.0,3,36000,5,60000,,https://www.edmunds.com/jeep/grand-cherokee/2027/trims/,NHTSA,23.0,,
Jeep,Grand Cherokee,Trailhawk,2027,yes,SUV,4.0,5.0,4WD,Gas,54995.0,1995.0,56990.0,20.0,25.0,22.0,,5.0,,41.3,38.2,,39.9,39.4,,no,37.7,70.8,6200.0,,3.5,324.0,332.0,7.2,,3.0,3,36000,5,60000,,https://www.edmunds.com/jeep/grand-cherokee/2027/trims/,NHTSA,23.0,,
Jeep,Grand Cherokee,Summit,2027,no,SUV,4.0,5.0,4WD,Gas,62895.0,1995.0,64890.0,20.0,25.0,22.0,,5.0,,41.3,38.2,,39.9,39.4,,no,37.7,70.8,6200.0,,3.5,324.0,332.0,7.2,,4.0,3,36000,5,60000,,https://www.edmunds.com/jeep/grand-cherokee/2027/trims/,NHTSA,23.0,,
Jeep,Grand Cherokee L,Laredo,2027,no,SUV,4.0,7.0,RWD,Gas,43515.0,1995.0,45510.0,19.0,26.0,21.0,,5.0,,41.3,39.4,30.0,39.8,39.9,37.0,yes,17.2,84.6,6200.0,,3.5,293.0,260.0,7.3,,1.0,3,36000,5,60000,,https://www.edmunds.com/jeep/grand-cherokee-l/2027/trims/,NHTSA,23.0,,
Jeep,Grand Cherokee L,Laredo X,2027,no,SUV,4.0,7.0,RWD,Gas,46010.0,1995.0,48005.0,19.0,26.0,21.0,,5.0,,41.3,39.4,30.0,39.8,39.9,37.0,yes,17.2,84.6,6200.0,,3.5,293.0,260.0,7.3,,1.0,3,36000,5,60000,,https://www.edmunds.com/jeep/grand-cherokee-l/2027/trims/,NHTSA,23.0,,
Jeep,Grand Cherokee L,Laredo Altitude,2027,no,SUV,4.0,7.0,RWD,Gas,48955.0,1995.0,50950.0,20.0,25.0,22.0,,5.0,,41.3,39.4,30.0,39.8,39.9,37.0,yes,17.2,84.6,6200.0,,3.5,324.0,332.0,,,2.0,3,36000,5,60000,,https://www.edmunds.com/jeep/grand-cherokee-l/2027/trims/,NHTSA,23.0,,
Jeep,Grand Cherokee L,Limited,2027,no,SUV,4.0,7.0,RWD,Gas,48955.0,1995.0,50950.0,20.0,25.0,22.0,,5.0,,41.3,39.4,30.0,39.8,39.9,37.0,yes,17.2,84.6,6200.0,,3.5,324.0,332.0,,,2.0,3,36000,5,60000,,https://www.edmunds.com/jeep/grand-cherokee-l/2027/trims/,NHTSA,23.0,,
Jeep,Grand Cherokee L,Limited Reserve,2027,no,SUV,4.0,7.0,AWD,Gas,56550.0,1995.0,58545.0,20.0,25.0,22.0,,5.0,,41.3,39.4,30.0,39.8,39.9,37.0,yes,17.2,84.6,6200.0,,3.5,324.0,332.0,,,3.0,3,36000,5,60000,,https://www.edmunds.com/jeep/grand-cherokee-l/2027/trims/,NHTSA,23.0,,
Jeep,Grand Cherokee L,Summit,2027,no,SUV,4.0,6.0,AWD,Gas,64895.0,1995.0,66890.0,20.0,25.0,22.0,,5.0,,41.3,39.4,30.0,39.8,39.9,37.0,yes,17.2,84.6,6200.0,,3.5,324.0,332.0,,,4.0,3,36000,5,60000,,https://www.edmunds.com/jeep/grand-cherokee-l/2027/trims/,NHTSA,23.0,,
Jeep,Grand Wagoneer,Base,2027,no,SUV,4.0,7.0,RWD,Gas,67595.0,,67595.0,17.0,24.0,19.0,,3.0,,40.9,42.7,37.0,41.3,40.0,39.0,yes,27.4,94.2,6210.0,,"3.5/5.0 (RepairPal, brand-level only, ranks 15th of 32 brands)",420.0,468.0,5.3,,1.0,3,36000,5,60000,,https://www.kbb.com/jeep/grand-wagoneer/2027/,IIHS,26.5,,
Jeep,Grand Wagoneer,Limited,2027,no,SUV,4.0,7.0,4WD,Gas,75660.0,,75660.0,17.0,24.0,19.0,,3.0,,40.9,42.7,37.0,41.3,40.0,39.0,yes,27.4,94.2,6210.0,,"3.5/5.0 (RepairPal, brand-level only, ranks 15th of 32 brands)",420.0,468.0,5.3,,2.0,3,36000,5,60000,,https://www.kbb.com/jeep/grand-wagoneer/2027/,IIHS,26.5,,
Jeep,Grand Wagoneer,Limited Altitude,2027,no,SUV,4.0,7.0,4WD,Gas,75660.0,,75660.0,17.0,24.0,19.0,,3.0,,40.9,42.7,37.0,41.3,40.0,39.0,yes,27.4,94.2,6210.0,,"3.5/5.0 (RepairPal, brand-level only, ranks 15th of 32 brands)",420.0,468.0,5.3,,2.0,3,36000,5,60000,,https://www.kbb.com/jeep/grand-wagoneer/2027/,IIHS,26.5,,
Jeep,Grand Wagoneer,Upland,2027,no,SUV,4.0,7.0,4WD,Gas,76660.0,,76660.0,17.0,24.0,19.0,,3.0,,40.9,42.7,37.0,41.3,40.0,39.0,yes,27.4,94.2,6210.0,,"3.5/5.0 (RepairPal, brand-level only, ranks 15th of 32 brands)",420.0,468.0,5.3,,2.0,3,36000,5,60000,,https://www.kbb.com/jeep/grand-wagoneer/2027/,IIHS,26.5,,
Jeep,Grand Wagoneer,Summit Obsidian,2027,no,SUV,4.0,7.0,4WD,Gas,97910.0,,97910.0,17.0,24.0,19.0,,3.0,,40.9,42.7,37.0,41.3,40.0,39.0,yes,27.4,94.2,6210.0,,"3.5/5.0 (RepairPal, brand-level only, ranks 15th of 32 brands)",420.0,468.0,5.3,,3.0,3,36000,5,60000,,https://www.kbb.com/jeep/grand-wagoneer/2027/,IIHS,26.5,,
Jeep,Grand Wagoneer,Summit,2027,no,SUV,4.0,7.0,4WD,Gas,97910.0,,97910.0,17.0,24.0,19.0,,3.0,,40.9,42.7,37.0,41.3,40.0,39.0,yes,27.4,94.2,6210.0,,"3.5/5.0 (RepairPal, brand-level only, ranks 15th of 32 brands)",420.0,468.0,5.3,,3.0,3,36000,5,60000,,https://www.kbb.com/jeep/grand-wagoneer/2027/,IIHS,26.5,,
Jeep,Grand Wagoneer,Summit Reserve,2027,no,SUV,4.0,7.0,4WD,Gas,103910.0,,103910.0,17.0,24.0,19.0,,3.0,,40.9,42.7,37.0,41.3,40.0,39.0,yes,27.4,94.2,6210.0,,"3.5/5.0 (RepairPal, brand-level only, ranks 15th of 32 brands)",420.0,468.0,5.3,,4.0,3,36000,5,60000,,https://www.kbb.com/jeep/grand-wagoneer/2027/,IIHS,26.5,,
Jeep,Grand Wagoneer L,Base,2027,no,SUV,4.0,7.0,RWD,Gas,70595.0,,70595.0,16.0,22.0,18.0,,,,40.9,42.7,37.0,41.3,40.0,39.0,yes,44.2,112.9,6210.0,,"3.5/5.0 (RepairPal, brand-level only, ranks 15th of 32 brands)",420.0,468.0,5.3,,1.0,3,36000,5,60000,,https://www.kbb.com/jeep/grand-wagoneer-l/2027/,,30.5,,
Jeep,Grand Wagoneer L,Limited Altitude,2027,no,SUV,4.0,7.0,4WD,Gas,78660.0,,78660.0,16.0,22.0,18.0,,,,40.9,42.7,37.0,41.3,40.0,39.0,yes,44.2,112.9,6210.0,,"3.5/5.0 (RepairPal, brand-level only, ranks 15th of 32 brands)",420.0,468.0,5.3,,2.0,3,36000,5,60000,,https://www.kbb.com/jeep/grand-wagoneer-l/2027/,,30.5,,
Jeep,Grand Wagoneer L,Limited,2027,no,SUV,4.0,7.0,4WD,Gas,78660.0,,78660.0,16.0,22.0,18.0,,,,40.9,42.7,37.0,41.3,40.0,39.0,yes,44.2,112.9,6210.0,,"3.5/5.0 (RepairPal, brand-level only, ranks 15th of 32 brands)",420.0,468.0,5.3,,2.0,3,36000,5,60000,,https://www.kbb.com/jeep/grand-wagoneer-l/2027/,,30.5,,
Jeep,Grand Wagoneer L,Summit,2027,no,SUV,4.0,7.0,4WD,Gas,100910.0,,100910.0,16.0,22.0,18.0,,,,40.9,42.7,37.0,41.3,40.0,39.0,yes,44.2,112.9,6210.0,,"3.5/5.0 (RepairPal, brand-level only, ranks 15th of 32 brands)",420.0,468.0,5.3,,3.0,3,36000,5,60000,,https://www.kbb.com/jeep/grand-wagoneer-l/2027/,,30.5,,
Jeep,Grand Wagoneer L,Summit Obsidian,2027,no,SUV,4.0,7.0,4WD,Gas,100910.0,,100910.0,16.0,22.0,18.0,,,,40.9,42.7,37.0,41.3,40.0,39.0,yes,44.2,112.9,6210.0,,"3.5/5.0 (RepairPal, brand-level only, ranks 15th of 32 brands)",420.0,468.0,5.3,,3.0,3,36000,5,60000,,https://www.kbb.com/jeep/grand-wagoneer-l/2027/,,30.5,,
Jeep,Grand Wagoneer L,Summit Reserve,2027,no,SUV,4.0,7.0,4WD,Gas,106910.0,,106910.0,16.0,22.0,18.0,,,,40.9,42.7,37.0,41.3,40.0,39.0,yes,44.2,112.9,6210.0,,"3.5/5.0 (RepairPal, brand-level only, ranks 15th of 32 brands)",420.0,468.0,5.3,,4.0,3,36000,5,60000,,https://www.kbb.com/jeep/grand-wagoneer-l/2027/,,30.5,,
Dodge,Charger,R/T,2027,no,Coupe,2.0,5.0,AWD,Gas,49995.0,1995.0,51990.0,17.0,26.0,20.0,,,,42.6,37.2,,39.1,36.9,,no,22.8,37.4,,,3.5,420.0,469.0,4.7,,1.0,3,36000,5,60000,,https://www.edmunds.com/dodge/charger/2027/trims/,,,,
Dodge,Charger,R/T,2027,no,Sedan,4.0,5.0,AWD,Gas,49995.0,1995.0,51990.0,17.0,26.0,20.0,,,,42.6,37.2,,39.1,36.9,,no,22.8,37.4,,,3.5,420.0,469.0,4.7,,1.0,3,36000,5,60000,,https://www.edmunds.com/dodge/charger/2027/trims/,,,,
Dodge,Charger,R/T Plus,2027,no,Coupe,2.0,5.0,AWD,Gas,54990.0,1995.0,56985.0,17.0,26.0,20.0,,,,42.6,37.2,,39.1,36.9,,no,22.8,37.4,,,3.5,420.0,469.0,4.7,,1.0,3,36000,5,60000,,https://www.edmunds.com/dodge/charger/2027/trims/,,,,
Dodge,Charger,R/T Plus,2027,no,Sedan,4.0,5.0,AWD,Gas,54990.0,1995.0,56985.0,17.0,26.0,20.0,,,,42.6,37.2,,39.1,36.9,,no,22.8,37.4,,,3.5,420.0,469.0,4.7,,1.0,3,36000,5,60000,,https://www.edmunds.com/dodge/charger/2027/trims/,,,,
Dodge,Charger,Scat Pack,2027,yes,Coupe,2.0,5.0,AWD,Gas,54995.0,1995.0,56990.0,,,,,,,42.6,37.2,,39.1,36.9,,no,22.8,37.4,,,3.5,550.0,531.0,4.2,,2.0,3,36000,5,60000,,https://www.edmunds.com/dodge/charger/2027/trims/,,,,
Dodge,Charger,Scat Pack,2027,yes,Sedan,4.0,5.0,AWD,Gas,54995.0,1995.0,56990.0,,,,,,,42.6,37.2,,39.1,36.9,,no,22.8,37.4,,,3.5,550.0,531.0,4.2,,2.0,3,36000,5,60000,,https://www.edmunds.com/dodge/charger/2027/trims/,,,,
Dodge,Charger,Scat Pack Plus,2027,yes,Coupe,2.0,5.0,AWD,Gas,59990.0,1995.0,61985.0,,,,,,,42.6,37.2,,39.1,36.9,,no,22.8,37.4,,,3.5,550.0,531.0,,,2.0,3,36000,5,60000,,https://www.edmunds.com/dodge/charger/2027/trims/,,,,
Dodge,Charger,Scat Pack Plus,2027,yes,Sedan,4.0,5.0,AWD,Gas,59990.0,1995.0,61985.0,,,,,,,42.6,37.2,,39.1,36.9,,no,22.8,37.4,,,3.5,550.0,531.0,,,2.0,3,36000,5,60000,,https://www.edmunds.com/dodge/charger/2027/trims/,,,,
Dodge,Charger,Super Bee Launch Edition,2027,yes,Coupe,2.0,5.0,AWD,Gas,,1995.0,,,,,,,,42.6,37.2,,39.1,36.9,,no,22.8,37.4,,,3.5,600.0,,,,2.0,3,36000,5,60000,,https://www.edmunds.com/dodge/charger/2027/trims/,,,,
Dodge,Charger,Daytona Scat Pack,2027,yes,Coupe,2.0,5.0,AWD,EV,72495.0,1995.0,74490.0,93.0,79.0,86.0,267.0,,,42.6,37.2,,39.1,36.9,,no,22.8,37.4,,,3.5,670.0,627.0,3.3,,1.0,3,36000,5,60000,,https://www.edmunds.com/dodge/charger/2027/trims/,,,,
Dodge,Charger,Daytona Scat Pack,2027,yes,Sedan,4.0,5.0,AWD,EV,72495.0,1995.0,74490.0,93.0,79.0,86.0,267.0,,,42.6,37.2,,39.1,36.9,,no,22.8,37.4,,,3.5,670.0,627.0,3.3,,1.0,3,36000,5,60000,,https://www.edmunds.com/dodge/charger/2027/trims/,,,,
Dodge,Charger,Daytona Scat Pack Plus,2027,yes,Coupe,2.0,5.0,AWD,EV,77490.0,1995.0,79485.0,93.0,79.0,86.0,267.0,,,42.6,37.2,,39.1,36.9,,no,22.8,37.4,,,3.5,670.0,627.0,3.3,,2.0,3,36000,5,60000,,https://www.edmunds.com/dodge/charger/2027/trims/,,,,
Dodge,Charger,Daytona Scat Pack Plus,2027,yes,Sedan,4.0,5.0,AWD,EV,77490.0,1995.0,79485.0,93.0,79.0,86.0,267.0,,,42.6,37.2,,39.1,36.9,,no,22.8,37.4,,,3.5,670.0,627.0,3.3,,2.0,3,36000,5,60000,,https://www.edmunds.com/dodge/charger/2027/trims/,,,,
Dodge,Durango,GT HEMI,2027,no,SUV,4.0,7.0,AWD,Gas,45670.0,1995.0,47665.0,,,16.0,,4.0,,40.3,38.6,33.5,39.9,39.8,38.0,yes,17.2,85.1,7200.0,,3.5,360.0,390.0,,,0.0,3,36000,5,60000,,https://www.edmunds.com/dodge/durango/2027/trims/,NHTSA,24.6,,
Dodge,Durango,GT HEMI Plus,2027,no,SUV,4.0,7.0,AWD,Gas,49270.0,1995.0,51265.0,,,16.0,,4.0,,40.3,38.6,33.5,39.9,39.8,38.0,yes,17.2,85.1,7200.0,,3.5,360.0,390.0,,,1.0,3,36000,5,60000,,https://www.edmunds.com/dodge/durango/2027/trims/,NHTSA,24.6,,
Dodge,Durango,GT HEMI Premium,2027,no,SUV,4.0,7.0,AWD,Gas,52270.0,1995.0,54265.0,,,16.0,,4.0,,40.3,38.6,33.5,39.9,39.8,38.0,yes,17.2,85.1,7200.0,,3.5,360.0,390.0,,,2.0,3,36000,5,60000,,https://www.edmunds.com/dodge/durango/2027/trims/,NHTSA,24.6,,
Dodge,Durango,R/T 392,2027,yes,SUV,4.0,7.0,AWD,Gas,52990.0,1995.0,54985.0,,,,,4.0,,40.3,38.6,33.5,39.9,39.8,38.0,yes,17.2,85.1,8700.0,,3.5,475.0,,,,1.0,3,36000,5,60000,,https://www.edmunds.com/dodge/durango/2027/trims/,NHTSA,24.6,,
Dodge,Durango,R/T 392 Plus,2027,yes,SUV,4.0,7.0,AWD,Gas,56590.0,1995.0,58585.0,,,,,4.0,,40.3,38.6,33.5,39.9,39.8,38.0,yes,17.2,85.1,8700.0,,3.5,475.0,,,,2.0,3,36000,5,60000,,https://www.edmunds.com/dodge/durango/2027/trims/,NHTSA,24.6,,
Dodge,Durango,R/T 392 Premium,2027,yes,SUV,4.0,7.0,AWD,Gas,59590.0,1995.0,61585.0,,,,,4.0,,40.3,38.6,33.5,39.9,39.8,38.0,yes,17.2,85.1,8700.0,,3.5,475.0,,,,3.0,3,36000,5,60000,,https://www.edmunds.com/dodge/durango/2027/trims/,NHTSA,24.6,,
Dodge,Durango,SRT Hellcat,2027,yes,SUV,4.0,5.0,AWD,Gas,82490.0,1995.0,84485.0,12.0,17.0,13.0,,4.0,,40.3,38.6,,39.9,39.8,,no,17.2,85.1,,,3.5,710.0,645.0,3.5,,1.0,3,36000,5,60000,,https://www.edmunds.com/dodge/durango/2027/trims/,NHTSA,24.6,,
Dodge,Durango,SRT Hellcat Jailbreak,2027,yes,SUV,4.0,5.0,AWD,Gas,83485.0,1995.0,85480.0,12.0,17.0,13.0,,4.0,,40.3,38.6,,39.9,39.8,,no,17.2,85.1,,,3.5,710.0,645.0,3.5,,2.0,3,36000,5,60000,,https://www.edmunds.com/dodge/durango/2027/trims/,NHTSA,24.6,,
BMW,2 Series Gran Coupe,228,2027,no,Sedan,4.0,5.0,RWD,Gas,40000.0,,40000.0,26.0,38.0,30.0,,,,,,,,,,no,12.0,12.0,,,"2.5/5.0 (RepairPal, brand-level only, ranks 30th of 32 brands)",241.0,295.0,5.8,,45.0,4,50000,4,50000,,https://www.edmunds.com/bmw/2-series-gran-coupe/2027/,NHTSA,,,
BMW,2 Series Gran Coupe,228 xDrive,2027,no,Sedan,4.0,5.0,AWD,Gas,42000.0,,42000.0,26.0,38.0,30.0,,,,,,,,,,no,12.0,12.0,,,"2.5/5.0 (RepairPal, brand-level only, ranks 30th of 32 brands)",241.0,295.0,5.8,,48.0,4,50000,4,50000,,https://www.edmunds.com/bmw/2-series-gran-coupe/2027/,NHTSA,,,
BMW,2 Series Gran Coupe,M235 xDrive,2027,yes,Sedan,4.0,5.0,AWD,Gas,50000.0,,50000.0,,,,,,,,,,,,,no,12.0,12.0,,,"2.5/5.0 (RepairPal, brand-level only, ranks 30th of 32 brands)",,,,,58.0,4,50000,4,50000,,https://www.edmunds.com/bmw/2-series-gran-coupe/2027/,NHTSA,,,
BMW,4 Series,430i,2027,no,Coupe,2.0,4.0,RWD,Gas,53300.0,,53300.0,27.0,35.0,30.0,,,,41.8,32.5,,40.6,36.1,,no,10.6,10.6,,,"2.5/5.0 (RepairPal, brand-level only, ranks 30th of 32 brands)",255.0,295.0,6.0,,48.0,4,50000,4,50000,,https://www.edmunds.com/bmw/4-series/2027/features-specs/,NHTSA,,,
BMW,4 Series,430i xDrive,2027,no,Coupe,2.0,4.0,AWD,Gas,55300.0,,55300.0,27.0,35.0,30.0,,,,41.8,32.5,,40.6,36.1,,no,10.6,10.6,,,"2.5/5.0 (RepairPal, brand-level only, ranks 30th of 32 brands)",255.0,295.0,6.0,,50.0,4,50000,4,50000,,https://www.edmunds.com/bmw/4-series/2027/features-specs/,NHTSA,,,
BMW,4 Series,M440i,2027,yes,Coupe,2.0,4.0,RWD,Gas,67100.0,,67100.0,27.0,35.0,30.0,,,,41.8,32.5,,40.6,36.1,,no,10.6,10.6,,,"2.5/5.0 (RepairPal, brand-level only, ranks 30th of 32 brands)",386.0,398.0,4.3,,62.0,4,50000,4,50000,,https://www.edmunds.com/bmw/4-series/2027/features-specs/,NHTSA,,,
BMW,4 Series,M440i xDrive,2027,yes,Coupe,2.0,4.0,AWD,Gas,69100.0,,69100.0,27.0,35.0,30.0,,,,41.8,32.5,,40.6,36.1,,no,10.6,10.6,,,"2.5/5.0 (RepairPal, brand-level only, ranks 30th of 32 brands)",386.0,398.0,4.3,,64.0,4,50000,4,50000,,https://www.edmunds.com/bmw/4-series/2027/features-specs/,NHTSA,,,
BMW,4 Series Convertible,430i Convertible,2027,no,Convertible,2.0,4.0,RWD,Gas,61300.0,,61300.0,,,,,,,,,,,,,no,,,,,"2.5/5.0 (RepairPal, brand-level only, ranks 30th of 32 brands)",255.0,295.0,6.0,,48.0,4,50000,4,50000,,https://www.bmwusa.com/vehicles/4-series/convertible.html,NHTSA,,,
BMW,4 Series Convertible,430i xDrive Convertible,2027,no,Convertible,2.0,4.0,AWD,Gas,63300.0,,63300.0,,,,,,,,,,,,,no,,,,,"2.5/5.0 (RepairPal, brand-level only, ranks 30th of 32 brands)",255.0,295.0,5.9,,50.0,4,50000,4,50000,,https://www.bmwusa.com/vehicles/4-series/convertible.html,NHTSA,,,
BMW,4 Series Convertible,M440i Convertible,2027,yes,Convertible,2.0,4.0,RWD,Gas,75200.0,,75200.0,,,,,,,,,,,,,no,,,,,"2.5/5.0 (RepairPal, brand-level only, ranks 30th of 32 brands)",386.0,398.0,5.0,,62.0,4,50000,4,50000,,https://www.bmwusa.com/vehicles/4-series/convertible.html,NHTSA,,,
BMW,4 Series Convertible,M440i xDrive Convertible,2027,yes,Convertible,2.0,4.0,AWD,Gas,77200.0,,77200.0,,,,,,,,,,,,,no,,,,,"2.5/5.0 (RepairPal, brand-level only, ranks 30th of 32 brands)",386.0,398.0,4.6,,64.0,4,50000,4,50000,,https://www.bmwusa.com/vehicles/4-series/convertible.html,NHTSA,,,
BMW,4 Series Gran Coupe,430i,2027,no,Sedan,4.0,5.0,RWD,Gas,51200.0,,51200.0,25.0,31.0,27.0,,,,41.5,34.9,,38.6,36.6,,no,16.6,16.6,,,"2.5/5.0 (RepairPal, brand-level only, ranks 30th of 32 brands)",255.0,295.0,,,48.0,4,50000,4,50000,,https://www.edmunds.com/bmw/4-series-gran-coupe/2027/features-specs/,NHTSA,,,
BMW,4 Series Gran Coupe,430i xDrive,2027,no,Sedan,4.0,5.0,AWD,Gas,53200.0,,53200.0,25.0,31.0,27.0,,,,41.5,34.9,,38.6,36.6,,no,16.6,16.6,,,"2.5/5.0 (RepairPal, brand-level only, ranks 30th of 32 brands)",255.0,295.0,,,50.0,4,50000,4,50000,,https://www.edmunds.com/bmw/4-series-gran-coupe/2027/features-specs/,NHTSA,,,
BMW,4 Series Gran Coupe,M440i,2027,yes,Sedan,4.0,5.0,RWD,Gas,65100.0,,65100.0,25.0,31.0,27.0,,,,41.5,34.9,,38.6,36.6,,no,16.6,16.6,,,"2.5/5.0 (RepairPal, brand-level only, ranks 30th of 32 brands)",386.0,398.0,4.3,,62.0,4,50000,4,50000,,https://www.edmunds.com/bmw/4-series-gran-coupe/2027/features-specs/,NHTSA,,,
BMW,4 Series Gran Coupe,M440i xDrive,2027,yes,Sedan,4.0,5.0,AWD,Gas,67100.0,,67100.0,25.0,31.0,27.0,,,,41.5,34.9,,38.6,36.6,,no,16.6,16.6,,,"2.5/5.0 (RepairPal, brand-level only, ranks 30th of 32 brands)",386.0,398.0,4.3,,64.0,4,50000,4,50000,,https://www.edmunds.com/bmw/4-series-gran-coupe/2027/features-specs/,NHTSA,,,
BMW,5 Series,530i,2027,no,Sedan,4.0,5.0,RWD,Gas,60500.0,,60500.0,,,31.0,493.0,,,41.3,37.0,,38.8,37.5,,no,18.4,18.4,,,"2.5/5.0 (RepairPal, brand-level only, ranks 30th of 32 brands)",255.0,295.0,5.9,,52.0,4,50000,4,50000,,https://www.edmunds.com/bmw/5-series/2027/features-specs/,NHTSA,15.9,,
BMW,5 Series,530i xDrive,2027,no,Sedan,4.0,5.0,AWD,Gas,62800.0,,62800.0,,,31.0,493.0,,,41.3,37.0,,38.8,37.5,,no,18.4,18.4,,,"2.5/5.0 (RepairPal, brand-level only, ranks 30th of 32 brands)",255.0,295.0,5.8,,54.0,4,50000,4,50000,,https://www.edmunds.com/bmw/5-series/2027/features-specs/,NHTSA,15.9,,
BMW,5 Series,540i xDrive,2027,no,Sedan,4.0,5.0,AWD,Gas,67700.0,,67700.0,26.0,32.0,28.0,445.0,,,41.3,37.0,,38.8,37.5,,no,18.4,18.4,,,"2.5/5.0 (RepairPal, brand-level only, ranks 30th of 32 brands)",375.0,398.0,4.4,,60.0,4,50000,4,50000,,https://www.edmunds.com/bmw/5-series/2027/features-specs/,NHTSA,15.9,,
BMW,5 Series,550e xDrive,2027,no,Sedan,4.0,5.0,AWD,PHEV,75500.0,,75500.0,,,,33.0,,,41.3,37.0,,38.8,37.5,,no,18.4,18.4,,,"2.5/5.0 (RepairPal, brand-level only, ranks 30th of 32 brands)",483.0,516.0,4.1,,68.0,4,50000,4,50000,,https://www.edmunds.com/bmw/5-series/2027/features-specs/,NHTSA,15.9,,
BMW,7 Series,740,2027,no,Sedan,4.0,5.0,RWD,Gas,101350.0,,101350.0,24.0,31.0,27.0,526.0,,,41.2,43.3,,39.8,38.6,,no,19.1,19.1,,,"2.5/5.0 (RepairPal, brand-level only, ranks 30th of 32 brands)",394.0,428.0,,,72.0,4,50000,4,50000,,https://www.edmunds.com/bmw/7-series/2027/features-specs/,NHTSA,19.5,,
BMW,7 Series,740 xDrive,2027,no,Sedan,4.0,5.0,AWD,Gas,102800.0,,102800.0,24.0,31.0,27.0,526.0,,,41.2,43.3,,39.8,38.6,,no,19.1,19.1,,,"2.5/5.0 (RepairPal, brand-level only, ranks 30th of 32 brands)",394.0,428.0,4.9,,74.0,4,50000,4,50000,,https://www.edmunds.com/bmw/7-series/2027/features-specs/,NHTSA,19.5,,
BMW,M3,Base,2027,yes,Sedan,4.0,5.0,RWD,Gas,79300.0,,79300.0,,,,,,,,,,,,,no,16.9,16.9,,,"2.0/5.0 (RepairPal, model-level, rank 29 of 31 luxury midsize cars)",,,,,65.0,4,50000,4,50000,,https://www.edmunds.com/bmw/m3/2027/,NHTSA,,,
BMW,M3,Competition,2027,yes,Sedan,4.0,5.0,RWD,Gas,83500.0,,83500.0,,,19.0,,,,,,,,,,no,16.9,16.9,,,"2.0/5.0 (RepairPal, model-level, rank 29 of 31 luxury midsize cars)",523.0,479.0,,,70.0,4,50000,4,50000,,https://www.edmunds.com/bmw/m3/2027/,NHTSA,,,
BMW,M3,Competition xDrive,2027,yes,Sedan,4.0,5.0,AWD,Gas,88600.0,,88600.0,16.0,23.0,19.0,,,,41.6,35.6,,40.6,37.8,,no,16.9,16.9,,,"2.0/5.0 (RepairPal, model-level, rank 29 of 31 luxury midsize cars)",523.0,479.0,3.2,,72.0,4,50000,4,50000,,https://www.edmunds.com/bmw/m3/2027/,NHTSA,,,
BMW,M3,CS Handschalter,2027,yes,Sedan,4.0,5.0,RWD,Gas,,,,,,,,,,,,,,,,no,,,,,"2.0/5.0 (RepairPal, model-level, rank 29 of 31 luxury midsize cars)",,,,,68.0,4,50000,4,50000,,https://www.edmunds.com/bmw/m3/2027/,NHTSA,,,
BMW,M4,Base,2027,yes,Coupe,2.0,4.0,RWD,Gas,82200.0,,82200.0,,,,,,,41.8,32.5,,40.6,36.1,,no,10.6,10.6,,,"2.5/5.0 (RepairPal, brand-level only, ranks 30th of 32 brands)",473.0,,4.1,,66.0,4,50000,4,50000,,https://www.bmwusa.com/vehicles/m-models/m4-coupe.html,NHTSA,,,
BMW,M4,Competition,2027,yes,Coupe,2.0,4.0,RWD,Gas,86600.0,,86600.0,,,,,,,41.8,32.5,,40.6,36.1,,no,10.6,10.6,,,"2.5/5.0 (RepairPal, brand-level only, ranks 30th of 32 brands)",503.0,,3.8,,70.0,4,50000,4,50000,,https://www.bmwusa.com/vehicles/m-models/m4-coupe.html,NHTSA,,,
BMW,M4,Competition xDrive,2027,yes,Coupe,2.0,4.0,AWD,Gas,91700.0,,91700.0,,,,,,,41.8,32.5,,40.6,36.1,,no,10.6,10.6,,,"2.5/5.0 (RepairPal, brand-level only, ranks 30th of 32 brands)",523.0,479.0,3.4,,72.0,4,50000,4,50000,,https://www.bmwusa.com/vehicles/m-models/m4-coupe.html,NHTSA,,,
BMW,M4 Convertible,Competition xDrive,2027,yes,Convertible,2.0,4.0,AWD,Gas,98600.0,,98600.0,,,,,,,,,,,,,no,,,,,"2.5/5.0 (RepairPal, brand-level only, ranks 30th of 32 brands)",523.0,479.0,,,72.0,4,50000,4,50000,,https://www.edmunds.com/bmw/m4/2027/features-specs/,NHTSA,,,
BMW,M5,Base,2027,yes,Sedan,4.0,5.0,AWD,PHEV,,,,,,14.0,25.0,,,,,,,,,no,,,,,"2.5/5.0 (RepairPal, brand-level only, ranks 30th of 32 brands)",717.0,738.0,3.4,,78.0,4,50000,4,50000,,https://www.edmunds.com/bmw/m5/2027/,NHTSA,,,
BMW,M5 Touring,Base,2027,yes,Wagon,5.0,5.0,AWD,PHEV,,,,,,13.0,24.0,,,,,,,,,no,,,,,"2.5/5.0 (RepairPal, brand-level only, ranks 30th of 32 brands)",717.0,738.0,,,78.0,4,50000,4,50000,,https://www.edmunds.com/bmw/m5/2027/,NHTSA,,,
BMW,X1,xDrive28i,2027,no,SUV,4.0,5.0,AWD,Gas,43200.0,,43200.0,25.0,34.0,28.0,400.0,,,40.4,37.0,,42.1,39.3,,no,25.7,57.2,,,"3.5/5.0 (RepairPal, model-level, rank 6 of 11 luxury compact SUVs)",241.0,295.0,6.2,,55.0,4,50000,4,50000,,https://www.edmunds.com/bmw/x1/2027/features-specs/,NHTSA,14.3,,
BMW,X1,M35i,2027,yes,SUV,4.0,5.0,AWD,Gas,,,,,,,,,,,,,,,,no,,,,,"3.5/5.0 (RepairPal, model-level, rank 6 of 11 luxury compact SUVs)",312.0,,5.2,,64.0,4,50000,4,50000,,https://www.bmwusa.com/vehicles/x-models/x1.html,NHTSA,,,
BMW,X2,xDrive28i,2027,no,SUV,4.0,5.0,AWD,Gas,44700.0,,44700.0,,,,,,,,,,,,,no,25.3,51.7,,,"2.5/5.0 (RepairPal, brand-level only, ranks 30th of 32 brands)",241.0,295.0,6.2,,55.0,4,50000,4,50000,,https://www.bmwusa.com/vehicles/x-models/x2.html,NHTSA,,,
BMW,X2,M35i,2027,yes,SUV,4.0,5.0,AWD,Gas,,,,,,,,,,,,,,,,no,,,,,"2.5/5.0 (RepairPal, brand-level only, ranks 30th of 32 brands)",312.0,,,,64.0,4,50000,4,50000,,https://www.bmwusa.com/vehicles/x-models/x2.html,NHTSA,,,
BMW,X6,xDrive40i,2027,no,SUV,4.0,5.0,AWD,Gas,77300.0,,77300.0,21.0,26.0,23.0,504.0,,,40.4,35.7,,39.3,37.5,,no,27.4,59.6,,,"2.0/5.0 (RepairPal, model-level, rank 16 of 19 luxury fullsize SUVs)",375.0,398.0,5.2,,62.0,4,50000,4,50000,,https://www.edmunds.com/bmw/x6/2027/features-specs/,NHTSA,21.9,,
BMW,X6,M60i,2027,yes,SUV,4.0,5.0,AWD,Gas,98000.0,,98000.0,,,,,,,40.4,35.7,,39.3,37.5,,no,27.4,59.6,,,"2.0/5.0 (RepairPal, model-level, rank 16 of 19 luxury fullsize SUVs)",523.0,553.0,,,70.0,4,50000,4,50000,,https://www.edmunds.com/bmw/x6/2027/features-specs/,NHTSA,21.9,,
BMW,X6 M,Competition,2027,yes,SUV,4.0,5.0,AWD,Gas,136100.0,,136100.0,13.0,18.0,15.0,328.0,,,40.4,35.7,,39.3,37.5,,no,27.4,59.6,,,"2.0/5.0 (RepairPal, model-level, rank 16 of 19 luxury fullsize SUVs)",617.0,553.0,,,74.0,4,50000,4,50000,,https://www.edmunds.com/bmw/x6-m/2027/features-specs/,NHTSA,21.9,,
BMW,X7,xDrive40i,2027,no,SUV,4.0,7.0,AWD,Gas,87500.0,,87500.0,21.0,25.0,22.0,482.0,,,39.8,37.6,,41.9,39.9,,yes,,90.4,,,"2.5/5.0 (RepairPal, brand-level only, ranks 30th of 32 brands)",375.0,398.0,5.6,,68.0,4,50000,4,50000,,https://www.edmunds.com/bmw/x7/2027/features-specs/,NHTSA,21.9,,
BMW,X7,M60i,2027,yes,SUV,4.0,7.0,AWD,Gas,115000.0,,115000.0,,,19.0,416.0,,,39.8,37.6,,41.9,39.9,,yes,,90.4,,,"2.5/5.0 (RepairPal, brand-level only, ranks 30th of 32 brands)",523.0,553.0,,,74.0,4,50000,4,50000,,https://www.edmunds.com/bmw/x7/2027/features-specs/,NHTSA,21.9,,
BMW,i5,eDrive40,2027,no,Sedan,4.0,5.0,RWD,EV,67100.0,,67100.0,120.0,113.0,116.0,328.0,,,41.3,36.5,,38.8,37.5,,no,17.3,17.3,,,"2.5/5.0 (RepairPal, brand-level only, ranks 30th of 32 brands)",335.0,295.0,5.7,,72.0,4,50000,4,50000,,https://www.edmunds.com/bmw/i5/2027/features-specs/,NHTSA,,,
BMW,i5,xDrive40,2027,no,Sedan,4.0,5.0,AWD,EV,70100.0,,70100.0,,,,,,,41.3,36.5,,38.8,37.5,,no,17.3,17.3,,,"2.5/5.0 (RepairPal, brand-level only, ranks 30th of 32 brands)",389.0,,5.0,,74.0,4,50000,4,50000,,https://www.edmunds.com/bmw/i5/2027/features-specs/,NHTSA,,,
BMW,i5,M60,2027,yes,Sedan,4.0,5.0,AWD,EV,100165.0,,100165.0,,,,,,,41.3,36.5,,38.8,37.5,,no,17.3,17.3,,,"2.5/5.0 (RepairPal, brand-level only, ranks 30th of 32 brands)",593.0,,,,78.0,4,50000,4,50000,,https://www.edmunds.com/bmw/i5/2027/features-specs/,NHTSA,,,
BMW,i7,50 xDrive,2027,no,Sedan,4.0,5.0,AWD,EV,106200.0,,106200.0,84.0,90.0,,,,,41.2,42.8,,39.8,38.6,,no,17.7,17.7,,,"2.5/5.0 (RepairPal, brand-level only, ranks 30th of 32 brands)",449.0,487.0,5.3,,82.0,4,50000,4,50000,,https://www.edmunds.com/bmw/i7/2027/features-specs/,NHTSA,,,
BMW,i7,60 xDrive,2027,no,Sedan,4.0,5.0,AWD,EV,124700.0,,124700.0,,,,,,,41.2,42.8,,39.8,38.6,,no,17.7,17.7,,,"2.5/5.0 (RepairPal, brand-level only, ranks 30th of 32 brands)",,,,,85.0,4,50000,4,50000,,https://www.edmunds.com/bmw/i7/2027/features-specs/,NHTSA,,,
BMW,iX3,50 xDrive,2027,no,SUV,4.0,5.0,AWD,EV,61500.0,,61500.0,107.0,97.0,102.0,383.0,,,,,,,,,no,30.4,67.0,,,"2.5/5.0 (RepairPal, brand-level only, ranks 30th of 32 brands)",463.0,476.0,4.7,,80.0,4,50000,4,50000,,https://www.edmunds.com/bmw/ix3/2027/features-specs/,NHTSA,,,
MINI,Countryman,S ALL4 Oxford Edition,2027,no,SUV,4.0,5.0,AWD,Gas,34900.0,,34900.0,,,27.0,386.0,,,40.4,37.0,,40.7,37.8,,no,25.0,56.2,,,"3.0/5.0 (RepairPal, brand-level only, ranks 25th of 32 brands)",241.0,295.0,6.2,,50.0,4,50000,4,50000,,https://www.edmunds.com/mini/countryman/2027/features-specs/,NHTSA,14.3,,
MINI,Countryman,S ALL4 Signature Plus,2027,no,SUV,4.0,5.0,AWD,Gas,38900.0,,38900.0,,,27.0,386.0,,,40.4,37.0,,40.7,37.8,,no,25.0,56.2,,,"3.0/5.0 (RepairPal, brand-level only, ranks 25th of 32 brands)",241.0,295.0,6.2,,54.0,4,50000,4,50000,,https://www.edmunds.com/mini/countryman/2027/features-specs/,NHTSA,14.3,,
MINI,Countryman,S ALL4 Iconic,2027,no,SUV,4.0,5.0,AWD,Gas,42300.0,,42300.0,,,27.0,386.0,,,40.4,37.0,,40.7,37.8,,no,25.0,56.2,,,"3.0/5.0 (RepairPal, brand-level only, ranks 25th of 32 brands)",241.0,295.0,6.2,,58.0,4,50000,4,50000,,https://www.edmunds.com/mini/countryman/2027/features-specs/,NHTSA,14.3,,
MINI,Countryman,SE ALL4 Signature Plus,2027,no,SUV,4.0,5.0,AWD,EV,45200.0,,45200.0,,,,,,,40.4,37.0,,40.7,37.8,,no,25.0,56.2,,,"3.0/5.0 (RepairPal, brand-level only, ranks 25th of 32 brands)",,,,,62.0,4,50000,4,50000,,https://www.edmunds.com/mini/countryman/2027/features-specs/,NHTSA,,,
MINI,Countryman,SE ALL4 Iconic,2027,no,SUV,4.0,5.0,AWD,EV,48600.0,,48600.0,,,,,,,40.4,37.0,,40.7,37.8,,no,25.0,56.2,,,"3.0/5.0 (RepairPal, brand-level only, ranks 25th of 32 brands)",,,,,65.0,4,50000,4,50000,,https://www.edmunds.com/mini/countryman/2027/features-specs/,NHTSA,,,
MINI,Countryman,JCW ALL4 Signature Plus,2027,yes,SUV,4.0,5.0,AWD,Gas,46900.0,,46900.0,,,,,,,40.4,37.0,,40.7,37.8,,no,25.0,56.2,,,"3.0/5.0 (RepairPal, brand-level only, ranks 25th of 32 brands)",,,,,64.0,4,50000,4,50000,,https://www.edmunds.com/mini/countryman/2027/features-specs/,NHTSA,14.3,,
MINI,Countryman,JCW ALL4 Iconic,2027,yes,SUV,4.0,5.0,AWD,Gas,49400.0,,49400.0,,,,,,,40.4,37.0,,40.7,37.8,,no,25.0,56.2,,,"3.0/5.0 (RepairPal, brand-level only, ranks 25th of 32 brands)",,,,,67.0,4,50000,4,50000,,https://www.edmunds.com/mini/countryman/2027/features-specs/,NHTSA,14.3,,
Porsche,911,Carrera,2027,no,Coupe,2.0,4.0,RWD,Gas,135500.0,2350.0,137850.0,,,,,,,,,,,,,no,,,,,"2.0/5.0 (RepairPal, rank 25th of 31 luxury midsize cars)",388.0,331.0,3.9,183.0,58.0,4,50000,4,50000,,https://www.porsche.com/usa/models/911/carrera-models/911-carrera/,,,,
Porsche,911,Carrera S,2027,no,Coupe,2.0,4.0,RWD,Gas,156200.0,2350.0,158550.0,,,,,,,,,,,,,no,,,,,"2.0/5.0 (RepairPal, rank 25th of 31 luxury midsize cars)",473.0,390.0,3.3,191.0,60.0,4,50000,4,50000,,https://www.porsche.com/usa/models/911/carrera-models/911-carrera-s/,,,,
Porsche,911,Carrera 4S,2027,no,Coupe,2.0,4.0,AWD,Gas,164500.0,2350.0,166850.0,,,,,,,,,,,,,no,,,,,"2.0/5.0 (RepairPal, rank 25th of 31 luxury midsize cars)",473.0,390.0,3.3,191.0,61.0,4,50000,4,50000,,https://www.porsche.com/usa/models/911/carrera-models/911-carrera-4s/,,,,
Porsche,911,Carrera GTS,2027,yes,Coupe,2.0,4.0,RWD,Hybrid,181000.0,2350.0,183350.0,,,,,,,,,,,,,no,,,,,"2.0/5.0 (RepairPal, rank 25th of 31 luxury midsize cars)",532.0,449.0,2.9,194.0,66.0,4,50000,4,50000,,https://www.porsche.com/usa/models/911/carrera-models/911-carrera-gts/,,,,
Porsche,911,Carrera S (MT Package),2027,yes,Coupe,2.0,4.0,RWD,Gas,167100.0,2350.0,169450.0,,,,,,,,,,,,,no,,,,,"2.0/5.0 (RepairPal, rank 25th of 31 luxury midsize cars)",473.0,390.0,,,60.0,4,50000,4,50000,,https://newsroom.porsche.com/en_US/2026/products/three-pedals-six-speeds-endless-smiles-the-manual-911-carrera-s-returns-to-north-america.html,,,,
Porsche,911,Carrera S (MT Package),2027,yes,Convertible,2.0,4.0,RWD,Gas,181000.0,2350.0,183350.0,,,,,,,,,,,,,no,,,,,"2.0/5.0 (RepairPal, rank 25th of 31 luxury midsize cars)",473.0,390.0,,,60.0,4,50000,4,50000,,https://newsroom.porsche.com/en_US/2026/products/three-pedals-six-speeds-endless-smiles-the-manual-911-carrera-s-returns-to-north-america.html,,,,
Porsche,911,GT3 S/C,2027,yes,Convertible,2.0,2.0,RWD,Gas,273000.0,2350.0,275350.0,,,,,,,,,,,,,no,,,,,"2.0/5.0 (RepairPal, rank 25th of 31 luxury midsize cars)",502.0,331.0,3.7,194.0,68.0,4,50000,4,50000,,https://newsroom.porsche.com/en_US/2026/products/2027-porsche-911-gt3-sc.html,,,,
Porsche,Cayenne,Cayenne,2027,no,SUV,5.0,5.0,AWD,Gas,89900.0,2350.0,92250.0,,,,,,,,,,,,,no,,,,,"1.5/5.0 (RepairPal, rank 14th of 14 luxury midsize SUVs)",348.0,368.0,5.7,154.0,57.0,4,50000,4,50000,,https://www.porsche.com/usa/models/cayenne/cayenne-models/cayenne/,,,,
Porsche,Cayenne,Cayenne E-Hybrid,2027,no,SUV,5.0,5.0,AWD,PHEV,103100.0,2350.0,105450.0,,,,,,,,,,,,,no,,,,,"1.5/5.0 (RepairPal, rank 14th of 14 luxury midsize SUVs)",463.0,479.0,4.6,158.0,62.0,4,50000,4,50000,,https://www.porsche.com/usa/models/cayenne/cayenne-models/cayenne-e-hybrid/,,,,
Porsche,Cayenne,Cayenne S,2027,no,SUV,5.0,5.0,AWD,Gas,108300.0,2350.0,110650.0,,,,,,,,,,,,,no,,,,,"1.5/5.0 (RepairPal, rank 14th of 14 luxury midsize SUVs)",468.0,442.0,4.7,170.0,60.0,4,50000,4,50000,,https://www.porsche.com/usa/models/cayenne/cayenne-models/cayenne-s/,,,,
Porsche,Cayenne,Cayenne S E-Hybrid,2027,no,SUV,5.0,5.0,AWD,PHEV,111600.0,2350.0,113950.0,,,,,,,,,,,,,no,,,,,"1.5/5.0 (RepairPal, rank 14th of 14 luxury midsize SUVs)",512.0,553.0,4.4,163.0,64.0,4,50000,4,50000,,https://www.porsche.com/usa/models/cayenne/cayenne-models/cayenne-s-e-hybrid/,,,,
Porsche,Cayenne,Cayenne GTS,2027,yes,SUV,5.0,5.0,AWD,Gas,132400.0,2350.0,134750.0,,,,,,,,,,,,,no,,,,,"1.5/5.0 (RepairPal, rank 14th of 14 luxury midsize SUVs)",493.0,486.0,4.2,171.0,67.0,4,50000,4,50000,,https://www.porsche.com/usa/models/cayenne/cayenne-models/cayenne-gts/,,,,
Porsche,Cayenne,Cayenne Turbo E-Hybrid,2027,yes,SUV,5.0,5.0,AWD,PHEV,164500.0,2350.0,166850.0,,,,,,,,,,,,,no,,,,,"1.5/5.0 (RepairPal, rank 14th of 14 luxury midsize SUVs)",729.0,700.0,3.5,183.0,72.0,4,50000,4,50000,,https://www.porsche.com/usa/models/cayenne/cayenne-models/cayenne-turbo-e-hybrid/,,,,
Porsche,Cayenne,Cayenne Coupe,2027,no,SUV,5.0,5.0,AWD,Gas,95100.0,2350.0,97450.0,,,,,,,,,,,,,no,,,,,"1.5/5.0 (RepairPal, rank 14th of 14 luxury midsize SUVs)",348.0,368.0,5.4,154.0,57.0,4,50000,4,50000,,https://www.porsche.com/usa/models/cayenne/cayenne-coupe-models/cayenne-coupe/,,,,
Porsche,Cayenne,Cayenne E-Hybrid Coupe,2027,no,SUV,5.0,5.0,AWD,PHEV,107300.0,2350.0,109650.0,,,,,,,,,,,,,no,,,,,"1.5/5.0 (RepairPal, rank 14th of 14 luxury midsize SUVs)",463.0,479.0,4.6,158.0,62.0,4,50000,4,50000,,https://www.porsche.com/usa/models/cayenne/cayenne-coupe-models/cayenne-coupe-e-hybrid/,,,,
Porsche,Cayenne,Cayenne S Coupe,2027,no,SUV,5.0,5.0,AWD,Gas,114900.0,2350.0,117250.0,,,,,,,,,,,,,no,,,,,"1.5/5.0 (RepairPal, rank 14th of 14 luxury midsize SUVs)",468.0,442.0,4.4,170.0,60.0,4,50000,4,50000,,https://www.porsche.com/usa/models/cayenne/cayenne-coupe-models/cayenne-coupe-s/,,,,
Porsche,Cayenne,Cayenne S E-Hybrid Coupe,2027,no,SUV,5.0,5.0,AWD,PHEV,117100.0,2350.0,119450.0,,,,,,,,,,,,,no,,,,,"1.5/5.0 (RepairPal, rank 14th of 14 luxury midsize SUVs)",512.0,553.0,4.4,163.0,64.0,4,50000,4,50000,,https://www.porsche.com/usa/models/cayenne/cayenne-coupe-models/cayenne-coupe-s-e-hybrid/,,,,
Porsche,Cayenne,Cayenne GTS Coupe,2027,yes,SUV,5.0,5.0,AWD,Gas,137100.0,2350.0,139450.0,,,,,,,,,,,,,no,,,,,"1.5/5.0 (RepairPal, rank 14th of 14 luxury midsize SUVs)",493.0,486.0,4.2,171.0,67.0,4,50000,4,50000,,https://www.porsche.com/usa/models/cayenne/cayenne-coupe-models/cayenne-coupe-gts/,,,,
Porsche,Cayenne,Cayenne Turbo E-Hybrid Coupe,2027,yes,SUV,5.0,5.0,AWD,PHEV,169100.0,2350.0,171450.0,,,,,,,,,,,,,no,,,,,"1.5/5.0 (RepairPal, rank 14th of 14 luxury midsize SUVs)",729.0,700.0,3.5,183.0,72.0,4,50000,4,50000,,https://www.porsche.com/usa/models/cayenne/cayenne-coupe-models/cayenne-coupe-turbo-e-hybrid/,,,,
Porsche,Cayenne,Cayenne Turbo GT,2027,yes,SUV,5.0,5.0,AWD,Gas,214800.0,2350.0,217150.0,,,,,,,,,,,,,no,,,,,"1.5/5.0 (RepairPal, rank 14th of 14 luxury midsize SUVs)",650.0,626.0,3.1,190.0,75.0,4,50000,4,50000,,https://www.porsche.com/usa/models/cayenne/cayenne-coupe-models/cayenne-coupe-turbo-gt/,,,,
Porsche,Macan,Macan Electric,2027,no,SUV,5.0,5.0,RWD,Electric,80300.0,2350.0,82650.0,,,,,,,,,,,,,no,,,,,"2.0/5.0 (RepairPal, brand-level only, rank 32nd of 32 brands)",355.0,415.0,5.4,137.0,63.0,4,50000,4,50000,,https://www.porsche.com/usa/models/macan/macan-electric-models/macan-electric/,,,,
Porsche,Macan,Macan 4 Electric,2027,no,SUV,5.0,5.0,AWD,Electric,84000.0,2350.0,86350.0,,,,308.0,,,,,,,,,no,,,,,"2.0/5.0 (RepairPal, brand-level only, rank 32nd of 32 brands)",402.0,479.0,4.9,137.0,64.0,4,50000,4,50000,,https://www.porsche.com/usa/models/macan/macan-electric-models/macan-4-electric/,,,,
Porsche,Macan,Macan 4S Electric,2027,no,SUV,5.0,5.0,AWD,Electric,89900.0,2350.0,92250.0,,,,,,,,,,,,,no,,,,,"2.0/5.0 (RepairPal, brand-level only, rank 32nd of 32 brands)",509.0,604.0,3.9,149.0,66.0,4,50000,4,50000,,https://www.porsche.com/usa/models/macan/macan-electric-models/macan-4s-electric/,,,,
Porsche,Macan,Macan GTS Electric,2027,yes,SUV,5.0,5.0,AWD,Electric,105300.0,2350.0,107650.0,,,,,,,,,,,,,no,,,,,"2.0/5.0 (RepairPal, brand-level only, rank 32nd of 32 brands)",563.0,704.0,3.6,155.0,69.0,4,50000,4,50000,,https://www.porsche.com/usa/models/macan/macan-electric-models/macan-gts-electric/,,,,
Porsche,Macan,Macan Turbo Electric,2027,yes,SUV,5.0,5.0,AWD,Electric,112700.0,2350.0,115050.0,,,,288.0,,,,,,,,,no,,,,,"2.0/5.0 (RepairPal, brand-level only, rank 32nd of 32 brands)",630.0,833.0,3.1,162.0,72.0,4,50000,4,50000,,https://www.porsche.com/usa/models/macan/macan-electric-models/macan-turbo-electric/,,,,
Porsche,Panamera,Panamera,2027,no,Sedan,4.0,4.0,RWD,Gas,113000.0,2350.0,115350.0,,,,,,,,,,,,,no,,,,,"0.5/5.0 (RepairPal, rank 30th of 30 luxury fullsize cars)",348.0,368.0,5.0,169.0,58.0,4,50000,4,50000,,https://www.porsche.com/usa/models/panamera/panamera-models/panamera/,,,,
Porsche,Panamera,Panamera 4,2027,no,Sedan,4.0,4.0,AWD,Gas,120400.0,2350.0,122750.0,,,,,,,,,,,,,no,,,,,"0.5/5.0 (RepairPal, rank 30th of 30 luxury fullsize cars)",348.0,368.0,4.7,168.0,59.0,4,50000,4,50000,,https://www.porsche.com/usa/models/panamera/panamera-models/panamera-4/,,,,
Porsche,Panamera,Panamera 4 E-Hybrid,2027,no,Sedan,4.0,4.0,AWD,PHEV,127200.0,2350.0,129550.0,,,,,,,,,,,,,no,,,,,"0.5/5.0 (RepairPal, rank 30th of 30 luxury fullsize cars)",463.0,479.0,3.9,174.0,63.0,4,50000,4,50000,,https://www.porsche.com/usa/models/panamera/panamera-models/panamera-4-e-hybrid/,,,,
Porsche,Panamera,Panamera 4S E-Hybrid,2027,no,Sedan,4.0,4.0,AWD,PHEV,139100.0,2350.0,141450.0,,,,,,,,,,,,,no,,,,,"0.5/5.0 (RepairPal, rank 30th of 30 luxury fullsize cars)",536.0,553.0,3.5,180.0,65.0,4,50000,4,50000,,https://www.porsche.com/usa/models/panamera/panamera-models/panamera-4s-e-hybrid/,,,,
Porsche,Panamera,Panamera GTS,2027,yes,Sedan,4.0,4.0,AWD,Gas,166900.0,2350.0,169250.0,,,,,,,,,,,,,no,,,,,"0.5/5.0 (RepairPal, rank 30th of 30 luxury fullsize cars)",493.0,486.0,3.6,188.0,68.0,4,50000,4,50000,,https://www.porsche.com/usa/models/panamera/panamera-models/panamera-gts/,,,,
Porsche,Panamera,Panamera Turbo E-Hybrid,2027,yes,Sedan,4.0,4.0,AWD,PHEV,207900.0,2350.0,210250.0,,,,,,,,,,,,,no,,,,,"0.5/5.0 (RepairPal, rank 30th of 30 luxury fullsize cars)",670.0,685.0,3.0,196.0,73.0,4,50000,4,50000,,https://www.porsche.com/usa/models/panamera/panamera-models/panamera-turbo-e-hybrid/,,,,
Porsche,Panamera,Panamera Turbo S E-Hybrid,2027,yes,Sedan,4.0,4.0,AWD,PHEV,245200.0,2350.0,247550.0,,,,,,,,,,,,,no,,,,,"0.5/5.0 (RepairPal, rank 30th of 30 luxury fullsize cars)",771.0,737.0,2.8,202.0,78.0,4,50000,4,50000,,https://www.porsche.com/usa/models/panamera/panamera-models/panamera-turbo-s-e-hybrid/,,,,
Porsche,Taycan,Taycan,2027,no,Sedan,4.0,4.0,RWD,Electric,111900.0,2350.0,114250.0,,,,,,,,,,,,,no,,,,,"2.0/5.0 (RepairPal, brand-level only, rank 32nd of 32 brands)",402.0,302.0,4.5,143.0,70.0,4,50000,4,50000,,https://www.porsche.com/usa/models/taycan/taycan-models/taycan/,,,,
Porsche,Taycan,Taycan 4,2027,no,Sedan,4.0,4.0,AWD,Electric,116000.0,2350.0,118350.0,,,,,,,,,,,,,no,,,,,"2.0/5.0 (RepairPal, brand-level only, rank 32nd of 32 brands)",429.0,431.0,4.4,,71.0,4,50000,4,50000,,https://www.porsche.com/usa/models/taycan/taycan-models/taycan-4/,,,,
Porsche,Taycan,Taycan 4S,2027,no,Sedan,4.0,4.0,AWD,Electric,131800.0,2350.0,134150.0,,,,,,,,,,,,,no,,,,,"2.0/5.0 (RepairPal, brand-level only, rank 32nd of 32 brands)",536.0,512.0,3.5,155.0,73.0,4,50000,4,50000,,https://www.porsche.com/usa/models/taycan/taycan-models/taycan-4s/,,,,
Porsche,Taycan,Taycan GTS,2027,yes,Sedan,4.0,4.0,AWD,Electric,157000.0,2350.0,159350.0,,,,,,,,,,,,,no,,,,,"2.0/5.0 (RepairPal, brand-level only, rank 32nd of 32 brands)",690.0,582.0,3.1,155.0,76.0,4,50000,4,50000,,https://www.porsche.com/usa/models/taycan/taycan-models/taycan-gts/,,,,
Porsche,Taycan,Taycan Turbo,2027,yes,Sedan,4.0,4.0,AWD,Electric,184600.0,2350.0,186950.0,,,,,,,,,,,,,no,,,,,"2.0/5.0 (RepairPal, brand-level only, rank 32nd of 32 brands)",871.0,656.0,2.5,162.0,79.0,4,50000,4,50000,,https://www.porsche.com/usa/models/taycan/taycan-models/taycan-turbo/,,,,
Porsche,Taycan,Taycan Turbo S,2027,yes,Sedan,4.0,4.0,AWD,Electric,221400.0,2350.0,223750.0,,,,,,,,,,,,,no,,,,,"2.0/5.0 (RepairPal, brand-level only, rank 32nd of 32 brands)",938.0,818.0,2.3,162.0,82.0,4,50000,4,50000,,https://www.porsche.com/usa/models/taycan/taycan-models/taycan-turbo-s/,,,,
Porsche,Taycan,Taycan Turbo GT,2027,yes,Sedan,4.0,4.0,AWD,Electric,243700.0,2350.0,246050.0,,,,,,,,,,,,,no,,,,,"2.0/5.0 (RepairPal, brand-level only, rank 32nd of 32 brands)",1019.0,914.0,2.2,180.0,85.0,4,50000,4,50000,,https://www.porsche.com/usa/models/taycan/taycan-models/taycan-turbo-gt/,,,,
Mitsubishi,Outlander Sport,S,2027,no,SUV,4.0,5.0,FWD,Gas,26005.0,1745.0,27750.0,24.0,30.0,,,4.0,119.2,41.6,36.3,,39.4,37.9,,no,21.7,49.5,,,4.0,148.0,145.0,,,0.0,5,60000,10,100000,,https://www.edmunds.com/mitsubishi/outlander-sport/2027/,NHTSA,15.8,,
Mitsubishi,Outlander Sport,ES,2027,no,SUV,4.0,5.0,FWD,Gas,27105.0,1745.0,28850.0,24.0,30.0,,,4.0,119.2,41.6,36.3,,39.4,37.9,,no,21.7,49.5,,,4.0,148.0,145.0,,,0.0,5,60000,10,100000,,https://www.edmunds.com/mitsubishi/outlander-sport/2027/,NHTSA,15.8,,
Mitsubishi,Outlander Sport,ES,2027,no,SUV,4.0,5.0,AWD,Gas,29445.0,1745.0,31190.0,23.0,29.0,26.0,411.0,4.0,119.2,41.6,36.3,,39.4,37.9,,no,21.7,49.5,,,4.0,148.0,145.0,,,0.0,5,60000,10,100000,,https://www.edmunds.com/mitsubishi/outlander-sport/2027/,NHTSA,15.8,,
Mitsubishi,Outlander Sport,LE,2027,no,SUV,4.0,5.0,FWD,Gas,29500.0,1745.0,31245.0,24.0,30.0,,,4.0,119.2,41.6,36.3,,39.4,37.9,,no,21.7,49.5,,,4.0,148.0,145.0,,,0.0,5,60000,10,100000,,https://www.edmunds.com/mitsubishi/outlander-sport/2027/,NHTSA,15.8,,
Mitsubishi,Outlander Sport,LE,2027,no,SUV,4.0,5.0,AWD,Gas,30050.0,1745.0,31795.0,23.0,29.0,26.0,411.0,4.0,119.2,41.6,36.3,,39.4,37.9,,no,21.7,49.5,,,4.0,148.0,145.0,,,0.0,5,60000,10,100000,,https://www.edmunds.com/mitsubishi/outlander-sport/2027/,NHTSA,15.8,,
Land Rover,Defender,S,2027,no,SUV,2.0,5.0,4WD,Gasoline,61000.0,1950.0,62950.0,,,,,,,,,,,,,no,,,8200.0,,"2.5/5.0 (RepairPal brand-level fallback, no Defender model page; Land Rover ranks 31st of 32 all brands)",296.0,346.0,,,,4,50000,4,50000,,https://www.landroverusa.com/defender/defender/models-and-specifications.html,,23.8,,
Land Rover,Defender,Vertex (90),2027,no,SUV,2.0,5.0,4WD,Gasoline,88500.0,1950.0,90450.0,,,,,,,,,,,,,no,,,8200.0,,"2.5/5.0 (RepairPal brand-level fallback, no Defender model page; Land Rover ranks 31st of 32 all brands)",395.0,406.0,,,,4,50000,4,50000,,https://www.landroverusa.com/defender/defender/models-and-specifications.html,,23.8,,
Land Rover,Defender,S (110),2027,no,SUV,4.0,5.0,4WD,Gasoline,65000.0,1950.0,66950.0,,,,,,,39.1,38.4,,40.6,40.4,,no,34.0,,8200.0,,"2.5/5.0 (RepairPal brand-level fallback, no Defender model page; Land Rover ranks 31st of 32 all brands)",296.0,346.0,,,,4,50000,4,50000,,https://www.landroverusa.com/defender/defender/models-and-specifications.html,,23.8,,
Land Rover,Defender,X-Dynamic SE (110),2027,no,SUV,4.0,5.0,4WD,Gasoline,74400.0,1950.0,76350.0,,,,,,,39.1,38.4,,40.6,40.4,,no,34.0,,8200.0,,"2.5/5.0 (RepairPal brand-level fallback, no Defender model page; Land Rover ranks 31st of 32 all brands)",395.0,406.0,,,,4,50000,4,50000,,https://www.landroverusa.com/defender/defender/models-and-specifications.html,,23.8,,
Land Rover,Defender,X (110),2027,no,SUV,4.0,5.0,4WD,Gasoline,96000.0,1950.0,97950.0,,,,,,,39.1,38.4,,40.6,40.4,,no,34.0,,8200.0,,"2.5/5.0 (RepairPal brand-level fallback, no Defender model page; Land Rover ranks 31st of 32 all brands)",395.0,406.0,,,,4,50000,4,50000,,https://www.landroverusa.com/defender/defender/models-and-specifications.html,,23.8,,
Land Rover,Defender,Vertex (110),2027,no,SUV,4.0,5.0,4WD,Gasoline,96000.0,1950.0,97950.0,,,,,,,39.1,38.4,,40.6,40.4,,no,34.0,,8200.0,,"2.5/5.0 (RepairPal brand-level fallback, no Defender model page; Land Rover ranks 31st of 32 all brands)",395.0,406.0,,,,4,50000,4,50000,,https://www.landroverusa.com/defender/defender/models-and-specifications.html,,23.8,,
Land Rover,Defender,Trophy Edition (110),2027,no,SUV,4.0,5.0,4WD,Gasoline,87400.0,1950.0,89350.0,,,,,,,39.1,38.4,,40.6,40.4,,no,34.0,,8200.0,,"2.5/5.0 (RepairPal brand-level fallback, no Defender model page; Land Rover ranks 31st of 32 all brands)",395.0,406.0,,,,4,50000,4,50000,,https://www.landroverusa.com/defender/defender/models-and-specifications.html,,23.8,,
Land Rover,Defender,S (130),2027,no,SUV,4.0,8.0,4WD,Gasoline,74000.0,1950.0,75950.0,,,,,,,,,,,,,yes,,,8200.0,,"2.5/5.0 (RepairPal brand-level fallback, no Defender model page; Land Rover ranks 31st of 32 all brands)",296.0,346.0,,,,4,50000,4,50000,,https://www.landroverusa.com/defender/defender/models-and-specifications.html,,23.8,,
Land Rover,Defender,X-Dynamic SE (130),2027,no,SUV,4.0,8.0,4WD,Gasoline,83600.0,1950.0,85550.0,,,,,,,,,,,,,yes,,,8200.0,,"2.5/5.0 (RepairPal brand-level fallback, no Defender model page; Land Rover ranks 31st of 32 all brands)",395.0,406.0,,,,4,50000,4,50000,,https://www.landroverusa.com/defender/defender/models-and-specifications.html,,23.8,,
Land Rover,Defender,Vertex (130),2027,no,SUV,4.0,8.0,4WD,Gasoline,105000.0,1950.0,106950.0,,,,,,,,,,,,,yes,,,8200.0,,"2.5/5.0 (RepairPal brand-level fallback, no Defender model page; Land Rover ranks 31st of 32 all brands)",395.0,406.0,,,,4,50000,4,50000,,https://www.landroverusa.com/defender/defender/models-and-specifications.html,,23.8,,
Land Rover,Defender,Outbound (130),2027,no,SUV,4.0,5.0,4WD,Gasoline,86400.0,1950.0,88350.0,,,,,,,,,,,,,no,,,8200.0,,"2.5/5.0 (RepairPal brand-level fallback, no Defender model page; Land Rover ranks 31st of 32 all brands)",395.0,406.0,,,,4,50000,4,50000,,https://www.landroverusa.com/defender/defender/models-and-specifications.html,,23.8,,
Land Rover,Defender,OCTA,2027,yes,SUV,4.0,5.0,4WD,Gasoline,158800.0,1950.0,160750.0,,,,,,,,,,,,,no,,,8200.0,,"2.5/5.0 (RepairPal brand-level fallback, no Defender model page; Land Rover ranks 31st of 32 all brands)",626.0,553.0,3.8,,,4,50000,4,50000,,https://www.landroverusa.com/defender/defender/models-and-specifications.html,,23.8,,
Land Rover,Discovery,S,2027,no,SUV,4.0,7.0,4WD,Gasoline,64900.0,1850.0,66750.0,17.0,23.0,19.0,,,,,,,,,,yes,,,8200.0,,"2.5/5.0 (RepairPal brand-level fallback, no Discovery model page; Land Rover ranks 31st of 32 all brands)",355.0,368.0,,,,4,50000,4,50000,,https://www.landroverusa.com/discovery/discovery/models-and-specifications.html,,23.8,,
Land Rover,Discovery,Landmark,2027,no,SUV,4.0,7.0,4WD,Gasoline,70800.0,1850.0,72650.0,17.0,23.0,19.0,,,,,,,,,,yes,,,8200.0,,"2.5/5.0 (RepairPal brand-level fallback, no Discovery model page; Land Rover ranks 31st of 32 all brands)",355.0,368.0,,,,4,50000,4,50000,,https://www.landroverusa.com/discovery/discovery/models-and-specifications.html,,23.8,,
Land Rover,Discovery,Tempest,2027,no,SUV,4.0,7.0,4WD,Gasoline,84300.0,1850.0,86150.0,17.0,23.0,19.0,,,,,,,,,,yes,,,8200.0,,"2.5/5.0 (RepairPal brand-level fallback, no Discovery model page; Land Rover ranks 31st of 32 all brands)",355.0,368.0,,,,4,50000,4,50000,,https://www.landroverusa.com/discovery/discovery/models-and-specifications.html,,23.8,,
Land Rover,Range Rover,SE,2027,no,SUV,4.0,5.0,AWD,Gasoline,113300.0,2450.0,115750.0,19.0,24.0,21.0,,,,39.9,40.4,,39.3,39.2,,no,40.7,83.5,7715.0,,"2.0/5.0 (RepairPal, rank 15 of 19 luxury fullsize SUVs)",395.0,406.0,,,,4,50000,4,50000,,https://www.rangerover.com/en-us/range-rover/models-and-specifications.html,,23.8,,
Land Rover,Range Rover,Autobiography,2027,no,SUV,4.0,5.0,AWD,Gasoline,159200.0,2450.0,161650.0,16.0,23.0,19.0,,,,39.9,40.4,,39.3,39.2,,no,40.7,83.5,7715.0,,"2.0/5.0 (RepairPal, rank 15 of 19 luxury fullsize SUVs)",523.0,553.0,,,,4,50000,4,50000,,https://www.rangerover.com/en-us/range-rover/models-and-specifications.html,,23.8,,
Land Rover,Range Rover,SV,2027,yes,SUV,4.0,5.0,AWD,Gasoline,219500.0,2450.0,221950.0,16.0,22.0,18.0,,,,39.9,40.4,,39.3,39.2,,no,40.7,83.5,7715.0,,"2.0/5.0 (RepairPal, rank 15 of 19 luxury fullsize SUVs)",607.0,553.0,,,,4,50000,4,50000,,https://www.rangerover.com/en-us/range-rover/models-and-specifications.html,,23.8,,
Land Rover,Range Rover,SV Black,2027,yes,SUV,4.0,5.0,AWD,Gasoline,238900.0,2450.0,241350.0,16.0,22.0,18.0,,,,39.9,40.4,,39.3,39.2,,no,40.7,83.5,7715.0,,"2.0/5.0 (RepairPal, rank 15 of 19 luxury fullsize SUVs)",607.0,553.0,,,,4,50000,4,50000,,https://www.rangerover.com/en-us/range-rover/models-and-specifications.html,,23.8,,
Land Rover,Range Rover,SV Ultra,2027,yes,SUV,4.0,5.0,AWD,Gasoline,252800.0,2450.0,255250.0,16.0,22.0,18.0,,,,39.9,40.4,,39.3,39.2,,no,40.7,83.5,7715.0,,"2.0/5.0 (RepairPal, rank 15 of 19 luxury fullsize SUVs)",607.0,553.0,,,,4,50000,4,50000,,https://www.rangerover.com/en-us/range-rover/models-and-specifications.html,,23.8,,
Land Rover,Range Rover Sport,SE P360,2027,no,SUV,4.0,5.0,AWD,Gasoline,83700.0,1850.0,85550.0,20.0,25.0,22.0,,,,40.3,37.8,,38.8,39.0,,no,31.9,,7716.0,,"2.5/5.0 (RepairPal, rank 10 of 19 luxury fullsize SUVs)",355.0,369.0,,,,4,50000,4,50000,,https://www.rangerover.com/en-us/range-rover-sport/models-and-specifications.html,,23.8,,
Land Rover,Range Rover Sport,Dynamic SE P400,2027,no,SUV,4.0,5.0,AWD,Gasoline,90800.0,1850.0,92650.0,20.0,25.0,22.0,,,,40.3,37.8,,38.8,39.0,,no,31.9,,7716.0,,"2.5/5.0 (RepairPal, rank 10 of 19 luxury fullsize SUVs)",395.0,,,,,4,50000,4,50000,,https://www.rangerover.com/en-us/range-rover-sport/models-and-specifications.html,,23.8,,
Land Rover,Range Rover Sport,Dynamic SE P460e,2027,no,SUV,4.0,5.0,AWD,Plug-in Hybrid,95100.0,1850.0,96950.0,,,,,,,40.3,37.8,,38.8,39.0,,no,31.9,,7716.0,,"2.5/5.0 (RepairPal, rank 10 of 19 luxury fullsize SUVs)",454.0,,,,,4,50000,4,50000,,https://www.rangerover.com/en-us/range-rover-sport/models-and-specifications.html,,18.9,,
Land Rover,Range Rover Sport,Dynamic SE P530,2027,no,SUV,4.0,5.0,AWD,Gasoline,103700.0,1850.0,105550.0,16.0,21.0,18.0,,,,40.3,37.8,,38.8,39.0,,no,31.9,,7716.0,,"2.5/5.0 (RepairPal, rank 10 of 19 luxury fullsize SUVs)",523.0,,,,,4,50000,4,50000,,https://www.rangerover.com/en-us/range-rover-sport/models-and-specifications.html,,23.8,,
Land Rover,Range Rover Sport,Battersea Edition P550e,2027,no,SUV,4.0,5.0,AWD,Plug-in Hybrid,112000.0,1850.0,113850.0,,,,,,,40.3,37.8,,38.8,39.0,,no,31.9,,7716.0,,"2.5/5.0 (RepairPal, rank 10 of 19 luxury fullsize SUVs)",543.0,,,,,4,50000,4,50000,,https://www.rangerover.com/en-us/range-rover-sport/models-and-specifications.html,,18.9,,
Land Rover,Range Rover Sport,Twenty Edition P530,2027,no,SUV,4.0,5.0,AWD,Gasoline,114800.0,1850.0,116650.0,16.0,21.0,18.0,,,,40.3,37.8,,38.8,39.0,,no,31.9,,7716.0,,"2.5/5.0 (RepairPal, rank 10 of 19 luxury fullsize SUVs)",523.0,,,,,4,50000,4,50000,,https://www.rangerover.com/en-us/range-rover-sport/models-and-specifications.html,,23.8,,
Land Rover,Range Rover Sport,Autobiography P530,2027,no,SUV,4.0,5.0,AWD,Gasoline,120900.0,1850.0,122750.0,16.0,21.0,18.0,,,,40.3,37.8,,38.8,39.0,,no,31.9,,7716.0,,"2.5/5.0 (RepairPal, rank 10 of 19 luxury fullsize SUVs)",523.0,,,,,4,50000,4,50000,,https://www.rangerover.com/en-us/range-rover-sport/models-and-specifications.html,,23.8,,
Land Rover,Range Rover Sport,SV,2027,yes,SUV,4.0,5.0,AWD,Gasoline,152000.0,1850.0,153850.0,16.0,22.0,18.0,,,,40.3,37.8,,38.8,39.0,,no,31.9,,7716.0,,"2.5/5.0 (RepairPal, rank 10 of 19 luxury fullsize SUVs)",626.0,,3.6,180.0,,4,50000,4,50000,,https://www.rangerover.com/en-us/range-rover-sport/models-and-specifications.html,,23.8,,
Land Rover,Range Rover Sport,SV Black,2027,yes,SUV,4.0,5.0,AWD,Gasoline,161600.0,1850.0,163450.0,16.0,22.0,18.0,,,,40.3,37.8,,38.8,39.0,,no,31.9,,7716.0,,"2.5/5.0 (RepairPal, rank 10 of 19 luxury fullsize SUVs)",626.0,,3.6,180.0,,4,50000,4,50000,,https://www.rangerover.com/en-us/range-rover-sport/models-and-specifications.html,,23.8,,
Land Rover,Range Rover Sport,SV Carbon,2027,yes,SUV,4.0,5.0,AWD,Gasoline,170200.0,1850.0,172050.0,16.0,22.0,18.0,,,,40.3,37.8,,38.8,39.0,,no,31.9,,7716.0,,"2.5/5.0 (RepairPal, rank 10 of 19 luxury fullsize SUVs)",626.0,,3.6,180.0,,4,50000,4,50000,,https://www.rangerover.com/en-us/range-rover-sport/models-and-specifications.html,,23.8,,
Subaru,Ascent,Premium,2027,no,SUV,4.0,8.0,AWD,Gas,40795.0,1495.0,42290.0,19.0,26.0,22.0,425.0,5.0,,42.2,38.6,31.7,41.2,40.0,36.0,yes,17.8,75.6,5000.0,,,260.0,277.0,,,1.0,3,36000,5,60000,,https://media.subaru.com/pressrelease/2455/1/subaru-announces-pricing-2027-ascent-3-row-suv,NHTSA,19.3,,
Subaru,Ascent,Limited,2027,no,SUV,4.0,8.0,AWD,Gas,47985.0,1495.0,49480.0,19.0,25.0,21.0,405.0,5.0,,42.2,38.6,31.7,41.2,40.0,36.0,yes,17.6,75.6,5000.0,,,260.0,277.0,,,2.0,3,36000,5,60000,,https://media.subaru.com/pressrelease/2455/1/subaru-announces-pricing-2027-ascent-3-row-suv,NHTSA,19.3,,
Subaru,Ascent,Limited Bronze Edition,2027,no,SUV,4.0,7.0,AWD,Gas,49095.0,1495.0,50590.0,19.0,25.0,21.0,405.0,5.0,,42.2,38.6,31.7,41.2,40.0,36.0,yes,17.6,75.6,5000.0,,,260.0,277.0,,,2.0,3,36000,5,60000,,https://media.subaru.com/pressrelease/2455/1/subaru-announces-pricing-2027-ascent-3-row-suv,NHTSA,19.3,,
Subaru,Ascent,Touring,2027,no,SUV,4.0,7.0,AWD,Gas,51165.0,1495.0,52660.0,19.0,25.0,21.0,405.0,5.0,,42.2,38.6,31.7,41.2,40.0,36.0,yes,17.6,75.6,5000.0,,,260.0,277.0,,,2.0,3,36000,5,60000,,https://media.subaru.com/pressrelease/2455/1/subaru-announces-pricing-2027-ascent-3-row-suv,NHTSA,19.3,,
Subaru,Ascent,Onyx Edition Touring,2027,no,SUV,4.0,7.0,AWD,Gas,51995.0,1495.0,53490.0,19.0,25.0,21.0,405.0,5.0,,42.2,38.6,31.7,41.2,40.0,36.0,yes,17.6,75.6,5000.0,,,260.0,277.0,,,2.0,3,36000,5,60000,,https://media.subaru.com/pressrelease/2455/1/subaru-announces-pricing-2027-ascent-3-row-suv,NHTSA,19.3,,
Subaru,BRZ,Limited,2027,no,Coupe,2.0,4.0,RWD,Gas,36140.0,1245.0,37385.0,20.0,27.0,22.0,290.0,,,41.5,29.9,,37.0,33.5,,,6.3,,,,"3.0/5.0 (RepairPal, rank 20 of 21 subcompact cars)",228.0,184.0,6.1,,0.0,3,36000,5,60000,,https://media.subaru.com/newsrelease.do?id=2452&mid=127,,13.2,,
Subaru,BRZ,tS,2027,yes,Coupe,2.0,4.0,RWD,Gas,38770.0,1245.0,40015.0,20.0,27.0,22.0,290.0,,,41.5,29.9,,37.0,33.5,,,6.3,,,,"3.0/5.0 (RepairPal, rank 20 of 21 subcompact cars)",228.0,184.0,6.1,,0.0,3,36000,5,60000,,https://media.subaru.com/newsrelease.do?id=2452&mid=127,,13.2,,
Subaru,Crosstrek,Base,2027,no,SUV,4.0,5.0,AWD,Gas,26995.0,1475.0,28470.0,26.0,33.0,29.0,481.0,5.0,,42.9,36.5,,39.8,38.0,,,19.9,54.7,,,"4.5/5.0 (RepairPal, rank 1 of 26 compact SUVs)",180.0,178.0,,,0.0,3,36000,5,60000,,https://media.subaru.com/pressrelease/2476/1/2027-subaru-crosstrek-press-kit&searchresult,NHTSA,16.6,,
Subaru,Crosstrek,Premium,2027,no,SUV,4.0,5.0,AWD,Gas,27995.0,1475.0,29470.0,26.0,33.0,29.0,481.0,5.0,,42.9,36.5,,39.8,38.0,,,19.9,54.7,,,"4.5/5.0 (RepairPal, rank 1 of 26 compact SUVs)",180.0,178.0,,,1.0,3,36000,5,60000,,https://media.subaru.com/pressrelease/2476/1/2027-subaru-crosstrek-press-kit&searchresult,NHTSA,16.6,,
Subaru,Crosstrek,Limited,2027,no,SUV,4.0,5.0,AWD,Gas,32995.0,1475.0,34470.0,26.0,33.0,29.0,481.0,5.0,,42.9,36.5,,39.8,38.0,,,19.9,54.7,,,"4.5/5.0 (RepairPal, rank 1 of 26 compact SUVs)",180.0,178.0,,,1.0,3,36000,5,60000,,https://media.subaru.com/pressrelease/2476/1/2027-subaru-crosstrek-press-kit&searchresult,NHTSA,16.6,,
Subaru,Crosstrek,Wilderness,2027,no,SUV,4.0,5.0,AWD,Gas,33795.0,1475.0,35270.0,24.0,29.0,26.0,432.0,5.0,,42.9,36.5,,39.8,38.0,,,20.0,54.9,,,"4.5/5.0 (RepairPal, rank 1 of 26 compact SUVs)",180.0,178.0,,,1.0,3,36000,5,60000,,https://media.subaru.com/pressrelease/2476/1/2027-subaru-crosstrek-press-kit&searchresult,NHTSA,16.6,,
Subaru,Crosstrek,Sport Hybrid,2027,no,SUV,4.0,5.0,AWD,Hybrid,33995.0,1475.0,35470.0,36.0,36.0,36.0,597.0,5.0,,42.9,36.7,,38.7,37.6,,,18.6,50.6,,,"4.5/5.0 (RepairPal, rank 1 of 26 compact SUVs)",194.0,,8.4,,2.0,3,36000,5,60000,,https://media.subaru.com/pressrelease/2477/1/2027-subaru-crosstrek-hybrid-press-kit&searchresult,NHTSA,,,
Subaru,Crosstrek,Limited Hybrid,2027,no,SUV,4.0,5.0,AWD,Hybrid,35995.0,1475.0,37470.0,36.0,36.0,36.0,597.0,5.0,,42.9,36.7,,39.8,37.6,,,18.6,50.6,,,"4.5/5.0 (RepairPal, rank 1 of 26 compact SUVs)",194.0,,8.4,,2.0,3,36000,5,60000,,https://media.subaru.com/pressrelease/2477/1/2027-subaru-crosstrek-hybrid-press-kit&searchresult,NHTSA,,,
Subaru,Forester,Wilderness Hybrid,2027,no,SUV,4.0,5.0,AWD,Hybrid,,,,,,,,,,43.3,39.4,,40.0,37.7,,,27.5,69.1,,,,194.0,,,,,3,36000,5,60000,,https://media.subaru.com/pressrelease/2439/subaru-debuts-new-2027-subaru-forester-wilderness-hybrid,,,,
Subaru,Solterra,Premium,2027,no,SUV,4.0,5.0,AWD,EV,38495.0,1475.0,39970.0,131.0,109.0,120.0,288.0,5.0,,42.1,35.3,,38.8,38.0,,,23.8,63.5,,,,233.0,,,,2.0,3,36000,5,60000,,https://media.subaru.com/pressrelease/2460/1/2027-subaru-solterra-press-kit&searchresult,NHTSA,,,
Subaru,Solterra,Limited,2027,no,SUV,4.0,5.0,AWD,EV,41395.0,1475.0,42870.0,131.0,109.0,120.0,288.0,5.0,,42.1,35.3,,38.8,38.0,,,23.8,63.5,,,,233.0,,,,3.0,3,36000,5,60000,,https://media.subaru.com/pressrelease/2460/1/2027-subaru-solterra-press-kit&searchresult,NHTSA,,,
Subaru,Solterra,Limited XT,2027,no,SUV,4.0,5.0,AWD,EV,42895.0,1475.0,44370.0,128.0,105.0,117.0,278.0,5.0,,42.1,35.3,,38.8,38.0,,,23.8,63.5,,,,338.0,,4.8,,3.0,3,36000,5,60000,,https://media.subaru.com/pressrelease/2460/1/2027-subaru-solterra-press-kit&searchresult,NHTSA,,,
Subaru,Solterra,Touring XT,2027,no,SUV,4.0,5.0,AWD,EV,45855.0,1475.0,47330.0,128.0,105.0,117.0,278.0,5.0,,42.1,35.3,,38.6,37.1,,,23.8,63.5,,,,338.0,,4.8,,3.0,3,36000,5,60000,,https://media.subaru.com/pressrelease/2460/1/2027-subaru-solterra-press-kit&searchresult,NHTSA,,,
Subaru,Trailseeker,Premium,2027,no,SUV,4.0,5.0,AWD,EV,39995.0,1475.0,41470.0,,,,281.0,,128.8,42.1,35.3,,38.8,38.6,,,31.3,74.0,3500.0,,,375.0,,4.3,,,3,36000,5,60000,,https://media.subaru.com/pressrelease/2472/1/2027-subaru-trailseeker-press-kit&searchresult,,,,
Subaru,Trailseeker,Limited,2027,no,SUV,4.0,5.0,AWD,EV,43995.0,1475.0,45470.0,,,,274.0,,128.8,42.1,35.3,,38.8,38.6,,,31.3,74.0,3500.0,,,375.0,,4.3,,,3,36000,5,60000,,https://media.subaru.com/pressrelease/2472/1/2027-subaru-trailseeker-press-kit&searchresult,,,,
Subaru,Trailseeker,Touring,2027,no,SUV,4.0,5.0,AWD,EV,46555.0,1475.0,48030.0,,,,274.0,,128.8,42.1,35.3,,38.8,38.6,,,30.4,71.8,3500.0,,,375.0,,4.3,,,3,36000,5,60000,,https://media.subaru.com/pressrelease/2472/1/2027-subaru-trailseeker-press-kit&searchresult,,,,
Subaru,Trailseeker,Touring w/Leather,2027,no,SUV,4.0,5.0,AWD,EV,46855.0,1475.0,48330.0,,,,274.0,,128.8,42.1,35.3,,38.8,38.6,,,30.4,71.8,3500.0,,,375.0,,4.3,,,3,36000,5,60000,,https://media.subaru.com/pressrelease/2472/1/2027-subaru-trailseeker-press-kit&searchresult,,,,
Subaru,Uncharted,Premium,2027,no,SUV,4.0,5.0,FWD,EV,34995.0,1475.0,36470.0,,,,308.0,,119.0,42.1,32.2,,39.1,37.5,,,23.0,,,,,221.0,,,,,3,36000,5,60000,,https://www.prnewswire.com/news-releases/subaru-announces-pricing-for-2027-subaru-uncharted-302810277.html,,,,
Subaru,Uncharted,Sport,2027,no,SUV,4.0,5.0,AWD,EV,39795.0,1475.0,41270.0,,,,273.0,,119.0,42.1,32.2,,39.1,37.5,,,23.0,,,,,338.0,,,,,3,36000,5,60000,,https://www.prnewswire.com/news-releases/subaru-announces-pricing-for-2027-subaru-uncharted-302810277.html,,,,
Subaru,Uncharted,GT,2027,no,SUV,4.0,5.0,AWD,EV,43795.0,1475.0,45270.0,,,,287.0,,119.0,42.1,32.2,,39.1,37.5,,,23.0,,,,,338.0,,,,,3,36000,5,60000,,https://www.prnewswire.com/news-releases/subaru-announces-pricing-for-2027-subaru-uncharted-302810277.html,,,,
Audi,A5,Base,2027,no,Sedan,5.0,5.0,AWD,Gas,50400.0,1295.0,51695.0,22.0,32.0,26.0,385.0,,,41.3,36.1,,40.0,37.2,,no,22.6,36.6,,,3.0,268.0,295.0,5.2,,,4,50000,4,50000,,https://www.edmunds.com/audi/a5/2027/trims/,,14.8,,
Audi,S5,Base,2027,yes,Sedan,5.0,5.0,AWD,Gas,63600.0,1295.0,64895.0,20.0,29.0,23.0,340.0,,,41.0,36.1,,40.0,37.2,,no,22.6,37.5,,,3.0,362.0,406.0,4.6,155.0,,4,50000,4,50000,,https://www.edmunds.com/audi/s5/2027/trims/,,14.8,,
Audi,A6,Premium,2027,no,Sedan,4.0,5.0,AWD,Gas,64900.0,1295.0,66195.0,20.0,29.0,23.0,444.0,,,41.3,37.2,,40.0,37.8,,no,13.5,,,,"3.5/5.0 (RepairPal, model-level, rank 8 of 30 luxury fullsize cars)",362.0,406.0,4.5,130.0,,4,50000,4,50000,,https://www.edmunds.com/audi/a6/2027/trims/,,19.3,,
Audi,A6 Sportback e-tron,Premium,2027,no,Sedan,4.0,5.0,RWD,EV,66700.0,1295.0,67995.0,,,,348.0,,,,,,,,,no,26.0,,,,3.0,362.0,,5.1,,,4,50000,4,50000,,https://www.edmunds.com/audi/a6-sportback-e-tron/2027/trims/,,,,
Audi,A6 Sportback e-tron,Premium,2027,no,Sedan,4.0,5.0,AWD,EV,68700.0,1295.0,69995.0,,,,327.0,,,,,,,,,no,26.0,,,,3.0,422.0,,4.2,,,4,50000,4,50000,,https://www.edmunds.com/audi/a6-sportback-e-tron/2027/trims/,,,,
Audi,A6 Sportback e-tron,Premium Plus,2027,no,Sedan,4.0,5.0,RWD,EV,70000.0,1295.0,71295.0,,,,348.0,,,,,,,,,no,26.0,,,,3.0,362.0,,5.1,,,4,50000,4,50000,,https://www.edmunds.com/audi/a6-sportback-e-tron/2027/trims/,,,,
Audi,A6 Sportback e-tron,Premium Plus,2027,no,Sedan,4.0,5.0,AWD,EV,72000.0,1295.0,73295.0,,,,327.0,,,,,,,,,no,26.0,,,,3.0,422.0,,4.2,,,4,50000,4,50000,,https://www.edmunds.com/audi/a6-sportback-e-tron/2027/trims/,,,,
Audi,A6 Sportback e-tron,Prestige,2027,no,Sedan,4.0,5.0,RWD,EV,74600.0,1295.0,75895.0,,,,348.0,,,,,,,,,no,26.0,,,,3.0,362.0,,5.1,,,4,50000,4,50000,,https://www.edmunds.com/audi/a6-sportback-e-tron/2027/trims/,,,,
Audi,A6 Sportback e-tron,Prestige,2027,no,Sedan,4.0,5.0,AWD,EV,76600.0,1295.0,77895.0,,,,327.0,,,,,,,,,no,26.0,,,,3.0,422.0,,4.2,,,4,50000,4,50000,,https://www.edmunds.com/audi/a6-sportback-e-tron/2027/trims/,,,,
Audi,S6 Sportback e-tron,Premium Plus,2027,yes,Sedan,4.0,5.0,AWD,EV,79600.0,1295.0,80895.0,,,,326.0,,,,,,,,,no,26.0,39.9,,,3.0,496.0,,3.5,,,4,50000,4,50000,,https://www.edmunds.com/audi/s6-sportback-e-tron/2027/trims/,,,,
Audi,S6 Sportback e-tron,Prestige,2027,yes,Sedan,4.0,5.0,AWD,EV,83300.0,1295.0,84595.0,,,,326.0,,,,,,,,,no,26.0,39.9,,,3.0,496.0,,3.5,,,4,50000,4,50000,,https://www.edmunds.com/audi/s6-sportback-e-tron/2027/trims/,,,,
Audi,Q3,S line quattro,2027,no,SUV,4.0,5.0,AWD,Gas,44400.0,1295.0,45695.0,22.0,29.0,25.0,410.0,,,40.0,36.1,,38.1,37.6,,no,25.0,50.0,,,3.0,255.0,273.0,5.7,149.0,,4,50000,4,50000,,https://www.edmunds.com/audi/q3/2027/trims/,,16.4,,
Audi,Q6 e-tron,Premium,2027,no,SUV,4.0,5.0,AWD,EV,64500.0,1295.0,65795.0,110.0,97.0,104.0,325.0,,,39.8,37.4,,38.5,38.4,,no,30.2,60.2,4400.0,,3.0,422.0,,4.9,,,4,50000,4,50000,,https://www.edmunds.com/audi/q6-e-tron/2027/trims/,,,,
Audi,Q6 e-tron,Premium Plus,2027,no,SUV,4.0,5.0,AWD,EV,68900.0,1295.0,70195.0,110.0,97.0,104.0,325.0,,,39.8,37.4,,38.5,38.4,,no,30.2,60.2,4400.0,,3.0,422.0,,4.9,,,4,50000,4,50000,,https://www.edmunds.com/audi/q6-e-tron/2027/trims/,,,,
Audi,Q6 e-tron,Prestige,2027,no,SUV,4.0,5.0,AWD,EV,73100.0,1295.0,74395.0,110.0,97.0,104.0,325.0,,,39.8,37.4,,38.5,38.4,,no,30.2,60.2,4400.0,,3.0,422.0,,4.9,,,4,50000,4,50000,,https://www.edmunds.com/audi/q6-e-tron/2027/trims/,,,,
Audi,SQ6 e-tron,Premium Plus,2027,yes,SUV,4.0,5.0,AWD,EV,73200.0,1295.0,74495.0,,,,285.0,,,,,,,,,no,30.2,,,,3.0,483.0,,,,,4,50000,4,50000,,https://www.edmunds.com/audi/sq6-e-tron/2027/trims/,,,,
Audi,SQ6 e-tron,Prestige,2027,yes,SUV,4.0,5.0,AWD,EV,76600.0,1295.0,77895.0,,,,285.0,,,,,,,,,no,30.2,,,,3.0,483.0,,,,,4,50000,4,50000,,https://www.edmunds.com/audi/sq6-e-tron/2027/trims/,,,,
Audi,Q6 Sportback e-tron,Premium,2027,no,SUV,4.0,5.0,AWD,EV,68300.0,1295.0,69595.0,,,,325.0,,,,,,,,,no,26.1,,,,3.0,422.0,,,,,4,50000,4,50000,,https://www.edmunds.com/audi/q6-sportback-e-tron/2027/trims/,,,,
Audi,Q6 Sportback e-tron,Premium Plus,2027,no,SUV,4.0,5.0,AWD,EV,71700.0,1295.0,72995.0,,,,325.0,,,,,,,,,no,26.1,,,,3.0,422.0,,,,,4,50000,4,50000,,https://www.edmunds.com/audi/q6-sportback-e-tron/2027/trims/,,,,
Audi,Q6 Sportback e-tron,Prestige,2027,no,SUV,4.0,5.0,AWD,EV,75900.0,1295.0,77195.0,,,,325.0,,,,,,,,,no,26.1,,,,3.0,422.0,,,,,4,50000,4,50000,,https://www.edmunds.com/audi/q6-sportback-e-tron/2027/trims/,,,,
Audi,SQ6 Sportback e-tron,Premium Plus,2027,yes,SUV,4.0,5.0,AWD,EV,75600.0,1295.0,76895.0,,,,285.0,,,,,,,,,no,26.1,53.1,,,3.0,483.0,,,,,4,50000,4,50000,,https://www.edmunds.com/audi/sq6-sportback-e-tron/2027/trims/,,,,
Audi,SQ6 Sportback e-tron,Prestige,2027,yes,SUV,4.0,5.0,AWD,EV,79000.0,1295.0,80295.0,,,,285.0,,,,,,,,,no,26.1,53.1,,,3.0,483.0,,,,,4,50000,4,50000,,https://www.edmunds.com/audi/sq6-sportback-e-tron/2027/trims/,,,,
Audi,A8,L 55 TFSI quattro,2027,no,Sedan,4.0,5.0,AWD,Gas,95100.0,1295.0,96395.0,19.0,27.0,22.0,477.0,,,41.5,44.3,,38.3,38.5,,no,12.5,,,,3.0,335.0,369.0,5.2,130.0,,4,50000,4,50000,,https://www.edmunds.com/audi/a8/2027/trims/,,21.7,,
Audi,S8,Base,2027,yes,Sedan,4.0,5.0,AWD,Gas,130000.0,1295.0,131295.0,15.0,24.0,18.0,391.0,,,41.5,44.3,,38.3,38.5,,no,12.5,,,,3.0,563.0,590.0,3.8,155.0,,4,50000,4,50000,,https://www.edmunds.com/audi/s8/2027/trims/,,21.7,,
Audi,Q8,55 TFSI,2027,no,SUV,4.0,5.0,AWD,Gas,76900.0,1295.0,78195.0,,,,,,,,,,,,,,,,,,3.0,335.0,,,,,4,50000,4,50000,,https://www.edmunds.com/audi/q8/2027/trims/,,,,
Audi,SQ8,Base,2027,yes,SUV,4.0,5.0,AWD,Gas,100600.0,1295.0,101895.0,,,,,,,,,,,,,,,,,,3.0,500.0,,,,,4,50000,4,50000,,https://www.edmunds.com/audi/sq8/2027/trims/,,,,
Audi,RS Q8,performance,2027,yes,SUV,4.0,5.0,AWD,Gas,139700.0,1295.0,140995.0,,,,,,,,,,,,,,,,,,3.0,631.0,,,,,4,50000,4,50000,,https://www.edmunds.com/audi/rs-q8/2027/trims/,,,,
Audi,RS e-tron GT,performance,2027,yes,Sedan,4.0,5.0,AWD,EV,170500.0,1295.0,171795.0,85.0,82.0,84.0,278.0,,,41.9,32.2,,38.2,36.5,,no,9.2,,,,3.0,912.0,,2.4,,,4,50000,4,50000,,https://www.edmunds.com/audi/rs-e-tron-gt/2027/trims/,,,,
Audi,Q7,Premium,2027,no,SUV,4.0,7.0,AWD,Gas,70900.0,1295.0,72195.0,,,,,,,41.5,39.3,,39.1,40.0,,yes,15.1,78.1,7700.0,,"2.5/5.0 (RepairPal, model-level, rank 8 of 19 luxury fullsize SUVs)",429.0,442.0,4.8,,,4,50000,4,50000,,https://www.edmunds.com/audi/q7/2027/trims/,,21.1,,
Audi,Q7,Premium Plus,2027,no,SUV,4.0,7.0,AWD,Gas,75300.0,1295.0,76595.0,,,,,,,41.5,39.3,,39.1,40.0,,yes,15.1,78.1,7700.0,,"2.5/5.0 (RepairPal, model-level, rank 8 of 19 luxury fullsize SUVs)",429.0,442.0,4.8,,,4,50000,4,50000,,https://www.edmunds.com/audi/q7/2027/trims/,,21.1,,
Audi,Q7,Prestige,2027,no,SUV,4.0,7.0,AWD,Gas,84900.0,1295.0,86195.0,,,,,,,41.5,39.3,,39.1,40.0,,yes,15.1,78.1,7700.0,,"2.5/5.0 (RepairPal, model-level, rank 8 of 19 luxury fullsize SUVs)",429.0,442.0,4.8,,,4,50000,4,50000,,https://www.edmunds.com/audi/q7/2027/trims/,,21.1,,
Audi,Q9,Premium,2027,no,SUV,4.0,7.0,AWD,Gas,87700.0,1395.0,89095.0,,,,,,,,,,,,,yes,19.3,87.7,7700.0,,3.0,429.0,442.0,4.9,130.0,,4,50000,4,50000,,https://www.edmunds.com/car-news/2027-audi-q9-sq9-debut-first-look.html,,,,
Audi,Q9,Premium Plus,2027,no,SUV,4.0,7.0,AWD,Gas,93300.0,1395.0,94695.0,,,,,,,,,,,,,yes,19.3,87.7,7700.0,,3.0,429.0,442.0,4.9,130.0,,4,50000,4,50000,,https://www.edmunds.com/car-news/2027-audi-q9-sq9-debut-first-look.html,,,,
Audi,Q9,Prestige,2027,no,SUV,4.0,7.0,AWD,Gas,102400.0,1395.0,103795.0,,,,,,,,,,,,,yes,19.3,87.7,7700.0,,3.0,429.0,442.0,4.9,130.0,,4,50000,4,50000,,https://www.edmunds.com/car-news/2027-audi-q9-sq9-debut-first-look.html,,,,
Audi,SQ9,Base,2027,yes,SUV,4.0,7.0,AWD,Gas,118000.0,1395.0,119395.0,,,,,,,,,,,,,yes,19.3,87.7,7700.0,,3.0,591.0,590.0,3.8,155.0,,4,50000,4,50000,,https://www.edmunds.com/car-news/2027-audi-q9-sq9-debut-first-look.html,,,,
Nissan,Kicks,S,2027,no,SUV,4.0,5.0,FWD,Gas,22790.0,1545.0,24335.0,28.0,35.0,31.0,,,,42.7,34.5,,,,,no,30.0,,,,,141.0,140.0,,,,3,36000,5,60000,,https://www.nissanusa.com/vehicles/crossovers-suvs/kicks.html,,11.81,,
Nissan,Kicks,S,2027,no,SUV,4.0,5.0,AWD,Gas,24290.0,1545.0,25835.0,27.0,34.0,30.0,,,,42.7,34.5,,,,,no,,,,,,141.0,140.0,,,,3,36000,5,60000,,https://www.nissanusa.com/vehicles/crossovers-suvs/kicks.html,,11.81,,
Nissan,Kicks,SV,2027,no,SUV,4.0,5.0,FWD,Gas,24490.0,1545.0,26035.0,28.0,35.0,31.0,,,,42.7,34.5,,,,,no,29.2,,,,,141.0,140.0,,,,3,36000,5,60000,,https://www.nissanusa.com/vehicles/crossovers-suvs/kicks.html,,11.81,,
Nissan,Kicks,SV,2027,no,SUV,4.0,5.0,AWD,Gas,26490.0,1545.0,28035.0,27.0,34.0,30.0,,,,42.7,34.5,,,,,no,,,,,,141.0,140.0,,,,3,36000,5,60000,,https://www.nissanusa.com/vehicles/crossovers-suvs/kicks.html,,11.81,,
Nissan,Kicks,SR,2027,no,SUV,4.0,5.0,FWD,Gas,26990.0,1545.0,28535.0,28.0,35.0,31.0,,,,42.7,34.5,,,,,no,,,,,,141.0,140.0,,,,3,36000,5,60000,,https://www.nissanusa.com/vehicles/crossovers-suvs/kicks.html,,11.81,,
Nissan,Kicks,SR,2027,no,SUV,4.0,5.0,AWD,Gas,28790.0,1545.0,30335.0,27.0,34.0,30.0,,,,42.7,34.5,,,,,no,23.9,,,,,141.0,140.0,,,,3,36000,5,60000,,https://www.nissanusa.com/vehicles/crossovers-suvs/kicks.html,,11.81,,
Nissan,Kicks,Rock Creek,2027,no,SUV,4.0,5.0,AWD,Gas,28840.0,1545.0,30385.0,27.0,34.0,30.0,,,,42.7,34.5,,,,,no,23.9,,,,,141.0,140.0,,,,3,36000,5,60000,,https://www.nissanusa.com/vehicles/crossovers-suvs/kicks.html,,11.81,,
Nissan,Z,Sport,2027,no,Coupe,2.0,2.0,RWD,Gas,44480.0,1245.0,45725.0,18.0,24.0,20.0,,,,42.9,,,,,,no,6.9,6.9,,,,400.0,350.0,,,,3,36000,5,60000,,https://www.nissanusa.com/vehicles/sports-cars/nissan-z.html,,16.41,,
Nissan,Z,Performance,2027,no,Coupe,2.0,2.0,RWD,Gas,54480.0,1245.0,55725.0,18.0,24.0,20.0,,,,42.9,,,,,,no,6.9,6.9,,,,400.0,350.0,,,,3,36000,5,60000,,https://www.nissanusa.com/vehicles/sports-cars/nissan-z.html,,16.41,,
Nissan,Z,Nismo,2027,yes,Coupe,2.0,2.0,RWD,Gas,67260.0,1245.0,68505.0,16.0,21.0,18.0,,,,42.9,,,,,,no,6.9,6.9,,,,420.0,384.0,,,,3,36000,5,60000,,https://www.nissanusa.com/vehicles/sports-cars/nissan-z.html,,16.41,,
Nissan,Frontier,S,2027,no,Truck,2.0,4.0,RWD,Gas,32490.0,1745.0,34235.0,,,,,,,,,,,,,no,,,7160.0,1590.0,"4.0/5.0 (RepairPal, rank 1 of 7 midsize trucks)",310.0,281.0,,,,3,36000,5,60000,,https://www.nissanusa.com/vehicles/trucks/frontier.html,,,,6.0
Nissan,Frontier,S,2027,no,Truck,2.0,4.0,4WD,Gas,35490.0,1745.0,37235.0,,,,,,,,,,,,,no,,,,,"4.0/5.0 (RepairPal, rank 1 of 7 midsize trucks)",310.0,281.0,,,,3,36000,5,60000,,https://www.nissanusa.com/vehicles/trucks/frontier.html,,,,6.0
Nissan,Frontier,SV,2027,no,Truck,4.0,5.0,RWD,Gas,36490.0,1745.0,38235.0,,,,,,,,,,,,,no,,,,,"4.0/5.0 (RepairPal, rank 1 of 7 midsize trucks)",310.0,281.0,,,,3,36000,5,60000,,https://www.nissanusa.com/vehicles/trucks/frontier.html,,,,5.0
Nissan,Frontier,SV,2027,no,Truck,4.0,5.0,4WD,Gas,39790.0,1745.0,41535.0,,,,,,,,,,,,,no,,,,,"4.0/5.0 (RepairPal, rank 1 of 7 midsize trucks)",310.0,281.0,,,,3,36000,5,60000,,https://www.nissanusa.com/vehicles/trucks/frontier.html,,,,5.0
Nissan,Frontier,PRO-X,2027,no,Truck,4.0,5.0,RWD,Gas,38890.0,1745.0,40635.0,,,,,,,,,,,,,no,,,,,"4.0/5.0 (RepairPal, rank 1 of 7 midsize trucks)",310.0,281.0,,,,3,36000,5,60000,,https://www.nissanusa.com/vehicles/trucks/frontier.html,,,,5.0
Nissan,Frontier,PRO-4X,2027,no,Truck,4.0,5.0,4WD,Gas,42190.0,1745.0,43935.0,,,,,,,,,,,,,no,,,,,"4.0/5.0 (RepairPal, rank 1 of 7 midsize trucks)",310.0,281.0,,,,3,36000,5,60000,,https://www.nissanusa.com/vehicles/trucks/frontier.html,,,,5.0
Nissan,Murano,SL,2027,no,SUV,4.0,5.0,AWD,Gas,43990.0,1545.0,45535.0,21.0,27.0,23.0,,,,44.3,36.3,,,,,no,32.9,,1500.0,,"3.5/5.0 (RepairPal, rank 20 of 26 compact SUVs)",241.0,260.0,,,,3,36000,5,60000,,https://www.nissanusa.com/vehicles/crossovers-suvs/murano.html,,18.7,,
Nissan,Murano,Dark Armor,2027,no,SUV,4.0,5.0,AWD,Gas,46990.0,1545.0,48535.0,21.0,27.0,23.0,,,,44.3,36.3,,,,,no,32.9,,1500.0,,"3.5/5.0 (RepairPal, rank 20 of 26 compact SUVs)",241.0,260.0,,,,3,36000,5,60000,,https://www.nissanusa.com/vehicles/crossovers-suvs/murano.html,,18.7,,
Nissan,Murano,Platinum,2027,no,SUV,4.0,5.0,AWD,Gas,49790.0,1545.0,51335.0,21.0,27.0,23.0,,,,44.3,36.3,,,,,no,32.9,,1500.0,,"3.5/5.0 (RepairPal, rank 20 of 26 compact SUVs)",241.0,260.0,,,,3,36000,5,60000,,https://www.nissanusa.com/vehicles/crossovers-suvs/murano.html,,18.7,,
Nissan,Sentra,S,2027,no,Sedan,4.0,5.0,FWD,Gas,22890.0,1245.0,24135.0,30.0,38.0,33.0,,,,44.0,34.8,,,,,no,14.3,14.3,,,"4.0/5.0 (RepairPal, rank 14 of 36 compact cars)",149.0,146.0,,,,3,36000,5,60000,,https://www.nissanusa.com/vehicles/cars/sentra.html,,12.41,,
Nissan,Sentra,SV,2027,no,Sedan,4.0,5.0,FWD,Gas,23590.0,1245.0,24835.0,30.0,38.0,33.0,,,,44.0,34.8,,,,,no,14.3,14.3,,,"4.0/5.0 (RepairPal, rank 14 of 36 compact cars)",149.0,146.0,,,,3,36000,5,60000,,https://www.nissanusa.com/vehicles/cars/sentra.html,,12.41,,
Nissan,Sentra,SR,2027,no,Sedan,4.0,5.0,FWD,Gas,24990.0,1245.0,26235.0,29.0,36.0,32.0,,,,44.0,34.8,,,,,no,14.3,14.3,,,"4.0/5.0 (RepairPal, rank 14 of 36 compact cars)",149.0,146.0,,,,3,36000,5,60000,,https://www.nissanusa.com/vehicles/cars/sentra.html,,12.41,,
Nissan,Sentra,SL,2027,no,Sedan,4.0,5.0,FWD,Gas,27990.0,1245.0,29235.0,29.0,36.0,32.0,,,,44.0,34.8,,,,,no,14.3,14.3,,,"4.0/5.0 (RepairPal, rank 14 of 36 compact cars)",149.0,146.0,,,,3,36000,5,60000,,https://www.nissanusa.com/vehicles/cars/sentra.html,,12.41,,
Infiniti,QX60,Pure,2027,no,SUV,4.0,7.0,FWD,Gas,53435.0,,53435.0,22.0,28.0,24.0,,,155.1,42.1,37.7,,41.0,37.5,,yes,14.5,75.4,6000.0,,"3.5/5.0 (RepairPal, rank 2 of 19 luxury fullsize SUVs)",268.0,286.0,,,,4,60000,6,70000,,https://www.infinitiusa.com/vehicles/crossovers/qx60.html,,,,
Infiniti,QX60,Luxe,2027,no,SUV,4.0,7.0,FWD,Gas,58835.0,,58835.0,22.0,28.0,24.0,,,155.1,42.1,37.7,,41.0,37.5,,yes,14.5,75.4,6000.0,,"3.5/5.0 (RepairPal, rank 2 of 19 luxury fullsize SUVs)",268.0,286.0,,,,4,60000,6,70000,,https://www.infinitiusa.com/vehicles/crossovers/qx60.html,,,,
Infiniti,QX60,Sport,2027,no,SUV,4.0,6.0,AWD,Gas,63935.0,,63935.0,22.0,27.0,24.0,,,155.1,42.1,37.7,,41.0,37.5,,yes,14.5,75.4,6000.0,,"3.5/5.0 (RepairPal, rank 2 of 19 luxury fullsize SUVs)",268.0,286.0,,,,4,60000,6,70000,,https://www.infinitiusa.com/vehicles/crossovers/qx60.html,,,,
Infiniti,QX60,Autograph,2027,no,SUV,4.0,6.0,AWD,Gas,68435.0,,68435.0,22.0,27.0,24.0,,,155.1,42.1,37.7,,41.0,37.5,,yes,14.5,75.4,6000.0,,"3.5/5.0 (RepairPal, rank 2 of 19 luxury fullsize SUVs)",268.0,286.0,,,,4,60000,6,70000,,https://www.infinitiusa.com/vehicles/crossovers/qx60.html,,,,
Infiniti,QX80,Pure,2027,no,SUV,4.0,7.0,RWD,Gas,85590.0,,85590.0,,,18.0,,,,43.8,39.2,,39.1,37.8,,yes,22.0,101.0,8500.0,,"3.5/5.0 (RepairPal, rank 1 of 19 luxury fullsize SUVs)",450.0,516.0,,,,4,60000,6,70000,,https://www.infinitiusa.com/vehicles/suvs/qx80.html,,23.6,,
Infiniti,QX80,Luxe,2027,no,SUV,4.0,7.0,RWD,Gas,91590.0,,91590.0,,,18.0,,,,43.8,39.2,,39.1,37.8,,yes,22.0,101.0,8500.0,,"3.5/5.0 (RepairPal, rank 1 of 19 luxury fullsize SUVs)",450.0,516.0,,,,4,60000,6,70000,,https://www.infinitiusa.com/vehicles/suvs/qx80.html,,23.6,,
Infiniti,QX80,Sport,2027,no,SUV,4.0,7.0,4WD,Gas,102590.0,,102590.0,,,17.0,,,,43.8,39.2,,39.1,37.8,,yes,22.0,101.0,8500.0,,"3.5/5.0 (RepairPal, rank 1 of 19 luxury fullsize SUVs)",450.0,516.0,,,,4,60000,6,70000,,https://www.infinitiusa.com/vehicles/suvs/qx80.html,,23.6,,
Infiniti,QX80,Autograph,2027,no,SUV,4.0,7.0,4WD,Gas,112990.0,,112990.0,,,17.0,,,,43.8,39.2,,39.1,37.8,,yes,22.0,101.0,8500.0,,"3.5/5.0 (RepairPal, rank 1 of 19 luxury fullsize SUVs)",450.0,516.0,,,,4,60000,6,70000,,https://www.infinitiusa.com/vehicles/suvs/qx80.html,,23.6,,
Infiniti,QX65,Luxe,2027,no,SUV,4.0,5.0,AWD,Gas,53990.0,1545.0,55535.0,20.0,26.0,22.0,,,,44.2,35.7,,,,,no,35.8,,6000.0,,,268.0,286.0,,,,4,60000,6,70000,,https://www.infinitiusa.com/vehicles/crossovers/qx65.html,,18.49,,
Infiniti,QX65,Sport,2027,no,SUV,4.0,5.0,AWD,Gas,55690.0,1545.0,57235.0,20.0,26.0,22.0,,,,44.2,35.7,,,,,no,35.8,,6000.0,,,268.0,286.0,,,,4,60000,6,70000,,https://www.infinitiusa.com/vehicles/crossovers/qx65.html,,18.49,,
Infiniti,QX65,Autograph,2027,no,SUV,4.0,5.0,AWD,Gas,63285.0,1545.0,64830.0,20.0,26.0,22.0,,,,44.2,35.7,,,,,no,35.8,,6000.0,,,268.0,286.0,,,,4,60000,6,70000,,https://www.infinitiusa.com/vehicles/crossovers/qx65.html,,18.49,,
Volvo,EX60,P6 Plus,2027,no,SUV,4.0,5.0,RWD,EV,58400.0,1395.0,59795.0,,,,307.0,,,,,,,,,no,18.5,64.3,3600.0,,,369.0,354.0,5.7,,4.0,4,50000,4,50000,,https://www.edmunds.com/volvo/ex60/2027/,,,,
Volvo,EX60,P6 Ultra,2027,no,SUV,4.0,5.0,RWD,EV,65000.0,1395.0,66395.0,,,,307.0,,,,,,,,,no,18.5,64.3,3600.0,,,369.0,354.0,5.7,,5.0,4,50000,4,50000,,https://www.edmunds.com/volvo/ex60/2027/,,,,
Volvo,EX60,P10 AWD Plus,2027,no,SUV,4.0,5.0,AWD,EV,60750.0,1395.0,62145.0,,,,330.0,,,,,,,,,no,18.5,64.3,4500.0,,,503.0,524.0,4.4,,4.0,4,50000,4,50000,,https://www.edmunds.com/volvo/ex60/2027/,,,,
Volvo,EX60,P10 AWD Ultra,2027,no,SUV,4.0,5.0,AWD,EV,67350.0,1395.0,68745.0,,,,330.0,,,,,,,,,no,18.5,64.3,4500.0,,,503.0,524.0,4.4,,5.0,4,50000,4,50000,,https://www.edmunds.com/volvo/ex60/2027/,,,,
Rivian,R1T,Premium,2027,no,Truck,4.0,5.0,AWD,EV,79990.0,,79990.0,,,,329.0,4.5,,41.4,36.6,,41.1,39.7,,no,21.6,,7700.0,1984.0,,533.0,610.0,4.5,,3.0,4,50000,8,120000,,https://www.edmunds.com/car-news/2027-rivian-r1s-r1t-debut-first-look.html,IIHS,,,4.5
Rivian,R1T,Performance,2027,no,Truck,4.0,5.0,AWD,EV,100990.0,,100990.0,,,,371.0,4.5,,41.4,36.6,,41.1,39.7,,no,21.6,,11000.0,,,850.0,1103.0,2.9,,3.0,4,50000,8,120000,,https://www.edmunds.com/car-news/2027-rivian-r1s-r1t-debut-first-look.html,IIHS,,,4.5
Rivian,R1T,Quad,2027,yes,Truck,4.0,5.0,AWD,EV,115990.0,,115990.0,,,,374.0,4.5,,41.4,36.6,,41.1,39.7,,no,21.6,,11000.0,,,1025.0,1198.0,2.5,,3.0,4,50000,8,120000,,https://www.edmunds.com/car-news/2027-rivian-r1s-r1t-debut-first-look.html,IIHS,,,4.5
Rivian,R1S,Premium,2027,no,SUV,4.0,7.0,AWD,EV,83990.0,,83990.0,,,,329.0,5.0,,41.4,36.6,32.8,41.1,39.7,39.0,yes,32.6,105.8,7700.0,2017.0,,533.0,610.0,4.5,,3.0,4,50000,8,120000,,https://www.edmunds.com/car-news/2027-rivian-r1s-r1t-debut-first-look.html,IIHS,,,
Rivian,R1S,Performance,2027,no,SUV,4.0,7.0,AWD,EV,106990.0,,106990.0,,,,371.0,5.0,,41.4,36.6,32.8,41.1,39.7,39.0,yes,32.6,105.8,7700.0,,,850.0,1103.0,2.9,,3.0,4,50000,8,120000,,https://www.edmunds.com/car-news/2027-rivian-r1s-r1t-debut-first-look.html,IIHS,,,
Rivian,R1S,Quad,2027,yes,SUV,4.0,7.0,AWD,EV,121990.0,,121990.0,,,,374.0,5.0,,41.4,36.6,32.8,41.1,39.7,39.0,yes,32.6,105.8,7700.0,,,1025.0,1198.0,2.6,,3.0,4,50000,8,120000,,https://www.edmunds.com/car-news/2027-rivian-r1s-r1t-debut-first-look.html,IIHS,,,
Rivian,R2,Performance,2027,yes,SUV,4.0,5.0,AWD,EV,57990.0,1495.0,59485.0,114.0,96.0,105.0,330.0,,,41.4,40.4,,40.9,40.4,,no,33.9,90.1,4400.0,1168.0,,656.0,609.0,3.6,,,4,50000,8,120000,,https://www.edmunds.com/rivian/r2/2027/features-specs/,,,,
Lucid,Air,Pure,2027,no,Sedan,4.0,5.0,RWD,EV,70900.0,1500.0,72400.0,,,,410.0,5.0,,45.4,37.6,,39.6,37.8,,no,22.1,32.1,,,,430.0,,4.5,124.0,,4,50000,8,100000,,https://www.lucidmotors.com/air,NHTSA,,,
Lucid,Air,Touring,2027,no,Sedan,4.0,5.0,AWD,EV,79900.0,1500.0,81400.0,,,,411.0,5.0,,45.4,36.6,,39.6,37.8,,no,22.1,32.1,,,,620.0,,3.4,140.0,,4,50000,8,100000,,https://www.lucidmotors.com/air,NHTSA,,,
Lucid,Air,Grand Touring,2027,no,Sedan,4.0,5.0,AWD,EV,114900.0,1500.0,116400.0,,,,516.0,5.0,,45.4,36.6,,39.6,37.8,,no,22.1,32.1,,,,819.0,,3.0,168.0,,4,50000,8,100000,,https://www.lucidmotors.com/air,NHTSA,,,
Lucid,Air,Sapphire,2027,yes,Sedan,4.0,5.0,AWD,EV,249000.0,1500.0,250500.0,,,,427.0,5.0,,45.4,36.6,,39.6,37.8,,no,22.1,32.1,,,,1234.0,,1.9,205.0,,4,50000,8,100000,,https://www.lucidmotors.com/air,NHTSA,,,
Lucid,Gravity,Touring,2027,no,SUV,4.0,7.0,AWD,EV,81750.0,1650.0,83400.0,,,111.0,337.0,,,40.9,42.6,,42.0,41.0,,yes,21.3,,3500.0,,,560.0,,4.0,,,4,50000,8,100000,,https://www.kbb.com/lucid/gravity/2027/touring/,,,,
Lucid,Gravity,Grand Touring,2027,no,SUV,4.0,7.0,AWD,EV,100750.0,1650.0,102400.0,,,108.0,450.0,,,40.9,42.6,,42.0,41.0,,yes,21.3,,6000.0,,,828.0,,3.4,,,4,50000,8,100000,,https://www.kbb.com/lucid/gravity/2027/grand-touring/,,,,
Mercedes-Benz,E-Class,E 350,2027,no,Sedan,4.0,5.0,RWD,Gas,65200.0,,,25.0,33.0,,,,,41.5,36.2,,37.3,37.6,,no,12.7,,,,,255.0,295.0,6.1,,3.0,4,50000,4,50000,,https://www.mbusa.com/en/vehicles/class/e-class/sedan,,,,
Mercedes-Benz,E-Class,E 350 4MATIC,2027,no,Sedan,4.0,5.0,AWD,Gas,67700.0,,,25.0,33.0,,,,,41.5,36.2,,37.3,37.6,,no,12.7,,,,,255.0,295.0,,,3.0,4,50000,4,50000,,https://www.mbusa.com/en/vehicles/class/e-class/sedan,,,,
Mercedes-Benz,E-Class,E 450 4MATIC,2027,no,Sedan,4.0,5.0,AWD,Gas,73700.0,,,22.0,31.0,25.0,,,,41.5,36.2,,37.3,37.6,,no,12.7,,,,,375.0,369.0,4.4,,3.0,4,50000,4,50000,,https://www.mbusa.com/en/vehicles/class/e-class/sedan,,,,
Mercedes-Benz,E-Class,E 450 4MATIC All-Terrain,2027,no,Wagon,4.0,5.0,AWD,Gas,80000.0,,,22.0,31.0,25.0,,,,41.5,36.2,,37.3,37.6,,no,12.7,,,,,375.0,369.0,,,3.0,4,50000,4,50000,,https://www.mbusa.com/en/vehicles/class/e-class/wagon,,,,
Mercedes-Benz,E-Class,AMG E 53 Hybrid,2027,yes,Sedan,4.0,5.0,AWD,PHEV,91100.0,,,,,,,,,41.5,36.2,,37.3,37.6,,no,12.7,,,,,577.0,553.0,3.9,,3.0,4,50000,4,50000,,https://www.mbusa.com/en/vehicles/class/e-class/sedan,,17.4,,
Mercedes-Benz,E-Class,AMG E 53 Hybrid All-Terrain,2027,yes,Wagon,4.0,5.0,AWD,PHEV,95200.0,,,,,,,,,41.5,36.2,,37.3,37.6,,no,12.7,,,,,577.0,553.0,,,3.0,4,50000,4,50000,,https://www.mbusa.com/en/vehicles/class/e-class/wagon,,17.4,,
Mercedes-Benz,CLA,CLA 220 Hybrid,2027,no,Sedan,4.0,5.0,FWD,Hybrid,43900.0,,,29.0,39.0,,,,,41.6,33.6,,40.9,36.8,,no,14.3,,,,,188.0,280.0,7.1,,3.0,4,50000,4,50000,,https://www.mbusa.com/en/vehicles/class/cla/sedan,,11.4,,
Mercedes-Benz,CLA,CLA 250+ Electric,2027,no,Sedan,4.0,5.0,RWD,EV,47950.0,,,,,,374.0,,,,33.6,,40.9,36.8,,no,10.3,11.7,,,,268.0,247.0,6.6,,3.0,4,50000,4,50000,,https://www.mbusa.com/en/vehicles/class/cla/sedan,,,,
Mercedes-Benz,CLA,CLA 350 4MATIC Electric,2027,no,Sedan,4.0,5.0,AWD,EV,50500.0,,,,,,312.0,,,,33.6,,40.9,36.8,,no,10.3,11.7,,,,349.0,380.0,4.8,,3.0,4,50000,4,50000,,https://www.mbusa.com/en/vehicles/class/cla/sedan,,,,
Mercedes-Benz,CLE,CLE 300 4MATIC,2027,no,Coupe,2.0,4.0,AWD,Gas,60900.0,,,,,,,,,42.1,34.2,,40.3,,,no,9.8,,,,,255.0,295.0,,,3.0,4,50000,4,50000,,https://www.mbusa.com/en/vehicles/class/cle/coupe,,,,
Mercedes-Benz,CLE,CLE 450 4MATIC,2027,no,Coupe,2.0,4.0,AWD,Gas,70500.0,,,,,,,,,42.1,34.2,,40.3,,,no,9.8,,,,,375.0,369.0,,,3.0,4,50000,4,50000,,https://www.mbusa.com/en/vehicles/class/cle/coupe,,,,
Mercedes-Benz,CLE,AMG CLE 53,2027,yes,Coupe,2.0,4.0,AWD,Hybrid,77400.0,,,20.0,27.0,23.0,,,,42.1,34.2,,40.3,,,no,9.8,,,,,443.0,413.0,4.0,,3.0,4,50000,4,50000,,https://www.mbusa.com/en/vehicles/class/cle/coupe,,,,
Mercedes-Benz,CLE,CLE 300 4MATIC Cabriolet,2027,no,Convertible,2.0,4.0,AWD,Gas,69400.0,,,23.0,32.0,26.0,,,,,,,,,,no,9.6,,,,,255.0,295.0,,,3.0,4,50000,4,50000,,https://www.mbusa.com/en/vehicles/class/cle/cabriolet,,,,
Mercedes-Benz,CLE,CLE 450 4MATIC Cabriolet,2027,no,Convertible,2.0,4.0,AWD,Gas,78900.0,,,,,,,,,,,,,,,no,9.6,,,,,375.0,369.0,,,3.0,4,50000,4,50000,,https://www.mbusa.com/en/vehicles/class/cle/cabriolet,,,,
Mercedes-Benz,CLE,AMG CLE 53 Cabriolet,2027,yes,Convertible,2.0,4.0,AWD,Hybrid,85700.0,,,,,,,,,,,,,,,no,9.6,,,,,443.0,413.0,,,3.0,4,50000,4,50000,,https://www.mbusa.com/en/vehicles/class/cle/cabriolet,,,,
Mercedes-Benz,GLC,GLC 300,2027,no,SUV,4.0,5.0,RWD,Gas,52400.0,,,23.0,31.0,26.0,,,,40.7,37.4,,,,,no,21.9,56.3,,,,255.0,295.0,5.9,,3.0,4,50000,4,50000,,https://www.mbusa.com/en/vehicles/class/glc/suv,,,,
Mercedes-Benz,GLC,GLC 300 4MATIC,2027,no,SUV,4.0,5.0,AWD,Gas,54400.0,,,23.0,31.0,26.0,,,,40.7,37.4,,,,,no,21.9,56.3,,,,255.0,295.0,6.0,,3.0,4,50000,4,50000,,https://www.mbusa.com/en/vehicles/class/glc/suv,,,,
Mercedes-Benz,GLC,GLC 350e 4MATIC,2027,no,SUV,4.0,5.0,AWD,PHEV,62700.0,,,,,,,,,40.7,37.4,,,,,no,21.9,56.3,,,,313.0,406.0,6.3,,3.0,4,50000,4,50000,,https://www.mbusa.com/en/vehicles/class/glc/suv,,,,
Mercedes-Benz,GLC,AMG GLC 53 4MATIC+,2027,yes,SUV,4.0,5.0,AWD,Hybrid,69900.0,,,,,,,,,40.7,37.4,,,,,no,21.9,56.3,,,,443.0,443.0,4.0,,3.0,4,50000,4,50000,,https://www.mbusa.com/en/vehicles/class/glc/suv,,,,
Mercedes-Benz,GLC,GLC 400 4MATIC Electric,2027,no,SUV,4.0,5.0,AWD,EV,,,,,,,,,,41.4,,,40.9,,,no,20.1,61.4,5291.0,,,483.0,590.0,4.2,,3.0,4,50000,4,50000,,https://www.mbusa.com/en/vehicles/class/glc/suv-bev,,,,
Mercedes-Benz,GLC Coupe,GLC 300 4MATIC Coupe,2027,no,SUV,4.0,5.0,AWD,Gas,62950.0,,,23.0,31.0,,,,,,,,,,,no,19.2,52.6,,,,255.0,295.0,6.1,,3.0,4,50000,4,50000,,https://www.mbusa.com/en/vehicles/class/glc/coupe,,,,
Mercedes-Benz,GLC Coupe,AMG GLC 53 4MATIC+ Coupe,2027,yes,SUV,4.0,5.0,AWD,Hybrid,75900.0,,,20.0,26.0,,,,,40.8,,,,,,no,21.5,52.6,,,,443.0,443.0,4.0,,3.0,4,50000,4,50000,,https://www.mbusa.com/en/vehicles/class/glc/coupe,,,,
Mercedes-Benz,EQE SUV,EQE 320+,2027,no,SUV,4.0,5.0,RWD,EV,64950.0,,,,,,,,,40.6,39.4,,39.5,39.4,,no,14.0,55.0,,,,315.0,416.0,5.9,,3.0,4,50000,4,50000,,https://www.mbusa.com/en/vehicles/class/eqe/suv,,,,
Mercedes-Benz,EQE SUV,EQE 320 4MATIC,2027,no,SUV,4.0,5.0,AWD,EV,67450.0,,,,,,,,,40.6,40.6,,39.5,39.4,,no,14.0,55.0,,,,315.0,564.0,6.2,,3.0,4,50000,4,50000,,https://www.mbusa.com/en/vehicles/class/eqe/suv,,,,
Mercedes-Benz,EQS,EQS 450+,2027,no,Sedan,4.0,5.0,RWD,EV,101450.0,,,,,,,,,41.6,40.4,,40.4,38.0,,no,22.0,63.0,,,,402.0,372.0,5.7,,3.0,4,50000,4,50000,,https://www.mbusa.com/en/vehicles/class/eqs/sedan,,,,
Mercedes-Benz,EQS,EQS 500 4MATIC,2027,no,Sedan,4.0,5.0,AWD,EV,104450.0,,,,,,,,,41.6,40.4,,40.4,38.0,,no,22.0,63.0,,,,469.0,553.0,4.3,,3.0,4,50000,4,50000,,https://www.mbusa.com/en/vehicles/class/eqs/sedan,,,,
Mercedes-Benz,EQS,EQS 580 4MATIC,2027,no,Sedan,4.0,5.0,AWD,EV,123900.0,,,,,,,,,41.6,40.4,,40.4,38.0,,no,22.0,63.0,,,,576.0,590.0,3.9,,3.0,4,50000,4,50000,,https://www.mbusa.com/en/vehicles/class/eqs/sedan,,,,
Mercedes-Benz,EQS SUV,EQS 400 4MATIC,2027,no,SUV,4.0,5.0,AWD,EV,89950.0,,,,,,312.0,,,,,,,,,no,23.0,74.0,,,,355.0,590.0,5.9,,3.0,4,50000,4,50000,,https://www.mbusa.com/en/vehicles/class/eqs/suv,,,,
Mercedes-Benz,EQS SUV,EQS 550 4MATIC,2027,no,SUV,4.0,5.0,AWD,EV,112450.0,,,,,,,,,40.6,41.3,,40.7,40.6,,no,23.0,74.0,,,,536.0,633.0,4.6,,3.0,4,50000,4,50000,,https://www.mbusa.com/en/vehicles/class/eqs/suv,,,,
Mercedes-Benz,G-Class,AMG G 63,2027,yes,SUV,4.0,5.0,4WD,Gas,198750.0,,,14.0,16.0,15.0,,,,38.7,39.5,,41.9,40.5,,no,37.4,68.6,,,,577.0,627.0,4.2,,3.0,4,50000,4,50000,,https://www.mbusa.com/en/vehicles/model/g-class/suv/g63w4,,,,
Mercedes-Benz,AMG GT,AMG GT 43 Coupe,2027,yes,Coupe,2.0,4.0,RWD,Gas,108850.0,,,19.0,27.0,,,,,,,,,,,no,,,,,,416.0,369.0,4.5,,3.0,4,50000,4,50000,,https://www.mbusa.com/en/vehicles/class/gt/amg-gt-2-door,,18.5,,
Mercedes-Benz,AMG GT,AMG GT 55 Coupe,2027,yes,Coupe,2.0,4.0,AWD,Gas,137450.0,,,,,,,,,,,,,,,no,,,,,,469.0,516.0,3.8,,3.0,4,50000,4,50000,,https://www.mbusa.com/en/vehicles/class/gt/amg-gt-2-door,,,,
Mercedes-Benz,AMG GT,AMG GT 63 Coupe,2027,yes,Coupe,2.0,4.0,AWD,Gas,184000.0,,,,,,,,,,,,,,,no,,,,,,577.0,590.0,3.1,196.0,3.0,4,50000,4,50000,,https://www.mbusa.com/en/vehicles/class/gt/amg-gt-2-door,,,,
Mercedes-Benz,AMG GT,AMG GT 63 PRO 4MATIC+ Coupe,2027,yes,Coupe,2.0,4.0,AWD,Gas,205000.0,,,,,,,,,,,,,,,no,,,,,,603.0,627.0,3.1,197.0,3.0,4,50000,4,50000,,https://www.mbusa.com/en/vehicles/class/gt/amg-gt-2-door,,,,
Mercedes-Benz,AMG GT,AMG GT 63 S E Performance Coupe,2027,yes,Coupe,2.0,4.0,AWD,PHEV,205000.0,,,,,,,,,,,,,,,no,,,,,,805.0,1047.0,2.7,,3.0,4,50000,4,50000,,https://www.mbusa.com/en/vehicles/class/gt/amg-gt-2-door,,,,
Mercedes-Benz,SL,AMG SL 43 Roadster,2027,yes,Convertible,2.0,4.0,RWD,Hybrid,114900.0,,,,,,,,,,,,,,,no,7.5,,,,,416.0,,4.6,,3.0,4,50000,4,50000,,https://www.mbusa.com/en/vehicles/class/sl/roadster,,,,
Mercedes-Benz,SL,AMG SL 55 Roadster,2027,yes,Convertible,2.0,4.0,AWD,Gas,147750.0,,,,,,,,,,,,,,,no,7.5,,,,,469.0,516.0,3.8,,3.0,4,50000,4,50000,,https://www.mbusa.com/en/vehicles/class/sl/roadster,,,,
Mercedes-Benz,SL,AMG SL 63 Roadster,2027,yes,Convertible,2.0,4.0,AWD,Gas,190500.0,,,,,,,,,,,,,,,no,7.5,,,,,577.0,,3.5,,3.0,4,50000,4,50000,,https://www.mbusa.com/en/vehicles/class/sl/roadster,,,,
Mercedes-Benz,S-Class,S 500 4MATIC,2027,no,Sedan,4.0,5.0,AWD,Gas,112550.0,,,,,,,,,41.3,43.9,,42.1,39.4,,no,12.5,,,,,442.0,413.0,4.3,,4.0,4,50000,4,50000,,https://www.mbusa.com/en/vehicles/class/s-class/sedan,,20.0,,
Mercedes-Benz,S-Class,S 580 4MATIC,2027,no,Sedan,4.0,5.0,AWD,Gas,134600.0,,,,,,,,,41.3,43.9,,42.1,39.4,,no,12.5,,,,,530.0,533.0,3.9,,4.0,4,50000,4,50000,,https://www.mbusa.com/en/vehicles/class/s-class/sedan,,20.0,,
Mercedes-Benz,Maybach S-Class,Maybach S 580 4MATIC,2027,no,Sedan,4.0,5.0,AWD,Gas,,,,,,,,,,,,,,,,no,,,,,,530.0,533.0,4.3,,4.0,4,50000,4,50000,,https://www.mbusa.com/en/vehicles/model/s-class/maybach/s580z4,,,,
Mercedes-Benz,Maybach S-Class,Maybach S 680 4MATIC,2027,no,Sedan,4.0,5.0,AWD,Gas,,,,,,,,,,,,,,,,no,12.3,,,,,621.0,664.0,4.3,,4.0,4,50000,4,50000,,https://www.mbusa.com/en/vehicles/model/s-class/maybach/s680z4,,,,
Mercedes-Benz,Maybach SL,Maybach SL 680 Monogram Series,2027,no,Convertible,2.0,2.0,AWD,Gas,225900.0,,,13.0,20.0,16.0,,,,,,,,,,no,,,,,,577.0,590.0,4.0,,4.0,4,50000,4,50000,,https://www.mbusa.com/en/vehicles/class/sl-maybach/roadster,,,,
Hyundai,Santa Fe,SE,2027,no,SUV,4.0,7.0,FWD,Gas,35300.0,,35300.0,,,24.0,,,,44.4,41.5,,41.1,40.6,,yes,14.6,40.5,2000.0,,"3.5/5.0 (RepairPal, rank 17 of 32 Midsize SUVs)",277.0,311.0,,,3.0,5,60000,10,100000,53.0,https://www.hyundaiusa.com/us/en/vehicles/santa-fe,IIHS,,model-specific (CarEdge),
Hyundai,Santa Fe,SE,2027,no,SUV,4.0,7.0,AWD,Gas,37100.0,,37100.0,,,,,,,44.4,41.5,,41.1,40.6,,yes,14.6,40.5,2000.0,,"3.5/5.0 (RepairPal, rank 17 of 32 Midsize SUVs)",277.0,311.0,,,3.0,5,60000,10,100000,53.0,https://www.hyundaiusa.com/us/en/vehicles/santa-fe,IIHS,,model-specific (CarEdge),
Hyundai,Santa Fe,SE Hybrid,2027,no,SUV,4.0,7.0,FWD,Hybrid,36650.0,,36650.0,37.0,36.0,36.0,,,,44.4,41.5,,41.1,40.6,,yes,14.6,40.5,2000.0,,"3.5/5.0 (RepairPal, rank 17 of 32 Midsize SUVs)",231.0,271.0,,,3.0,5,60000,10,100000,53.0,https://www.hyundaiusa.com/us/en/vehicles/santa-fe,IIHS,,model-specific (CarEdge),
Hyundai,Santa Fe,SE Hybrid,2027,no,SUV,4.0,7.0,AWD,Hybrid,38450.0,,38450.0,,,,,,,44.4,41.5,,41.1,40.6,,yes,14.6,40.5,2000.0,,"3.5/5.0 (RepairPal, rank 17 of 32 Midsize SUVs)",231.0,271.0,,,3.0,5,60000,10,100000,53.0,https://www.hyundaiusa.com/us/en/vehicles/santa-fe,IIHS,,model-specific (CarEdge),
Hyundai,Santa Fe,SEL,2027,no,SUV,4.0,7.0,FWD,Gas,37840.0,,37840.0,,,,,,,44.4,41.5,,41.1,40.6,,yes,14.6,40.5,2000.0,,"3.5/5.0 (RepairPal, rank 17 of 32 Midsize SUVs)",277.0,311.0,,,3.0,5,60000,10,100000,53.0,https://www.hyundaiusa.com/us/en/vehicles/santa-fe,IIHS,,model-specific (CarEdge),
Hyundai,Santa Fe,SEL,2027,no,SUV,4.0,7.0,AWD,Gas,39640.0,,39640.0,,,,,,,44.4,41.5,,41.1,40.6,,yes,14.6,40.5,2000.0,,"3.5/5.0 (RepairPal, rank 17 of 32 Midsize SUVs)",277.0,311.0,,,3.0,5,60000,10,100000,53.0,https://www.hyundaiusa.com/us/en/vehicles/santa-fe,IIHS,,model-specific (CarEdge),
Hyundai,Santa Fe,SEL Hybrid,2027,no,SUV,4.0,7.0,FWD,Hybrid,38940.0,,38940.0,,,,,,,44.4,41.5,,41.1,40.6,,yes,14.6,40.5,2000.0,,"3.5/5.0 (RepairPal, rank 17 of 32 Midsize SUVs)",231.0,271.0,,,3.0,5,60000,10,100000,53.0,https://www.hyundaiusa.com/us/en/vehicles/santa-fe,IIHS,,model-specific (CarEdge),
Hyundai,Santa Fe,SEL Hybrid,2027,no,SUV,4.0,7.0,AWD,Hybrid,40740.0,,40740.0,,,,,,,44.4,41.5,,41.1,40.6,,yes,14.6,40.5,2000.0,,"3.5/5.0 (RepairPal, rank 17 of 32 Midsize SUVs)",231.0,271.0,,,3.0,5,60000,10,100000,53.0,https://www.hyundaiusa.com/us/en/vehicles/santa-fe,IIHS,,model-specific (CarEdge),
Hyundai,Santa Fe,XRT,2027,no,SUV,4.0,7.0,AWD,Gas,42290.0,,42290.0,,,,,,,44.4,41.5,,41.1,40.6,,yes,14.6,40.5,2000.0,,"3.5/5.0 (RepairPal, rank 17 of 32 Midsize SUVs)",277.0,311.0,,,3.0,5,60000,10,100000,53.0,https://www.hyundaiusa.com/us/en/vehicles/santa-fe,IIHS,,model-specific (CarEdge),
Hyundai,Santa Fe,Limited,2027,no,SUV,4.0,7.0,FWD,Gas,44850.0,,44850.0,,,,,,,44.4,41.5,,41.1,40.6,,yes,14.6,40.5,2000.0,,"3.5/5.0 (RepairPal, rank 17 of 32 Midsize SUVs)",277.0,311.0,,,3.5,5,60000,10,100000,53.0,https://www.hyundaiusa.com/us/en/vehicles/santa-fe,IIHS,,model-specific (CarEdge),
Hyundai,Santa Fe,Limited,2027,no,SUV,4.0,7.0,AWD,Gas,46650.0,,46650.0,,,,,,,44.4,41.5,,41.1,40.6,,yes,14.6,40.5,2000.0,,"3.5/5.0 (RepairPal, rank 17 of 32 Midsize SUVs)",277.0,311.0,,,3.5,5,60000,10,100000,53.0,https://www.hyundaiusa.com/us/en/vehicles/santa-fe,IIHS,,model-specific (CarEdge),
Hyundai,Santa Fe,Limited Hybrid,2027,no,SUV,4.0,7.0,FWD,Hybrid,45950.0,,45950.0,,,,,,,44.4,41.5,,41.1,40.6,,yes,14.6,40.5,2000.0,,"3.5/5.0 (RepairPal, rank 17 of 32 Midsize SUVs)",231.0,271.0,,,3.5,5,60000,10,100000,53.0,https://www.hyundaiusa.com/us/en/vehicles/santa-fe,IIHS,,model-specific (CarEdge),
Hyundai,Santa Fe,Limited Hybrid,2027,no,SUV,4.0,7.0,AWD,Hybrid,47750.0,,47750.0,,,,,,,44.4,41.5,,41.1,40.6,,yes,14.6,40.5,2000.0,,"3.5/5.0 (RepairPal, rank 17 of 32 Midsize SUVs)",231.0,271.0,,,3.5,5,60000,10,100000,53.0,https://www.hyundaiusa.com/us/en/vehicles/santa-fe,IIHS,,model-specific (CarEdge),
Hyundai,Santa Fe,Calligraphy,2027,no,SUV,4.0,7.0,FWD,Gas,47850.0,,47850.0,,,,,,,44.4,41.5,,41.1,40.6,,yes,14.6,40.5,2000.0,,"3.5/5.0 (RepairPal, rank 17 of 32 Midsize SUVs)",277.0,311.0,,,4.0,5,60000,10,100000,53.0,https://www.hyundaiusa.com/us/en/vehicles/santa-fe,IIHS,,model-specific (CarEdge),
Hyundai,Santa Fe,Calligraphy,2027,no,SUV,4.0,7.0,AWD,Gas,49650.0,,49650.0,,,,,,,44.4,41.5,,41.1,40.6,,yes,14.6,40.5,2000.0,,"3.5/5.0 (RepairPal, rank 17 of 32 Midsize SUVs)",277.0,311.0,,,4.0,5,60000,10,100000,53.0,https://www.hyundaiusa.com/us/en/vehicles/santa-fe,IIHS,,model-specific (CarEdge),
Hyundai,Santa Fe,Calligraphy Hybrid,2027,no,SUV,4.0,7.0,FWD,Hybrid,48950.0,,48950.0,,,,,,,44.4,41.5,,41.1,40.6,,yes,14.6,40.5,2000.0,,"3.5/5.0 (RepairPal, rank 17 of 32 Midsize SUVs)",231.0,271.0,,,4.0,5,60000,10,100000,53.0,https://www.hyundaiusa.com/us/en/vehicles/santa-fe,IIHS,,model-specific (CarEdge),
Hyundai,Santa Fe,Calligraphy Hybrid,2027,no,SUV,4.0,7.0,AWD,Hybrid,50750.0,,50750.0,,,,,,,44.4,41.5,,41.1,40.6,,yes,14.6,40.5,2000.0,,"3.5/5.0 (RepairPal, rank 17 of 32 Midsize SUVs)",231.0,271.0,,,4.0,5,60000,10,100000,53.0,https://www.hyundaiusa.com/us/en/vehicles/santa-fe,IIHS,,model-specific (CarEdge),
Hyundai,Kona,SE,2027,no,SUV,4.0,5.0,FWD,Gas,25500.0,,25500.0,28.0,35.0,31.0,,,,41.7,38.2,,39.9,38.3,,no,25.5,,,,,147.0,132.0,,,3.0,5,60000,10,100000,42.0,https://www.hyundaiusa.com/us/en/vehicles/kona,IIHS,,model-specific (CarEdge),
Hyundai,Kona,SE,2027,no,SUV,4.0,5.0,AWD,Gas,27000.0,,27000.0,,,,,,,41.7,38.2,,39.9,38.3,,no,25.5,,,,,147.0,132.0,,,3.0,5,60000,10,100000,42.0,https://www.hyundaiusa.com/us/en/vehicles/kona,IIHS,,model-specific (CarEdge),
Hyundai,Kona,SEL Sport,2027,no,SUV,4.0,5.0,FWD,Gas,26825.0,,26825.0,,,,,,,41.7,38.2,,39.9,38.3,,no,25.5,,,,,147.0,132.0,,,3.0,5,60000,10,100000,42.0,https://www.hyundaiusa.com/us/en/vehicles/kona,IIHS,,model-specific (CarEdge),
Hyundai,Kona,SEL Sport,2027,no,SUV,4.0,5.0,AWD,Gas,28325.0,,28325.0,,,,,,,41.7,38.2,,39.9,38.3,,no,25.5,,,,,147.0,132.0,,,3.0,5,60000,10,100000,42.0,https://www.hyundaiusa.com/us/en/vehicles/kona,IIHS,,model-specific (CarEdge),
Hyundai,Kona,SEL Premium,2027,no,SUV,4.0,5.0,FWD,Gas,28425.0,,28425.0,,,,,,,41.7,38.2,,39.9,38.3,,no,25.5,,,,,190.0,195.0,,,3.5,5,60000,10,100000,42.0,https://www.hyundaiusa.com/us/en/vehicles/kona,IIHS,,model-specific (CarEdge),
Hyundai,Kona,SEL Premium,2027,no,SUV,4.0,5.0,AWD,Gas,29925.0,,29925.0,,,,,,,41.7,38.2,,39.9,38.3,,no,25.5,,,,,190.0,195.0,,,3.5,5,60000,10,100000,42.0,https://www.hyundaiusa.com/us/en/vehicles/kona,IIHS,,model-specific (CarEdge),
Hyundai,Kona,Limited,2027,no,SUV,4.0,5.0,FWD,Gas,32535.0,,32535.0,,,,,,,41.7,38.2,,39.9,38.3,,no,25.5,,,,,190.0,195.0,,,3.5,5,60000,10,100000,42.0,https://www.hyundaiusa.com/us/en/vehicles/kona,IIHS,,model-specific (CarEdge),
Hyundai,Kona,Limited,2027,no,SUV,4.0,5.0,AWD,Gas,34035.0,,34035.0,,,,,,,41.7,38.2,,39.9,38.3,,no,25.5,,,,,190.0,195.0,,,3.5,5,60000,10,100000,42.0,https://www.hyundaiusa.com/us/en/vehicles/kona,IIHS,,model-specific (CarEdge),
Hyundai,Santa Cruz,SE,2027,no,Truck,4.0,5.0,FWD,Gas,30300.0,,30300.0,22.0,30.0,25.0,,,,41.4,36.5,,40.2,39.6,,no,,,3500.0,,,191.0,181.0,,,3.0,5,60000,10,100000,39.0,https://www.hyundaiusa.com/us/en/vehicles/santa-cruz,IIHS,,model-specific (CarEdge),4.3
Hyundai,Santa Cruz,SE,2027,no,Truck,4.0,5.0,AWD,Gas,31800.0,,31800.0,,,,,,,41.4,36.5,,40.2,39.6,,no,,,3500.0,,,191.0,181.0,,,3.0,5,60000,10,100000,39.0,https://www.hyundaiusa.com/us/en/vehicles/santa-cruz,IIHS,,model-specific (CarEdge),4.3
Hyundai,Santa Cruz,SEL Activity,2027,no,Truck,4.0,5.0,FWD,Gas,34700.0,,34700.0,,,,,,,41.4,36.5,,40.2,39.6,,no,,,3500.0,,,191.0,181.0,,,3.0,5,60000,10,100000,39.0,https://www.hyundaiusa.com/us/en/vehicles/santa-cruz,IIHS,,model-specific (CarEdge),4.3
Hyundai,Santa Cruz,SEL Activity,2027,no,Truck,4.0,5.0,AWD,Gas,36200.0,,36200.0,,,,,,,41.4,36.5,,40.2,39.6,,no,,,3500.0,,,191.0,181.0,,,3.0,5,60000,10,100000,39.0,https://www.hyundaiusa.com/us/en/vehicles/santa-cruz,IIHS,,model-specific (CarEdge),4.3
Hyundai,Santa Cruz,XRT,2027,no,Truck,4.0,5.0,AWD,Gas,42775.0,,42775.0,,,,,,,41.4,36.5,,40.2,39.6,,no,,,3500.0,,,281.0,311.0,,,3.5,5,60000,10,100000,39.0,https://www.hyundaiusa.com/us/en/vehicles/santa-cruz,IIHS,,model-specific (CarEdge),4.3
Genesis,GV80,2.5T,2027,no,SUV,4.0,5.0,RWD,Gas,58850.0,,58850.0,,,22.0,,,,41.6,38.7,,40.2,38.4,,no,36.5,71.7,,,,300.0,311.0,,,3.5,5,60000,10,100000,52.0,https://www.genesis.com/us/en/gv80,IIHS,,model-specific (CarEdge),
Genesis,GV80,2.5T,2027,no,SUV,4.0,7.0,AWD,Gas,61200.0,,61200.0,,,22.0,,,,41.6,38.7,30.3,40.2,38.4,34.3,yes,36.5,71.7,,,,300.0,311.0,,,3.5,5,60000,10,100000,52.0,https://www.genesis.com/us/en/gv80,IIHS,,model-specific (CarEdge),
Genesis,GV80,2.5T Select,2027,no,SUV,4.0,7.0,AWD,Gas,64850.0,,64850.0,,,22.0,,,,41.6,38.7,30.3,40.2,38.4,34.3,yes,36.5,71.7,,,,300.0,311.0,,,3.5,5,60000,10,100000,52.0,https://www.genesis.com/us/en/gv80,IIHS,,model-specific (CarEdge),
Genesis,GV80,2.5T Advanced,2027,no,SUV,4.0,7.0,AWD,Gas,68900.0,,68900.0,,,22.0,,,,41.6,38.7,30.3,40.2,38.4,34.3,yes,36.5,71.7,,,,300.0,311.0,,,4.0,5,60000,10,100000,52.0,https://www.genesis.com/us/en/gv80,IIHS,,model-specific (CarEdge),
Genesis,GV80,2.5T Prestige,2027,no,SUV,4.0,7.0,AWD,Gas,74000.0,,74000.0,,,22.0,,,,41.6,38.7,30.3,40.2,38.4,34.3,yes,36.5,71.7,,,,300.0,311.0,,,4.0,5,60000,10,100000,52.0,https://www.genesis.com/us/en/gv80,IIHS,,model-specific (CarEdge),
Genesis,GV80,3.5T Advanced,2027,no,SUV,4.0,7.0,AWD,Gas,76250.0,,76250.0,,,,,,,41.6,38.7,30.3,40.2,38.4,34.3,yes,36.5,71.7,,,,375.0,391.0,,,4.0,5,60000,10,100000,52.0,https://www.genesis.com/us/en/gv80,IIHS,,model-specific (CarEdge),
Genesis,GV80,3.5T Prestige,2027,no,SUV,4.0,7.0,AWD,Gas,83100.0,,83100.0,,,,,,,41.6,38.7,30.3,40.2,38.4,34.3,yes,36.5,71.7,,,,375.0,391.0,,,4.5,5,60000,10,100000,52.0,https://www.genesis.com/us/en/gv80,IIHS,,model-specific (CarEdge),
Genesis,GV80,3.5T Prestige Black,2027,no,SUV,4.0,5.0,AWD,Gas,84100.0,,84100.0,,,,,,,41.6,38.7,,40.2,38.4,,no,36.5,71.7,,,,375.0,391.0,,,4.5,5,60000,10,100000,52.0,https://www.genesis.com/us/en/gv80,IIHS,,model-specific (CarEdge),
Genesis,GV80 Coupe,3.5T Advanced,2027,no,SUV,4.0,5.0,AWD,Gas,77200.0,,77200.0,,,,,,,41.6,38.7,,40.2,37.6,,no,29.3,61.1,6000.0,,,375.0,391.0,,,4.0,5,60000,10,100000,29.0,https://www.genesis.com/us/en/gv80-coupe,IIHS,,model-specific (CarEdge),
Genesis,GV80 Coupe,3.5T E-Supercharger Prestige,2027,no,SUV,4.0,5.0,AWD,Hybrid,88500.0,,88500.0,,,19.0,,,,41.6,38.7,,40.2,37.6,,no,29.3,61.1,6000.0,,,409.0,405.0,,,4.5,5,60000,10,100000,29.0,https://www.genesis.com/us/en/gv80-coupe,IIHS,,model-specific (CarEdge),
Genesis,GV80 Coupe,3.5T E-Supercharger Prestige Black,2027,no,SUV,4.0,5.0,AWD,Hybrid,90200.0,,90200.0,,,19.0,,,,41.6,38.7,,40.2,37.6,,no,29.3,61.1,6000.0,,,409.0,405.0,,,4.5,5,60000,10,100000,29.0,https://www.genesis.com/us/en/gv80-coupe,IIHS,,model-specific (CarEdge),
Genesis,GV70,2.5T,2027,no,SUV,4.0,5.0,AWD,Gas,49350.0,,49350.0,,,22.0,,,,41.3,37.2,,38.6,38.3,,no,28.9,,3500.0,,,300.0,311.0,,,3.5,5,60000,10,100000,52.0,https://www.genesis.com/us/en/gv70,IIHS,,model-specific (CarEdge),
Genesis,GV70,2.5T Select,2027,no,SUV,4.0,5.0,AWD,Gas,52550.0,,52550.0,,,22.0,,,,41.3,37.2,,38.6,38.3,,no,28.9,,3500.0,,,300.0,311.0,,,3.5,5,60000,10,100000,52.0,https://www.genesis.com/us/en/gv70,IIHS,,model-specific (CarEdge),
Genesis,GV70,2.5T Advanced,2027,no,SUV,4.0,5.0,AWD,Gas,57050.0,,57050.0,,,22.0,,,,41.3,37.2,,38.6,38.3,,no,28.9,,3500.0,,,300.0,311.0,,,4.0,5,60000,10,100000,52.0,https://www.genesis.com/us/en/gv70,IIHS,,model-specific (CarEdge),
Genesis,GV70,2.5T Sport Prestige,2027,yes,SUV,4.0,5.0,AWD,Gas,61550.0,,61550.0,,,22.0,,,,41.3,37.2,,38.6,38.3,,no,28.9,,3500.0,,,300.0,311.0,,,4.0,5,60000,10,100000,52.0,https://www.genesis.com/us/en/gv70,IIHS,,model-specific (CarEdge),
Genesis,GV70,3.5T Sport Prestige,2027,yes,SUV,4.0,5.0,AWD,Gas,70500.0,,70500.0,,,,,,,41.3,37.2,,38.6,38.3,,no,28.9,,3500.0,,,375.0,391.0,,,4.5,5,60000,10,100000,52.0,https://www.genesis.com/us/en/gv70,IIHS,,model-specific (CarEdge),
Genesis,GV70,3.5T Prestige Graphite,2027,no,SUV,4.0,5.0,AWD,Gas,71700.0,,71700.0,,,,,,,41.3,37.2,,38.6,38.3,,no,28.9,,3500.0,,,375.0,391.0,,,4.5,5,60000,10,100000,52.0,https://www.genesis.com/us/en/gv70,IIHS,,model-specific (CarEdge),
Genesis,Electrified GV70,Base,2027,no,SUV,4.0,5.0,AWD,Electric,58500.0,,58500.0,,,,250.0,,,41.3,36.6,,,,,no,28.7,,3500.0,,,429.0,516.0,,,4.0,5,60000,10,100000,,https://www.genesis.com/us/en/electrified-gv70,IIHS,,,
Genesis,Electrified GV70,Advanced,2027,no,SUV,4.0,5.0,AWD,Electric,66300.0,,66300.0,,,,250.0,,,41.3,36.6,,,,,no,28.7,,3500.0,,,483.0,516.0,,,4.0,5,60000,10,100000,,https://www.genesis.com/us/en/electrified-gv70,IIHS,,,
Genesis,Electrified GV70,Prestige,2027,no,SUV,4.0,5.0,AWD,Electric,70650.0,,70650.0,,,,,,,41.3,36.6,,,,,no,28.7,,3500.0,,,483.0,516.0,,,4.5,5,60000,10,100000,,https://www.genesis.com/us/en/electrified-gv70,IIHS,,,
Genesis,GV60,Base,2027,no,SUV,4.0,5.0,RWD,Electric,46250.0,,46250.0,,,,306.0,,,42.3,37.6,,39.0,38.1,,no,24.0,,2000.0,,,225.0,258.0,,,3.5,5,60000,10,100000,61.0,https://www.genesis.com/us/en/gv60,IIHS,,model-specific (CarEdge),
Genesis,GV60,Base,2027,no,SUV,4.0,5.0,AWD,Electric,49950.0,,49950.0,,,,282.0,,,42.3,37.6,,39.0,38.1,,no,24.0,,2000.0,,,314.0,446.0,,,3.5,5,60000,10,100000,61.0,https://www.genesis.com/us/en/gv60,IIHS,,model-specific (CarEdge),
Genesis,GV60,Prestige,2027,no,SUV,4.0,5.0,AWD,Electric,57500.0,,57500.0,,,,,,,42.3,37.6,,39.0,38.1,,no,24.0,,2000.0,,,429.0,446.0,,,4.0,5,60000,10,100000,61.0,https://www.genesis.com/us/en/gv60,IIHS,,model-specific (CarEdge),
Genesis,G80,2.5T,2027,no,Sedan,4.0,5.0,AWD,Gas,59450.0,,59450.0,,,23.0,,,,42.2,38.7,,39.0,37.8,,no,13.1,,,,,300.0,311.0,,,3.5,5,60000,10,100000,59.0,https://www.genesis.com/us/en/g80,IIHS,,model-specific (CarEdge),
Genesis,G80,2.5T Advanced,2027,no,Sedan,4.0,5.0,AWD,Gas,64550.0,,64550.0,,,23.0,,,,42.2,38.7,,39.0,37.8,,no,13.1,,,,,300.0,311.0,,,4.0,5,60000,10,100000,59.0,https://www.genesis.com/us/en/g80,IIHS,,model-specific (CarEdge),
Genesis,G80,2.5T Sport Prestige,2027,yes,Sedan,4.0,5.0,AWD,Gas,70450.0,,70450.0,,,23.0,,,,42.2,38.7,,39.0,37.8,,no,13.1,,,,,300.0,311.0,,,4.0,5,60000,10,100000,59.0,https://www.genesis.com/us/en/g80,IIHS,,model-specific (CarEdge),
Genesis,G80,3.5T Sport Prestige,2027,yes,Sedan,4.0,5.0,AWD,Gas,79150.0,,79150.0,,,18.0,,,,42.2,38.7,,39.0,37.8,,no,13.1,,,,,375.0,391.0,,,4.5,5,60000,10,100000,59.0,https://www.genesis.com/us/en/g80,IIHS,,model-specific (CarEdge),
Genesis,G80,3.5T Prestige Black,2027,no,Sedan,4.0,5.0,AWD,Gas,80150.0,,80150.0,,,18.0,,,,42.2,38.7,,39.0,37.8,,no,13.1,,,,,375.0,391.0,,,4.5,5,60000,10,100000,59.0,https://www.genesis.com/us/en/g80,IIHS,,model-specific (CarEdge),
Kia,Telluride,LX,2027,,SUV,4.0,8.0,FWD,Gas,39190.0,1545.0,40735.0,18.0,24.0,20.0,380.0,,180.6,41.4,43.0,,40.0,40.4,,yes,22.3,89.3,5000.0,,,274.0,311.0,,,3.0,5,60000,10,100000,,https://www.kia.com/us/en/telluride,,19.0,,
Kia,Telluride,S,2027,,SUV,4.0,8.0,FWD,Gas,42090.0,1545.0,43635.0,18.0,24.0,20.0,380.0,,180.6,41.4,43.0,,40.0,40.4,,yes,22.3,89.3,5000.0,,,274.0,311.0,,,3.0,5,60000,10,100000,,https://www.kia.com/us/en/telluride,,19.0,,
Kia,Telluride,S,2027,,SUV,4.0,8.0,AWD,Gas,44090.0,1545.0,45635.0,18.0,24.0,20.0,380.0,,180.6,41.4,43.0,,40.0,40.4,,yes,22.3,89.3,5000.0,,,274.0,311.0,,,3.0,5,60000,10,100000,,https://www.kia.com/us/en/telluride,,19.0,,
Kia,Telluride,EX,2027,,SUV,4.0,8.0,FWD,Gas,43790.0,1545.0,45335.0,18.0,24.0,20.0,380.0,,180.6,41.4,43.0,,40.0,40.4,,yes,22.3,89.3,5000.0,,,274.0,311.0,,,3.5,5,60000,10,100000,,https://www.kia.com/us/en/telluride,,19.0,,
Kia,Telluride,EX,2027,,SUV,4.0,8.0,AWD,Gas,45790.0,1545.0,47335.0,18.0,24.0,20.0,380.0,,180.6,41.4,43.0,,40.0,40.4,,yes,22.3,89.3,5000.0,,,274.0,311.0,,,3.5,5,60000,10,100000,,https://www.kia.com/us/en/telluride,,19.0,,
Kia,Telluride,EX X-Line,2027,,SUV,4.0,8.0,AWD,Gas,47290.0,1545.0,48835.0,18.0,24.0,20.0,380.0,,180.6,41.4,43.0,,40.0,40.4,,yes,22.3,89.3,5000.0,,,274.0,311.0,,,3.5,5,60000,10,100000,,https://www.kia.com/us/en/telluride,,19.0,,
Kia,Telluride,SX,2027,,SUV,4.0,8.0,FWD,Gas,48790.0,1545.0,50335.0,18.0,24.0,20.0,380.0,,180.6,41.4,43.0,,40.0,40.4,,yes,22.3,89.3,5000.0,,,274.0,311.0,,,4.0,5,60000,10,100000,,https://www.kia.com/us/en/telluride,,19.0,,
Kia,Telluride,SX X-Line,2027,,SUV,4.0,8.0,AWD,Gas,51790.0,1545.0,53335.0,18.0,24.0,20.0,380.0,,180.6,41.4,43.0,,40.0,40.4,,yes,22.3,89.3,5000.0,,,274.0,311.0,,,4.0,5,60000,10,100000,,https://www.kia.com/us/en/telluride,,19.0,,
Kia,Telluride,SX Prestige,2027,,SUV,4.0,8.0,AWD,Gas,53890.0,1545.0,55435.0,18.0,24.0,20.0,380.0,,180.6,41.4,43.0,,40.0,40.4,,yes,22.3,89.3,5000.0,,,274.0,311.0,,,4.5,5,60000,10,100000,,https://www.kia.com/us/en/telluride,,19.0,,
Kia,Telluride,SX Prestige X-Line,2027,,SUV,4.0,8.0,AWD,Gas,54890.0,1545.0,56435.0,18.0,24.0,20.0,380.0,,180.6,41.4,43.0,,40.0,40.4,,yes,22.3,89.3,5000.0,,,274.0,311.0,,,4.5,5,60000,10,100000,,https://www.kia.com/us/en/telluride,,19.0,,
Kia,Telluride,SX Prestige X-Pro,2027,,SUV,4.0,8.0,AWD,Gas,56790.0,1545.0,58335.0,18.0,24.0,20.0,380.0,,180.6,41.4,43.0,,40.0,40.4,,yes,22.3,89.3,5000.0,,,274.0,311.0,,,4.5,5,60000,10,100000,,https://www.kia.com/us/en/telluride,,19.0,,
Kia,Telluride,EX,2027,,SUV,4.0,8.0,FWD,Hybrid,46490.0,1545.0,48035.0,,,35.0,637.0,,180.6,41.4,43.0,,40.0,40.4,,yes,21.3,,4500.0,,,329.0,339.0,,,3.5,5,60000,10,100000,,https://www.kia.com/us/en/telluride,,,,
Kia,Telluride,EX,2027,,SUV,4.0,8.0,AWD,Hybrid,48490.0,1545.0,50035.0,,,,,,180.6,41.4,43.0,,40.0,40.4,,yes,21.3,,4500.0,,,329.0,339.0,,,3.5,5,60000,10,100000,,https://www.kia.com/us/en/telluride,,,,
Kia,Telluride,SX,2027,,SUV,4.0,8.0,FWD,Hybrid,51490.0,1545.0,53035.0,,,,,,180.6,41.4,43.0,,40.0,40.4,,yes,21.3,,4500.0,,,329.0,339.0,,,4.0,5,60000,10,100000,,https://www.kia.com/us/en/telluride,,,,
Kia,Telluride,X-Line SX,2027,,SUV,4.0,8.0,AWD,Hybrid,54490.0,1545.0,56035.0,,,,,,180.6,41.4,43.0,,40.0,40.4,,yes,21.3,,4500.0,,,329.0,339.0,,,4.0,5,60000,10,100000,,https://www.kia.com/us/en/telluride,,,,
Kia,Telluride,SX Prestige,2027,,SUV,4.0,8.0,AWD,Hybrid,56590.0,1545.0,58135.0,,,,,,180.6,41.4,43.0,,40.0,40.4,,yes,21.3,,4500.0,,,329.0,339.0,7.0,,4.5,5,60000,10,100000,,https://www.kia.com/us/en/telluride,,,,
Kia,Telluride,X-Line SX Prestige,2027,,SUV,4.0,8.0,AWD,Hybrid,57590.0,1545.0,59135.0,,,,,,180.6,41.4,43.0,,40.0,40.4,,yes,21.3,,4500.0,,,329.0,339.0,,,4.5,5,60000,10,100000,,https://www.kia.com/us/en/telluride,,,,
Kia,Seltos,LX,2027,,SUV,4.0,5.0,FWD,Gas,24990.0,1495.0,26485.0,28.0,33.0,30.0,396.0,,131.3,41.4,39.0,,40.5,38.9,,no,27.8,64.2,,,,147.0,132.0,,,2.5,5,60000,10,100000,,https://www.kia.com/us/en/seltos,,13.2,,
Kia,Seltos,LX,2027,,SUV,4.0,5.0,AWD,Gas,26690.0,1495.0,28185.0,26.0,30.0,28.0,370.0,,131.3,41.4,39.0,,40.5,38.9,,no,27.8,64.2,,,,147.0,132.0,,,2.5,5,60000,10,100000,,https://www.kia.com/us/en/seltos,,13.2,,
Kia,Seltos,S,2027,,SUV,4.0,5.0,FWD,Gas,26390.0,1495.0,27885.0,28.0,33.0,30.0,396.0,,131.3,41.4,39.0,,40.5,38.9,,no,27.8,64.2,,,,147.0,132.0,,,3.0,5,60000,10,100000,,https://www.kia.com/us/en/seltos,,13.2,,
Kia,Seltos,S,2027,,SUV,4.0,5.0,AWD,Gas,28090.0,1495.0,29585.0,26.0,30.0,28.0,370.0,,131.3,41.4,39.0,,40.5,38.9,,no,27.8,64.2,,,,147.0,132.0,,,3.0,5,60000,10,100000,,https://www.kia.com/us/en/seltos,,13.2,,
Kia,Seltos,EX,2027,,SUV,4.0,5.0,FWD,Gas,28390.0,1495.0,29885.0,28.0,33.0,30.0,396.0,,131.3,41.4,39.0,,40.5,38.9,,no,27.8,64.2,,,,147.0,132.0,10.6,,3.5,5,60000,10,100000,,https://www.kia.com/us/en/seltos,,13.2,,
Kia,Seltos,EX,2027,,SUV,4.0,5.0,AWD,Gas,30090.0,1495.0,31585.0,26.0,30.0,28.0,370.0,,131.3,41.4,39.0,,40.5,38.9,,no,27.8,64.2,,,,147.0,132.0,,,3.5,5,60000,10,100000,,https://www.kia.com/us/en/seltos,,13.2,,
Kia,Seltos,X-Line S,2027,,SUV,4.0,5.0,AWD,Gas,28990.0,1495.0,30485.0,26.0,30.0,28.0,370.0,,131.3,41.4,39.0,,40.5,38.9,,no,27.8,64.2,,,,147.0,132.0,,,3.5,5,60000,10,100000,,https://www.kia.com/us/en/seltos,,13.2,,
Kia,Seltos,X-Line SX,2027,,SUV,4.0,5.0,AWD,Gas,32790.0,1495.0,34285.0,24.0,30.0,26.0,343.0,,131.3,41.4,39.0,,40.5,38.9,,no,27.8,64.2,,,,190.0,195.0,,,4.0,5,60000,10,100000,,https://www.kia.com/us/en/seltos,,13.2,,
Kia,Sportage,LX,2027,,SUV,4.0,5.0,FWD,Gas,28990.0,1495.0,30485.0,25.0,33.0,28.0,400.0,,,41.4,41.3,,39.6,39.4,,no,39.6,74.1,,,"4.0/5.0 (RepairPal, rank 6 of 26 compact SUVs)",187.0,178.0,,,3.0,5,60000,10,100000,,https://www.kia.com/us/en/sportage,,14.3,,
Kia,Sportage,EX,2027,,SUV,4.0,5.0,FWD,Gas,30790.0,1495.0,32285.0,25.0,33.0,28.0,400.0,,,41.4,41.3,,39.6,39.4,,no,39.6,74.1,,,"4.0/5.0 (RepairPal, rank 6 of 26 compact SUVs)",187.0,178.0,,,3.0,5,60000,10,100000,,https://www.kia.com/us/en/sportage,,14.3,,
Kia,Sportage,X-Line,2027,,SUV,4.0,5.0,AWD,Gas,34790.0,1495.0,36285.0,,,,,,,41.4,41.3,,39.6,39.4,,no,39.6,74.1,,,"4.0/5.0 (RepairPal, rank 6 of 26 compact SUVs)",187.0,178.0,,,3.5,5,60000,10,100000,,https://www.kia.com/us/en/sportage,,14.3,,
Kia,Sportage,SX,2027,,SUV,4.0,5.0,FWD,Gas,34590.0,1495.0,36085.0,25.0,33.0,28.0,400.0,,,41.4,41.3,,39.6,39.4,,no,39.6,74.1,,,"4.0/5.0 (RepairPal, rank 6 of 26 compact SUVs)",187.0,178.0,,,3.5,5,60000,10,100000,,https://www.kia.com/us/en/sportage,,14.3,,
Kia,Sportage,SX Prestige,2027,,SUV,4.0,5.0,FWD,Gas,36590.0,1495.0,38085.0,25.0,33.0,28.0,400.0,,,41.4,41.3,,39.6,39.4,,no,39.6,74.1,,,"4.0/5.0 (RepairPal, rank 6 of 26 compact SUVs)",187.0,178.0,,,4.0,5,60000,10,100000,,https://www.kia.com/us/en/sportage,,14.3,,
Kia,Sportage,X-Pro,2027,,SUV,4.0,5.0,AWD,Gas,39980.0,1495.0,41475.0,,,,,,,41.4,41.3,,39.6,39.4,,no,39.6,74.1,,,"4.0/5.0 (RepairPal, rank 6 of 26 compact SUVs)",187.0,178.0,,,4.0,5,60000,10,100000,,https://www.kia.com/us/en/sportage,,14.3,,
Kia,Sportage,LX,2027,,SUV,4.0,5.0,FWD,Hybrid,30590.0,1495.0,32085.0,40.0,42.0,41.0,562.0,,,41.4,41.3,,37.8,37.8,,no,39.5,73.7,,,"4.0/5.0 (RepairPal, rank 6 of 26 compact SUVs)",232.0,271.0,,,3.0,5,60000,10,100000,,https://www.kia.com/us/en/sportage,,13.7,,
Kia,Sportage,S,2027,,SUV,4.0,5.0,FWD,Hybrid,31290.0,1495.0,32785.0,40.0,42.0,41.0,562.0,,,41.4,41.3,,37.8,37.8,,no,39.5,73.7,,,"4.0/5.0 (RepairPal, rank 6 of 26 compact SUVs)",232.0,271.0,,,3.5,5,60000,10,100000,,https://www.kia.com/us/en/sportage,,13.7,,
Kia,Sportage,EX,2027,,SUV,4.0,5.0,FWD,Hybrid,32290.0,1495.0,33785.0,40.0,42.0,41.0,562.0,,,41.4,41.3,,37.8,37.8,,no,39.5,73.7,,,"4.0/5.0 (RepairPal, rank 6 of 26 compact SUVs)",232.0,271.0,,,3.5,5,60000,10,100000,,https://www.kia.com/us/en/sportage,,13.7,,
Kia,Sportage,X-Line,2027,,SUV,4.0,5.0,AWD,Hybrid,35790.0,1495.0,37285.0,35.0,36.0,35.0,480.0,,,41.4,41.3,,37.8,37.8,,no,39.5,73.7,,,"4.0/5.0 (RepairPal, rank 6 of 26 compact SUVs)",232.0,271.0,,,4.0,5,60000,10,100000,,https://www.kia.com/us/en/sportage,,13.7,,
Kia,Sportage,SX Prestige,2027,,SUV,4.0,5.0,AWD,Hybrid,40690.0,1495.0,42185.0,35.0,36.0,35.0,480.0,,,41.4,41.3,,37.8,37.8,,no,39.5,73.7,,,"4.0/5.0 (RepairPal, rank 6 of 26 compact SUVs)",232.0,271.0,,,4.5,5,60000,10,100000,,https://www.kia.com/us/en/sportage,,13.7,,
Kia,Sportage,X-Line,2027,,SUV,4.0,5.0,AWD,Plug-in Hybrid,40590.0,1495.0,42085.0,,,36.0,,,,41.4,39.5,,39.6,39.1,,no,34.5,65.5,,,"4.0/5.0 (RepairPal, rank 6 of 26 compact SUVs)",268.0,271.0,,,4.0,5,60000,10,100000,,https://www.kia.com/us/en/sportage,,11.1,,
Kia,Sportage,X-Line Prestige,2027,,SUV,4.0,5.0,AWD,Plug-in Hybrid,47390.0,1495.0,48885.0,,,36.0,,,,41.4,39.5,,39.6,39.1,,no,34.5,65.5,,,"4.0/5.0 (RepairPal, rank 6 of 26 compact SUVs)",268.0,271.0,,,4.5,5,60000,10,100000,,https://www.kia.com/us/en/sportage,,11.1,,
Kia,Carnival,LX,2027,,Minivan,4.0,8.0,FWD,Gas,37490.0,1545.0,39035.0,18.0,26.0,21.0,399.0,,,41.1,40.5,,40.9,39.5,,yes,40.2,145.1,3500.0,,,287.0,260.0,,,3.0,5,60000,10,100000,,https://www.kia.com/us/en/carnival,,19.0,,
Kia,Carnival,LXS,2027,,Minivan,4.0,8.0,FWD,Gas,39490.0,1545.0,41035.0,18.0,26.0,21.0,399.0,,,41.1,40.5,,40.9,39.5,,yes,40.2,145.1,3500.0,,,287.0,260.0,,,3.0,5,60000,10,100000,,https://www.kia.com/us/en/carnival,,19.0,,
Kia,Carnival,EX,2027,,Minivan,4.0,8.0,FWD,Gas,41690.0,1545.0,43235.0,18.0,26.0,21.0,399.0,,,41.1,40.5,,40.9,39.5,,yes,40.2,145.1,3500.0,,,287.0,260.0,,,3.5,5,60000,10,100000,,https://www.kia.com/us/en/carnival,,19.0,,
Kia,Carnival,SX,2027,,Minivan,4.0,8.0,FWD,Gas,46590.0,1545.0,48135.0,18.0,26.0,21.0,399.0,,,41.1,40.5,,40.9,39.5,,yes,40.2,145.1,3500.0,,,287.0,260.0,,,4.0,5,60000,10,100000,,https://www.kia.com/us/en/carnival,,19.0,,
Kia,Carnival,SX Prestige,2027,,Minivan,4.0,8.0,FWD,Gas,51590.0,1545.0,53135.0,18.0,26.0,21.0,399.0,,,41.1,40.5,,40.9,39.5,,yes,40.2,145.1,3500.0,,,287.0,260.0,,,4.5,5,60000,10,100000,,https://www.kia.com/us/en/carnival,,19.0,,
Kia,Carnival,LXS,2027,,Minivan,4.0,8.0,FWD,Hybrid,39945.0,1545.0,41490.0,34.0,32.0,33.0,627.0,,,41.1,40.5,,40.9,39.5,,yes,40.2,145.1,,,,242.0,271.0,,,3.5,5,60000,10,100000,,https://www.kia.com/us/en/carnival,,19.0,,
Kia,Carnival,EX,2027,,Minivan,4.0,8.0,FWD,Hybrid,42145.0,1545.0,43690.0,34.0,32.0,33.0,627.0,,,41.1,40.5,,40.9,39.5,,yes,40.2,145.1,,,,242.0,271.0,,,4.0,5,60000,10,100000,,https://www.kia.com/us/en/carnival,,19.0,,
Kia,Carnival,SX,2027,,Minivan,4.0,8.0,FWD,Hybrid,47045.0,1545.0,48590.0,34.0,32.0,33.0,627.0,,,41.1,40.5,,40.9,39.5,,yes,40.2,145.1,,,,242.0,271.0,,,4.0,5,60000,10,100000,,https://www.kia.com/us/en/carnival,,19.0,,
Kia,Carnival,SX Prestige,2027,,Minivan,4.0,7.0,FWD,Hybrid,52045.0,1545.0,53590.0,34.0,32.0,33.0,627.0,,,41.1,40.5,,40.9,39.5,,yes,40.2,145.1,,,,242.0,271.0,,,4.5,5,60000,10,100000,,https://www.kia.com/us/en/carnival,,19.0,,
Kia,Niro,LX,2027,,SUV,4.0,5.0,FWD,Hybrid,29890.0,1495.0,31385.0,53.0,45.0,49.0,544.0,,127.9,41.5,39.8,,40.5,39.5,,no,22.8,63.7,,,,139.0,195.0,,,2.5,5,60000,10,100000,,https://www.kia.com/us/en/niro,,11.1,,
Kia,Niro,S,2027,,SUV,4.0,5.0,FWD,Hybrid,30590.0,1495.0,32085.0,53.0,45.0,49.0,544.0,,127.9,41.5,39.8,,40.5,39.5,,no,22.8,63.7,,,,139.0,195.0,,,3.0,5,60000,10,100000,,https://www.kia.com/us/en/niro,,11.1,,
Kia,Niro,EX,2027,,SUV,4.0,5.0,FWD,Hybrid,31390.0,1495.0,32885.0,53.0,45.0,49.0,544.0,,127.9,41.5,39.8,,40.5,39.5,,no,22.8,63.7,,,,139.0,195.0,,,3.0,5,60000,10,100000,,https://www.kia.com/us/en/niro,,11.1,,
Kia,Niro,SX,2027,,SUV,4.0,5.0,FWD,Hybrid,35440.0,1495.0,36935.0,53.0,45.0,49.0,544.0,,127.9,41.5,39.8,,40.5,39.5,,no,22.8,63.7,,,,139.0,195.0,,,3.5,5,60000,10,100000,,https://www.kia.com/us/en/niro,,11.1,,
Kia,Niro,SX Touring,2027,,SUV,4.0,5.0,FWD,Hybrid,38990.0,1495.0,40485.0,53.0,45.0,49.0,544.0,,127.9,41.5,39.8,,40.5,39.5,,no,22.8,63.7,,,,139.0,195.0,,,4.0,5,60000,10,100000,,https://www.kia.com/us/en/niro,,11.1,,
