make,model,trim,model_year,is_performance_trim,body_style,doors,seating_capacity,drivetrain,fuel_type,msrp,destination_fee,true_starting_price,epa_city_mpg,epa_hwy_mpg,epa_combined_mpg,range_mi,nhtsa_overall_stars,passenger_volume_cuft,front_legroom_in,rear_legroom_in,third_row_legroom_in,front_headroom_in,rear_headroom_in,third_row_headroom_in,has_third_row,cargo_volume_seats_up_cuft,max_cargo_volume_cuft,towing_capacity_lbs,payload_capacity_lbs,reliability_rating,horsepower,torque_lbft,zero_to_60_sec,top_speed_mph,tech_score,warranty_basic_years,warranty_basic_miles,warranty_powertrain_years,warranty_powertrain_miles,resale_depreciation_pct,manufacturer_link,safety_source,fuel_tank_capacity_gal,resale_source,bed_length_ft,reliability_source_note,Safety Score,Comfort Score,Cargo Score,Fuel Economy Score,Reliability Score,Technology & Features Score,Price Value Score,Resale Value Score,Performance Score,Towing & Payload Score
Chevrolet,Traverse,LT,2026,no,SUV,4,7,FWD,Gas,42795.0,1995.0,44790.0,20.0,26.0,22.0,426.8,5.0,,44.3,41.5,32.1,42.6,40.0,38.0,yes,22.9,97.6,5000.0,,3.0,328.0,326.0,8.4,,3.0,3,36000,5,60000,28.4,https://www.chevrolet.com/suvs/previous-year/traverse,NHTSA,,model-specific,,,100.0,93.86692195343969,70.09135165869762,74.52355687606112,66.66666666666666,75.0,95.30679933665007,79.6875,54.166666666666664,74.08256880733944
Chevrolet,Traverse,Z71,2026,yes,SUV,4,7,AWD,Gas,50895.0,1995.0,52890.0,20.0,24.0,21.0,407.4,5.0,,44.3,41.5,32.1,42.6,40.0,38.0,yes,22.9,97.6,5000.0,,3.0,328.0,326.0,7.3,,3.0,3,36000,5,60000,28.4,https://www.chevrolet.com/suvs/previous-year/traverse,NHTSA,,model-specific,,,100.0,93.86692195343969,70.09135165869762,71.25212224108658,66.66666666666666,75.0,93.62769485903814,79.6875,82.98611111111111,74.08256880733944
Chevrolet,Traverse,RS,2026,yes,SUV,4,7,FWD,Gas,57395.0,1995.0,59390.0,20.0,26.0,22.0,426.8,5.0,,44.3,41.5,32.1,42.6,40.0,38.0,yes,22.9,97.6,5000.0,,3.0,328.0,326.0,8.4,,5.0,3,36000,5,60000,23.8,https://www.chevrolet.com/suvs/previous-year/traverse,NHTSA,,model-specific,,,100.0,93.86692195343969,70.09135165869762,74.52355687606112,66.66666666666666,91.66666666666667,92.28026533996683,82.68229166666667,79.16666666666666,74.08256880733944
Chevrolet,Traverse,High Country,2026,no,SUV,4,7,FWD,Gas,57095.0,1995.0,59090.0,20.0,26.0,22.0,426.8,5.0,,44.3,41.5,32.1,42.6,40.0,38.0,yes,22.9,97.6,5000.0,,3.0,328.0,326.0,8.4,,5.0,3,36000,5,60000,31.2,https://www.chevrolet.com/suvs/previous-year/traverse,NHTSA,,model-specific,,,100.0,93.86692195343969,70.09135165869762,74.52355687606112,66.66666666666666,91.66666666666667,92.34245439469319,77.86458333333333,54.166666666666664,74.08256880733944
Chevrolet,Silverado 1500,WT,2026,no,Truck,4,6,RWD,Gas,36900.0,2795.0,39695.0,20.0,21.0,20.0,480.0,5.0,,44.5,43.4,,43.0,40.1,,no,,,13300.0,2260.0,3.5,310.0,430.0,,,1.0,3,36000,5,60000,30.1,https://www.chevrolet.com/trucks/silverado/1500,NHTSA,,model-specific,5.8,,100.0,98.74944374630915,69.23076923076923,71.31584827663258,87.5,58.33333333333333,94.04552934722983,67.55395683453237,50.0,60.823451942212344
Chevrolet,Silverado 1500,Custom,2026,no,Truck,4,6,RWD,Gas,42400.0,2795.0,45195.0,20.0,21.0,20.0,480.0,5.0,,44.5,43.4,,43.0,40.1,,no,,,13300.0,2260.0,3.5,310.0,430.0,,,1.0,3,36000,5,60000,22.3,https://www.chevrolet.com/trucks/silverado/1500,NHTSA,,model-specific,5.8,,100.0,98.74944374630915,69.23076923076923,71.31584827663258,87.5,58.33333333333333,91.02852441031267,73.16546762589928,50.0,60.823451942212344
Chevrolet,Silverado 1500,Custom Trail Boss,2026,yes,Truck,4,6,4WD,Gas,52900.0,2795.0,55695.0,19.0,21.0,19.0,456.0,5.0,,44.5,43.4,,43.0,40.1,,no,,,13300.0,2260.0,3.5,310.0,430.0,,,1.0,3,36000,5,60000,23.9,https://www.chevrolet.com/trucks/silverado/1500,NHTSA,,model-specific,5.8,,100.0,98.74944374630915,69.23076923076923,67.78671582593151,87.5,58.33333333333333,85.2687877125617,72.01438848920864,50.0,60.823451942212344
Chevrolet,Silverado 1500,LT,2026,no,Truck,4,6,RWD,Gas,47900.0,2795.0,50695.0,20.0,21.0,20.0,480.0,5.0,,44.5,43.4,,43.0,40.1,,no,,,13300.0,2260.0,3.5,310.0,430.0,,,1.0,3,36000,5,60000,25.8,https://www.chevrolet.com/trucks/silverado/1500,NHTSA,,model-specific,5.8,,100.0,98.74944374630915,69.23076923076923,71.31584827663258,87.5,58.33333333333333,88.01151947339551,70.64748201438849,50.0,60.823451942212344
Chevrolet,Silverado 1500,RST,2026,no,Truck,4,6,RWD,Gas,51300.0,2795.0,54095.0,20.0,21.0,20.0,480.0,5.0,,44.5,43.4,,43.0,40.1,,no,,,13300.0,2260.0,3.5,310.0,430.0,,,1.0,3,36000,5,60000,19.3,https://www.chevrolet.com/trucks/silverado/1500,NHTSA,,model-specific,5.8,,100.0,98.74944374630915,69.23076923076923,71.31584827663258,87.5,58.33333333333333,86.14646187602852,75.32374100719424,50.0,60.823451942212344
Chevrolet,Silverado 1500,LT Trail Boss,2026,yes,Truck,4,6,4WD,Gas,59700.0,2795.0,62495.0,19.0,21.0,19.0,456.0,5.0,,44.5,43.4,,43.0,40.1,,no,,,13300.0,2260.0,3.5,310.0,430.0,,,1.0,3,36000,5,60000,25.4,https://www.chevrolet.com/trucks/silverado/1500,NHTSA,,model-specific,5.8,,100.0,98.74944374630915,69.23076923076923,67.78671582593151,87.5,58.33333333333333,81.53867251782775,70.93525179856115,50.0,60.823451942212344
Chevrolet,Silverado 1500,LTZ,2026,no,Truck,4,5,RWD,Gas,58000.0,2795.0,60795.0,20.0,21.0,20.0,480.0,5.0,,44.5,43.4,,43.0,40.1,,no,,,13300.0,2260.0,3.5,355.0,383.0,6.1,,2.0,3,36000,5,60000,26.3,https://www.chevrolet.com/trucks/silverado/1500,NHTSA,,model-specific,5.8,,100.0,98.74944374630915,69.23076923076923,71.31584827663258,87.5,66.66666666666666,82.47120131651124,70.28776978417267,59.74576271186441,60.823451942212344
Chevrolet,Silverado 1500,High Country,2026,no,Truck,4,5,4WD,Gas,62900.0,2795.0,65695.0,17.0,19.0,17.0,408.0,5.0,,44.5,43.4,,43.0,40.1,,no,,,13300.0,2260.0,3.5,355.0,383.0,6.1,,2.0,3,36000,5,60000,23.7,https://www.chevrolet.com/trucks/silverado/1500,NHTSA,,model-specific,5.8,,100.0,98.74944374630915,69.23076923076923,60.728450924529355,87.5,66.66666666666666,79.78332419089412,72.15827338129496,59.74576271186441,60.823451942212344
Chevrolet,Silverado 1500,ZR2,2026,yes,Truck,4,5,4WD,Diesel,71800.0,2795.0,74595.0,20.0,23.0,21.0,504.0,5.0,,44.5,43.4,,43.0,40.1,,no,,,13300.0,2260.0,3.5,305.0,495.0,7.6,,2.0,3,36000,5,60000,28.9,https://www.chevrolet.com/trucks/silverado/1500,NHTSA,,model-specific,5.8,,100.0,98.74944374630915,69.23076923076923,72.05882352941177,87.5,66.66666666666666,74.90126165660999,68.41726618705036,78.38983050847457,60.823451942212344
Chevrolet,Equinox EV,LT1 FWD,2026,no,SUV,4,5,FWD,EV,34995.0,1800.0,36795.0,117.0,100.0,108.0,319.0,5.0,,41.7,38.0,,39.2,38.5,,no,26.4,57.2,1500.0,,,213.0,236.0,7.8,,1.0,3,36000,8,100000,48.4,https://www.chevrolet.com/electric/previous-year/equinox-ev,NHTSA,,"CarEdge, brand-level only, ranks 10th of 19 popular brands",,,100.0,73.12412549066248,68.79255978918738,77.72137745974955,50.0,58.33333333333333,96.9641376451078,66.66666666666667,56.25,54.01376146788991
Chevrolet,Equinox EV,LT1 AWD,2026,no,SUV,4,5,AWD,EV,38295.0,1800.0,40095.0,,,103.0,307.0,5.0,,41.7,38.0,,39.2,38.5,,no,26.4,57.2,1500.0,,,300.0,355.0,5.8,,1.0,3,36000,8,100000,48.4,https://www.chevrolet.com/electric/previous-year/equinox-ev,NHTSA,,"CarEdge, brand-level only, ranks 10th of 19 popular brands",,,100.0,73.12412549066248,68.79255978918738,75.11404293381038,50.0,58.33333333333333,96.28005804311775,66.66666666666667,63.19444444444444,54.01376146788991
Chevrolet,Equinox EV,LT2 FWD,2026,no,SUV,4,5,FWD,EV,41795.0,1800.0,43595.0,117.0,100.0,108.0,319.0,5.0,,41.7,38.0,,39.2,38.5,,no,26.4,57.2,1500.0,,,213.0,236.0,7.8,,1.0,3,36000,8,100000,48.4,https://www.chevrolet.com/electric/previous-year/equinox-ev,NHTSA,,"CarEdge, brand-level only, ranks 10th of 19 popular brands",,,100.0,73.12412549066248,68.79255978918738,77.72137745974955,50.0,58.33333333333333,95.55451907131012,66.66666666666667,56.25,54.01376146788991
Chevrolet,Equinox EV,LT2 AWD,2026,no,SUV,4,5,AWD,EV,45095.0,1800.0,46895.0,,,103.0,307.0,5.0,,41.7,38.0,,39.2,38.5,,no,26.4,57.2,1500.0,,,300.0,355.0,5.8,,1.0,3,36000,8,100000,48.4,https://www.chevrolet.com/electric/previous-year/equinox-ev,NHTSA,,"CarEdge, brand-level only, ranks 10th of 19 popular brands",,,100.0,73.12412549066248,68.79255978918738,75.11404293381038,50.0,58.33333333333333,94.87043946932008,66.66666666666667,63.19444444444444,54.01376146788991
Chevrolet,Equinox EV,RS FWD,2026,no,SUV,4,5,FWD,EV,44095.0,1800.0,45895.0,117.0,100.0,108.0,319.0,5.0,,41.7,38.0,,39.2,38.5,,no,26.4,57.2,1500.0,,,213.0,236.0,7.8,,1.0,3,36000,8,100000,48.4,https://www.chevrolet.com/electric/previous-year/equinox-ev,NHTSA,,"CarEdge, brand-level only, ranks 10th of 19 popular brands",,,100.0,73.12412549066248,68.79255978918738,77.72137745974955,50.0,58.33333333333333,95.07773631840797,66.66666666666667,56.25,54.01376146788991
Chevrolet,Equinox EV,RS AWD,2026,no,SUV,4,5,AWD,EV,47395.0,1800.0,49195.0,,,103.0,307.0,5.0,,41.7,38.0,,39.2,38.5,,no,26.4,57.2,1500.0,,,300.0,355.0,5.8,,1.0,3,36000,8,100000,48.4,https://www.chevrolet.com/electric/previous-year/equinox-ev,NHTSA,,"CarEdge, brand-level only, ranks 10th of 19 popular brands",,,100.0,73.12412549066248,68.79255978918738,75.11404293381038,50.0,58.33333333333333,94.39365671641792,66.66666666666667,63.19444444444444,54.01376146788991
Ford,Maverick,XL,2026,no,Truck,4,5,FWD,Hybrid,27145.0,1695.0,28840.0,42.0,35.0,38.0,524.0,4.0,100.3,42.8,35.9,,40.2,39.6,,no,33.3,,2000.0,1500.0,,191.0,155.0,8.4,,2.0,3,36000,5,60000,-6.8,https://www.ford.com/trucks/maverick/models/xl/,NHTSA,,model-specific,4.5,,87.5,73.02066978075442,52.56410256410257,82.21046203948708,50.0,66.66666666666666,100.0,94.10071942446044,50.0,51.00352889280988
Ford,Maverick,XLT,2026,no,Truck,4,5,FWD,Hybrid,29645.0,1695.0,31340.0,42.0,35.0,38.0,524.0,4.0,100.3,42.8,35.9,,40.2,39.6,,no,33.3,,2000.0,1500.0,,191.0,155.0,8.4,,2.0,3,36000,5,60000,-7.8,https://www.ford.com/trucks/maverick/models/xlt/,NHTSA,,model-specific,4.5,,87.5,73.02066978075442,52.56410256410257,82.21046203948708,50.0,66.66666666666666,98.6286341195831,94.82014388489208,50.0,51.00352889280988
Ford,Maverick,Lariat,2026,no,Truck,4,5,FWD,Hybrid,35870.0,1695.0,37565.0,42.0,35.0,38.0,524.0,4.0,100.3,42.8,35.9,,40.2,39.6,,no,33.3,,2000.0,1500.0,,191.0,155.0,8.4,,3.0,3,36000,5,60000,-5.0,https://www.ford.com/trucks/maverick/models/lariat/,NHTSA,,model-specific,4.5,,87.5,73.02066978075442,52.56410256410257,82.21046203948708,50.0,75.0,95.21393307734505,92.80575539568346,50.0,51.00352889280988
Ford,Maverick,Lobo,2026,yes,Truck,4,5,AWD,Gas,35930.0,1695.0,37625.0,21.0,30.0,24.0,396.0,4.0,101.5,42.8,35.9,,40.2,39.6,,no,33.3,,2000.0,1045.0,,250.0,280.0,6.6,,2.0,3,36000,5,60000,-7.4,https://www.ford.com/trucks/maverick/models/lobo/,NHTSA,,model-specific,4.5,,87.5,73.02066978075442,52.56410256410257,75.08379420144126,50.0,66.66666666666666,95.18102029621502,94.53237410071942,82.62711864406779,50.0
Ford,Maverick,Tremor,2026,yes,Truck,4,5,AWD,Gas,40645.0,1695.0,42340.0,21.0,27.0,23.0,380.0,4.0,101.5,42.8,35.9,,40.2,39.6,,no,33.3,,2000.0,1140.0,,250.0,280.0,6.6,,3.0,3,36000,5,60000,-7.4,https://www.ford.com/trucks/maverick/models/tremor/,NHTSA,,model-specific,4.5,,87.5,73.02066978075442,52.56410256410257,72.01459881198443,50.0,75.0,92.59462424574876,94.53237410071942,82.62711864406779,50.20952801058668
Ford,F-150,XL,2026,no,Truck,4,6,RWD,Gas,39330.0,2795.0,42125.0,20.0,26.0,22.0,792.0,5.0,,43.9,43.6,,40.8,40.4,,no,52.8,,8400.0,1775.0,3.5,325.0,400.0,,,1.0,3,36000,5,60000,-1.3,https://www.ford.com/trucks/f150/models/xl/,NHTSA,36.0,model-specific,5.5,,100.0,89.94190705688852,65.38461538461539,93.55203619909503,87.5,58.33333333333333,92.71256171146462,90.14388489208633,50.0,56.22241782009558
Ford,F-150,STX,2026,no,Truck,4,6,RWD,Gas,41855.0,2795.0,44650.0,20.0,26.0,22.0,792.0,5.0,,43.9,43.6,,40.8,40.4,,no,52.8,,8400.0,1775.0,3.5,325.0,400.0,,,1.0,3,36000,5,60000,28.2,https://www.ford.com/trucks/f150/models/stx/,NHTSA,36.0,model-specific,5.5,,100.0,89.94190705688852,65.38461538461539,93.55203619909503,87.5,58.33333333333333,91.32748217224355,68.92086330935251,50.0,56.22241782009558
Ford,F-150,XLT,2026,no,Truck,4,6,RWD,Gas,44895.0,2795.0,47690.0,20.0,26.0,22.0,792.0,5.0,,43.9,43.6,,40.8,40.4,,no,52.8,,8400.0,1775.0,3.5,325.0,400.0,,,2.0,3,36000,5,60000,2.3,https://www.ford.com/trucks/f150/models/xlt/,NHTSA,36.0,model-specific,5.5,,100.0,89.94190705688852,65.38461538461539,93.55203619909503,87.5,66.66666666666666,89.65990126165661,87.55395683453239,50.0,56.22241782009558
Ford,F-150,Lariat,2026,no,Truck,4,6,RWD,Gas,59560.0,2795.0,62355.0,18.0,24.0,20.0,720.0,5.0,,43.9,43.6,,40.8,40.4,,no,52.8,,13500.0,2440.0,3.5,400.0,500.0,,,2.0,3,36000,5,60000,18.0,https://www.ford.com/trucks/f150/models/lariat/,NHTSA,36.0,model-specific,5.5,,100.0,89.94190705688852,65.38461538461539,85.11396011396012,87.5,66.66666666666666,81.61546900713111,76.2589928057554,50.0,61.36458864818606
Ford,F-150,Tremor,2026,yes,Truck,4,6,4WD,Gas,64915.0,2795.0,67710.0,17.0,23.0,19.0,684.0,5.0,,43.9,43.6,,40.8,40.4,,no,52.8,,10900.0,1885.0,3.5,400.0,500.0,5.3,,3.0,3,36000,5,60000,20.3,https://www.ford.com/trucks/f150/models/tremor/,NHTSA,36.0,model-specific,5.5,,100.0,89.94190705688852,65.38461538461539,80.89492207139267,87.5,75.0,78.67800329127812,74.60431654676259,88.13559322033899,58.266732511551226
Ford,F-150,King Ranch,2026,no,Truck,4,6,4WD,Gas,65825.0,2795.0,68620.0,17.0,23.0,19.0,684.0,5.0,,43.9,43.6,,40.8,40.4,,no,52.8,,13200.0,2200.0,3.5,382.0,500.0,,,3.0,3,36000,5,60000,19.9,https://www.ford.com/trucks/f150/models/king-ranch/,NHTSA,36.0,model-specific,5.5,,100.0,89.94190705688852,65.38461538461539,80.89492207139267,87.5,75.0,78.17882611080637,74.89208633093526,50.0,60.61905032941076
Ford,F-150,Platinum,2026,no,Truck,4,6,4WD,Gas,68800.0,2795.0,71595.0,17.0,23.0,19.0,684.0,5.0,,43.9,43.6,,40.8,40.4,,no,52.8,,13200.0,2200.0,3.5,382.0,500.0,,,3.0,3,36000,5,60000,22.6,https://www.ford.com/trucks/f150/models/platinum/,NHTSA,36.0,model-specific,5.5,,100.0,89.94190705688852,65.38461538461539,80.89492207139267,87.5,75.0,76.54690071311026,72.94964028776978,50.0,60.61905032941076
Ford,F-150,Raptor,2026,yes,Truck,4,5,4WD,Gas,79005.0,2795.0,81800.0,15.0,18.0,16.0,576.0,5.0,,43.9,43.6,,40.8,40.4,,no,52.8,,8200.0,1405.0,3.5,450.0,510.0,5.2,,3.0,3,36000,5,60000,3.7,https://www.ford.com/trucks/f150/models/raptor/,NHTSA,36.0,model-specific,5.5,,100.0,89.94190705688852,65.38461538461539,68.2378079436903,87.5,75.0,70.94898518924849,86.54676258992805,88.5593220338983,55.26222509294851
Ford,F-150,Raptor R,2026,yes,Truck,4,5,4WD,Gas,110930.0,2795.0,113725.0,10.0,15.0,12.0,432.0,5.0,,43.9,43.6,,40.8,40.4,,no,52.8,,8700.0,1410.0,3.5,720.0,640.0,3.6,,3.0,3,36000,5,60000,32.3,https://www.ford.com/trucks/f150/models/raptor/,NHTSA,36.0,model-specific,5.5,,100.0,89.94190705688852,65.38461538461539,51.36165577342048,87.5,75.0,53.43664289632474,65.97122302158274,95.33898305084746,55.63359354513466
Ford,Mustang Mach-E,Select,2026,no,SUV,4,5,RWD,EV,37795.0,2045.0,39840.0,111.0,103.0,107.0,260.0,5.0,,43.3,38.1,,38.9,38.2,,no,29.7,59.7,,,,264.0,387.0,5.6,,2.0,3,36000,5,60000,43.5,https://www.ford.com/suvs/mach-e/models/select/,NHTSA,,model-specific,,,100.0,74.89338929357679,73.09965137354837,71.75760286225403,50.0,66.66666666666666,96.33291873963516,69.85677083333334,63.888888888888886,50.0
Ford,Mustang Mach-E,Premium,2026,no,SUV,4,5,RWD,EV,40595.0,2045.0,42640.0,111.0,103.0,107.0,260.0,5.0,,43.3,38.1,,38.9,38.2,,no,29.7,59.7,,,,264.0,387.0,5.6,,2.0,3,36000,5,60000,44.9,https://www.ford.com/suvs/mach-e/models/premium/,NHTSA,,model-specific,,,100.0,74.89338929357679,73.09965137354837,71.75760286225403,50.0,66.66666666666666,95.75248756218906,68.9453125,63.888888888888886,50.0
Ford,Mustang Mach-E,GT,2026,yes,SUV,4,5,AWD,EV,53395.0,2045.0,55440.0,95.0,85.0,90.0,280.0,5.0,,43.3,38.1,,38.9,38.2,,no,29.7,59.5,,,,480.0,600.0,3.8,,5.0,3,36000,5,60000,49.5,https://www.ford.com/suvs/mach-e/models/gt/,NHTSA,,model-specific,,,100.0,74.89338929357679,73.0723960294016,68.73881932021467,50.0,91.66666666666667,93.09908789386401,65.95052083333333,95.13888888888889,50.0
Ford,Mustang Mach-E,Rally,2026,yes,SUV,4,5,AWD,EV,57690.0,2045.0,59735.0,,,,255.0,5.0,,43.3,38.1,,38.9,38.2,,no,29.7,59.5,,,,480.0,700.0,3.4,,5.0,3,36000,5,60000,49.9,https://www.ford.com/suvs/mach-e/models/rally/,NHTSA,,"CarEdge, brand-level only, ranks 13th of 19 popular brands",,,100.0,74.89338929357679,73.0723960294016,60.57692307692308,50.0,91.66666666666667,92.20874792703151,65.69010416666667,96.52777777777777,50.0
Honda,Civic,LX,2026,no,Sedan,4,5,FWD,Gas,24695.0,1195.0,25890.0,32.0,41.0,36.0,446.0,5.0,99.0,42.3,37.4,,39.3,37.1,,no,14.8,14.8,,,4.5,150.0,133.0,8.9,,0.0,3,36000,5,60000,1.4,https://automobiles.honda.com/civic-sedan,NHTSA,,model-specific,,,100.0,70.66724057588851,69.93865030674846,91.40893470790378,100.0,50.0,99.48119754147115,100.0,51.02739726027397,50.0
Honda,Civic,Sport,2026,no,Sedan,4,5,FWD,Gas,26695.0,1195.0,27890.0,31.0,39.0,34.0,422.0,5.0,99.0,42.3,37.4,,39.3,37.1,,no,14.8,14.8,,,4.5,150.0,133.0,8.9,,0.0,3,36000,5,60000,3.1,https://automobiles.honda.com/civic-sedan,NHTSA,,model-specific,,,100.0,70.66724057588851,69.93865030674846,86.9661266568483,100.0,50.0,99.04060097371841,98.84196185286103,51.02739726027397,50.0
Honda,Civic,Sport Hybrid,2026,no,Sedan,4,5,FWD,Hybrid,29395.0,1195.0,30590.0,50.0,47.0,49.0,519.0,5.0,96.6,42.3,37.4,,37.6,37.1,,no,14.8,14.8,,,4.5,200.0,232.0,6.2,,0.0,3,36000,5,60000,6.3,https://automobiles.honda.com/civic-sedan,NHTSA,,model-specific,,,100.0,63.708979303150535,69.93865030674846,79.00219298245614,100.0,50.0,98.44579560725222,96.66212534059946,60.273972602739725,50.0
Honda,Civic,Sport Touring Hybrid,2026,no,Sedan,4,5,FWD,Hybrid,32395.0,1195.0,33590.0,50.0,47.0,49.0,519.0,5.0,96.6,42.3,37.4,,37.6,37.1,,no,14.8,14.8,,,4.5,200.0,232.0,6.2,,3.0,3,36000,5,60000,6.3,https://automobiles.honda.com/civic-sedan,NHTSA,,model-specific,,,100.0,63.708979303150535,69.93865030674846,79.00219298245614,100.0,80.0,97.78490075562311,96.66212534059946,60.273972602739725,50.0
Honda,Civic,Si,2026,no,Sedan,4,5,FWD,Gas,31495.0,1195.0,32690.0,27.0,37.0,31.0,384.0,5.0,96.6,42.3,37.4,,37.6,37.1,,no,14.1,14.1,,,4.5,200.0,192.0,6.6,,2.0,3,36000,5,60000,3.0,https://automobiles.honda.com/civic-si-sedan,NHTSA,,model-specific,,,100.0,63.708979303150535,67.79141104294479,80.13009327442317,100.0,70.0,97.98316921111186,98.91008174386921,58.9041095890411,50.0
Honda,Civic,Sport Hatchback,2026,no,Hatchback,4,5,FWD,Gas,27895.0,1195.0,29090.0,30.0,38.0,34.0,422.0,5.0,99.0,42.3,37.4,,39.3,37.1,,no,24.5,24.5,,,4.5,150.0,133.0,8.9,,0.0,3,36000,5,60000,4.8,https://automobiles.honda.com/civic-hatchback,NHTSA,,model-specific,,,100.0,80.92504658291757,89.88058263504178,91.93989071038251,100.0,50.0,93.9552113150362,94.89953632148377,50.0,50.0
Honda,Civic,Sport Hybrid Hatchback,2026,no,Hatchback,4,5,FWD,Hybrid,30595.0,1195.0,31790.0,50.0,45.0,48.0,509.0,5.0,96.6,42.3,37.4,,37.6,37.1,,no,24.5,24.5,,,4.5,200.0,232.0,6.2,,0.0,3,36000,5,60000,7.6,https://automobiles.honda.com/civic-hatchback,NHTSA,,model-specific,,,100.0,70.29813067259722,89.88058263504178,50.0,100.0,50.0,89.40899141269574,92.73570324574962,62.27272727272727,50.0
Honda,Civic,Sport Touring Hybrid Hatchback,2026,no,Hatchback,4,5,FWD,Hybrid,33595.0,1195.0,34790.0,50.0,45.0,48.0,509.0,5.0,96.6,42.3,37.4,,37.6,37.1,,no,24.5,24.5,,,4.5,200.0,232.0,6.2,,3.0,3,36000,5,60000,7.6,https://automobiles.honda.com/civic-hatchback,NHTSA,,model-specific,,,100.0,70.29813067259722,89.88058263504178,50.0,100.0,87.5,84.35763596565079,92.73570324574962,62.27272727272727,50.0
Honda,Civic,Type R,2026,yes,Hatchback,4,4,FWD,Gas,47395.0,1195.0,48590.0,22.0,28.0,24.0,298.0,5.0,99.0,42.3,37.4,,39.3,37.1,,no,24.5,24.5,,,4.5,315.0,310.0,5.5,,3.0,3,36000,5,60000,-1.8,https://automobiles.honda.com/civic-type-r,NHTSA,,model-specific,,,100.0,80.92504658291757,89.88058263504178,50.0,100.0,87.5,61.12140090924398,100.0,90.45454545454545,50.0
Honda,Accord,LX,2026,no,Sedan,4,5,FWD,Gas,28395.0,1195.0,29590.0,29.0,37.0,32.0,474.0,5.0,105.7,42.3,40.8,,39.5,37.2,,no,16.7,16.7,,,4.5,192.0,192.0,8.3,,3.0,3,36000,5,60000,11.9,https://automobiles.honda.com/accord,NHTSA,,model-specific,,,100.0,76.43652095702615,75.76687116564418,89.05252822778596,100.0,80.0,98.66609389112858,92.8474114441417,53.082191780821915,50.0
Honda,Accord,SE,2026,no,Sedan,4,5,FWD,Gas,30695.0,1195.0,31890.0,28.0,36.0,31.0,459.0,5.0,102.8,42.3,40.8,,39.5,37.2,,no,16.7,16.7,,,4.5,192.0,192.0,8.3,,3.0,3,36000,5,60000,12.9,https://automobiles.honda.com/accord,NHTSA,,model-specific,,,100.0,76.43652095702615,75.76687116564418,86.57339224349533,100.0,80.0,98.15940783821294,92.16621253405995,53.082191780821915,50.0
Honda,Accord,Sport,2026,no,Sedan,4,5,FWD,Hybrid,33795.0,1195.0,34990.0,46.0,41.0,44.0,563.0,5.0,102.8,42.3,40.8,,37.5,37.2,,no,16.7,16.7,,,4.5,204.0,,7.0,,3.0,3,36000,5,60000,15.1,https://automobiles.honda.com/accord,NHTSA,,model-specific,,,100.0,68.25033122439321,75.76687116564418,78.61842105263158,100.0,80.0,97.4764831581962,90.66757493188011,57.534246575342465,50.0
Honda,Accord,EX-L,2026,no,Sedan,4,5,FWD,Hybrid,35095.0,1195.0,36290.0,51.0,44.0,48.0,614.0,5.0,102.8,42.3,40.8,,37.5,37.2,,no,16.7,16.7,,,4.5,204.0,,7.0,,3.0,3,36000,5,60000,16.3,https://automobiles.honda.com/accord,NHTSA,,model-specific,,,100.0,68.25033122439321,75.76687116564418,88.37719298245614,100.0,80.0,97.19009538915691,89.85013623978202,57.534246575342465,50.0
Honda,Accord,Sport-L,2026,no,Sedan,4,5,FWD,Hybrid,35495.0,1195.0,36690.0,46.0,41.0,44.0,563.0,5.0,102.8,42.3,40.8,,37.5,37.2,,no,16.7,16.7,,,4.5,204.0,,7.0,,3.0,3,36000,5,60000,17.8,https://automobiles.honda.com/accord,NHTSA,,model-specific,,,100.0,68.25033122439321,75.76687116564418,78.61842105263158,100.0,80.0,97.10197607560637,88.82833787465941,57.534246575342465,50.0
Honda,Accord,Touring,2026,no,Sedan,4,5,FWD,Hybrid,39495.0,1195.0,40690.0,46.0,41.0,44.0,563.0,5.0,102.8,42.3,40.8,,37.5,37.2,,no,16.7,16.7,,,4.5,204.0,,7.0,,4.0,3,36000,5,60000,19.3,https://automobiles.honda.com/accord,NHTSA,,model-specific,,,100.0,68.25033122439321,75.76687116564418,78.61842105263158,100.0,90.0,96.22078294010089,87.80653950953679,57.534246575342465,50.0
Honda,CR-V,LX,2026,no,SUV,4,5,FWD,Gas,30920.0,1395.0,32315.0,28.0,33.0,30.0,420.0,5.0,106.0,41.3,41.0,,40.0,38.2,,no,39.3,76.5,1500.0,,4.5,190.0,179.0,,,2.0,3,36000,5,60000,5.1,https://automobiles.honda.com/cr-v,NHTSA,,model-specific,,,100.0,78.09650790403853,86.9277178310439,84.36438879456706,91.66666666666667,66.66666666666666,97.89282752902156,94.85677083333334,50.0,54.01376146788991
Honda,CR-V,EX,2026,no,SUV,4,5,FWD,Gas,33150.0,1395.0,34545.0,28.0,33.0,30.0,420.0,5.0,106.0,41.3,41.0,,40.0,38.2,,no,39.3,76.5,1500.0,,4.5,190.0,179.0,,,2.0,3,36000,5,60000,6.7,https://automobiles.honda.com/cr-v,NHTSA,,model-specific,,,100.0,78.09650790403853,86.9277178310439,84.36438879456706,91.66666666666667,66.66666666666666,97.43055555555556,93.81510416666667,50.0,54.01376146788991
Honda,CR-V,EX-L,2026,no,SUV,4,5,FWD,Gas,35400.0,1395.0,36795.0,28.0,33.0,30.0,420.0,5.0,106.0,41.3,41.0,,38.0,38.2,,no,39.3,76.5,1500.0,,4.5,190.0,179.0,,,3.0,3,36000,5,60000,8.5,https://automobiles.honda.com/cr-v,NHTSA,,model-specific,,,100.0,73.29287425653015,86.9277178310439,84.36438879456706,91.66666666666667,75.0,96.9641376451078,92.64322916666667,50.0,54.01376146788991
Honda,CR-V,Sport Hybrid,2026,no,SUV,4,5,FWD,Hybrid,35630.0,1395.0,37025.0,43.0,36.0,40.0,560.0,5.0,103.5,41.3,41.0,,38.0,38.2,,no,34.7,71.8,1000.0,,4.5,204.0,247.0,,,2.0,3,36000,5,60000,8.6,https://automobiles.honda.com/cr-v,NHTSA,,model-specific,,,100.0,73.29287425653015,80.75829633461878,81.12717129453532,91.66666666666667,66.66666666666666,96.91645936981757,92.578125,50.0,51.14678899082569
Honda,CR-V,Sport-L Hybrid,2026,no,SUV,4,5,FWD,Hybrid,38725.0,1395.0,40120.0,43.0,36.0,40.0,560.0,5.0,103.5,41.3,41.0,,38.0,38.2,,no,34.7,71.8,1000.0,,4.5,204.0,247.0,,,3.0,3,36000,5,60000,11.1,https://automobiles.honda.com/cr-v,NHTSA,,model-specific,,,100.0,73.29287425653015,80.75829633461878,81.12717129453532,91.66666666666667,75.0,96.27487562189054,90.95052083333333,50.0,51.14678899082569
Honda,CR-V,TrailSport Hybrid,2026,yes,SUV,4,5,AWD,Hybrid,38800.0,1395.0,40195.0,38.0,33.0,35.0,490.0,5.0,103.5,41.3,41.0,,38.0,38.2,,no,34.7,71.8,1000.0,,4.5,204.0,247.0,8.0,,3.0,3,36000,5,60000,11.1,https://automobiles.honda.com/cr-v,NHTSA,,model-specific,,,100.0,73.29287425653015,80.75829633461878,70.68276911373145,91.66666666666667,75.0,96.25932835820896,90.95052083333333,80.55555555555556,51.14678899082569
Honda,CR-V,Sport Touring Hybrid,2026,no,SUV,4,5,AWD,Hybrid,42250.0,1395.0,43645.0,40.0,34.0,37.0,518.0,5.0,103.5,41.3,41.0,,38.0,38.2,,no,34.7,71.8,1000.0,,4.5,204.0,247.0,8.0,,3.0,3,36000,5,60000,13.5,https://automobiles.honda.com/cr-v,NHTSA,,model-specific,,,100.0,73.29287425653015,80.75829633461878,74.860529986053,91.66666666666667,75.0,95.54415422885572,89.38802083333334,55.55555555555556,51.14678899082569
Honda,Odyssey,EX-L,2026,no,Minivan,4,8,FWD,Gas,42795.0,1495.0,44290.0,19.0,28.0,22.0,429.0,5.0,160.1,40.9,40.9,38.1,38.7,39.2,38.3,yes,32.8,140.7,3500.0,,3.5,280.0,262.0,6.4,,3.0,3,36000,5,60000,20.4,https://automobiles.honda.com/odyssey,NHTSA,,model-specific,,,100.0,92.6752721462098,58.94962747003562,100.0,75.0,70.0,88.61849096705632,79.33962264150944,89.4736842105263,95.45454545454545
Honda,Odyssey,Sport-L,2026,no,Minivan,4,8,FWD,Gas,43895.0,1495.0,45390.0,19.0,28.0,22.0,429.0,5.0,160.1,40.9,40.9,38.1,38.7,39.2,38.3,yes,32.8,140.7,3500.0,,3.5,280.0,262.0,6.4,,3.0,3,36000,5,60000,22.7,https://automobiles.honda.com/odyssey,NHTSA,,model-specific,,,100.0,92.6752721462098,58.94962747003562,100.0,75.0,70.0,86.28055260361317,77.16981132075472,89.4736842105263,95.45454545454545
Honda,Odyssey,Touring,2026,no,Minivan,4,8,FWD,Gas,47495.0,1495.0,48990.0,19.0,28.0,22.0,429.0,5.0,160.1,40.9,40.9,38.1,38.7,39.2,38.3,yes,32.8,140.7,3500.0,,3.5,280.0,262.0,6.4,,3.0,3,36000,5,60000,23.4,https://automobiles.honda.com/odyssey,NHTSA,,model-specific,,,100.0,92.6752721462098,58.94962747003562,100.0,75.0,70.0,78.62911795961743,76.50943396226415,89.4736842105263,95.45454545454545
Honda,Odyssey,Elite,2026,no,Minivan,4,8,FWD,Gas,51695.0,1495.0,53190.0,19.0,28.0,22.0,429.0,5.0,160.1,40.9,40.9,38.1,38.7,39.2,38.3,yes,32.8,140.7,3500.0,,3.5,280.0,262.0,6.4,,3.0,3,36000,5,60000,27.0,https://automobiles.honda.com/odyssey,NHTSA,,model-specific,,,100.0,92.6752721462098,58.94962747003562,100.0,75.0,70.0,69.70244420828905,73.11320754716981,89.4736842105263,95.45454545454545
Hyundai,Tucson,SE,2026,no,SUV,4,5,FWD,Gas,29750.0,1600.0,31350.0,25.0,33.0,28.0,400.0,5.0,108.2,41.4,41.3,,40.1,39.5,,no,41.2,80.3,2750.0,,4.0,187.0,178.0,8.8,,1.0,5,60000,10,100000,16.3,https://www.hyundaiusa.com/us/en/vehicles/tucson/se,NHTSA,,model-specific,,"4.0/5.0 (RepairPal, rank 5 of 26 compact SUVs)",100.0,83.38256858913803,89.72925409310511,79.71668081494057,83.33333333333333,58.33333333333333,98.09286898839137,87.56510416666667,52.77777777777777,61.18119266055046
Hyundai,Tucson,SEL,2026,no,SUV,4,5,FWD,Gas,31100.0,1600.0,32700.0,25.0,33.0,28.0,400.0,5.0,108.2,41.4,41.3,,40.1,39.5,,no,41.2,80.3,2750.0,,4.0,187.0,178.0,8.8,,1.0,5,60000,10,100000,13.8,https://www.hyundaiusa.com/us/en/vehicles/tucson/sel,NHTSA,,model-specific,,"4.0/5.0 (RepairPal, rank 5 of 26 compact SUVs)",100.0,83.38256858913803,89.72925409310511,79.71668081494057,83.33333333333333,58.33333333333333,97.81301824212272,89.19270833333334,52.77777777777777,61.18119266055046
Hyundai,Tucson,SEL Plus,2026,no,SUV,4,5,FWD,Gas,31600.0,1600.0,33200.0,25.0,33.0,28.0,400.0,5.0,108.2,41.4,41.3,,40.1,39.5,,no,41.2,80.3,2750.0,,4.0,187.0,178.0,8.8,,1.0,5,60000,10,100000,17.9,https://www.hyundaiusa.com/us/en/vehicles/tucson/sel-convenience,NHTSA,,model-specific,,"4.0/5.0 (RepairPal, rank 5 of 26 compact SUVs)",100.0,83.38256858913803,89.72925409310511,79.71668081494057,83.33333333333333,58.33333333333333,97.70936981757878,86.5234375,52.77777777777777,61.18119266055046
Hyundai,Tucson,XRT,2026,no,SUV,4,5,FWD,Gas,33775.0,1600.0,35375.0,25.0,33.0,28.0,400.0,5.0,108.2,41.4,41.3,,40.1,39.5,,no,41.2,80.3,2750.0,,4.0,187.0,178.0,8.8,,3.0,5,60000,10,100000,16.7,https://www.hyundaiusa.com/us/en/vehicles/tucson/xrt,NHTSA,,model-specific,,"4.0/5.0 (RepairPal, rank 5 of 26 compact SUVs)",100.0,83.38256858913803,89.72925409310511,79.71668081494057,83.33333333333333,75.0,97.2584991708126,87.3046875,52.77777777777777,61.18119266055046
Hyundai,Tucson,SEL Premium,2026,no,SUV,4,5,FWD,Gas,34100.0,1600.0,35700.0,25.0,33.0,28.0,400.0,5.0,108.2,41.4,41.3,,38.1,38.7,,no,41.2,80.3,2750.0,,4.0,187.0,178.0,8.8,,3.0,5,60000,10,100000,17.9,https://www.hyundaiusa.com/us/en/vehicles/tucson/sel-premium,NHTSA,,model-specific,,"4.0/5.0 (RepairPal, rank 5 of 26 compact SUVs)",100.0,75.90262476658927,89.72925409310511,79.71668081494057,83.33333333333333,75.0,97.19112769485903,86.5234375,52.77777777777777,61.18119266055046
Hyundai,Tucson,Limited,2026,no,SUV,4,5,FWD,Gas,39725.0,1600.0,41325.0,25.0,33.0,28.0,400.0,5.0,108.2,41.4,41.3,,38.1,39.0,,no,41.2,80.3,2750.0,,4.0,187.0,178.0,8.8,,5.0,5,60000,10,100000,21.9,https://www.hyundaiusa.com/us/en/vehicles/tucson/limited,NHTSA,,model-specific,,"4.0/5.0 (RepairPal, rank 5 of 26 compact SUVs)",100.0,76.90624108222941,89.72925409310511,79.71668081494057,83.33333333333333,91.66666666666667,96.02508291873963,83.91927083333334,52.77777777777777,61.18119266055046
Hyundai,Tucson,SE,2026,no,SUV,4,5,FWD,Hybrid,30950.0,1600.0,32550.0,40.0,35.0,38.0,543.0,5.0,107.9,41.4,41.3,,40.1,39.5,,no,38.7,74.5,1650.0,,4.0,231.0,271.0,,,1.0,5,60000,10,100000,24.6,https://www.hyundaiusa.com/us/en/vehicles/tucson-hybrid/se,IIHS,,model-specific,,"4.0/5.0 (RepairPal, rank 5 of 26 compact SUVs)",100.0,83.38256858913803,85.93400079275335,77.99543552681628,83.33333333333333,58.33333333333333,97.8441127694859,82.16145833333333,50.0,54.87385321100918
Hyundai,Tucson,SEL FWD,2026,no,SUV,4,5,FWD,Hybrid,32400.0,1600.0,34000.0,40.0,35.0,38.0,543.0,5.0,107.9,41.4,41.3,,40.1,39.5,,no,38.7,74.5,1650.0,,4.0,231.0,271.0,,,1.0,5,60000,10,100000,25.3,https://www.hyundaiusa.com/us/en/vehicles/tucson-hybrid,IIHS,,model-specific,,"4.0/5.0 (RepairPal, rank 5 of 26 compact SUVs)",100.0,83.38256858913803,85.93400079275335,77.99543552681628,83.33333333333333,58.33333333333333,97.54353233830847,81.70572916666667,50.0,54.87385321100918
Hyundai,Tucson,Blue SE,2026,no,SUV,4,5,AWD,Hybrid,32450.0,1600.0,34050.0,38.0,38.0,38.0,543.0,5.0,107.9,41.4,41.3,,40.1,39.5,,no,38.7,74.5,2000.0,,4.0,231.0,271.0,6.9,,1.0,5,60000,10,100000,24.6,https://www.hyundaiusa.com/us/en/vehicles/tucson-hybrid/blue-se,NHTSA,,model-specific,,"4.0/5.0 (RepairPal, rank 5 of 26 compact SUVs)",100.0,83.38256858913803,85.93400079275335,77.99543552681628,83.33333333333333,58.33333333333333,97.53316749585406,82.16145833333333,59.375,56.88073394495413
Hyundai,Tucson,SEL,2026,no,SUV,4,5,AWD,Hybrid,33900.0,1600.0,35500.0,36.0,37.0,36.0,515.0,5.0,107.9,41.4,41.3,,40.1,39.5,,no,38.7,74.5,2000.0,,4.0,231.0,271.0,6.9,,1.0,5,60000,10,100000,25.3,https://www.hyundaiusa.com/us/en/vehicles/tucson-hybrid/sel,NHTSA,,model-specific,,"4.0/5.0 (RepairPal, rank 5 of 26 compact SUVs)",100.0,83.38256858913803,85.93400079275335,73.81767465449474,83.33333333333333,58.33333333333333,97.23258706467661,81.70572916666667,59.375,56.88073394495413
Hyundai,Tucson,SEL Convenience,2026,no,SUV,4,5,AWD,Hybrid,34900.0,1600.0,36500.0,36.0,37.0,36.0,515.0,5.0,107.9,41.4,41.3,,40.1,39.5,,no,38.7,74.5,2000.0,,4.0,231.0,271.0,6.9,,3.0,5,60000,10,100000,26.7,https://www.hyundaiusa.com/us/en/vehicles/tucson-hybrid/sel-convenience,NHTSA,,model-specific,,"4.0/5.0 (RepairPal, rank 5 of 26 compact SUVs)",100.0,83.38256858913803,85.93400079275335,73.81767465449474,83.33333333333333,75.0,97.02529021558873,80.79427083333333,59.375,56.88073394495413
Hyundai,Tucson,Limited,2026,no,SUV,4,5,AWD,Hybrid,42075.0,1600.0,43675.0,36.0,37.0,36.0,515.0,5.0,107.9,41.4,41.3,,38.1,38.7,,no,38.7,74.5,2000.0,,4.0,231.0,271.0,6.9,,5.0,5,60000,10,100000,24.7,https://www.hyundaiusa.com/us/en/vehicles/tucson-hybrid/limited,NHTSA,,model-specific,,"4.0/5.0 (RepairPal, rank 5 of 26 compact SUVs)",100.0,75.90262476658927,85.93400079275335,73.81767465449474,83.33333333333333,91.66666666666667,95.53793532338308,82.09635416666667,59.375,56.88073394495413
Hyundai,Tucson,Night,2026,no,SUV,4,5,AWD,Hybrid,42575.0,1600.0,44175.0,36.0,37.0,36.0,515.0,5.0,107.9,41.4,41.3,,38.1,38.7,,no,38.7,74.5,2000.0,,4.0,231.0,271.0,6.9,,5.0,5,60000,10,100000,25.3,https://www.hyundaiusa.com/us/en/vehicles/tucson-hybrid,NHTSA,,model-specific,,"4.0/5.0 (RepairPal, rank 5 of 26 compact SUVs)",100.0,75.90262476658927,85.93400079275335,73.81767465449474,83.33333333333333,91.66666666666667,95.43428689883913,81.70572916666667,59.375,56.88073394495413
Hyundai,Tucson,SEL,2026,no,SUV,4,5,AWD,PHEV,40075.0,1600.0,41675.0,,,35.0,388.0,5.0,,41.4,39.5,,38.1,38.7,,no,31.9,71.8,2000.0,,4.0,268.0,271.0,7.1,,1.0,5,60000,10,100000,22.3,https://www.hyundaiusa.com/us/en/vehicles/tucson-plug-in-hybrid/sel,IIHS,,model-specific,,"4.0/5.0 (RepairPal, rank 5 of 26 compact SUVs)",100.0,72.9703197052407,77.3928662161114,72.3847654244944,83.33333333333333,58.33333333333333,95.95252902155887,83.65885416666667,58.68055555555556,56.88073394495413
Hyundai,Tucson,Limited,2026,no,SUV,4,5,AWD,PHEV,48300.0,1600.0,49900.0,,,35.0,388.0,5.0,,41.4,39.5,,38.1,38.7,,no,31.9,71.8,2000.0,,4.0,268.0,271.0,7.1,,5.0,5,60000,10,100000,23.7,https://www.hyundaiusa.com/us/en/vehicles/tucson-plug-in-hybrid/limited,IIHS,,model-specific,,"4.0/5.0 (RepairPal, rank 5 of 26 compact SUVs)",100.0,72.9703197052407,77.3928662161114,72.3847654244944,83.33333333333333,91.66666666666667,94.24751243781094,82.74739583333333,58.68055555555556,56.88073394495413
Ram,1500,Tradesman,2026,no,Truck,4,6,RWD,Gas,42025.0,2595.0,44620.0,20.0,25.0,22.0,572.0,5.0,,40.9,45.2,,40.9,39.8,,no,,53.9,8130.0,2360.0,3.5,305.0,269.0,,,1.0,3,36000,10,100000,29.8,https://www.ramtrucks.com/ram-1500/specs.tradesman.html,NHTSA,,model-specific,6.4,,100.0,77.67484557837788,76.92307692307693,80.90376701487813,87.5,58.33333333333333,91.34393856280856,67.76978417266187,50.0,57.31808529614444
Ram,1500,Express,2026,no,Truck,4,6,RWD,Gas,44150.0,2595.0,46745.0,20.0,25.0,22.0,572.0,5.0,,40.9,45.2,,40.9,39.8,,no,,53.9,8130.0,2360.0,3.5,305.0,269.0,,,1.0,3,36000,10,100000,23.6,https://www.ramtrucks.com/ram-1500/specs.express.html,NHTSA,,model-specific,6.4,,100.0,77.67484557837788,76.92307692307693,80.90376701487813,87.5,58.33333333333333,90.17827756445419,72.23021582733813,50.0,57.31808529614444
Ram,1500,Warlock,2026,no,Truck,4,6,4WD,Gas,52865.0,2595.0,55460.0,19.0,24.0,21.0,546.0,5.0,,40.9,45.2,,40.9,39.8,,no,,53.9,8130.0,,3.5,305.0,269.0,,,1.0,3,36000,10,100000,23.6,https://www.ramtrucks.com/ram-1500/specs.warlock.html,NHTSA,,model-specific,5.7,,100.0,77.67484557837788,67.94871794871796,77.25965029886598,87.5,58.33333333333333,85.3976961053209,72.23021582733813,50.0,58.79144187592364
Ram,1500,Big Horn,2026,no,Truck,4,6,RWD,Gas,47280.0,2595.0,49875.0,20.0,25.0,22.0,572.0,5.0,,40.9,45.2,,40.9,39.8,,no,,53.9,8130.0,,3.5,305.0,269.0,,,1.0,3,36000,10,100000,18.1,https://www.ramtrucks.com/ram-1500/specs.bighorn.html,NHTSA,,model-specific,6.4,,100.0,77.67484557837788,76.92307692307693,80.90376701487813,87.5,58.33333333333333,88.46132748217224,76.18705035971223,50.0,58.79144187592364
Ram,1500,Laramie,2026,no,Truck,4,5,RWD,Gas,61480.0,2595.0,64075.0,18.0,25.0,21.0,546.0,5.0,,40.9,45.2,,40.9,39.8,,no,,53.9,11610.0,,3.5,420.0,469.0,5.2,,3.0,3,36000,10,100000,22.0,https://www.ramtrucks.com/ram-1500/specs.laramie.html,NHTSA,,model-specific,5.7,,100.0,77.67484557837788,67.94871794871796,77.25965029886598,87.5,75.0,80.67196928140427,73.38129496402877,63.559322033898304,63.807383893124964
Ram,1500,Rebel,2026,no,Truck,4,5,4WD,Gas,65445.0,2595.0,68040.0,18.0,24.0,20.0,520.0,5.0,,40.9,45.2,,40.9,39.8,,no,,53.9,11610.0,,3.5,420.0,469.0,5.2,,3.0,3,36000,10,100000,16.9,https://www.ramtrucks.com/ram-1500/specs.rebel.html,NHTSA,,model-specific,5.7,,100.0,77.67484557837788,67.94871794871796,73.61553358285384,87.5,75.0,78.49698299506308,77.05035971223022,63.559322033898304,63.807383893124964
Ram,1500,RHO,2026,yes,Truck,4,5,4WD,Gas,73795.0,2595.0,76390.0,14.0,16.0,15.0,495.0,5.0,,40.9,45.2,,40.9,39.8,,no,,53.9,,1490.0,3.5,540.0,521.0,4.7,118.0,4.0,3,36000,10,100000,23.6,https://www.ramtrucks.com/ram-1500/specs.rho.html,NHTSA,,model-specific,5.7,,100.0,77.67484557837788,67.94871794871796,61.43162393162393,87.5,83.33333333333333,73.91662095447066,72.23021582733813,90.67796610169492,52.007057785619764
Ram,1500,Limited,2026,no,Truck,4,5,4WD,Gas,76405.0,2595.0,79000.0,18.0,24.0,20.0,660.0,5.0,,40.9,45.2,,40.9,39.8,,no,,53.9,10000.0,,3.5,540.0,521.0,4.7,,4.0,3,36000,10,100000,28.1,https://www.ramtrucks.com/ram-1500/specs.limited.html,NHTSA,,model-specific,5.7,,100.0,77.67484557837788,67.94871794871796,81.66443215462823,87.5,83.33333333333333,72.48491497531542,68.99280575539568,65.67796610169492,61.486790028845036
Ram,1500,Limited Longhorn,2026,no,Truck,4,5,4WD,Gas,76900.0,2595.0,79495.0,18.0,24.0,20.0,660.0,5.0,,40.9,45.2,,40.9,39.8,,no,,53.9,10000.0,,3.5,540.0,521.0,4.7,,4.0,3,36000,10,100000,23.2,https://www.ramtrucks.com/ram-1500/specs.longhorn.html,NHTSA,,model-specific,5.7,,100.0,77.67484557837788,67.94871794871796,81.66443215462823,87.5,83.33333333333333,72.21338453099287,72.5179856115108,65.67796610169492,61.486790028845036
Ram,1500,Tungsten,2026,no,Truck,4,5,4WD,Gas,88800.0,2595.0,91395.0,18.0,24.0,20.0,660.0,5.0,,40.9,45.2,,40.9,39.8,,no,,53.9,10000.0,,3.5,540.0,521.0,4.7,,5.0,3,36000,10,100000,23.6,https://www.ramtrucks.com/ram-1500/specs.tungsten.html,NHTSA,,model-specific,5.7,,100.0,77.67484557837788,67.94871794871796,81.66443215462823,87.5,91.66666666666667,65.68568294020845,72.23021582733813,65.67796610169492,61.486790028845036
Tesla,Model Y,Standard RWD,2026,no,SUV,4,5,RWD,EV,39990.0,1390.0,41380.0,148.0,129.0,138.0,321.0,5.0,,41.8,40.5,,41.0,39.4,,no,33.1,75.5,3500.0,,,,,6.8,,2.0,4,50000,8,100000,29.5,https://www.tesla.com/modely,NHTSA,,model-specific,,,100.0,84.73904809693883,79.33941727647237,86.63461538461539,50.0,66.66666666666666,96.0136815920398,78.97135416666667,59.72222222222222,65.48165137614679
Tesla,Model Y,Standard AWD,2026,no,SUV,4,5,AWD,EV,41990.0,1390.0,43380.0,,,,294.0,5.0,,41.8,40.5,,41.0,39.4,,no,33.1,75.5,3500.0,,,,,4.6,,2.0,4,50000,8,100000,35.7,https://www.tesla.com/modely,NHTSA,,model-specific,,,100.0,84.73904809693883,79.33941727647237,68.07692307692308,50.0,66.66666666666666,95.59908789386401,74.93489583333333,67.36111111111111,65.48165137614679
Tesla,Model Y,Premium RWD,2026,no,SUV,4,5,RWD,EV,45990.0,1390.0,47380.0,144.0,123.0,134.0,357.0,5.0,,41.8,40.5,,41.0,39.4,,no,33.1,75.5,3500.0,,,,,5.4,,3.0,4,50000,8,100000,35.7,https://www.tesla.com/modely,NHTSA,,model-specific,,,100.0,84.73904809693883,79.33941727647237,88.93336314847943,50.0,75.0,94.76990049751244,74.93489583333333,64.58333333333333,65.48165137614679
Tesla,Model Y,Premium AWD,2026,no,SUV,4,5,AWD,EV,49990.0,1390.0,51380.0,130.0,115.0,123.0,327.0,5.0,,41.8,40.5,,41.0,39.4,,no,33.1,75.5,3500.0,,,460.0,,4.6,,3.0,4,50000,8,100000,37.5,https://www.tesla.com/modely,NHTSA,,model-specific,,,100.0,84.73904809693883,79.33941727647237,82.8510733452594,50.0,75.0,93.94071310116087,73.76302083333334,67.36111111111111,65.48165137614679
Tesla,Model Y,Performance AWD,2026,yes,SUV,4,5,AWD,EV,57990.0,1390.0,59380.0,111.0,100.0,105.0,306.0,5.0,,41.8,40.5,,41.0,39.4,,no,33.1,75.5,3500.0,,,510.0,,3.3,,3.0,4,50000,8,120000,38.5,https://www.tesla.com/modely,NHTSA,,model-specific,,,100.0,84.73904809693883,79.33941727647237,75.59928443649375,50.0,75.0,92.28233830845771,73.11197916666667,96.875,65.48165137614679
Tesla,Model Y,L Premium AWD,2026,no,SUV,4,6,AWD,EV,61990.0,1390.0,63380.0,,,,325.0,5.0,,41.8,40.5,33.2,41.0,39.4,,yes,,89.0,3500.0,,,,,4.4,,3.0,4,50000,8,100000,35.7,https://www.tesla.com/modely,NHTSA,,model-specific,,,100.0,83.39645213464752,77.11913858879942,74.03846153846155,50.0,75.0,91.45315091210614,74.93489583333333,68.05555555555556,65.48165137614679
Toyota,Corolla,LE,2026,no,Sedan,4,5,FWD,Gas,23125.0,1195.0,24320.0,32.0,41.0,35.0,462.0,5.0,89.0,42.0,35.0,,38.3,37.1,,no,13.1,13.1,,,4.5,169.0,151.0,8.2,,2.0,3,36000,5,60000,9.6,https://www.toyota.com/corolla/,NHTSA,,model-specific,,"4.5/5.0 (RepairPal, rank 1 of 36 compact cars)",100.0,62.217343269376315,64.7239263803681,91.59302896416298,100.0,70.0,99.82706584715706,94.4141689373297,53.42465753424658,50.0
Toyota,Corolla,SE,2026,no,Sedan,4,5,FWD,Gas,25565.0,1195.0,26760.0,31.0,40.0,34.0,449.0,5.0,89.0,42.0,35.0,,38.3,37.1,,no,13.1,13.1,,,4.5,169.0,151.0,8.2,,2.0,3,36000,5,60000,10.7,https://www.toyota.com/corolla/,NHTSA,,model-specific,,"4.5/5.0 (RepairPal, rank 1 of 36 compact cars)",100.0,62.217343269376315,64.7239263803681,89.28571428571428,100.0,70.0,99.28953803449872,93.66485013623978,53.42465753424658,50.0
Toyota,Corolla,XSE,2026,no,Sedan,4,5,FWD,Gas,28840.0,1195.0,30035.0,31.0,40.0,34.0,449.0,5.0,89.0,42.0,35.0,,38.3,37.1,,no,13.1,13.1,,,4.5,169.0,151.0,8.2,,2.0,3,36000,5,60000,12.6,https://www.toyota.com/corolla/,NHTSA,,model-specific,,"4.5/5.0 (RepairPal, rank 1 of 36 compact cars)",100.0,62.217343269376315,64.7239263803681,89.28571428571428,100.0,70.0,98.5680611548036,92.37057220708448,53.42465753424658,50.0
Toyota,Corolla,LE Hybrid,2026,no,Sedan,4,5,FWD,Hybrid,23780.0,1195.0,24975.0,53.0,46.0,50.0,565.0,5.0,89.0,42.0,35.0,,38.3,37.1,,no,13.1,13.1,,,4.5,138.0,105.0,,,2.0,3,36000,5,60000,9.8,https://www.toyota.com/corolla/,NHTSA,,model-specific,,"4.5/5.0 (RepairPal, rank 1 of 36 compact cars)",100.0,62.217343269376315,64.7239263803681,85.08771929824562,100.0,70.0,99.68277047121802,94.27792915531336,50.0,50.0
Toyota,Corolla,SE Hybrid,2026,no,Sedan,4,5,FWD,Hybrid,26220.0,1195.0,27415.0,50.0,43.0,47.0,531.0,5.0,89.0,42.0,35.0,,38.3,37.1,,no,13.1,13.1,,,4.5,138.0,105.0,,,2.0,3,36000,5,60000,7.5,https://www.toyota.com/corolla/,NHTSA,,model-specific,,"4.5/5.0 (RepairPal, rank 1 of 36 compact cars)",100.0,62.217343269376315,64.7239263803681,78.23464912280701,100.0,70.0,99.14524265855968,95.84468664850137,50.0,50.0
Toyota,Corolla,XLE Hybrid,2026,no,Sedan,4,5,FWD,Hybrid,28145.0,1195.0,29340.0,53.0,46.0,50.0,565.0,5.0,89.0,42.0,35.0,,38.3,37.1,,no,13.1,13.1,,,4.5,138.0,105.0,,,2.0,3,36000,5,60000,13.3,https://www.toyota.com/corolla/,NHTSA,,model-specific,,"4.5/5.0 (RepairPal, rank 1 of 36 compact cars)",100.0,62.217343269376315,64.7239263803681,85.08771929824562,100.0,70.0,98.72116846209768,91.89373297002726,50.0,50.0
Toyota,Corolla,GR Corolla Base,2026,yes,Hatchback,4,5,AWD,Gas,38725.0,1195.0,39920.0,21.0,28.0,24.0,317.0,,85.0,42.0,30.0,,38.4,37.6,,no,18.0,18.0,,,4.5,300.0,295.0,4.2,,2.0,3,36000,5,60000,3.8,https://www.toyota.com/grcorolla/,,,model-specific,,"4.5/5.0 (RepairPal, rank 1 of 36 compact cars)",50.0,50.0,75.13089005235602,52.595628415300546,100.0,75.0,75.71981815120391,95.67233384853168,96.36363636363637,50.0
Toyota,Corolla,GR Corolla Premium Plus,2026,yes,Hatchback,4,5,AWD,Gas,44770.0,1195.0,45965.0,21.0,28.0,24.0,317.0,,85.0,42.0,30.0,,38.4,37.6,,no,18.0,18.0,,,4.5,300.0,295.0,4.2,,4.0,3,36000,5,60000,3.8,https://www.toyota.com/grcorolla/,,,model-specific,,"4.5/5.0 (RepairPal, rank 1 of 36 compact cars)",50.0,50.0,75.13089005235602,52.595628415300546,100.0,100.0,65.54133692540832,95.67233384853168,96.36363636363637,50.0
Toyota,Camry,LE,2026,no,Sedan,4,5,FWD,Hybrid,29600.0,1295.0,30895.0,52.0,49.0,51.0,663.0,5.0,100.0,42.0,38.0,,38.3,37.6,,no,15.1,15.1,,,4.0,225.0,163.0,6.8,,3.0,3,36000,5,60000,14.7,https://www.toyota.com/camry/,NHTSA,,model-specific,,"4.0/5.0 (RepairPal, rank 3 of 24 midsize cars)",100.0,68.99978409095606,70.85889570552146,96.875,90.0,80.0,98.37860463066993,90.94005449591282,58.21917808219178,50.0
Toyota,Camry,SE,2026,no,Sedan,4,5,FWD,Hybrid,32100.0,1295.0,33395.0,47.0,45.0,46.0,598.0,5.0,100.0,42.0,38.0,,38.3,37.6,,no,15.1,15.1,,,4.0,225.0,163.0,6.8,,3.0,3,36000,5,60000,14.0,https://www.toyota.com/camry/,NHTSA,,model-specific,,"4.0/5.0 (RepairPal, rank 3 of 24 midsize cars)",100.0,68.99978409095606,70.85889570552146,84.53947368421052,90.0,80.0,97.827858920979,91.41689373297004,58.21917808219178,50.0
Toyota,Camry,Nightshade,2026,no,Sedan,4,5,FWD,Hybrid,33100.0,1295.0,34395.0,48.0,47.0,47.0,611.0,5.0,100.0,42.0,38.0,,38.3,37.6,,no,15.1,15.1,,,4.0,225.0,163.0,6.8,,3.0,3,36000,5,60000,14.0,https://www.toyota.com/camry/,NHTSA,,model-specific,,"4.0/5.0 (RepairPal, rank 3 of 24 midsize cars)",100.0,68.99978409095606,70.85889570552146,87.00657894736842,90.0,80.0,97.60756063710264,91.41689373297004,58.21917808219178,50.0
Toyota,Camry,XLE,2026,no,Sedan,4,5,FWD,Hybrid,34800.0,1295.0,36095.0,47.0,45.0,46.0,598.0,5.0,100.0,42.0,38.0,,38.3,37.6,,no,15.1,15.1,,,4.0,225.0,163.0,6.8,,3.0,3,36000,5,60000,12.7,https://www.toyota.com/camry/,NHTSA,,model-specific,,"4.0/5.0 (RepairPal, rank 3 of 24 midsize cars)",100.0,68.99978409095606,70.85889570552146,84.53947368421052,90.0,80.0,97.23305355451281,92.30245231607628,58.21917808219178,50.0
Toyota,Camry,XSE,2026,no,Sedan,4,5,FWD,Hybrid,36000.0,1295.0,37295.0,47.0,45.0,46.0,598.0,5.0,100.0,42.0,38.0,,38.3,37.6,,no,15.1,15.1,,,4.0,225.0,163.0,6.8,,3.0,3,36000,5,60000,11.3,https://www.toyota.com/camry/,NHTSA,,model-specific,,"4.0/5.0 (RepairPal, rank 3 of 24 midsize cars)",100.0,68.99978409095606,70.85889570552146,84.53947368421052,90.0,80.0,96.96869561386117,93.25613079019074,58.21917808219178,50.0
Toyota,RAV4,LE,2026,no,SUV,4,5,FWD,Hybrid,31900.0,1450.0,33350.0,48.0,42.0,44.0,638.0,,,40.4,37.8,,37.9,39.5,,no,37.5,69.8,1750.0,,4.0,226.0,163.0,,,2.0,3,36000,5,60000,6.6,https://www.toyota.com/rav4/,,,model-specific,,"4.0/5.0 (RepairPal, rank 3 of 26 compact SUVs)",50.0,70.31529271033625,83.8511730116586,91.57474324838341,83.33333333333333,66.66666666666666,97.6782752902156,93.88020833333334,50.0,55.44724770642202
Toyota,RAV4,SE,2026,no,SUV,4,5,FWD,Hybrid,34700.0,1450.0,36150.0,48.0,42.0,44.0,638.0,,,40.4,37.8,,37.9,39.5,,no,37.5,69.8,1750.0,,4.0,226.0,163.0,,,2.0,3,36000,5,60000,2.9,https://www.toyota.com/rav4/,,,model-specific,,"4.0/5.0 (RepairPal, rank 3 of 26 compact SUVs)",50.0,70.31529271033625,83.8511730116586,91.57474324838341,83.33333333333333,66.66666666666666,97.09784411276948,96.2890625,50.0,55.44724770642202
Toyota,RAV4,XLE Premium,2026,no,SUV,4,5,FWD,Hybrid,36100.0,1450.0,37550.0,48.0,42.0,44.0,638.0,,,40.4,37.8,,37.9,39.5,,no,37.5,69.8,1750.0,,4.0,226.0,163.0,,,3.0,3,36000,5,60000,0.4,https://www.toyota.com/rav4/,,,model-specific,,"4.0/5.0 (RepairPal, rank 3 of 26 compact SUVs)",50.0,70.31529271033625,83.8511730116586,91.57474324838341,83.33333333333333,75.0,96.80762852404644,97.91666666666666,50.0,55.44724770642202
Toyota,RAV4,Woodland,2026,yes,SUV,4,5,AWD,Hybrid,39900.0,1450.0,41350.0,42.0,35.0,38.0,551.0,,,40.4,37.8,,37.9,39.5,,no,37.5,69.8,3500.0,,4.0,236.0,163.0,7.1,,3.0,3,36000,5,60000,7.1,https://www.toyota.com/rav4/,,,model-specific,,"4.0/5.0 (RepairPal, rank 3 of 26 compact SUVs)",50.0,70.31529271033625,83.8511730116586,78.7561810574363,83.33333333333333,75.0,96.01990049751244,93.5546875,83.68055555555556,65.48165137614679
Toyota,RAV4,XSE,2026,no,SUV,4,5,AWD,Hybrid,42750.0,1450.0,44200.0,44.0,38.0,41.0,594.0,,,40.4,37.8,,37.9,39.5,,no,37.5,69.8,3500.0,,4.0,236.0,163.0,7.1,,4.0,3,36000,5,60000,-0.2,https://www.toyota.com/rav4/,,,model-specific,,"4.0/5.0 (RepairPal, rank 3 of 26 compact SUVs)",50.0,70.31529271033625,83.8511730116586,85.1179155572461,83.33333333333333,83.33333333333333,95.42910447761194,98.30729166666667,58.68055555555556,65.48165137614679
Toyota,RAV4,Limited,2026,no,SUV,4,5,AWD,Hybrid,43300.0,1450.0,44750.0,44.0,38.0,41.0,594.0,,,40.4,37.8,,37.9,39.5,,no,37.5,69.8,3500.0,,4.0,236.0,163.0,7.1,,4.0,3,36000,5,60000,4.4,https://www.toyota.com/rav4/,,,model-specific,,"4.0/5.0 (RepairPal, rank 3 of 26 compact SUVs)",50.0,70.31529271033625,83.8511730116586,85.1179155572461,83.33333333333333,83.33333333333333,95.3150912106136,95.3125,58.68055555555556,65.48165137614679
Toyota,RAV4,SE,2026,no,SUV,4,5,AWD,PHEV,41500.0,1450.0,42950.0,44.0,38.0,41.0,594.0,,,40.4,37.8,,37.9,39.5,,no,37.5,69.8,3500.0,,4.0,324.0,172.0,5.6,,3.0,3,36000,5,60000,17.1,https://www.toyota.com/rav4/,,,model-specific,,"4.0/5.0 (RepairPal, rank 3 of 26 compact SUVs)",50.0,70.31529271033625,83.8511730116586,84.31372549019608,83.33333333333333,75.0,95.6882255389718,87.04427083333333,63.888888888888886,65.48165137614679
Toyota,RAV4,Woodland,2026,yes,SUV,4,5,AWD,PHEV,45300.0,1450.0,46750.0,42.0,35.0,38.0,551.0,,,40.4,37.8,,37.9,39.5,,no,37.5,69.8,3500.0,,4.0,324.0,172.0,5.6,,3.0,3,36000,5,60000,17.6,https://www.toyota.com/rav4/,,,model-specific,,"4.0/5.0 (RepairPal, rank 3 of 26 compact SUVs)",50.0,70.31529271033625,83.8511730116586,80.96704650446566,83.33333333333333,75.0,94.90049751243781,86.71875,88.88888888888889,65.48165137614679
Toyota,RAV4,XSE,2026,no,SUV,4,5,AWD,PHEV,47200.0,1450.0,48650.0,44.0,38.0,41.0,594.0,,,40.4,37.8,,37.9,39.5,,no,37.5,69.8,3500.0,,4.0,324.0,172.0,5.6,,4.0,3,36000,5,60000,18.0,https://www.toyota.com/rav4/,,,model-specific,,"4.0/5.0 (RepairPal, rank 3 of 26 compact SUVs)",50.0,70.31529271033625,83.8511730116586,84.31372549019608,83.33333333333333,83.33333333333333,94.50663349917082,86.45833333333334,63.888888888888886,65.48165137614679
Toyota,RAV4,GR SPORT,2026,yes,SUV,4,5,AWD,PHEV,48500.0,1450.0,49950.0,41.0,34.0,37.0,536.0,,,40.4,37.8,,37.9,39.5,,no,37.5,69.8,3500.0,,4.0,324.0,172.0,5.6,,4.0,3,36000,5,60000,17.6,https://www.toyota.com/rav4/,,,model-specific,,"4.0/5.0 (RepairPal, rank 3 of 26 compact SUVs)",50.0,70.31529271033625,83.8511730116586,79.82240016425418,83.33333333333333,83.33333333333333,94.23714759535656,86.71875,88.88888888888889,65.48165137614679
Toyota,Highlander,XLE,2026,no,SUV,4,8,AWD,Gas,45870.0,1895.0,47765.0,21.0,28.0,24.0,430.0,5.0,140.0,42.0,39.0,28.0,39.6,39.4,36.0,yes,16.0,84.0,5000.0,,4.0,265.0,310.0,7.4,,2.0,3,36000,5,60000,14.7,https://www.toyota.com/highlander/,NHTSA,,model-specific,,"4.0/5.0 (RepairPal, rank 7 of 26 midsize SUVs)",100.0,76.0996968206017,59.9446068932537,77.47771646859084,83.33333333333333,66.66666666666666,94.69009121061359,88.60677083333333,57.638888888888886,74.08256880733944
Toyota,Highlander,XSE,2026,no,SUV,4,8,AWD,Gas,47940.0,1895.0,49835.0,22.0,29.0,25.0,448.0,5.0,140.0,42.0,39.0,28.0,39.6,39.4,36.0,yes,16.0,84.0,5000.0,,4.0,265.0,310.0,7.4,,3.0,3,36000,5,60000,8.8,https://www.toyota.com/highlander/,NHTSA,,model-specific,,"4.0/5.0 (RepairPal, rank 7 of 26 midsize SUVs)",100.0,76.0996968206017,59.9446068932537,80.6080220713073,83.33333333333333,75.0,94.26098673300166,92.44791666666667,57.638888888888886,74.08256880733944
Toyota,Highlander,Limited,2026,no,SUV,4,8,AWD,Gas,50325.0,1895.0,52220.0,21.0,28.0,24.0,430.0,5.0,140.0,42.0,39.0,28.0,39.6,39.4,36.0,yes,16.0,84.0,5000.0,,4.0,265.0,310.0,7.4,,3.0,3,36000,5,60000,15.4,https://www.toyota.com/highlander/,NHTSA,,model-specific,,"4.0/5.0 (RepairPal, rank 7 of 26 midsize SUVs)",100.0,76.0996968206017,59.9446068932537,77.47771646859084,83.33333333333333,75.0,93.76658374792703,88.15104166666667,57.638888888888886,74.08256880733944
Toyota,Highlander,Platinum,2026,no,SUV,4,8,AWD,Gas,53525.0,1895.0,55420.0,21.0,28.0,24.0,430.0,5.0,140.0,42.0,39.0,28.0,39.6,39.4,36.0,yes,16.0,84.0,5000.0,,4.0,265.0,310.0,7.4,,5.0,3,36000,5,60000,17.5,https://www.toyota.com/highlander/,NHTSA,,model-specific,,"4.0/5.0 (RepairPal, rank 7 of 26 midsize SUVs)",100.0,76.0996968206017,59.9446068932537,77.47771646859084,83.33333333333333,91.66666666666667,93.10323383084577,86.78385416666667,57.638888888888886,74.08256880733944
Toyota,Highlander,Hybrid XLE,2026,no,SUV,4,8,AWD,Hybrid,47620.0,1895.0,49515.0,35.0,35.0,35.0,615.0,5.0,140.0,42.0,39.0,28.0,39.6,39.4,36.0,yes,16.0,84.0,5000.0,,4.0,243.0,,7.3,,2.0,3,36000,5,60000,11.4,https://www.toyota.com/highlander/,NHTSA,,model-specific,,"4.0/5.0 (RepairPal, rank 7 of 26 midsize SUVs)",100.0,76.0996968206017,59.9446068932537,82.56941802966908,83.33333333333333,66.66666666666666,94.32732172470978,90.75520833333334,57.986111111111114,74.08256880733944
Toyota,Highlander,Hybrid Limited,2026,no,SUV,4,8,AWD,Hybrid,52075.0,1895.0,53970.0,35.0,34.0,34.0,597.0,5.0,140.0,42.0,39.0,28.0,39.6,39.4,36.0,yes,16.0,84.0,5000.0,,4.0,243.0,,7.3,,3.0,3,36000,5,60000,10.3,https://www.toyota.com/highlander/,NHTSA,,model-specific,,"4.0/5.0 (RepairPal, rank 7 of 26 midsize SUVs)",100.0,76.0996968206017,59.9446068932537,80.1001648281983,83.33333333333333,75.0,93.40381426202322,91.47135416666667,57.986111111111114,74.08256880733944
Toyota,Highlander,Hybrid Platinum,2026,no,SUV,4,8,AWD,Hybrid,55275.0,1895.0,57170.0,35.0,34.0,34.0,597.0,5.0,140.0,42.0,39.0,28.0,39.6,39.4,36.0,yes,16.0,84.0,5000.0,,4.0,243.0,,7.3,,5.0,3,36000,5,60000,9.4,https://www.toyota.com/highlander/,NHTSA,,model-specific,,"4.0/5.0 (RepairPal, rank 7 of 26 midsize SUVs)",100.0,76.0996968206017,59.9446068932537,80.1001648281983,83.33333333333333,91.66666666666667,92.74046434494196,92.05729166666666,57.986111111111114,74.08256880733944
Toyota,Sienna,LE,2026,no,Minivan,4,8,FWD,Hybrid,41420.0,1495.0,42915.0,36.0,36.0,36.0,648.0,3.0,,40.3,39.9,38.7,40.1,39.3,37.0,yes,33.5,101.0,,,3.5,245.0,175.0,7.5,,1.0,3,36000,5,60000,-1.5,https://www.toyota.com/sienna/,IIHS,,model-specific,,"3.5/5.0 (RepairPal, rank 6 of 8 minivans)",75.0,63.828689370484945,50.0,100.0,75.0,50.0,91.54091392136026,100.0,60.52631578947369,50.0
Toyota,Sienna,XLE,2026,no,Minivan,4,8,FWD,Hybrid,46120.0,1495.0,47615.0,36.0,36.0,36.0,648.0,3.0,,40.3,39.9,38.7,40.1,39.3,37.0,yes,33.5,101.0,,,3.5,245.0,175.0,7.5,,1.0,3,36000,5,60000,3.8,https://www.toyota.com/sienna/,IIHS,,model-specific,,"3.5/5.0 (RepairPal, rank 6 of 8 minivans)",75.0,63.828689370484945,50.0,100.0,75.0,50.0,81.55154091392136,95.0,60.52631578947369,50.0
Toyota,Sienna,XSE,2026,no,Minivan,4,8,FWD,Hybrid,49345.0,1495.0,50840.0,36.0,36.0,36.0,648.0,3.0,,40.3,39.9,38.7,40.1,39.3,37.0,yes,33.5,101.0,,,3.5,245.0,175.0,7.5,,1.0,3,36000,5,60000,0.1,https://www.toyota.com/sienna/,IIHS,,model-specific,,"3.5/5.0 (RepairPal, rank 6 of 8 minivans)",75.0,63.828689370484945,50.0,100.0,75.0,50.0,74.6971307120085,98.49056603773585,60.52631578947369,50.0
Toyota,Sienna,Woodland Edition,2026,yes,Minivan,4,8,AWD,Hybrid,52200.0,1495.0,53695.0,35.0,36.0,35.0,630.0,3.0,,40.3,39.9,38.7,40.1,39.3,37.0,yes,33.5,101.0,,,3.5,245.0,175.0,7.5,,1.0,3,36000,5,60000,2.2,https://www.toyota.com/sienna/,IIHS,,model-specific,,"3.5/5.0 (RepairPal, rank 6 of 8 minivans)",75.0,63.828689370484945,50.0,82.5,75.0,50.0,68.62911795961743,96.50943396226415,100.0,50.0
Toyota,Sienna,Limited,2026,no,Minivan,4,8,FWD,Hybrid,52105.0,1495.0,53600.0,36.0,36.0,36.0,648.0,3.0,,40.3,39.9,38.7,40.1,39.3,37.0,yes,33.5,101.0,,,3.5,245.0,175.0,7.5,,2.0,3,36000,5,60000,4.3,https://www.toyota.com/sienna/,IIHS,,model-specific,,"3.5/5.0 (RepairPal, rank 6 of 8 minivans)",75.0,63.828689370484945,50.0,100.0,75.0,60.0,68.83103081827844,94.52830188679246,60.52631578947369,50.0
Toyota,Sienna,Platinum,2026,no,Minivan,4,8,FWD,Hybrid,58810.0,1495.0,60305.0,36.0,36.0,36.0,648.0,3.0,,40.3,39.9,38.7,40.1,39.3,37.0,yes,33.5,101.0,,,3.5,245.0,175.0,7.5,,4.0,3,36000,5,60000,7.4,https://www.toyota.com/sienna/,IIHS,,model-specific,,"3.5/5.0 (RepairPal, rank 6 of 8 minivans)",75.0,63.828689370484945,50.0,100.0,75.0,80.0,54.58023379383634,91.60377358490567,60.52631578947369,50.0
Toyota,Tacoma,SR,2026,no,Truck,4,5,RWD,Gas,32445.0,1745.0,34190.0,20.0,26.0,23.0,419.0,4.0,,41.8,33.7,,39.7,38.4,,no,,,3500.0,,3.5,270.0,310.0,,,2.0,3,36000,5,60000,-14.4,https://www.toyota.com/tacoma/,NHTSA,,model-specific,5.0,"3.5/5.0 (RepairPal, rank 7 of 7 midsize trucks)",87.5,61.20868679348784,58.97435897435898,74.25679198555015,87.5,66.66666666666666,97.06527701590784,99.568345323741,50.0,52.11793281280809
Toyota,Tacoma,SR5,2026,no,Truck,4,5,RWD,Gas,36535.0,1745.0,38280.0,21.0,26.0,23.0,419.0,4.0,,41.8,33.7,,39.7,38.4,,no,,,6500.0,,3.5,278.0,317.0,7.6,,2.0,3,36000,5,60000,-15.0,https://www.toyota.com/tacoma/,NHTSA,,model-specific,5.0,"3.5/5.0 (RepairPal, rank 7 of 7 midsize trucks)",87.5,61.20868679348784,58.97435897435898,74.25679198555015,87.5,66.66666666666666,94.82172243554581,100.0,53.38983050847458,56.4420207586713
Toyota,Tacoma,TRD PreRunner,2026,yes,Truck,4,5,RWD,Gas,39035.0,1745.0,40780.0,20.0,26.0,23.0,419.0,4.0,,41.8,33.7,,39.7,38.4,,no,,,6500.0,,3.5,278.0,317.0,7.6,,2.0,3,36000,5,60000,-9.9,https://www.toyota.com/tacoma/,NHTSA,,model-specific,6.1,"3.5/5.0 (RepairPal, rank 7 of 7 midsize trucks)",87.5,61.20868679348784,73.07692307692308,74.25679198555015,87.5,66.66666666666666,93.4503565551289,96.33093525179856,78.38983050847457,56.4420207586713
Toyota,Tacoma,TRD Sport,2026,yes,Truck,4,5,4WD,Gas,40315.0,1745.0,42060.0,18.0,23.0,20.0,364.0,4.0,,41.8,33.7,,39.7,38.4,,no,,,6500.0,,3.5,278.0,317.0,7.6,,2.0,3,36000,5,60000,-8.4,https://www.toyota.com/tacoma/,NHTSA,,model-specific,5.0,"3.5/5.0 (RepairPal, rank 7 of 7 midsize trucks)",87.5,61.20868679348784,58.97435897435898,64.64676088859096,87.5,66.66666666666666,92.74821722435546,95.25179856115108,78.38983050847457,56.4420207586713
Toyota,Tacoma,TRD Off-Road,2026,yes,Truck,4,5,4WD,Gas,42715.0,1745.0,44460.0,18.0,23.0,20.0,364.0,4.0,,41.8,33.7,,39.7,38.4,,no,,,6500.0,,3.5,278.0,317.0,7.6,,2.0,3,36000,5,60000,-6.1,https://www.toyota.com/tacoma/,NHTSA,,model-specific,5.0,"3.5/5.0 (RepairPal, rank 7 of 7 midsize trucks)",87.5,61.20868679348784,58.97435897435898,64.64676088859096,87.5,66.66666666666666,91.43170597915524,93.59712230215828,78.38983050847457,56.4420207586713
Toyota,Tacoma,Limited,2026,no,Truck,4,5,4WD,Gas,53470.0,1745.0,55215.0,19.0,24.0,21.0,382.0,4.0,,41.8,33.7,,39.7,38.4,,no,,,6500.0,,3.5,278.0,317.0,7.6,,3.0,3,36000,5,60000,0.4,https://www.toyota.com/tacoma/,NHTSA,,model-specific,5.0,"3.5/5.0 (RepairPal, rank 7 of 7 midsize trucks)",87.5,61.20868679348784,58.97435897435898,67.83094054335885,87.5,75.0,85.53208996160176,88.92086330935251,53.38983050847458,56.4420207586713
Toyota,Tacoma,TRD Sport Hybrid,2026,yes,Truck,4,5,4WD,Hybrid,46935.0,1745.0,48680.0,22.0,24.0,23.0,419.0,4.0,,41.8,33.7,,39.7,38.4,,no,,,6000.0,,3.5,326.0,465.0,7.4,,2.0,3,36000,5,60000,-9.9,https://www.toyota.com/tacoma/,NHTSA,,model-specific,5.0,"3.5/5.0 (RepairPal, rank 7 of 7 midsize trucks)",87.5,61.20868679348784,58.97435897435898,50.0,87.5,66.66666666666666,89.11684037301151,96.33093525179856,79.23728813559322,55.721339434360765
Toyota,Tacoma,TRD Off-Road Hybrid,2026,yes,Truck,4,5,4WD,Hybrid,47235.0,1745.0,48980.0,22.0,24.0,23.0,419.0,4.0,,41.8,33.7,,39.7,38.4,,no,,,6000.0,1705.0,3.5,326.0,465.0,7.4,,2.0,3,36000,5,60000,-9.9,https://www.toyota.com/tacoma/,NHTSA,,model-specific,5.0,"3.5/5.0 (RepairPal, rank 7 of 7 midsize trucks)",87.5,61.20868679348784,58.97435897435898,50.0,87.5,66.66666666666666,88.95227646736149,96.33093525179856,79.23728813559322,54.33839358131801
Toyota,Tacoma,Limited Hybrid,2026,no,Truck,4,5,4WD,Hybrid,56495.0,1745.0,58240.0,23.0,24.0,23.0,419.0,4.0,,41.8,33.7,,39.7,38.4,,no,,,6000.0,,3.5,326.0,465.0,7.4,,3.0,3,36000,5,60000,-9.9,https://www.toyota.com/tacoma/,NHTSA,,model-specific,5.0,"3.5/5.0 (RepairPal, rank 7 of 7 midsize trucks)",87.5,61.20868679348784,58.97435897435898,50.0,87.5,75.0,83.8727372462973,96.33093525179856,54.23728813559322,55.721339434360765
Toyota,Tacoma,Trailhunter,2026,yes,Truck,4,5,4WD,Hybrid,63650.0,1745.0,65395.0,22.0,24.0,23.0,419.0,4.0,,41.8,33.7,,39.7,38.4,,no,,,6000.0,,3.5,326.0,465.0,7.4,,2.0,3,36000,5,60000,-9.9,https://www.toyota.com/tacoma/,NHTSA,,model-specific,5.0,"3.5/5.0 (RepairPal, rank 7 of 7 midsize trucks)",87.5,61.20868679348784,58.97435897435898,50.0,87.5,66.66666666666666,79.94788809654415,96.33093525179856,79.23728813559322,55.721339434360765
Toyota,Tacoma,TRD Pro,2026,yes,Truck,4,5,4WD,Hybrid,64650.0,1745.0,66395.0,22.0,24.0,23.0,419.0,4.0,,41.8,33.7,,39.7,38.4,,no,,,6000.0,,3.5,326.0,465.0,7.4,,2.0,3,36000,5,60000,-9.9,https://www.toyota.com/tacoma/,NHTSA,,model-specific,5.0,"3.5/5.0 (RepairPal, rank 7 of 7 midsize trucks)",87.5,61.20868679348784,58.97435897435898,50.0,87.5,66.66666666666666,79.3993417443774,96.33093525179856,79.23728813559322,55.721339434360765
Toyota,Corolla Cross,L,2026,no,SUV,4,5,FWD,Gas,24635.0,1450.0,26085.0,31.0,33.0,32.0,396.0,5.0,94.9,42.9,32.0,,38.6,39.0,,no,24.0,47.0,,,,169.0,151.0,8.9,,2.0,3,36000,5,60000,-0.8,https://www.toyota.com/corollacross/,NHTSA,,model-specific,,,100.0,66.07926854801923,64.51788285041086,84.57661290322581,50.0,66.66666666666666,99.18428689883913,98.69791666666667,52.43055555555555,50.0
Toyota,Corolla Cross,L,2026,no,SUV,4,5,AWD,Gas,26085.0,1450.0,27535.0,29.0,31.0,30.0,396.0,5.0,94.9,42.9,32.0,,38.6,39.0,,no,21.5,44.0,,,,169.0,151.0,9.6,,2.0,3,36000,5,60000,4.4,https://www.toyota.com/corollacross/,NHTSA,,model-specific,,,100.0,66.07926854801923,61.10420436811367,81.94503395585738,50.0,66.66666666666666,98.88370646766168,95.3125,50.0,50.0
Toyota,Corolla Cross,LE,2026,no,SUV,4,5,FWD,Gas,26965.0,1450.0,28415.0,31.0,33.0,32.0,396.0,5.0,94.9,42.9,32.0,,38.6,39.0,,no,24.0,47.0,,,,169.0,151.0,8.9,,3.0,3,36000,5,60000,-0.1,https://www.toyota.com/corollacross/,NHTSA,,model-specific,,,100.0,66.07926854801923,64.51788285041086,84.57661290322581,50.0,75.0,98.70128524046434,98.2421875,52.43055555555555,50.0
Toyota,Corolla Cross,LE,2026,no,SUV,4,5,AWD,Gas,28415.0,1450.0,29865.0,29.0,31.0,30.0,396.0,5.0,94.9,42.9,32.0,,38.6,39.0,,no,21.5,44.0,,,,169.0,151.0,9.6,,3.0,3,36000,5,60000,4.6,https://www.toyota.com/corollacross/,NHTSA,,model-specific,,,100.0,66.07926854801923,61.10420436811367,81.94503395585738,50.0,75.0,98.4007048092869,95.18229166666667,50.0,50.0
Toyota,Corolla Cross,XLE,2026,no,SUV,4,5,FWD,Gas,29560.0,1450.0,31010.0,31.0,33.0,32.0,396.0,5.0,94.9,42.9,32.0,,38.6,39.0,,no,24.0,47.0,,,,169.0,151.0,8.9,,3.0,3,36000,5,60000,-0.9,https://www.toyota.com/corollacross/,NHTSA,,model-specific,,,100.0,66.07926854801923,64.51788285041086,84.57661290322581,50.0,75.0,98.16334991708126,98.76302083333334,52.43055555555555,50.0
Toyota,Corolla Cross,XLE,2026,no,SUV,4,5,AWD,Gas,31010.0,1450.0,32460.0,29.0,31.0,30.0,396.0,5.0,94.9,42.9,32.0,,38.6,39.0,,no,21.5,44.0,,,,169.0,151.0,9.6,,3.0,3,36000,5,60000,3.6,https://www.toyota.com/corollacross/,NHTSA,,model-specific,,,100.0,66.07926854801923,61.10420436811367,81.94503395585738,50.0,75.0,97.86276948590381,95.83333333333334,50.0,50.0
Toyota,Corolla Cross,Hybrid S,2026,no,SUV,4,5,AWD,Hybrid,28995.0,1450.0,30445.0,45.0,38.0,42.0,445.0,5.0,94.9,42.9,32.0,,38.6,39.0,,no,21.5,44.0,,,,196.0,,8.0,,2.0,3,36000,5,60000,-1.5,https://www.toyota.com/corollacross/,NHTSA,,model-specific,,,100.0,66.07926854801923,61.10420436811367,71.70660580702422,50.0,66.66666666666666,98.28047263681592,99.15364583333334,55.55555555555556,50.0
Toyota,Corolla Cross,Hybrid SE,2026,no,SUV,4,5,AWD,Hybrid,30315.0,1450.0,31765.0,45.0,38.0,42.0,445.0,5.0,94.9,42.9,32.0,,38.6,39.0,,no,21.5,44.0,,,,196.0,,8.0,,3.0,3,36000,5,60000,5.3,https://www.toyota.com/corollacross/,NHTSA,,model-specific,,,100.0,66.07926854801923,61.10420436811367,71.70660580702422,50.0,75.0,98.0068407960199,94.7265625,55.55555555555556,50.0
Toyota,Corolla Cross,Hybrid XSE,2026,no,SUV,4,5,AWD,Hybrid,33030.0,1450.0,34480.0,45.0,38.0,42.0,445.0,5.0,94.9,42.9,32.0,,38.6,39.0,,no,21.5,44.0,,,,196.0,,8.0,,3.0,3,36000,5,60000,3.5,https://www.toyota.com/corollacross/,NHTSA,,model-specific,,,100.0,66.07926854801923,61.10420436811367,71.70660580702422,50.0,75.0,97.44402985074626,95.8984375,55.55555555555556,50.0
Toyota,C-HR,SE,2026,no,SUV,4,5,AWD,EV,37000.0,1450.0,38450.0,127.0,107.0,117.0,287.0,,94.0,42.1,32.2,,39.1,37.5,,no,25.3,59.5,,,,338.0,323.0,4.9,,3.0,3,36000,5,60000,,https://www.toyota.com/chr/,,,,,,50.0,60.92264739070923,67.78386298603289,77.26073345259391,50.0,75.0,96.62106135986733,50.0,66.31944444444444,50.0
Toyota,C-HR,XSE,2026,no,SUV,4,5,AWD,EV,39000.0,1450.0,40450.0,122.0,102.0,112.0,273.0,,94.0,42.1,32.2,,39.1,37.5,,no,25.3,59.5,,,,338.0,323.0,4.9,,5.0,3,36000,5,60000,,https://www.toyota.com/chr/,,,,,,50.0,60.92264739070923,67.78386298603289,74.46109123434705,50.0,91.66666666666667,96.20646766169153,50.0,66.31944444444444,50.0
Toyota,Prius,LE,2026,no,Hatchback,4,5,FWD,Hybrid,28550.0,1195.0,29745.0,57.0,56.0,56.0,,5.0,91.0,43.0,35.0,,38.0,36.4,,no,24.0,,,,4.0,194.0,139.0,7.1,,2.0,3,36000,5,60000,2.5,https://www.toyota.com/prius/,NHTSA,,model-specific,,,100.0,67.72555148163734,99.21465968586386,100.0,83.33333333333333,75.0,92.85233204243139,96.67697063369397,58.18181818181819,50.0
Toyota,Prius,LE,2026,no,Hatchback,4,5,AWD,Hybrid,29950.0,1195.0,31145.0,53.0,54.0,53.0,,5.0,91.0,43.0,35.0,,38.0,36.4,,no,24.0,,,,4.0,196.0,139.0,7.1,,2.0,3,36000,5,60000,7.2,https://www.toyota.com/prius/,NHTSA,,model-specific,,,100.0,67.72555148163734,99.21465968586386,81.25,83.33333333333333,75.0,90.4950328338104,93.04482225656878,58.18181818181819,50.0
Toyota,Prius,XLE,2026,no,Hatchback,4,5,FWD,Hybrid,31995.0,1195.0,33190.0,52.0,52.0,52.0,,5.0,91.0,43.0,35.0,,38.0,36.4,,no,24.0,,,,4.0,194.0,139.0,7.1,,3.0,3,36000,5,60000,4.9,https://www.toyota.com/prius/,NHTSA,,model-specific,,,100.0,67.72555148163734,99.21465968586386,75.0,83.33333333333333,87.5,87.05169220407475,94.82225656877898,58.18181818181819,50.0
Toyota,Prius,XLE,2026,no,Hatchback,4,5,AWD,Hybrid,33395.0,1195.0,34590.0,49.0,50.0,49.0,,5.0,91.0,43.0,35.0,,38.0,36.4,,no,24.0,,,,4.0,196.0,139.0,7.1,,3.0,3,36000,5,60000,9.0,https://www.toyota.com/prius/,NHTSA,,model-specific,,,100.0,67.72555148163734,99.21465968586386,56.25,83.33333333333333,87.5,84.69439299545378,91.65378670788253,58.18181818181819,50.0
Toyota,Prius,Nightshade Edition,2026,no,Hatchback,4,5,FWD,Hybrid,32800.0,1195.0,33995.0,52.0,52.0,52.0,,5.0,91.0,43.0,35.0,,38.0,36.4,,no,24.0,,,,4.0,194.0,139.0,7.1,,3.0,3,36000,5,60000,7.4,https://www.toyota.com/prius/,NHTSA,,model-specific,,,100.0,67.72555148163734,99.21465968586386,75.0,83.33333333333333,87.5,85.6962451591177,92.8902627511592,58.18181818181819,50.0
Toyota,Prius,Nightshade Edition,2026,no,Hatchback,4,5,AWD,Hybrid,34200.0,1195.0,35395.0,49.0,50.0,49.0,,5.0,91.0,43.0,35.0,,38.0,36.4,,no,24.0,,,,4.0,196.0,139.0,7.1,,3.0,3,36000,5,60000,7.4,https://www.toyota.com/prius/,NHTSA,,model-specific,,,100.0,67.72555148163734,99.21465968586386,56.25,83.33333333333333,87.5,83.33894595049671,92.8902627511592,58.18181818181819,50.0
Toyota,Prius,Limited,2026,no,Hatchback,4,5,FWD,Hybrid,35565.0,1195.0,36760.0,52.0,52.0,52.0,,5.0,91.0,43.0,35.0,,38.0,36.4,,no,24.0,,,,4.0,194.0,139.0,7.1,,3.0,3,36000,5,60000,8.5,https://www.toyota.com/prius/,NHTSA,,model-specific,,,100.0,67.72555148163734,99.21465968586386,75.0,83.33333333333333,87.5,81.04057922209127,92.04018547140649,58.18181818181819,50.0
Toyota,Prius,Limited,2026,no,Hatchback,4,5,AWD,Hybrid,36965.0,1195.0,38160.0,49.0,50.0,49.0,,5.0,91.0,43.0,35.0,,38.0,36.4,,no,24.0,,,,4.0,196.0,139.0,7.1,,3.0,3,36000,5,60000,12.1,https://www.toyota.com/prius/,NHTSA,,model-specific,,,100.0,67.72555148163734,99.21465968586386,56.25,83.33333333333333,87.5,78.68328001347028,89.258114374034,58.18181818181819,50.0
Toyota,Prius Prime,SE,2026,no,Hatchback,4,5,FWD,PHEV,33775.0,1195.0,34970.0,,,52.0,600.0,5.0,91.0,42.4,35.9,,38.0,36.4,,no,20.3,26.7,,,4.5,220.0,139.0,6.6,130.0,2.0,3,36000,5,60000,10.7,https://www.toyota.com/priusprime/,NHTSA,,model-specific,,,100.0,61.513494019354425,82.30734125223431,50.0,100.0,75.0,84.05455463882808,90.34003091190108,60.45454545454546,50.0
Toyota,Prius Prime,XSE,2026,no,Hatchback,4,5,FWD,PHEV,37025.0,1195.0,38220.0,,,52.0,600.0,5.0,91.0,42.4,35.9,,38.0,36.4,,no,20.3,26.7,,,4.5,220.0,139.0,6.6,130.0,3.0,3,36000,5,60000,13.9,https://www.toyota.com/priusprime/,NHTSA,,model-specific,,,100.0,61.513494019354425,82.30734125223431,50.0,100.0,87.5,78.58225290452938,87.86707882534776,60.45454545454546,50.0
Toyota,Prius Prime,Nightshade Edition,2026,no,Hatchback,4,5,FWD,PHEV,37795.0,1195.0,38990.0,,,52.0,600.0,5.0,91.0,42.4,35.9,,38.0,36.4,,no,20.3,26.7,,,4.5,220.0,139.0,6.6,130.0,2.0,3,36000,5,60000,14.1,https://www.toyota.com/priusprime/,NHTSA,,model-specific,,,100.0,61.513494019354425,82.30734125223431,50.0,100.0,75.0,77.28573833978784,87.71251931993817,60.45454545454546,50.0
Toyota,Prius Prime,XSE Premium,2026,no,Hatchback,4,5,FWD,PHEV,40470.0,1195.0,41665.0,,,52.0,600.0,5.0,91.0,42.4,35.9,,38.0,36.4,,no,20.3,26.7,,,4.5,220.0,139.0,6.6,130.0,3.0,3,36000,5,60000,17.7,https://www.toyota.com/priusprime/,NHTSA,,model-specific,,,100.0,61.513494019354425,82.30734125223431,50.0,100.0,87.5,72.78161306617275,84.9304482225657,60.45454545454546,50.0
Toyota,4Runner,SR5,2026,no,SUV,4,5,RWD,Gas,41570.0,1450.0,43020.0,20.0,26.0,22.0,418.0,4.0,,41.8,34.8,,39.7,37.8,,no,48.4,90.2,6000.0,,4.0,278.0,317.0,8.2,,1.0,3,36000,5,60000,7.2,https://www.toyota.com/4runner/,NHTSA,19.0,model-specific,,"4.0/5.0 (RepairPal, rank 9 of 26 midsize SUVs)",87.5,66.97843318170708,99.73235679024557,73.63646010186757,83.33333333333333,58.33333333333333,95.67371475953566,93.48958333333333,54.861111111111114,79.81651376146789
Toyota,4Runner,TRD Sport,2026,yes,SUV,4,5,RWD,Gas,48050.0,1450.0,49500.0,20.0,26.0,22.0,418.0,4.0,,41.8,34.8,,39.7,37.8,,no,48.4,90.2,6000.0,,4.0,278.0,317.0,8.2,,3.0,3,36000,5,60000,8.8,https://www.toyota.com/4runner/,NHTSA,19.0,model-specific,,"4.0/5.0 (RepairPal, rank 9 of 26 midsize SUVs)",87.5,66.97843318170708,99.73235679024557,73.63646010186757,83.33333333333333,75.0,94.3304311774461,92.44791666666667,79.86111111111111,79.81651376146789
Toyota,4Runner,TRD Sport Premium,2026,yes,SUV,4,5,RWD,Gas,53410.0,1450.0,54860.0,20.0,26.0,22.0,418.0,4.0,,41.8,34.8,,39.7,37.8,,no,48.4,90.2,6000.0,,4.0,278.0,317.0,8.2,,4.0,3,36000,5,60000,1.8,https://www.toyota.com/4runner/,NHTSA,19.0,model-specific,,"4.0/5.0 (RepairPal, rank 9 of 26 midsize SUVs)",87.5,66.97843318170708,99.73235679024557,73.63646010186757,83.33333333333333,83.33333333333333,93.219320066335,97.00520833333334,79.86111111111111,79.81651376146789
Toyota,4Runner,TRD Off-Road,2026,yes,SUV,4,5,4WD,Gas,49990.0,1450.0,51440.0,19.0,25.0,21.0,399.0,4.0,,41.8,34.8,,39.7,37.8,,no,48.4,90.2,6000.0,,4.0,278.0,317.0,8.2,,3.0,3,36000,5,60000,3.1,https://www.toyota.com/4runner/,NHTSA,19.0,model-specific,,"4.0/5.0 (RepairPal, rank 9 of 26 midsize SUVs)",87.5,66.97843318170708,99.73235679024557,70.4053480475382,83.33333333333333,75.0,93.9282752902156,96.15885416666667,79.86111111111111,79.81651376146789
Toyota,4Runner,TRD Off-Road Premium,2026,yes,SUV,4,5,4WD,Gas,55770.0,1450.0,57220.0,19.0,25.0,21.0,399.0,4.0,,41.8,34.8,,39.7,37.8,,no,48.4,90.2,6000.0,,4.0,278.0,317.0,8.2,,4.0,3,36000,5,60000,-2.8,https://www.toyota.com/4runner/,NHTSA,19.0,model-specific,,"4.0/5.0 (RepairPal, rank 9 of 26 midsize SUVs)",87.5,66.97843318170708,99.73235679024557,70.4053480475382,83.33333333333333,83.33333333333333,92.73009950248756,100.0,79.86111111111111,79.81651376146789
Toyota,4Runner,Limited,2026,no,SUV,4,5,RWD,Gas,56200.0,1450.0,57650.0,20.0,24.0,21.0,399.0,4.0,,41.8,34.8,,39.7,37.8,,no,48.4,90.2,6000.0,,4.0,278.0,317.0,8.2,,4.0,3,36000,5,60000,4.5,https://www.toyota.com/4runner/,NHTSA,19.0,model-specific,,"4.0/5.0 (RepairPal, rank 9 of 26 midsize SUVs)",87.5,66.97843318170708,99.73235679024557,70.4053480475382,83.33333333333333,83.33333333333333,92.64096185737976,95.24739583333334,54.861111111111114,79.81651376146789
Toyota,4Runner,TRD Off-Road i-FORCE MAX,2026,yes,SUV,4,5,4WD,Hybrid,52790.0,1450.0,54240.0,23.0,24.0,23.0,,4.0,,41.8,34.8,,39.7,37.8,,no,42.6,82.6,6000.0,,4.0,326.0,465.0,7.7,,3.0,3,36000,5,60000,1.8,https://www.toyota.com/4runner/,NHTSA,,model-specific,,"4.0/5.0 (RepairPal, rank 9 of 26 midsize SUVs)",87.5,66.97843318170708,91.72540561004647,54.54545454545455,83.33333333333333,75.0,93.34784411276948,97.00520833333334,81.59722222222223,79.81651376146789
Toyota,4Runner,TRD Off-Road Premium i-FORCE MAX,2026,yes,SUV,4,5,4WD,Hybrid,58570.0,1450.0,60020.0,23.0,24.0,23.0,,4.0,,41.8,34.8,,39.7,37.8,,no,42.6,82.6,6000.0,,4.0,326.0,465.0,7.7,,4.0,3,36000,5,60000,1.8,https://www.toyota.com/4runner/,NHTSA,,model-specific,,"4.0/5.0 (RepairPal, rank 9 of 26 midsize SUVs)",87.5,66.97843318170708,91.72540561004647,54.54545454545455,83.33333333333333,83.33333333333333,92.14966832504146,97.00520833333334,81.59722222222223,79.81651376146789
Toyota,4Runner,Limited i-FORCE MAX,2026,no,SUV,4,5,4WD,Hybrid,61000.0,1450.0,62450.0,23.0,24.0,23.0,,4.0,,41.8,34.8,,39.7,37.8,,no,42.6,82.6,6000.0,,4.0,326.0,465.0,7.7,,4.0,3,36000,5,60000,1.8,https://www.toyota.com/4runner/,NHTSA,,model-specific,,"4.0/5.0 (RepairPal, rank 9 of 26 midsize SUVs)",87.5,66.97843318170708,91.72540561004647,54.54545454545455,83.33333333333333,83.33333333333333,91.64593698175787,97.00520833333334,56.59722222222222,79.81651376146789
Toyota,4Runner,Platinum,2026,no,SUV,4,5,4WD,Hybrid,63660.0,1450.0,65110.0,23.0,24.0,23.0,,4.0,,41.8,34.8,,39.7,37.8,,no,42.6,82.6,5800.0,,4.0,326.0,465.0,7.7,,5.0,3,36000,5,60000,1.8,https://www.toyota.com/4runner/,NHTSA,,model-specific,,"4.0/5.0 (RepairPal, rank 9 of 26 midsize SUVs)",87.5,66.97843318170708,91.72540561004647,54.54545454545455,83.33333333333333,91.66666666666667,91.09452736318408,97.00520833333334,56.59722222222222,78.6697247706422
Toyota,4Runner,TRD Pro,2026,yes,SUV,4,5,4WD,Hybrid,67900.0,1450.0,69350.0,23.0,24.0,23.0,,4.0,,41.8,34.8,,39.7,37.8,,no,42.6,82.6,5800.0,,4.0,326.0,465.0,7.7,,4.0,3,36000,5,60000,1.2,https://www.toyota.com/4runner/,NHTSA,,model-specific,,"4.0/5.0 (RepairPal, rank 9 of 26 midsize SUVs)",87.5,66.97843318170708,91.72540561004647,54.54545454545455,83.33333333333333,83.33333333333333,90.21558872305141,97.39583333333333,81.59722222222223,78.6697247706422
Toyota,4Runner,Trailhunter,2026,yes,SUV,4,5,4WD,Hybrid,67700.0,1450.0,69150.0,23.0,24.0,23.0,,4.0,,41.8,34.8,,39.7,37.8,,no,42.6,82.6,5800.0,,4.0,323.0,465.0,7.7,,4.0,3,36000,5,60000,1.8,https://www.toyota.com/4runner/,NHTSA,,model-specific,,"4.0/5.0 (RepairPal, rank 9 of 26 midsize SUVs)",87.5,66.97843318170708,91.72540561004647,54.54545454545455,83.33333333333333,83.33333333333333,90.25704809286898,97.00520833333334,81.59722222222223,78.6697247706422
Toyota,Grand Highlander,LE,2026,no,SUV,4,8,FWD,Gas,41360.0,1450.0,42810.0,21.0,28.0,24.0,427.0,3.5,,41.7,39.5,33.5,41.5,40.2,37.0,yes,20.6,57.9,5000.0,,,265.0,310.0,8.0,,1.0,3,36000,5,60000,,https://www.toyota.com/grandhighlander/,IIHS,17.8,,,,81.25,85.07097495518187,61.91670539107861,77.17529711375212,50.0,58.33333333333333,95.71724709784411,50.0,55.55555555555556,74.08256880733944
Toyota,Grand Highlander,XLE,2026,no,SUV,4,7,FWD,Gas,44130.0,1450.0,45580.0,21.0,28.0,24.0,427.0,3.5,,41.7,39.5,33.5,41.5,40.2,37.0,yes,20.6,57.9,5000.0,,,265.0,310.0,8.0,,1.0,3,36000,5,60000,,https://www.toyota.com/grandhighlander/,IIHS,17.8,,,,81.25,85.07097495518187,61.91670539107861,77.17529711375212,50.0,58.33333333333333,95.14303482587064,50.0,55.55555555555556,74.08256880733944
Toyota,Grand Highlander,Limited,2026,no,SUV,4,7,FWD,Gas,48860.0,1450.0,50310.0,21.0,28.0,24.0,427.0,3.5,,41.7,39.5,33.5,41.5,40.2,37.0,yes,20.6,57.9,5000.0,,,265.0,310.0,8.0,,2.0,3,36000,5,60000,,https://www.toyota.com/grandhighlander/,IIHS,17.8,,,,81.25,85.07097495518187,61.91670539107861,77.17529711375212,50.0,66.66666666666666,94.1625207296849,50.0,55.55555555555556,74.08256880733944
Toyota,Grand Highlander,Platinum,2026,no,SUV,4,7,AWD,Gas,54545.0,1450.0,55995.0,20.0,26.0,22.0,392.0,5.0,,41.7,39.5,33.5,41.5,40.2,37.0,yes,20.6,57.9,5000.0,,,265.0,310.0,8.0,,5.0,3,36000,5,60000,,https://www.toyota.com/grandhighlander/,NHTSA,17.8,,,,100.0,85.07097495518187,61.91670539107861,71.0154923599321,50.0,91.66666666666667,92.98403814262024,50.0,55.55555555555556,74.08256880733944
Toyota,Grand Highlander,Hybrid LE,2026,no,SUV,4,8,FWD,Hybrid,44710.0,1450.0,46160.0,36.0,32.0,34.0,,3.5,,41.7,39.5,33.5,41.5,40.2,37.0,yes,20.6,57.9,3500.0,,,245.0,,,,1.0,3,36000,5,60000,,https://www.toyota.com/grandhighlander/,IIHS,,,,,81.25,85.07097495518187,61.91670539107861,71.21212121212122,50.0,58.33333333333333,95.02280265339967,50.0,50.0,65.48165137614679
Toyota,Grand Highlander,Hybrid XLE,2026,no,SUV,4,7,FWD,Hybrid,45880.0,1450.0,47330.0,36.0,32.0,34.0,,3.5,,41.7,39.5,33.5,41.5,40.2,37.0,yes,20.6,57.9,3500.0,,,245.0,,,,1.0,3,36000,5,60000,,https://www.toyota.com/grandhighlander/,IIHS,,,,,81.25,85.07097495518187,61.91670539107861,71.21212121212122,50.0,58.33333333333333,94.78026533996683,50.0,50.0,65.48165137614679
Toyota,Grand Highlander,Hybrid Limited,2026,no,SUV,4,7,FWD,Hybrid,52210.0,1450.0,53660.0,36.0,32.0,34.0,,3.5,,41.7,39.5,33.5,41.5,40.2,37.0,yes,20.6,57.9,3500.0,,,245.0,,,,2.0,3,36000,5,60000,,https://www.toyota.com/grandhighlander/,IIHS,,,,,81.25,85.07097495518187,61.91670539107861,71.21212121212122,50.0,66.66666666666666,93.46807628524047,50.0,50.0,65.48165137614679
Toyota,Grand Highlander,Hybrid Nightshade,2026,no,SUV,4,7,FWD,Hybrid,53190.0,1450.0,54640.0,36.0,32.0,34.0,,3.5,,41.7,39.5,33.5,41.5,40.2,37.0,yes,20.6,57.9,3500.0,,,245.0,,,,2.0,3,36000,5,60000,,https://www.toyota.com/grandhighlander/,IIHS,,,,,81.25,85.07097495518187,61.91670539107861,71.21212121212122,50.0,66.66666666666666,93.26492537313433,50.0,50.0,65.48165137614679
Toyota,Grand Highlander,Hybrid MAX Limited,2026,no,SUV,4,7,AWD,Hybrid,55190.0,1450.0,56640.0,26.0,27.0,27.0,,5.0,,41.7,39.5,33.5,41.5,40.2,37.0,yes,20.6,57.9,5000.0,,,362.0,400.0,5.6,,2.0,3,36000,5,60000,,https://www.toyota.com/grandhighlander/,NHTSA,,,,,100.0,85.07097495518187,61.91670539107861,60.60606060606061,50.0,66.66666666666666,92.85033167495854,50.0,63.888888888888886,74.08256880733944
Toyota,Grand Highlander,Hybrid MAX Platinum,2026,no,SUV,4,7,AWD,Hybrid,59275.0,1450.0,60725.0,26.0,27.0,27.0,,5.0,,41.7,39.5,33.5,41.5,40.2,37.0,yes,20.6,57.9,5000.0,,,362.0,400.0,5.6,,5.0,3,36000,5,60000,,https://www.toyota.com/grandhighlander/,NHTSA,,,,,100.0,85.07097495518187,61.91670539107861,60.60606060606061,50.0,91.66666666666667,92.00352404643449,50.0,63.888888888888886,74.08256880733944
Toyota,Sequoia,SR5,2026,no,SUV,4,8,RWD,Hybrid,64825.0,2095.0,66920.0,21.0,24.0,22.0,,3.0,,41.2,39.2,28.1,39.3,37.5,36.0,yes,22.3,86.9,9520.0,,3.5,437.0,583.0,6.0,,2.0,3,36000,5,60000,2.1,https://www.toyota.com/sequoia/,IIHS,,model-specific,,"3.5/5.0 (RepairPal, rank 5 of 14 full-size SUVs)",75.0,69.8249928851771,67.91202715002323,53.03030303030303,75.0,66.66666666666666,90.719320066335,96.80989583333334,62.5,100.0
Toyota,Sequoia,Limited,2026,no,SUV,4,8,RWD,Hybrid,70595.0,2095.0,72690.0,21.0,24.0,22.0,,3.0,,41.2,39.2,28.1,39.3,37.5,36.0,yes,22.3,86.9,9520.0,,3.5,437.0,583.0,6.0,,3.0,3,36000,5,60000,11.3,https://www.toyota.com/sequoia/,IIHS,,model-specific,,"3.5/5.0 (RepairPal, rank 5 of 14 full-size SUVs)",75.0,69.8249928851771,67.91202715002323,53.03030303030303,75.0,75.0,89.52321724709785,90.8203125,62.5,100.0
Toyota,Sequoia,Platinum,2026,no,SUV,4,7,4WD,Hybrid,80835.0,2095.0,82930.0,19.0,22.0,20.0,,3.0,,41.2,39.2,28.1,39.3,37.5,36.0,yes,22.3,86.9,9520.0,,3.5,437.0,583.0,6.0,,4.0,3,36000,5,60000,19.0,https://www.toyota.com/sequoia/,IIHS,,model-specific,,"3.5/5.0 (RepairPal, rank 5 of 14 full-size SUVs)",75.0,69.8249928851771,67.91202715002323,50.0,75.0,83.33333333333333,87.40049751243782,85.80729166666667,62.5,100.0
Toyota,Sequoia,TRD Pro,2026,yes,SUV,4,7,4WD,Hybrid,81565.0,2095.0,83660.0,19.0,22.0,20.0,,3.0,,41.2,39.2,28.1,39.3,37.5,36.0,yes,22.3,86.9,9520.0,,3.5,437.0,583.0,6.0,,3.0,3,36000,5,60000,12.5,https://www.toyota.com/sequoia/,IIHS,,model-specific,,"3.5/5.0 (RepairPal, rank 5 of 14 full-size SUVs)",75.0,69.8249928851771,67.91202715002323,50.0,75.0,75.0,87.24917081260365,90.0390625,87.5,100.0
Toyota,Sequoia,1794 Edition,2026,no,SUV,4,7,4WD,Hybrid,81650.0,2095.0,83745.0,19.0,22.0,20.0,,3.0,,41.2,39.2,28.1,39.3,37.5,36.0,yes,22.3,86.9,9520.0,,3.5,437.0,583.0,6.0,,4.0,3,36000,5,60000,13.4,https://www.toyota.com/sequoia/,IIHS,,model-specific,,"3.5/5.0 (RepairPal, rank 5 of 14 full-size SUVs)",75.0,69.8249928851771,67.91202715002323,50.0,75.0,83.33333333333333,87.23155058043118,89.453125,62.5,100.0
Toyota,Sequoia,Capstone,2026,no,SUV,4,7,4WD,Hybrid,85235.0,2095.0,87330.0,19.0,22.0,20.0,,3.0,,41.2,39.2,28.1,39.3,37.5,36.0,yes,22.3,86.9,9520.0,,3.5,437.0,583.0,6.0,,5.0,3,36000,5,60000,21.5,https://www.toyota.com/sequoia/,IIHS,,model-specific,,"3.5/5.0 (RepairPal, rank 5 of 14 full-size SUVs)",75.0,69.8249928851771,67.91202715002323,50.0,75.0,91.66666666666667,86.48839137645108,84.1796875,62.5,100.0
Toyota,Land Cruiser,1958,2026,no,SUV,4,5,4WD,Hybrid,59095.0,1495.0,60590.0,22.0,25.0,23.0,,4.0,,42.0,36.0,,40.1,39.3,,no,37.5,82.8,6000.0,,2.5,326.0,465.0,8.2,,2.0,3,36000,5,60000,,https://www.toyota.com/landcruiser/,NHTSA,,,,"2.5/5.0 (RepairPal, rank 14 of 14 full-size SUVs)",87.5,75.32842644642592,85.62277038119765,54.54545454545455,58.33333333333333,66.66666666666666,92.03150912106136,50.0,54.861111111111114,79.81651376146789
Toyota,Land Cruiser,Land Cruiser,2026,no,SUV,4,5,4WD,Hybrid,63940.0,1495.0,65435.0,22.0,25.0,23.0,,4.0,,42.0,36.0,,40.1,39.3,,no,37.5,82.8,6000.0,,2.5,326.0,465.0,8.2,,2.0,3,36000,5,60000,,https://www.toyota.com/landcruiser/,NHTSA,,,,"2.5/5.0 (RepairPal, rank 14 of 14 full-size SUVs)",87.5,75.32842644642592,85.62277038119765,54.54545454545455,58.33333333333333,66.66666666666666,91.02715588723052,50.0,54.861111111111114,79.81651376146789
Toyota,Tundra,SR,2026,no,Truck,4,5,RWD,Gas,41260.0,2095.0,43355.0,18.0,23.0,20.0,644.0,5.0,,41.2,41.6,,41.0,38.5,,no,,,8300.0,1830.0,3.5,348.0,405.0,,,1.0,3,36000,5,60000,12.7,https://www.toyota.com/tundra/,NHTSA,,model-specific,6.5,"3.5/5.0 (RepairPal, rank 6 of 17 full-size trucks)",100.0,71.51964776663563,78.2051282051282,80.74455803213974,87.5,58.33333333333333,92.03784969829951,80.07194244604317,50.0,56.27165537800418
Toyota,Tundra,SR5,2026,no,Truck,4,5,RWD,Gas,46510.0,2095.0,48605.0,18.0,23.0,20.0,644.0,5.0,,41.2,41.6,,41.0,38.5,,no,,,11400.0,1830.0,3.5,389.0,479.0,6.6,,1.0,3,36000,5,60000,11.2,https://www.toyota.com/tundra/,NHTSA,,model-specific,6.5,"3.5/5.0 (RepairPal, rank 6 of 17 full-size trucks)",100.0,71.51964776663563,78.2051282051282,80.74455803213974,87.5,58.33333333333333,89.15798134942403,81.15107913669064,57.6271186440678,58.50576748336684
Toyota,Tundra,Limited,2026,no,Truck,4,5,RWD,Gas,54860.0,2095.0,56955.0,18.0,23.0,20.0,644.0,5.0,,41.2,41.6,,41.0,38.5,,no,,,11350.0,1755.0,3.5,389.0,479.0,6.6,,2.0,3,36000,5,60000,16.1,https://www.toyota.com/tundra/,NHTSA,,model-specific,5.5,"3.5/5.0 (RepairPal, rank 6 of 17 full-size trucks)",100.0,71.51964776663563,65.38461538461539,80.74455803213974,87.5,66.66666666666666,84.5776193088316,77.62589928057554,57.6271186440678,58.30431656668814
Toyota,Tundra,Limited Hybrid,2026,no,Truck,4,5,4WD,Hybrid,58560.0,2095.0,60655.0,20.0,24.0,22.0,708.0,5.0,,41.2,41.6,,41.0,38.5,,no,,,11450.0,1665.0,3.5,437.0,583.0,5.6,,2.0,3,36000,5,60000,16.1,https://www.toyota.com/tundra/,NHTSA,,model-specific,5.5,"3.5/5.0 (RepairPal, rank 6 of 17 full-size trucks)",100.0,71.51964776663563,65.38461538461539,76.47058823529412,87.5,66.66666666666666,82.54799780581459,77.62589928057554,61.86440677966102,58.1778844785634
Toyota,Tundra,Platinum,2026,no,Truck,4,5,RWD,Gas,63695.0,2095.0,65790.0,18.0,23.0,20.0,644.0,5.0,,41.2,41.6,,41.0,38.5,,no,,,,,3.5,389.0,479.0,6.6,,4.0,3,36000,5,60000,22.7,https://www.toyota.com/tundra/,NHTSA,,model-specific,5.5,"3.5/5.0 (RepairPal, rank 6 of 17 full-size trucks)",100.0,71.51964776663563,65.38461538461539,80.74455803213974,87.5,83.33333333333333,79.7312122874383,72.87769784172662,57.6271186440678,50.0
Toyota,Tundra,Platinum Hybrid,2026,no,Truck,4,5,4WD,Hybrid,70605.0,2095.0,72700.0,19.0,22.0,20.0,644.0,5.0,,41.2,41.6,,41.0,38.5,,no,,,11020.0,1565.0,3.5,437.0,583.0,5.6,,4.0,3,36000,5,60000,22.7,https://www.toyota.com/tundra/,NHTSA,,model-specific,5.5,"3.5/5.0 (RepairPal, rank 6 of 17 full-size trucks)",100.0,71.51964776663563,65.38461538461539,67.34174638713617,87.5,83.33333333333333,75.94075699396599,72.87769784172662,61.86440677966102,57.64743570849231
Toyota,Tundra,1794 Edition,2026,no,Truck,4,5,RWD,Gas,64380.0,2095.0,66475.0,18.0,23.0,20.0,644.0,5.0,,41.2,41.6,,41.0,38.5,,no,,,,,3.5,389.0,479.0,6.6,,4.0,3,36000,5,60000,21.5,https://www.toyota.com/tundra/,NHTSA,,model-specific,5.5,"3.5/5.0 (RepairPal, rank 6 of 17 full-size trucks)",100.0,71.51964776663563,65.38461538461539,80.74455803213974,87.5,83.33333333333333,79.35545803620406,73.7410071942446,57.6271186440678,50.0
Toyota,Tundra,1794 Edition Hybrid,2026,no,Truck,4,5,4WD,Hybrid,71305.0,2095.0,73400.0,19.0,22.0,20.0,644.0,5.0,,41.2,41.6,,41.0,38.5,,no,,,11020.0,1565.0,3.5,437.0,583.0,5.6,,4.0,3,36000,5,60000,21.5,https://www.toyota.com/tundra/,NHTSA,,model-specific,5.5,"3.5/5.0 (RepairPal, rank 6 of 17 full-size trucks)",100.0,71.51964776663563,65.38461538461539,67.34174638713617,87.5,83.33333333333333,75.55677454744927,73.7410071942446,61.86440677966102,57.64743570849231
Toyota,Tundra,TRD Pro,2026,yes,Truck,4,5,4WD,Hybrid,72565.0,2095.0,74660.0,18.0,20.0,19.0,612.0,5.0,,41.2,41.6,,41.0,38.5,,no,,,11175.0,1600.0,3.5,437.0,583.0,5.6,,4.0,3,36000,5,60000,22.9,https://www.toyota.com/tundra/,NHTSA,,model-specific,5.5,"3.5/5.0 (RepairPal, rank 6 of 17 full-size trucks)",100.0,71.51964776663563,65.38461538461539,62.777325463057196,87.5,83.33333333333333,74.86560614371915,72.73381294964028,86.86440677966101,57.83633584397659
Toyota,Tundra,Capstone,2026,no,Truck,4,5,4WD,Hybrid,80800.0,2095.0,82895.0,19.0,22.0,20.0,644.0,5.0,,41.2,41.6,,41.0,38.5,,no,,,10340.0,1485.0,3.5,437.0,583.0,5.6,,5.0,3,36000,5,60000,33.2,https://www.toyota.com/tundra/,NHTSA,,model-specific,5.5,"3.5/5.0 (RepairPal, rank 6 of 17 full-size trucks)",100.0,71.51964776663563,65.38461538461539,67.34174638713617,87.5,91.66666666666667,70.34832693362588,65.32374100719424,61.86440677966102,56.98092776746711
Toyota,Crown,XLE,2026,no,Sedan,4,5,AWD,Hybrid,41440.0,1135.0,42575.0,42.0,41.0,41.0,595.0,,,42.1,38.9,,38.2,37.5,,no,15.2,15.2,,,,236.0,163.0,7.6,,3.0,3,36000,5,60000,20.7,https://www.toyota.com/crown/,,,model-specific,,,50.0,69.58479723096332,71.16564417177914,79.00219298245614,50.0,80.0,95.80552067499394,86.85286103542234,55.47945205479452,50.0
Toyota,Crown,Limited,2026,no,Sedan,4,5,AWD,Hybrid,45950.0,1135.0,47085.0,42.0,41.0,41.0,595.0,,,42.1,38.9,,38.2,37.5,,no,15.2,15.2,,,,236.0,163.0,7.6,,3.0,3,36000,5,60000,23.5,https://www.toyota.com/crown/,,,model-specific,,,50.0,69.58479723096332,71.16564417177914,79.00219298245614,50.0,80.0,94.81197541471153,84.94550408719346,55.47945205479452,50.0
Toyota,Crown,Nightshade,2026,no,Sedan,4,5,AWD,Hybrid,48765.0,1135.0,49900.0,42.0,41.0,41.0,595.0,,,42.1,38.9,,38.2,37.5,,no,15.2,15.2,,,,236.0,163.0,7.6,,3.0,3,36000,5,60000,23.5,https://www.toyota.com/crown/,,,model-specific,,,50.0,69.58479723096332,71.16564417177914,79.00219298245614,50.0,80.0,94.19183574559955,84.94550408719346,55.47945205479452,50.0
Toyota,Crown,Platinum,2026,no,Sedan,4,5,AWD,Hybrid,54990.0,1135.0,56125.0,29.0,32.0,30.0,435.0,,,42.1,38.9,,38.2,37.5,,no,15.2,15.2,,,,340.0,400.0,5.7,,5.0,3,36000,5,60000,26.3,https://www.toyota.com/crown/,,,model-specific,,,50.0,69.58479723096332,71.16564417177914,50.0,50.0,100.0,92.82047892846916,83.03814713896458,61.986301369863014,50.0
Toyota,Crown Signia,XLE,2026,no,SUV,4,5,AWD,Hybrid,44690.0,1495.0,46185.0,39.0,37.0,38.0,551.0,,,42.1,37.1,,39.1,38.9,,no,24.8,66.1,2700.0,,,240.0,178.0,7.1,,3.0,3,36000,5,60000,,https://www.toyota.com/crownsignia/,,,,,,50.0,73.58857619736773,68.0823196788566,78.7561810574363,50.0,75.0,95.01762023217248,50.0,58.68055555555556,60.89449541284404
Toyota,Crown Signia,Limited,2026,no,SUV,4,5,AWD,Hybrid,49090.0,1495.0,50585.0,39.0,37.0,38.0,551.0,,,42.1,37.1,,37.7,38.1,,no,24.8,66.1,2700.0,,,240.0,178.0,7.1,,3.0,3,36000,5,60000,,https://www.toyota.com/crownsignia/,,,,,,50.0,67.54972246907148,68.0823196788566,78.7561810574363,50.0,75.0,94.10551409618574,50.0,58.68055555555556,60.89449541284404
Toyota,bZ,XLE FWD,2026,no,SUV,4,5,FWD,EV,34900.0,1450.0,36350.0,131.0,109.0,120.0,236.0,5.0,94.0,42.1,35.3,,38.6,37.1,,no,27.7,56.9,,,,168.0,,8.0,,2.0,3,36000,5,60000,45.4,https://www.toyota.com/bz/,NHTSA,,model-specific,,,100.0,63.43366483030118,70.31419789941711,73.22898032200358,50.0,66.66666666666666,97.0563847429519,68.61979166666667,55.55555555555556,50.0
Toyota,bZ,XLE AWD,2026,no,SUV,4,5,AWD,EV,39900.0,1450.0,41350.0,143.0,119.0,131.0,288.0,5.0,94.0,42.1,35.3,,38.6,37.1,,no,27.7,56.9,,,,338.0,,4.9,,2.0,3,36000,5,60000,45.4,https://www.toyota.com/bz/,NHTSA,,model-specific,,,100.0,63.43366483030118,70.31419789941711,81.42665474060823,50.0,66.66666666666666,96.01990049751244,68.61979166666667,66.31944444444444,50.0
Toyota,bZ,XLE Plus FWD,2026,no,SUV,4,5,FWD,EV,37900.0,1450.0,39350.0,144.0,117.0,130.0,314.0,5.0,94.0,42.1,35.3,,38.6,37.1,,no,27.7,56.9,,,,221.0,,7.0,,2.0,3,36000,5,60000,45.4,https://www.toyota.com/bz/,NHTSA,,model-specific,,,100.0,63.43366483030118,70.31419789941711,83.63595706618963,50.0,66.66666666666666,96.43449419568822,68.61979166666667,59.02777777777778,50.0
Toyota,bZ,Limited FWD,2026,no,SUV,4,5,FWD,EV,43300.0,1450.0,44750.0,128.0,105.0,117.0,299.0,5.0,94.0,42.1,35.3,,38.6,37.1,,no,27.7,56.9,,,,221.0,,7.0,,4.0,3,36000,5,60000,46.6,https://www.toyota.com/bz/,NHTSA,,model-specific,,,100.0,63.43366483030118,70.31419789941711,78.41457960644007,50.0,83.33333333333333,95.3150912106136,67.83854166666666,59.02777777777778,50.0
Toyota,bZ,Limited AWD,2026,no,SUV,4,5,AWD,EV,45300.0,1450.0,46750.0,134.0,111.0,123.0,278.0,5.0,94.0,42.1,35.3,,38.6,37.1,,no,27.7,56.9,,,,338.0,,4.9,,4.0,3,36000,5,60000,46.6,https://www.toyota.com/bz/,NHTSA,,model-specific,,,100.0,63.43366483030118,70.31419789941711,78.13953488372093,50.0,83.33333333333333,94.90049751243781,67.83854166666666,66.31944444444444,50.0
Toyota,bZ,Woodland,2026,yes,SUV,4,5,AWD,EV,45300.0,1450.0,46750.0,127.0,107.0,117.0,281.0,5.0,94.0,42.1,35.3,,38.6,37.5,,no,33.8,74.3,3500.0,,,375.0,,4.4,,2.0,3,36000,5,60000,46.1,https://www.toyota.com/bzwoodland/,NHTSA,,model-specific,,,100.0,64.77181991782138,80.0172427412187,76.68381037567083,50.0,66.66666666666666,94.90049751243781,68.1640625,93.05555555555556,65.48165137614679
Toyota,bZ,Woodland Premium,2026,yes,SUV,4,5,AWD,EV,47400.0,1450.0,48850.0,127.0,107.0,117.0,281.0,5.0,94.0,42.1,35.3,,38.6,37.5,,no,33.8,74.3,3500.0,,,375.0,,4.4,,2.0,3,36000,5,60000,46.1,https://www.toyota.com/bzwoodland/,NHTSA,,model-specific,,,100.0,64.77181991782138,80.0172427412187,76.68381037567083,50.0,66.66666666666666,94.46517412935324,68.1640625,93.05555555555556,65.48165137614679
Toyota,Mirai,XLE,2026,no,Sedan,4,5,RWD,Hydrogen,51795.0,1195.0,52990.0,74.0,70.0,72.0,402.0,,,42.2,33.1,,38.4,36.7,,no,9.6,,,,,182.0,221.0,9.2,,3.0,3,36000,5,60000,74.8,https://www.toyota.com/mirai/,,,model-specific,,,50.0,58.693238427476764,53.98773006134969,75.0,50.0,80.0,93.51111404842156,50.0,50.0,50.0
Toyota,GR86,Base,2026,no,Coupe,2,4,RWD,Gas,30800.0,1195.0,31995.0,20.0,26.0,22.0,290.0,,,41.5,29.9,,37.0,33.5,,no,6.3,,,,,228.0,184.0,6.1,140.0,1.0,3,36000,5,60000,-3.5,https://www.toyota.com/gr86/,,,model-specific,,,50.0,50.0,54.91803278688525,67.24537037037037,50.0,62.5,100.0,100.0,52.16919739696313,50.0
Toyota,GR86,Premium,2026,no,Coupe,2,4,RWD,Gas,33400.0,1195.0,34595.0,20.0,26.0,22.0,290.0,,,41.5,29.9,,37.0,33.5,,no,6.3,,,,,228.0,184.0,6.1,140.0,1.0,3,36000,5,60000,2.5,https://www.toyota.com/gr86/,,,model-specific,,,50.0,50.0,54.91803278688525,67.24537037037037,50.0,62.5,99.46503158371227,94.93243243243244,52.16919739696313,50.0
Toyota,GR86,Yuzu Edition,2026,no,Coupe,2,4,RWD,Gas,36365.0,1195.0,37560.0,20.0,26.0,22.0,290.0,,,41.5,29.9,,37.0,33.5,,no,6.3,,,,,228.0,184.0,6.1,140.0,1.0,3,36000,5,60000,-0.4,https://www.toyota.com/gr86/,,,model-specific,,,50.0,50.0,54.91803278688525,67.24537037037037,50.0,62.5,98.85496183206106,97.38175675675676,52.16919739696313,50.0
Toyota,GR Supra,3.0,2026,no,Coupe,2,2,RWD,Gas,56900.0,1135.0,58035.0,19.0,26.0,21.0,288.0,,,42.2,,,38.3,,,no,10.2,,,,,382.0,368.0,4.2,155.0,1.0,3,36000,5,60000,3.5,https://www.toyota.com/grsupra/,,,model-specific,,,50.0,66.82920132743278,65.57377049180327,65.45138888888889,50.0,62.5,94.6420855537952,94.08783783783784,62.47288503253796,50.0
Toyota,GR Supra,3.0 Premium,2026,no,Coupe,2,2,RWD,Gas,60050.0,1135.0,61185.0,22.0,29.0,25.0,343.0,,,42.2,,,38.3,,,no,10.2,,,,,382.0,368.0,3.9,155.0,4.0,3,36000,5,60000,-0.9,https://www.toyota.com/grsupra/,,,model-specific,,,50.0,66.82920132743278,65.57377049180327,78.06712962962962,50.0,100.0,93.99395074175428,97.80405405405405,64.09978308026031,50.0
Toyota,GR Supra,MkV Final Edition,2026,yes,Coupe,2,2,RWD,Gas,67950.0,1135.0,69085.0,19.0,26.0,21.0,288.0,,,42.2,,,38.3,,,no,10.2,,,,,382.0,368.0,4.2,155.0,1.0,3,36000,5,60000,3.5,https://www.toyota.com/grsupra/,,,model-specific,,,50.0,66.82920132743278,65.57377049180327,65.45138888888889,50.0,62.5,92.36846978457234,94.08783783783784,87.47288503253796,50.0
Honda,HR-V,LX,2026,no,SUV,4,5,FWD,Gas,26200.0,1395.0,27595.0,26.0,32.0,28.0,392.0,5.0,98.7,41.9,37.7,,39.4,38.0,,no,24.4,55.1,,,5.0,158.0,138.0,,,2.0,3,36000,5,60000,1.5,https://automobiles.honda.com/hr-v,NHTSA,,model-specific,,,100.0,71.85939240190568,66.10250001956976,78.91022920203736,100.0,66.66666666666666,98.87126865671641,97.20052083333334,50.0,50.0
Honda,HR-V,Sport,2026,no,SUV,4,5,FWD,Gas,28000.0,1395.0,29395.0,26.0,32.0,28.0,392.0,5.0,98.7,41.9,37.7,,39.4,38.0,,no,24.4,55.1,,,5.0,158.0,138.0,,,2.0,3,36000,5,60000,5.8,https://automobiles.honda.com/hr-v,NHTSA,,model-specific,,,100.0,71.85939240190568,66.10250001956976,78.91022920203736,100.0,66.66666666666666,98.49813432835822,94.40104166666667,50.0,50.0
Honda,HR-V,EX-L,2026,no,SUV,4,5,FWD,Gas,30050.0,1395.0,31445.0,26.0,32.0,28.0,392.0,5.0,98.7,41.9,37.7,,39.4,38.0,,no,24.4,55.1,,,5.0,158.0,138.0,,,3.0,3,36000,5,60000,8.2,https://automobiles.honda.com/hr-v,NHTSA,,model-specific,,,100.0,71.85939240190568,66.10250001956976,78.91022920203736,100.0,75.0,98.07317578772802,92.83854166666667,50.0,50.0
Honda,Pilot,Sport,2026,no,SUV,4,8,FWD,Gas,42395.0,1495.0,43890.0,19.0,27.0,22.0,407.0,5.0,158.4,41.0,40.8,32.5,40.5,39.2,39.3,yes,21.8,111.8,3500.0,,3.5,285.0,262.0,,,2.0,3,36000,5,60000,18.3,https://automobiles.honda.com/pilot,NHTSA,,model-specific,,,100.0,83.95915007847898,70.70434783227503,72.52758913412563,75.0,66.66666666666666,95.49336650082918,86.26302083333334,50.0,65.48165137614679
Honda,Pilot,EX-L,2026,no,SUV,4,8,FWD,Gas,44695.0,1495.0,46190.0,19.0,27.0,22.0,407.0,5.0,158.4,41.0,40.8,32.5,40.5,39.2,39.3,yes,22.4,112.4,3500.0,,3.5,285.0,262.0,,,3.0,3,36000,5,60000,14.9,https://automobiles.honda.com/pilot,NHTSA,,model-specific,,,100.0,83.95915007847898,71.5072774615383,72.52758913412563,75.0,75.0,95.01658374792703,88.4765625,50.0,65.48165137614679
Honda,Pilot,TrailSport,2026,yes,SUV,4,7,AWD,Gas,50595.0,1495.0,52090.0,18.0,23.0,20.0,370.0,5.0,154.9,41.0,40.8,32.5,39.1,39.2,39.3,yes,21.8,113.7,5000.0,,3.5,285.0,262.0,7.1,,4.0,3,36000,5,60000,17.7,https://automobiles.honda.com/pilot,NHTSA,,model-specific,,,100.0,81.43724241353709,70.96327360166919,66.16617147707979,75.0,83.33333333333333,93.79353233830845,86.65364583333333,83.68055555555556,74.08256880733944
Honda,Pilot,Touring,2026,no,SUV,4,8,AWD,Gas,51295.0,1495.0,52790.0,19.0,25.0,21.0,389.0,5.0,154.9,41.0,40.8,32.5,39.1,39.2,39.3,yes,22.4,112.4,5000.0,,3.5,285.0,262.0,7.1,,4.0,3,36000,5,60000,16.9,https://automobiles.honda.com/pilot,NHTSA,,model-specific,,,100.0,81.43724241353709,71.5072774615383,69.39728353140916,75.0,83.33333333333333,93.64842454394693,87.17447916666667,58.68055555555556,74.08256880733944
Honda,Pilot,Touring Blackout,2026,no,SUV,4,8,AWD,Gas,52495.0,1495.0,53990.0,19.0,25.0,21.0,389.0,5.0,154.9,41.0,40.8,32.5,39.1,39.2,39.3,yes,22.4,112.4,5000.0,,3.5,285.0,262.0,7.1,,4.0,3,36000,5,60000,17.0,https://automobiles.honda.com/pilot,NHTSA,,model-specific,,,100.0,81.43724241353709,71.5072774615383,69.39728353140916,75.0,83.33333333333333,93.39966832504146,87.109375,58.68055555555556,74.08256880733944
Honda,Pilot,Elite,2026,no,SUV,4,8,AWD,Gas,53695.0,1495.0,55190.0,19.0,25.0,21.0,389.0,5.0,154.9,41.0,40.8,32.5,39.1,39.2,39.3,yes,22.4,112.1,5000.0,,3.5,285.0,262.0,7.1,,5.0,3,36000,5,60000,22.1,https://automobiles.honda.com/pilot,NHTSA,,model-specific,,,100.0,81.43724241353709,71.46639444531816,69.39728353140916,75.0,91.66666666666667,93.15091210613599,83.7890625,58.68055555555556,74.08256880733944
Honda,Pilot,Black Edition,2026,no,SUV,4,8,AWD,Gas,55195.0,1495.0,56690.0,19.0,25.0,21.0,389.0,5.0,154.9,41.0,40.8,32.5,39.1,39.2,39.3,yes,22.4,112.1,5000.0,,3.5,285.0,262.0,7.1,,5.0,3,36000,5,60000,17.0,https://automobiles.honda.com/pilot,NHTSA,,model-specific,,,100.0,81.43724241353709,71.46639444531816,69.39728353140916,75.0,91.66666666666667,92.83996683250415,87.109375,58.68055555555556,74.08256880733944
Honda,Passport,RTL,2026,no,SUV,4,5,AWD,Gas,44950.0,1495.0,46445.0,19.0,25.0,21.0,389.0,5.0,119.1,41.1,40.9,,40.5,39.6,,no,44.0,104.6,5000.0,,,285.0,262.0,7.3,,3.0,3,36000,5,60000,24.2,https://automobiles.honda.com/passport,IIHS,,model-specific,,,100.0,83.40173836937731,96.40620852544319,69.39728353140916,50.0,75.0,94.96372305140963,82.421875,57.986111111111114,74.08256880733944
Honda,Passport,RTL Towing,2026,no,SUV,4,5,AWD,Gas,45650.0,1495.0,47145.0,19.0,25.0,21.0,389.0,5.0,119.1,41.1,40.9,,40.5,39.6,,no,44.0,104.6,5000.0,,,285.0,262.0,7.3,,3.0,3,36000,5,60000,24.2,https://automobiles.honda.com/passport,IIHS,,model-specific,,,100.0,83.40173836937731,96.40620852544319,69.39728353140916,50.0,75.0,94.8186152570481,82.421875,57.986111111111114,74.08256880733944
Honda,Passport,RTL Blackout,2026,no,SUV,4,5,AWD,Gas,46150.0,1495.0,47645.0,19.0,25.0,21.0,389.0,5.0,119.1,41.1,40.9,,40.5,39.6,,no,44.0,104.6,5000.0,,,285.0,262.0,7.3,,3.0,3,36000,5,60000,24.2,https://automobiles.honda.com/passport,IIHS,,model-specific,,,100.0,83.40173836937731,96.40620852544319,69.39728353140916,50.0,75.0,94.71496683250415,82.421875,57.986111111111114,74.08256880733944
Honda,Passport,TrailSport,2026,yes,SUV,4,5,AWD,Gas,48650.0,1495.0,50145.0,18.0,23.0,20.0,370.0,5.0,115.4,41.1,40.9,,39.1,39.6,,no,44.0,104.4,5000.0,,,285.0,262.0,7.3,,3.0,3,36000,5,60000,24.2,https://automobiles.honda.com/passport,IIHS,,model-specific,,,100.0,80.03919481612147,96.37895318129642,66.16617147707979,50.0,75.0,94.1967247097844,82.421875,82.98611111111111,74.08256880733944
Honda,Passport,TrailSport Blackout,2026,yes,SUV,4,5,AWD,Gas,49850.0,1495.0,51345.0,18.0,23.0,20.0,370.0,5.0,115.4,41.1,40.9,,39.1,39.6,,no,44.0,104.4,5000.0,,,285.0,262.0,7.3,,3.0,3,36000,5,60000,24.2,https://automobiles.honda.com/passport,IIHS,,model-specific,,,100.0,80.03919481612147,96.37895318129642,66.16617147707979,50.0,75.0,93.94796849087894,82.421875,82.98611111111111,74.08256880733944
Honda,Passport,TrailSport Elite,2026,yes,SUV,4,5,AWD,Gas,52650.0,1495.0,54145.0,18.0,23.0,20.0,370.0,5.0,115.4,41.1,40.9,,39.1,39.6,,no,44.0,104.4,5000.0,,,285.0,262.0,7.3,,4.0,3,36000,5,60000,24.2,https://automobiles.honda.com/passport,IIHS,,model-specific,,,100.0,80.03919481612147,96.37895318129642,66.16617147707979,50.0,83.33333333333333,93.36753731343283,82.421875,82.98611111111111,74.08256880733944
Honda,Passport,TrailSport Elite Blackout,2026,yes,SUV,4,5,AWD,Gas,53850.0,1495.0,55345.0,18.0,23.0,20.0,370.0,5.0,115.4,41.1,40.9,,39.1,39.6,,no,44.0,104.4,5000.0,,,285.0,262.0,7.3,,4.0,3,36000,5,60000,24.2,https://automobiles.honda.com/passport,IIHS,,model-specific,,,100.0,80.03919481612147,96.37895318129642,66.16617147707979,50.0,83.33333333333333,93.11878109452736,82.421875,82.98611111111111,74.08256880733944
Honda,Ridgeline,Sport,2026,no,Truck,4,5,AWD,Gas,40595.0,1495.0,42090.0,18.0,24.0,21.0,410.0,5.0,108.9,40.9,36.7,,39.5,38.8,,no,7.3,7.3,5000.0,1583.0,3.5,280.0,262.0,6.2,,3.0,3,36000,5,60000,20.6,https://automobiles.honda.com/ridgeline,NHTSA,,model-specific,5.3,,100.0,61.127989193051974,62.820512820512825,69.44072025771372,87.5,75.0,92.73176083379045,74.38848920863309,59.32203389830509,53.34863418025406
Honda,Ridgeline,RTL,2026,no,Truck,4,5,AWD,Gas,43395.0,1495.0,44890.0,18.0,24.0,21.0,410.0,5.0,108.9,40.9,36.7,,39.5,38.8,,no,7.3,7.3,5000.0,1544.0,3.5,280.0,262.0,6.2,,3.0,3,36000,5,60000,24.5,https://automobiles.honda.com/ridgeline,NHTSA,,model-specific,5.3,,100.0,61.127989193051974,62.820512820512825,69.44072025771372,87.5,75.0,91.19583104772353,71.58273381294964,59.32203389830509,53.26261741801321
Honda,Ridgeline,TrailSport,2026,no,Truck,4,5,AWD,Gas,45795.0,1495.0,47290.0,18.0,23.0,20.0,390.0,5.0,108.9,40.9,36.7,,39.5,38.8,,no,7.3,7.3,5000.0,1521.0,3.5,280.0,262.0,6.2,,3.0,3,36000,5,60000,24.4,https://automobiles.honda.com/ridgeline,NHTSA,,model-specific,5.3,,100.0,61.127989193051974,62.820512820512825,66.14155633763477,87.5,75.0,89.87931980252331,71.65467625899281,59.32203389830509,53.21188958387117
Honda,Ridgeline,Black Edition,2026,no,Truck,4,5,AWD,Gas,47195.0,1495.0,48690.0,18.0,24.0,21.0,410.0,5.0,108.9,40.9,36.7,,39.5,38.8,,no,7.3,7.3,5000.0,1509.0,3.5,280.0,262.0,6.2,,3.0,3,36000,5,60000,26.6,https://automobiles.honda.com/ridgeline,NHTSA,,model-specific,5.3,,100.0,61.127989193051974,62.820512820512825,69.44072025771372,87.5,75.0,89.11135490948985,70.07194244604317,59.32203389830509,53.18542288779707
Honda,Prologue,EX,2026,no,SUV,4,5,FWD,EV,39900.0,1495.0,41395.0,113.0,94.0,104.0,308.0,3.5,111.7,41.4,39.4,,38.2,36.7,,no,25.2,57.7,1500.0,,,220.0,243.0,,,3.0,3,36000,5,60000,,https://automobiles.honda.com/prologue,IIHS,,,,,81.25,66.35682011327359,67.41837095590826,75.50089445438283,50.0,75.0,96.01057213930349,50.0,50.0,54.01376146788991
Honda,Prologue,EX AWD,2026,no,SUV,4,5,AWD,EV,42000.0,1495.0,43495.0,108.0,90.0,99.0,294.0,3.5,111.7,41.4,39.4,,38.2,36.7,,no,25.2,57.7,1500.0,,,300.0,355.0,5.9,,3.0,3,36000,5,60000,,https://automobiles.honda.com/prologue,IIHS,,,,,81.25,66.35682011327359,67.41837095590826,72.70125223613596,50.0,75.0,95.57524875621891,50.0,62.84722222222222,54.01376146788991
Honda,Prologue,Touring,2026,no,SUV,4,5,FWD,EV,44200.0,1495.0,45695.0,113.0,94.0,104.0,308.0,3.5,107.8,41.4,39.4,,38.2,36.7,,no,23.7,54.5,1500.0,,,220.0,243.0,,,3.0,3,36000,5,60000,,https://automobiles.honda.com/prologue,IIHS,,,,,81.25,66.35682011327359,65.17937645750266,75.50089445438283,50.0,75.0,95.11919568822555,50.0,50.0,54.01376146788991
Honda,Prologue,Touring AWD,2026,no,SUV,4,5,AWD,EV,47000.0,1495.0,48495.0,108.0,90.0,99.0,294.0,3.5,107.8,41.4,39.4,,38.2,36.7,,no,23.7,54.5,1500.0,,,300.0,355.0,5.9,,3.0,3,36000,5,60000,,https://automobiles.honda.com/prologue,IIHS,,,,,81.25,66.35682011327359,65.17937645750266,72.70125223613596,50.0,75.0,94.53876451077943,50.0,62.84722222222222,54.01376146788991
Honda,Prologue,Elite,2026,no,SUV,4,5,AWD,EV,50400.0,1495.0,51895.0,104.0,87.0,95.0,283.0,3.5,107.8,41.4,39.4,,38.2,36.7,,no,23.7,54.5,1500.0,,,300.0,355.0,5.9,,5.0,3,36000,5,60000,,https://automobiles.honda.com/prologue,IIHS,,,,,81.25,66.35682011327359,65.17937645750266,70.48076923076923,50.0,91.66666666666667,93.8339552238806,50.0,62.84722222222222,54.01376146788991
Honda,Prelude,Hybrid,2026,no,Coupe,2,4,FWD,Hybrid,42000.0,1195.0,43195.0,46.0,41.0,44.0,466.0,,99.7,42.3,32.0,,37.2,33.1,,no,15.1,,,,,200.0,232.0,6.5,,3.0,3,36000,5,60000,,https://automobiles.honda.com/prelude,,,,,,50.0,59.55520897509359,78.96174863387978,100.0,50.0,87.5,97.69552066829901,50.0,50.0,50.0
Honda,Prelude,Hybrid Two-Tone,2026,no,Coupe,2,4,FWD,Hybrid,42500.0,1195.0,43695.0,46.0,41.0,44.0,466.0,,99.7,42.3,32.0,,37.2,33.1,,no,15.1,,,,,200.0,232.0,6.5,,3.0,3,36000,5,60000,,https://automobiles.honda.com/prelude,,,,,,50.0,59.55520897509359,78.96174863387978,100.0,50.0,87.5,97.59264212670521,50.0,50.0,50.0
Honda,CR-V e:FCEV,e:FCEV,2026,no,SUV,4,5,FWD,EV,50000.0,1450.0,51450.0,,,,270.0,,106.4,41.4,41.1,,40.0,38.2,,no,25.2,61.0,,,,174.0,229.0,8.6,,3.0,3,36000,5,60000,,https://automobiles.honda.com/cr-v-fcev,,,,,,50.0,78.46757119883884,67.8680841343297,63.46153846153846,50.0,75.0,93.9262023217247,50.0,53.47222222222222,50.0
Hyundai,Elantra,SE,2026,no,Sedan,4,5,FWD,Gas,22625.0,1245.0,23870.0,31.0,40.0,35.0,434.0,5.0,113.6,42.3,38.0,,40.6,37.3,,no,14.2,,,,4.5,147.0,132.0,8.4,,1.0,5,60000,10,100000,17.1,https://www.hyundaiusa.com/us/en/vehicles/elantra,NHTSA,12.4,model-specific,,,100.0,77.9310602499693,68.09815950920245,89.18753068237604,100.0,60.0,99.92620007490142,89.30517711171663,52.73972602739725,50.0
Hyundai,Elantra,SEL Sport,2026,no,Sedan,4,5,FWD,Gas,23750.0,1245.0,24995.0,30.0,40.0,34.0,422.0,5.0,113.6,42.3,38.0,,40.6,37.3,,no,14.2,,,,4.5,147.0,132.0,8.4,,3.0,5,60000,10,100000,17.1,https://www.hyundaiusa.com/us/en/vehicles/elantra,NHTSA,12.4,model-specific,,,100.0,77.9310602499693,68.09815950920245,86.9661266568483,100.0,80.0,99.6783645055405,89.30517711171663,52.73972602739725,50.0
Hyundai,Elantra,SEL Sport Premium,2026,no,Sedan,4,5,FWD,Gas,25075.0,1245.0,26320.0,30.0,40.0,34.0,422.0,5.0,113.6,42.3,38.0,,38.7,37.3,,no,14.2,,,,4.5,147.0,132.0,8.4,,3.0,5,60000,10,100000,17.1,https://www.hyundaiusa.com/us/en/vehicles/elantra,NHTSA,12.4,model-specific,,,100.0,70.15418000396802,68.09815950920245,86.9661266568483,100.0,80.0,99.38646927940431,89.30517711171663,52.73972602739725,50.0
Hyundai,Elantra,Limited,2026,no,Sedan,4,5,FWD,Gas,27175.0,1245.0,28420.0,30.0,40.0,34.0,422.0,5.0,113.6,42.3,38.0,,38.7,37.3,,no,14.2,,,,4.5,147.0,132.0,8.4,,4.0,5,60000,10,100000,17.1,https://www.hyundaiusa.com/us/en/vehicles/elantra,NHTSA,12.4,model-specific,,,100.0,70.15418000396802,68.09815950920245,86.9661266568483,100.0,90.0,98.92384288326394,89.30517711171663,52.73972602739725,50.0
Hyundai,Elantra,N Line,2026,no,Sedan,4,5,FWD,Gas,29400.0,1245.0,30645.0,28.0,35.0,31.0,384.0,5.0,113.6,42.3,38.0,,38.7,37.3,,no,14.2,,,,4.5,201.0,195.0,8.6,,3.0,5,60000,10,100000,17.1,https://www.hyundaiusa.com/us/en/vehicles/elantra,NHTSA,12.4,model-specific,,,100.0,70.15418000396802,68.09815950920245,80.13009327442317,100.0,80.0,98.43367920163902,89.30517711171663,52.054794520547944,50.0
Hyundai,Elantra,Blue,2026,no,Sedan,4,5,FWD,Hybrid,25450.0,1245.0,26695.0,51.0,58.0,54.0,,5.0,113.6,42.3,38.0,,40.6,37.3,,no,14.2,,,,4.5,139.0,,,,1.0,5,60000,10,100000,22.1,https://www.hyundaiusa.com/us/en/vehicles/elantra,NHTSA,,model-specific,,,100.0,77.9310602499693,68.09815950920245,100.0,100.0,60.0,99.30385742295067,85.8991825613079,50.0,50.0
Hyundai,Elantra,SEL Sport,2026,no,Sedan,4,5,FWD,Hybrid,27425.0,1245.0,28670.0,49.0,52.0,50.0,,5.0,113.6,42.3,38.0,,40.6,37.3,,no,14.2,,,,4.5,139.0,,,,2.0,5,60000,10,100000,22.1,https://www.hyundaiusa.com/us/en/vehicles/elantra,NHTSA,,model-specific,,,100.0,77.9310602499693,68.09815950920245,91.66666666666667,100.0,70.0,98.86876831229485,85.8991825613079,50.0,50.0
Hyundai,Elantra,Limited,2026,no,Sedan,4,5,FWD,Hybrid,29800.0,1245.0,31045.0,49.0,52.0,50.0,,5.0,113.6,42.3,38.0,,38.7,37.3,,no,14.2,,,,4.5,139.0,,,,3.0,5,60000,10,100000,22.1,https://www.hyundaiusa.com/us/en/vehicles/elantra,NHTSA,,model-specific,,,100.0,70.15418000396802,68.09815950920245,91.66666666666667,100.0,80.0,98.34555988808847,85.8991825613079,50.0,50.0
Hyundai,Elantra N,N,2026,yes,Sedan,4,5,FWD,Gas,35100.0,1245.0,36345.0,21.0,29.0,24.0,298.0,5.0,99.0,42.0,38.0,,38.7,37.3,,no,14.2,,,,4.5,276.0,289.0,4.7,,2.0,5,60000,10,100000,16.0,https://www.hyundaiusa.com/us/en/vehicles/elantra-n,NHTSA,12.4,model-specific,,,100.0,68.87809748682231,68.09815950920245,64.40844378988709,100.0,70.0,97.17797898354371,90.05449591280654,90.41095890410959,50.0
Hyundai,Sonata,SE,2026,no,Sedan,4,5,FWD,Gas,27300.0,1245.0,28545.0,28.0,38.0,32.0,509.0,5.0,104.4,46.1,34.8,,40.0,37.8,,no,15.6,,,,4.0,191.0,181.0,,,1.0,5,60000,10,100000,30.2,https://www.hyundaiusa.com/us/en/vehicles/sonata,NHTSA,15.9,model-specific,,,100.0,90.46282956772575,72.39263803680981,92.05940108001964,90.0,60.0,98.89630559777939,80.38147138964578,50.0,50.0
Hyundai,Sonata,SEL Sport,2026,no,Sedan,4,5,FWD,Gas,29000.0,1245.0,30245.0,25.0,36.0,29.0,461.0,5.0,104.4,46.1,34.8,,40.0,37.8,,no,15.6,,,,4.0,191.0,181.0,,,2.0,5,60000,10,100000,30.2,https://www.hyundaiusa.com/us/en/vehicles/sonata,NHTSA,15.9,model-specific,,,100.0,90.46282956772575,72.39263803680981,84.36426116838487,90.0,70.0,98.52179851518957,80.38147138964578,50.0,50.0
Hyundai,Sonata,N Line,2026,no,Sedan,4,5,FWD,Gas,35900.0,1245.0,37145.0,23.0,32.0,27.0,429.0,5.0,104.4,46.1,34.8,,38.4,37.4,,no,15.6,,,,4.0,290.0,311.0,6.1,,4.0,5,60000,10,100000,30.2,https://www.hyundaiusa.com/us/en/vehicles/sonata,NHTSA,15.9,model-specific,,,100.0,81.56864504740564,72.39263803680981,79.23416789396171,90.0,90.0,97.00174035644262,80.38147138964578,60.61643835616438,50.0
Hyundai,Sonata,Blue Hybrid,2026,no,Sedan,4,5,FWD,Hybrid,29050.0,1245.0,30295.0,47.0,56.0,51.0,,5.0,104.4,46.1,34.8,,40.0,37.8,,no,15.6,,,,4.0,192.0,,8.6,,1.0,5,60000,10,100000,30.2,https://www.hyundaiusa.com/us/en/vehicles/sonata,NHTSA,,model-specific,,,100.0,90.46282956772575,72.39263803680981,93.75,90.0,60.0,98.51078360099575,80.38147138964578,52.054794520547944,50.0
Hyundai,Sonata,SEL Hybrid,2026,no,Sedan,4,5,FWD,Hybrid,32300.0,1245.0,33545.0,44.0,51.0,47.0,,5.0,104.4,46.1,34.8,,38.4,37.4,,no,15.6,,,,4.0,192.0,,8.6,,2.0,5,60000,10,100000,30.2,https://www.hyundaiusa.com/us/en/vehicles/sonata,NHTSA,,model-specific,,,100.0,81.56864504740564,72.39263803680981,85.41666666666667,90.0,70.0,97.79481417839756,80.38147138964578,52.054794520547944,50.0
Hyundai,Sonata,Limited Hybrid,2026,no,Sedan,4,5,FWD,Hybrid,38100.0,1245.0,39345.0,44.0,51.0,47.0,,5.0,104.4,46.1,34.8,,38.4,37.4,,no,15.6,,,,4.0,192.0,,8.6,,4.0,5,60000,10,100000,30.2,https://www.hyundaiusa.com/us/en/vehicles/sonata,NHTSA,,model-specific,,,100.0,81.56864504740564,72.39263803680981,85.41666666666667,90.0,90.0,96.5170841319146,80.38147138964578,52.054794520547944,50.0
Hyundai,Venue,SE,2026,no,SUV,4,5,FWD,Gas,20550.0,1600.0,22150.0,29.0,33.0,31.0,369.0,4.0,110.6,41.3,34.3,,39.4,38.6,,no,18.7,31.9,,,,121.0,113.0,8.6,,0.0,5,60000,10,100000,11.8,https://www.hyundaiusa.com/us/en/vehicles/venue,NHTSA,11.9,model-specific,,,87.5,67.07888183561977,56.08982592872763,80.53904923599322,50.0,50.0,100.0,90.49479166666667,53.47222222222222,50.0
Hyundai,Venue,SEL,2026,no,SUV,4,5,FWD,Gas,22825.0,1600.0,24425.0,29.0,33.0,31.0,369.0,4.0,110.6,41.3,34.3,,38.4,38.6,,no,18.7,31.9,,,,121.0,113.0,8.6,,2.0,5,60000,10,100000,11.8,https://www.hyundaiusa.com/us/en/vehicles/venue,NHTSA,11.9,model-specific,,,87.5,64.67706501186558,56.08982592872763,80.53904923599322,50.0,66.66666666666666,99.52839966832505,90.49479166666667,53.47222222222222,50.0
Hyundai,Kona,SE,2026,no,SUV,4,5,FWD,Gas,25350.0,1600.0,26950.0,29.0,34.0,31.0,384.0,4.0,,41.7,38.2,,39.9,38.3,,no,25.5,63.7,,,,147.0,132.0,,,1.0,5,60000,10,100000,18.4,https://www.hyundaiusa.com/us/en/vehicles/kona,NHTSA,12.4,model-specific,,,87.5,74.46213139701347,68.5966130787224,82.05114601018676,50.0,58.33333333333333,99.0049751243781,86.19791666666667,50.0,50.0
Hyundai,Kona,SEL Sport,2026,no,SUV,4,5,FWD,Gas,26675.0,1600.0,28275.0,29.0,34.0,31.0,384.0,4.0,,41.7,38.2,,39.9,38.3,,no,25.5,63.7,,,,147.0,132.0,,,2.0,5,60000,10,100000,18.4,https://www.hyundaiusa.com/us/en/vehicles/kona,NHTSA,12.4,model-specific,,,87.5,74.46213139701347,68.5966130787224,82.05114601018676,50.0,66.66666666666666,98.73030679933665,86.19791666666667,50.0,50.0
Hyundai,Kona,SEL Premium,2026,no,SUV,4,5,FWD,Gas,28275.0,1600.0,29875.0,26.0,31.0,28.0,347.0,4.0,,41.7,38.2,,39.9,38.3,,no,25.5,63.7,,,,190.0,195.0,7.6,,2.0,5,60000,10,100000,18.4,https://www.hyundaiusa.com/us/en/vehicles/kona,NHTSA,12.4,model-specific,,,87.5,74.46213139701347,68.5966130787224,74.3739388794567,50.0,66.66666666666666,98.39863184079601,86.19791666666667,56.94444444444444,50.0
Hyundai,Kona,Limited,2026,no,SUV,4,5,FWD,Gas,32650.0,1600.0,34250.0,26.0,31.0,28.0,347.0,4.0,,41.7,38.2,,38.3,38.3,,no,25.5,63.7,,,,190.0,195.0,7.6,,4.0,5,60000,10,100000,18.4,https://www.hyundaiusa.com/us/en/vehicles/kona,NHTSA,12.4,model-specific,,,87.5,70.61922447900676,68.5966130787224,74.3739388794567,50.0,83.33333333333333,97.49170812603649,86.19791666666667,56.94444444444444,50.0
Hyundai,Kona Electric,SE,2026,no,SUV,4,5,FWD,EV,,,,131.0,105.0,118.0,200.0,5.0,,41.7,38.2,,39.9,,,no,,,,,,133.0,188.0,,,1.0,5,60000,10,100000,45.5,https://www.hyundaiusa.com/us/en/vehicles/kona-electric,IIHS,,model-specific,,,100.0,78.09359887123958,50.0,69.18604651162791,50.0,58.33333333333333,50.0,68.5546875,50.0,50.0
Hyundai,Santa Cruz,SE,2026,no,Truck,4,5,FWD,Gas,29750.0,1600.0,31350.0,22.0,30.0,25.0,443.0,5.0,102.0,41.4,36.5,,40.2,39.6,,no,27.0,,3500.0,1411.0,,191.0,181.0,,,1.0,5,60000,10,100000,12.1,https://www.hyundaiusa.com/us/en/vehicles/santa-cruz/se,NHTSA,,model-specific,4.3,,100.0,67.86269373254858,50.0,79.93524570321955,50.0,58.33333333333333,98.62314865606143,80.50359712230215,50.0,51.888256216726056
Hyundai,Santa Cruz,SEL,2026,no,Truck,4,5,FWD,Gas,31400.0,1600.0,33000.0,22.0,30.0,25.0,443.0,5.0,102.0,41.4,36.5,,40.2,39.6,,no,27.0,,3500.0,,,191.0,181.0,,,1.0,5,60000,10,100000,14.4,https://www.hyundaiusa.com/us/en/vehicles/santa-cruz/sel,NHTSA,,model-specific,4.3,,100.0,67.86269373254858,50.0,79.93524570321955,50.0,58.33333333333333,97.71804717498628,78.84892086330936,50.0,52.11793281280809
Hyundai,Santa Cruz,SEL Activity,2026,no,Truck,4,5,FWD,Gas,34450.0,1600.0,36050.0,22.0,30.0,25.0,443.0,5.0,102.0,41.4,36.5,,40.2,39.6,,no,27.0,,3500.0,,,191.0,181.0,,,2.0,5,60000,10,100000,,https://www.hyundaiusa.com/us/en/vehicles/santa-cruz/sel-activity,NHTSA,,,4.3,,100.0,67.86269373254858,50.0,79.93524570321955,50.0,66.66666666666666,96.04498080087768,50.0,50.0,52.11793281280809
Hyundai,Santa Cruz,XRT,2026,yes,Truck,4,5,AWD,Gas,41350.0,1600.0,42950.0,18.0,25.0,20.0,354.0,5.0,102.0,41.4,36.5,,40.2,39.6,,no,27.0,,5000.0,,,281.0,311.0,6.5,,4.0,5,60000,10,100000,,https://www.hyundaiusa.com/us/en/vehicles/santa-cruz/xrt,NHTSA,,,4.3,,100.0,67.86269373254858,50.0,64.07183956203563,50.0,83.33333333333333,92.26001097092704,50.0,83.05084745762713,54.27997678573969
Hyundai,Santa Cruz,Limited,2026,no,Truck,4,5,AWD,Gas,43700.0,1600.0,45300.0,18.0,25.0,20.0,354.0,5.0,102.0,41.4,36.5,,38.2,39.6,,no,27.0,,5000.0,,,281.0,311.0,6.5,,4.0,5,60000,10,100000,,https://www.hyundaiusa.com/us/en/vehicles/santa-cruz/limited,NHTSA,,,4.3,,100.0,61.0663698114475,50.0,64.07183956203563,50.0,83.33333333333333,90.97092704333517,50.0,58.05084745762712,54.27997678573969
Hyundai,Santa Fe,SE,2026,no,SUV,4,7,FWD,Gas,35050.0,1600.0,36650.0,20.0,29.0,24.0,425.0,4.0,151.0,44.4,42.3,30.0,41.1,40.6,37.7,yes,14.6,79.6,3500.0,,4.0,277.0,311.0,,,1.0,5,60000,10,100000,,https://www.hyundaiusa.com/us/en/vehicles/santa-fe/se,NHTSA,,,,"4.0/5.0 (RepairPal, rank 2 of 26 midsize SUVs)",87.5,92.61557389645208,57.662274262771405,76.97368421052632,83.33333333333333,58.33333333333333,96.99419568822555,50.0,50.0,65.48165137614679
Hyundai,Santa Fe,SEL,2026,no,SUV,4,7,FWD,Gas,37590.0,1600.0,39190.0,20.0,29.0,24.0,425.0,4.0,151.0,44.4,42.3,30.0,41.1,40.6,37.7,yes,14.6,79.6,3500.0,,4.0,277.0,311.0,,,2.0,5,60000,10,100000,,https://www.hyundaiusa.com/us/en/vehicles/santa-fe/sel,NHTSA,,,,"4.0/5.0 (RepairPal, rank 2 of 26 midsize SUVs)",87.5,92.61557389645208,57.662274262771405,76.97368421052632,83.33333333333333,66.66666666666666,96.46766169154229,50.0,50.0,65.48165137614679
Hyundai,Santa Fe,XRT,2026,yes,SUV,4,7,AWD,Gas,42040.0,1600.0,43640.0,19.0,26.0,22.0,389.0,4.0,151.0,44.4,42.3,30.0,40.2,40.6,37.7,yes,14.6,79.6,4500.0,,4.0,277.0,311.0,6.9,,2.0,5,60000,10,100000,,https://www.hyundaiusa.com/us/en/vehicles/santa-fe/xrt,NHTSA,,,,"4.0/5.0 (RepairPal, rank 2 of 26 midsize SUVs)",87.5,90.994347540418,57.662274262771405,70.71307300509338,83.33333333333333,66.66666666666666,95.54519071310116,50.0,84.375,71.21559633027523
Hyundai,Santa Fe,Limited,2026,no,SUV,4,7,FWD,Gas,44600.0,1600.0,46200.0,20.0,29.0,24.0,425.0,4.0,151.0,44.4,42.3,30.0,40.2,39.6,37.7,yes,14.6,79.6,3500.0,,4.0,277.0,311.0,,,4.0,5,60000,10,100000,,https://www.hyundaiusa.com/us/en/vehicles/santa-fe/limited,NHTSA,,,,"4.0/5.0 (RepairPal, rank 2 of 26 midsize SUVs)",87.5,88.48530675131764,57.662274262771405,76.97368421052632,83.33333333333333,83.33333333333333,95.01451077943615,50.0,50.0,65.48165137614679
Hyundai,Santa Fe,Calligraphy,2026,no,SUV,4,6,FWD,Gas,47600.0,1600.0,49200.0,20.0,29.0,24.0,425.0,4.0,151.0,44.4,42.3,30.0,40.2,39.6,37.7,yes,14.6,79.6,3500.0,,4.0,277.0,311.0,,,5.0,5,60000,10,100000,,https://www.hyundaiusa.com/us/en/vehicles/santa-fe/calligraphy,NHTSA,,,,"4.0/5.0 (RepairPal, rank 2 of 26 midsize SUVs)",87.5,88.48530675131764,57.662274262771405,76.97368421052632,83.33333333333333,91.66666666666667,94.39262023217248,50.0,50.0,65.48165137614679
Hyundai,Santa Fe,SE,2026,no,SUV,4,7,FWD,Hybrid,36400.0,1600.0,38000.0,37.0,36.0,36.0,637.0,4.0,151.0,44.4,42.3,30.0,41.1,40.6,37.7,yes,14.6,79.6,2000.0,,4.0,231.0,271.0,,,1.0,5,60000,10,100000,,https://www.hyundaiusa.com/us/en/vehicles/santa-fe-hybrid/se,NHTSA,,,,"4.0/5.0 (RepairPal, rank 2 of 26 midsize SUVs)",87.5,92.61557389645208,57.662274262771405,85.41904399644986,83.33333333333333,58.33333333333333,96.71434494195688,50.0,50.0,56.88073394495413
Hyundai,Santa Fe,SEL,2026,no,SUV,4,7,FWD,Hybrid,38690.0,1600.0,40290.0,37.0,36.0,36.0,637.0,4.0,151.0,44.4,42.3,30.0,41.1,40.6,37.7,yes,14.6,79.6,2000.0,,4.0,231.0,271.0,,,2.0,5,60000,10,100000,,https://www.hyundaiusa.com/us/en/vehicles/santa-fe-hybrid/sel,NHTSA,,,,"4.0/5.0 (RepairPal, rank 2 of 26 midsize SUVs)",87.5,92.61557389645208,57.662274262771405,85.41904399644986,83.33333333333333,66.66666666666666,96.2396351575456,50.0,50.0,56.88073394495413
Hyundai,Santa Fe,Limited,2026,no,SUV,4,7,FWD,Hybrid,45700.0,1600.0,47300.0,37.0,36.0,36.0,637.0,4.0,151.0,44.4,42.3,30.0,40.2,39.6,37.7,yes,14.6,79.6,2000.0,,4.0,231.0,271.0,,,4.0,5,60000,10,100000,,https://www.hyundaiusa.com/us/en/vehicles/santa-fe-hybrid/limited,NHTSA,,,,"4.0/5.0 (RepairPal, rank 2 of 26 midsize SUVs)",87.5,88.48530675131764,57.662274262771405,85.41904399644986,83.33333333333333,83.33333333333333,94.78648424543947,50.0,50.0,56.88073394495413
Hyundai,Santa Fe,Calligraphy,2026,no,SUV,4,6,FWD,Hybrid,48700.0,1600.0,50300.0,37.0,36.0,36.0,637.0,4.0,151.0,44.4,42.3,30.0,40.2,39.6,37.7,yes,14.6,79.6,2000.0,,4.0,231.0,271.0,,,5.0,5,60000,10,100000,,https://www.hyundaiusa.com/us/en/vehicles/santa-fe-hybrid/calligraphy,NHTSA,,,,"4.0/5.0 (RepairPal, rank 2 of 26 midsize SUVs)",87.5,88.48530675131764,57.662274262771405,85.41904399644986,83.33333333333333,91.66666666666667,94.16459369817579,50.0,50.0,56.88073394495413
Hyundai,Ioniq 5,SE Standard Range,2026,no,SUV,4,5,RWD,EV,35000.0,1600.0,36600.0,131.0,100.0,115.0,245.0,5.0,106.5,41.7,39.4,,39.8,38.7,,no,26.3,59.4,,,,168.0,258.0,,115.0,2.0,5,60000,10,100000,40.9,https://www.hyundaiusa.com/us/en/vehicles/ioniq-5/se-standard-range,IIHS,,model-specific,,,100.0,77.51497484305732,68.97217464199785,72.64087656529517,50.0,66.66666666666666,97.00456053067992,71.54947916666667,50.0,50.0
Hyundai,Ioniq 5,SE,2026,no,SUV,4,5,RWD,EV,37500.0,1600.0,39100.0,129.0,100.0,114.0,318.0,5.0,106.5,41.7,39.4,,39.8,38.7,,no,26.3,59.4,,,,225.0,258.0,7.4,115.0,2.0,5,60000,10,100000,46.2,https://www.hyundaiusa.com/us/en/vehicles/ioniq-5/se,IIHS,,model-specific,,,100.0,77.51497484305732,68.97217464199785,79.36940966010734,50.0,66.66666666666666,96.4863184079602,68.09895833333333,57.638888888888886,50.0
Hyundai,Ioniq 5,SE,2026,no,SUV,4,5,AWD,EV,41000.0,1600.0,42600.0,116.0,96.0,106.0,290.0,5.0,106.5,41.7,39.4,,39.8,38.7,,no,26.3,59.4,,,,320.0,446.0,4.6,115.0,2.0,5,60000,10,100000,50.0,https://www.hyundaiusa.com/us/en/vehicles/ioniq-5/se,NHTSA,,model-specific,,,100.0,77.51497484305732,68.97217464199785,74.3515205724508,50.0,66.66666666666666,95.76077943615257,65.625,67.36111111111111,50.0
Hyundai,Ioniq 5,SEL,2026,no,SUV,4,5,RWD,EV,39800.0,1600.0,41400.0,129.0,100.0,114.0,318.0,5.0,106.5,41.7,39.4,,39.8,38.7,,no,26.3,59.4,,,,225.0,258.0,7.4,115.0,3.0,5,60000,10,100000,42.8,https://www.hyundaiusa.com/us/en/vehicles/ioniq-5/sel,IIHS,,model-specific,,,100.0,77.51497484305732,68.97217464199785,79.36940966010734,50.0,75.0,96.00953565505804,70.3125,57.638888888888886,50.0
Hyundai,Ioniq 5,SEL,2026,no,SUV,4,5,AWD,EV,43300.0,1600.0,44900.0,116.0,96.0,106.0,290.0,5.0,106.5,41.7,39.4,,39.8,38.7,,no,26.3,59.4,,,,320.0,446.0,4.6,115.0,3.0,5,60000,10,100000,46.7,https://www.hyundaiusa.com/us/en/vehicles/ioniq-5/sel,NHTSA,,model-specific,,,100.0,77.51497484305732,68.97217464199785,74.3515205724508,50.0,75.0,95.28399668325042,67.7734375,67.36111111111111,50.0
Hyundai,Ioniq 5,XRT,2026,no,SUV,4,5,AWD,EV,46275.0,1600.0,47875.0,103.0,85.0,94.0,259.0,5.0,106.5,41.7,39.4,,39.8,38.7,,no,26.3,59.4,,,,320.0,446.0,4.5,115.0,3.0,5,60000,10,100000,42.7,https://www.hyundaiusa.com/us/en/vehicles/ioniq-5/xrt,NHTSA,,model-specific,,,100.0,77.51497484305732,68.97217464199785,67.88237924865831,50.0,75.0,94.66728855721394,70.37760416666666,67.70833333333334,50.0
Hyundai,Ioniq 5,Limited,2026,no,SUV,4,5,RWD,EV,45075.0,1600.0,46675.0,129.0,100.0,114.0,318.0,5.0,106.5,41.7,39.4,,39.8,38.7,,no,26.3,59.4,,,,225.0,258.0,7.4,115.0,5.0,5,60000,10,100000,40.7,https://www.hyundaiusa.com/us/en/vehicles/ioniq-5/limited,IIHS,,model-specific,,,100.0,77.51497484305732,68.97217464199785,79.36940966010734,50.0,91.66666666666667,94.9160447761194,71.6796875,57.638888888888886,50.0
Hyundai,Ioniq 5,Limited,2026,no,SUV,4,5,AWD,EV,48975.0,1600.0,50575.0,108.0,88.0,98.0,269.0,5.0,106.5,41.7,39.4,,39.8,38.7,,no,26.3,59.4,,,,320.0,446.0,4.6,115.0,5.0,5,60000,10,100000,44.8,https://www.hyundaiusa.com/us/en/vehicles/ioniq-5/limited,NHTSA,,model-specific,,,100.0,77.51497484305732,68.97217464199785,70.0067084078712,50.0,91.66666666666667,94.10758706467661,69.01041666666667,67.36111111111111,50.0
Hyundai,Ioniq 5,N,2026,yes,SUV,4,5,AWD,EV,59900.0,1600.0,61500.0,84.0,72.0,78.0,221.0,,107.0,41.7,39.4,,39.8,38.7,,no,26.1,59.3,,,,641.0,568.0,3.3,162.0,5.0,5,60000,10,100000,42.7,https://www.hyundaiusa.com/us/en/vehicles/ioniq-5-n,,,model-specific,,,50.0,77.51497484305732,68.71815910431681,59.57737030411449,50.0,91.66666666666667,91.84286898839137,70.37760416666666,96.875,50.0
Hyundai,Ioniq 9,S,2026,no,SUV,4,7,RWD,EV,58955.0,1600.0,60555.0,103.0,81.0,92.0,335.0,5.0,163.54,41.4,42.8,32.0,41.5,41.0,39.7,yes,21.9,86.9,3500.0,,,215.0,258.0,7.8,,2.0,5,60000,10,100000,,https://www.hyundaiusa.com/us/en/vehicles/ioniq-9/s,IIHS,,,,,100.0,93.69276636473043,67.43125141880789,74.60867620751341,50.0,66.66666666666666,92.03876451077943,50.0,56.25,65.48165137614679
Hyundai,Ioniq 9,SE,2026,no,SUV,4,7,AWD,EV,62765.0,1600.0,64365.0,98.0,78.0,88.0,320.0,5.0,163.54,41.4,42.8,32.0,41.5,41.0,39.7,yes,21.9,86.9,5000.0,,,303.0,446.0,9.4,,2.0,5,60000,10,100000,,https://www.hyundaiusa.com/us/en/vehicles/ioniq-9/se,IIHS,,,,,100.0,93.69276636473043,67.43125141880789,72.00357781753131,50.0,66.66666666666666,91.24896351575455,50.0,50.69444444444444,74.08256880733944
Hyundai,Ioniq 9,SEL,2026,no,SUV,4,7,AWD,EV,66320.0,1600.0,67920.0,98.0,78.0,88.0,320.0,5.0,163.54,41.4,42.8,32.0,41.5,41.0,39.7,yes,21.9,86.9,5000.0,,,303.0,446.0,9.4,,3.0,5,60000,10,100000,,https://www.hyundaiusa.com/us/en/vehicles/ioniq-9/sel,IIHS,,,,,100.0,93.69276636473043,67.43125141880789,72.00357781753131,50.0,75.0,90.5120232172471,50.0,50.69444444444444,74.08256880733944
Hyundai,Ioniq 9,Performance Limited,2026,no,SUV,4,6,AWD,EV,71250.0,1600.0,72850.0,91.0,79.0,85.0,311.0,5.0,,41.4,42.8,31.0,39.5,39.4,39.8,yes,21.9,86.9,5000.0,,,422.0,516.0,4.8,,5.0,5,60000,10,100000,,https://www.hyundaiusa.com/us/en/vehicles/ioniq-9/limited,IIHS,,,,,100.0,85.83470795078495,67.43125141880789,70.26610017889088,50.0,91.66666666666667,89.49004975124379,50.0,66.66666666666667,74.08256880733944
Hyundai,Ioniq 9,Performance Calligraphy,2026,no,SUV,4,6,AWD,EV,74990.0,1600.0,76590.0,91.0,79.0,85.0,311.0,5.0,,41.4,42.8,31.0,39.5,39.4,39.8,yes,21.9,86.9,5000.0,,,422.0,516.0,4.8,,5.0,5,60000,10,100000,,https://www.hyundaiusa.com/us/en/vehicles/ioniq-9/calligraphy,IIHS,,,,,100.0,85.83470795078495,67.43125141880789,70.26610017889088,50.0,91.66666666666667,88.71475953565505,50.0,66.66666666666667,74.08256880733944
Hyundai,Ioniq 9,Performance Calligraphy Design,2026,no,SUV,4,6,AWD,EV,76490.0,1600.0,78090.0,91.0,79.0,85.0,311.0,5.0,,41.4,42.8,31.0,39.5,39.4,39.8,yes,21.9,86.9,5000.0,,,422.0,516.0,4.8,,5.0,5,60000,10,100000,,https://www.hyundaiusa.com/us/en/vehicles/ioniq-9/calligraphy-design,IIHS,,,,,100.0,85.83470795078495,67.43125141880789,70.26610017889088,50.0,91.66666666666667,88.40381426202322,50.0,66.66666666666667,74.08256880733944
Hyundai,Ioniq 6,N,2026,yes,Sedan,4,5,AWD,EV,,,,,,,245.0,,,45.4,34.7,,40.2,36.7,,no,10.74,,,,,641.0,568.0,3.2,159.0,4.0,5,60000,10,100000,,https://www.hyundaiusa.com/us/en/vehicles/ioniq-6-n,,,,,,50.0,81.72616931843413,57.484662576687114,50.0,50.0,90.0,50.0,50.0,95.54794520547945,50.0
Hyundai,Nexo,Standard,2026,no,SUV,4,5,FWD,EV,,,,63.0,58.0,60.0,395.0,,,,,,,,,no,35.1,60.7,,,,201.0,258.0,7.8,111.0,,5,60000,10,100000,,https://www.hyundaiusa.com/us/en/vehicles/nexo,,,,,,50.0,50.0,79.72640046568922,71.07558139534883,50.0,50.0,50.0,50.0,56.25,50.0
Hyundai,Nexo,Blue,2026,no,SUV,4,5,FWD,EV,,,,71.0,64.0,68.0,442.0,,,,,,,,,no,35.1,60.7,,,,201.0,258.0,7.8,111.0,,5,60000,10,100000,,https://www.hyundaiusa.com/us/en/vehicles/nexo,,,,,,50.0,50.0,79.72640046568922,77.92039355992844,50.0,50.0,50.0,50.0,56.25,50.0
Kia,K4,LX,2026,no,Sedan,4,5,FWD,Gas,22290.0,1245.0,23535.0,29.0,39.0,33.0,409.0,5.0,99.0,42.3,38.0,,39.0,37.3,,no,14.6,,,,,147.0,132.0,8.1,,1.0,5,60000,10,100000,35.5,https://www.kia.com/us/en/k4/specs-compare,NHTSA,,model-specific,,,100.0,71.38210846386295,69.32515337423312,84.6588119783996,50.0,60.0,100.0,76.77111716621253,53.76712328767123,50.0
Kia,K4,LXS,2026,no,Sedan,4,5,FWD,Gas,23390.0,1245.0,24635.0,29.0,39.0,33.0,409.0,5.0,99.0,42.3,38.0,,39.0,37.3,,no,14.6,,,,,147.0,132.0,8.1,,1.0,5,60000,10,100000,35.5,https://www.kia.com/us/en/k4/specs-compare,NHTSA,,model-specific,,,100.0,71.38210846386295,69.32515337423312,84.6588119783996,50.0,60.0,99.757671887736,76.77111716621253,53.76712328767123,50.0
Kia,K4,EX,2026,no,Sedan,4,5,FWD,Gas,24490.0,1245.0,25735.0,29.0,39.0,33.0,409.0,5.0,99.0,42.3,38.0,,39.0,37.3,,no,14.6,,,,,147.0,132.0,8.1,,2.0,5,60000,10,100000,35.5,https://www.kia.com/us/en/k4/specs-compare,NHTSA,,model-specific,,,100.0,71.38210846386295,69.32515337423312,84.6588119783996,50.0,70.0,99.51534377547199,76.77111716621253,53.76712328767123,50.0
Kia,K4,GT-Line,2026,no,Sedan,4,5,FWD,Gas,25490.0,1245.0,26735.0,29.0,39.0,33.0,409.0,5.0,99.0,42.3,38.0,,39.0,37.3,,no,14.6,,,,,147.0,132.0,8.1,,2.0,5,60000,10,100000,35.5,https://www.kia.com/us/en/k4/specs-compare,NHTSA,,model-specific,,,100.0,71.38210846386295,69.32515337423312,84.6588119783996,50.0,70.0,99.29504549159562,76.77111716621253,53.76712328767123,50.0
Kia,K4,GT-Line Turbo,2026,no,Sedan,4,5,FWD,Gas,28390.0,1245.0,29635.0,26.0,33.0,28.0,347.0,5.0,99.0,42.3,38.0,,37.1,37.2,,no,14.6,,,,,190.0,195.0,7.1,,3.0,5,60000,10,100000,35.5,https://www.kia.com/us/en/k4/specs-compare,NHTSA,,model-specific,,,100.0,63.018920034308266,69.32515337423312,73.37997054491899,50.0,80.0,98.65618046835415,76.77111716621253,57.19178082191781,50.0
Kia,K4 Hatchback,EX,2026,no,Hatchback,4,5,FWD,Gas,24990.0,1245.0,26235.0,28.0,34.0,30.0,372.0,3.0,,42.3,38.0,,39.0,38.3,,no,22.2,59.3,,,,147.0,132.0,8.1,,3.0,5,60000,10,100000,36.1,https://www.kia.com/us/en/k4-hatchback,IIHS,,model-specific,,,75.0,94.14257378133073,96.00785340314135,75.10928961748634,50.0,87.5,98.76241791547399,70.71097372488407,53.63636363636364,50.0
Kia,K4 Hatchback,GT-Line,2026,no,Hatchback,4,5,FWD,Gas,25990.0,1245.0,27235.0,28.0,34.0,30.0,372.0,3.0,,42.3,38.0,,39.0,38.3,,no,22.2,59.3,,,,147.0,132.0,8.1,,3.0,5,60000,10,100000,36.1,https://www.kia.com/us/en/k4-hatchback,IIHS,,model-specific,,,75.0,94.14257378133073,96.00785340314135,75.10928961748634,50.0,87.5,97.07863276645901,70.71097372488407,53.63636363636364,50.0
Kia,K4 Hatchback,GT-Line Turbo,2026,no,Hatchback,4,5,FWD,Gas,28890.0,1245.0,30135.0,26.0,33.0,28.0,347.0,3.0,,42.3,38.0,,37.2,38.3,,no,22.2,59.3,,,,190.0,195.0,7.1,,3.0,5,60000,10,100000,36.1,https://www.kia.com/us/en/k4-hatchback,IIHS,,model-specific,,,75.0,82.89054517040327,96.00785340314135,66.69398907103826,50.0,87.5,92.19565583431555,70.71097372488407,58.18181818181819,50.0
Kia,K5,LXS,2026,no,Sedan,4,5,FWD,Gas,27490.0,1245.0,28735.0,26.0,37.0,30.0,474.0,5.0,105.3,46.1,35.2,,40.2,37.8,,no,15.6,,,,,191.0,181.5,7.6,,1.0,5,60000,10,100000,39.8,https://www.kia.com/us/en/k5,NHTSA,,model-specific,,,100.0,91.7949018614974,72.39263803680981,86.67157584683358,50.0,60.0,98.85444892384288,73.84196185286103,55.47945205479452,50.0
Kia,K5,GT-Line,2026,no,Sedan,4,5,FWD,Gas,28490.0,1245.0,29735.0,25.0,36.0,29.0,458.0,5.0,105.3,46.1,35.2,,40.2,37.8,,no,15.6,,,,,191.0,181.5,7.6,,3.0,5,60000,10,100000,39.8,https://www.kia.com/us/en/k5,NHTSA,,model-specific,,,100.0,91.7949018614974,72.39263803680981,84.10652920962198,50.0,80.0,98.63415063996652,73.84196185286103,55.47945205479452,50.0
Kia,K5,GT-Line,2026,no,Sedan,4,5,AWD,Gas,30090.0,1245.0,31335.0,24.0,33.0,27.0,427.0,5.0,105.3,46.1,35.2,,40.2,37.8,,no,15.6,,,,,191.0,181.5,8.3,,3.0,5,60000,10,100000,39.8,https://www.kia.com/us/en/k5,NHTSA,,model-specific,,,100.0,91.7949018614974,72.39263803680981,79.0623465881198,50.0,80.0,98.28167338576432,73.84196185286103,53.082191780821915,50.0
Kia,K5,GT,2026,yes,Sedan,4,5,FWD,Gas,33590.0,1245.0,34835.0,23.0,33.0,27.0,427.0,5.0,105.3,46.1,35.2,,38.4,37.4,,no,15.6,,,,,290.0,311.0,5.4,,4.0,5,60000,10,100000,39.8,https://www.kia.com/us/en/k5,NHTSA,,model-specific,,,100.0,82.08209836791397,72.39263803680981,79.0623465881198,50.0,90.0,97.51062939219703,73.84196185286103,88.01369863013699,50.0
Kia,K5,EX,2026,no,Sedan,4,5,FWD,Gas,34990.0,1245.0,36235.0,25.0,36.0,29.0,458.0,5.0,105.3,46.1,35.2,,38.4,37.4,,no,15.6,,,,,191.0,181.5,7.6,,3.0,5,60000,10,100000,39.8,https://www.kia.com/us/en/k5,NHTSA,,model-specific,,,100.0,82.08209836791397,72.39263803680981,84.10652920962198,50.0,80.0,97.20221179477012,73.84196185286103,55.47945205479452,50.0
Kia,Seltos,LX,2026,no,SUV,4,5,FWD,Gas,23790.0,1495.0,25285.0,28.0,34.0,31.0,409.0,5.0,99.6,41.4,38.0,,40.0,38.4,,no,26.6,62.8,,,,147.0,132.0,8.3,,1.0,5,60000,10,100000,40.0,https://www.kia.com/us/en/seltos,NHTSA,,model-specific,,,100.0,74.08656780360967,69.79609729090419,84.57130730050933,50.0,58.33333333333333,99.35012437810946,72.13541666666667,54.513888888888886,50.0
Kia,Seltos,LX,2026,no,SUV,4,5,AWD,Gas,24990.0,1495.0,26485.0,27.0,31.0,29.0,383.0,5.0,99.6,41.4,38.0,,40.0,38.4,,no,26.6,62.8,,,,147.0,132.0,8.3,,1.0,5,60000,10,100000,40.0,https://www.kia.com/us/en/seltos,NHTSA,,model-specific,,,100.0,74.08656780360967,69.79609729090419,79.31876061120543,50.0,58.33333333333333,99.10136815920399,72.13541666666667,54.513888888888886,50.0
Kia,Seltos,S,2026,no,SUV,4,5,FWD,Gas,25490.0,1495.0,26985.0,28.0,34.0,31.0,409.0,5.0,99.6,41.4,38.0,,40.0,38.4,,no,26.6,62.8,,,,147.0,132.0,8.3,,1.0,5,60000,10,100000,40.0,https://www.kia.com/us/en/seltos,NHTSA,,model-specific,,,100.0,74.08656780360967,69.79609729090419,84.57130730050933,50.0,58.33333333333333,98.99771973466002,72.13541666666667,54.513888888888886,50.0
Kia,Seltos,S,2026,no,SUV,4,5,AWD,Gas,26990.0,1495.0,28485.0,27.0,31.0,29.0,383.0,5.0,99.6,41.4,38.0,,40.0,38.4,,no,26.6,62.8,,,,147.0,132.0,8.3,,1.0,5,60000,10,100000,40.0,https://www.kia.com/us/en/seltos,NHTSA,,model-specific,,,100.0,74.08656780360967,69.79609729090419,79.31876061120543,50.0,58.33333333333333,98.6867744610282,72.13541666666667,54.513888888888886,50.0
Kia,Seltos,EX,2026,no,SUV,4,5,FWD,Gas,26490.0,1495.0,27985.0,28.0,34.0,31.0,409.0,5.0,99.6,41.4,38.0,,40.0,38.4,,no,26.6,62.8,,,,147.0,132.0,8.3,,3.0,5,60000,10,100000,40.0,https://www.kia.com/us/en/seltos,NHTSA,,model-specific,,,100.0,74.08656780360967,69.79609729090419,84.57130730050933,50.0,75.0,98.79042288557214,72.13541666666667,54.513888888888886,50.0
Kia,Seltos,EX,2026,no,SUV,4,5,AWD,Gas,28690.0,1495.0,30185.0,27.0,31.0,29.0,383.0,5.0,99.6,41.4,38.0,,40.0,38.4,,no,26.6,62.8,,,,147.0,132.0,8.3,,3.0,5,60000,10,100000,40.0,https://www.kia.com/us/en/seltos,NHTSA,,model-specific,,,100.0,74.08656780360967,69.79609729090419,79.31876061120543,50.0,75.0,98.33436981757876,72.13541666666667,54.513888888888886,50.0
Kia,Seltos,SX,2026,no,SUV,4,5,AWD,Gas,31490.0,1495.0,32985.0,24.0,27.0,25.0,330.0,5.0,99.6,41.4,38.0,,40.0,38.4,,no,26.6,62.8,,,,190.0,195.0,7.1,,4.0,5,60000,10,100000,40.0,https://www.kia.com/us/en/seltos,NHTSA,,model-specific,,,100.0,74.08656780360967,69.79609729090419,68.71286078098473,50.0,83.33333333333333,97.75393864013267,72.13541666666667,58.68055555555556,50.0
Kia,Sportage,LX,2026,no,SUV,4,5,FWD,Gas,28790.0,1495.0,30285.0,25.0,33.0,28.0,400.4,5.0,,41.4,41.3,,39.6,39.4,,no,39.6,74.1,2500.0,,4.0,187.0,178.0,,,2.0,5,60000,10,100000,43.2,https://www.kia.com/us/en/sportage,NHTSA,,model-specific,,"4.0/5.0 (RepairPal, rank 6 of 26 compact SUVs)",100.0,81.84712140538088,86.96123549969437,79.75700339558574,83.33333333333333,66.66666666666666,98.31364013266997,70.05208333333333,50.0,59.74770642201835
Kia,Sportage,EX,2026,no,SUV,4,5,FWD,Gas,30590.0,1495.0,32085.0,25.0,33.0,28.0,400.4,5.0,,41.4,41.3,,39.6,39.4,,no,39.6,74.1,2500.0,,4.0,187.0,178.0,,,3.0,5,60000,10,100000,43.2,https://www.kia.com/us/en/sportage,NHTSA,,model-specific,,"4.0/5.0 (RepairPal, rank 6 of 26 compact SUVs)",100.0,81.84712140538088,86.96123549969437,79.75700339558574,83.33333333333333,75.0,97.94050580431177,70.05208333333333,50.0,59.74770642201835
Kia,Sportage,X-Line,2026,no,SUV,4,5,AWD,Gas,33090.0,1495.0,34585.0,24.0,30.0,26.0,371.8,5.0,,41.4,41.3,,39.6,39.4,,no,39.6,74.1,2500.0,,4.0,187.0,178.0,9.3,,3.0,5,60000,10,100000,43.2,https://www.kia.com/us/en/sportage,NHTSA,,model-specific,,"4.0/5.0 (RepairPal, rank 6 of 26 compact SUVs)",100.0,81.84712140538088,86.96123549969437,74.24235993208828,83.33333333333333,75.0,97.42226368159204,70.05208333333333,51.041666666666664,59.74770642201835
Kia,Sportage,SX,2026,no,SUV,4,5,FWD,Gas,34390.0,1495.0,35885.0,25.0,33.0,28.0,400.4,5.0,,41.4,41.3,,37.8,38.0,,no,39.6,74.1,2500.0,,4.0,187.0,178.0,,,3.0,5,60000,10,100000,43.2,https://www.kia.com/us/en/sportage,NHTSA,,model-specific,,"4.0/5.0 (RepairPal, rank 6 of 26 compact SUVs)",100.0,72.84030831630267,86.96123549969437,79.75700339558574,83.33333333333333,75.0,97.15277777777777,70.05208333333333,50.0,59.74770642201835
Kia,Sportage,SX-Prestige,2026,no,SUV,4,5,FWD,Gas,36390.0,1495.0,37885.0,25.0,33.0,28.0,400.4,5.0,,41.4,41.3,,37.8,38.0,,no,39.6,74.1,2500.0,,4.0,187.0,178.0,,,5.0,5,60000,10,100000,43.2,https://www.kia.com/us/en/sportage,NHTSA,,model-specific,,"4.0/5.0 (RepairPal, rank 6 of 26 compact SUVs)",100.0,72.84030831630267,86.96123549969437,79.75700339558574,83.33333333333333,91.66666666666667,96.738184079602,70.05208333333333,50.0,59.74770642201835
Kia,Sportage,X-Pro Prestige,2026,no,SUV,4,5,AWD,Gas,39690.0,1495.0,41185.0,23.0,26.0,24.0,343.2,5.0,,41.4,41.3,,37.8,38.0,,no,39.6,74.1,2500.0,,4.0,187.0,178.0,9.3,,5.0,5,60000,10,100000,43.2,https://www.kia.com/us/en/sportage,NHTSA,,model-specific,,"4.0/5.0 (RepairPal, rank 6 of 26 compact SUVs)",100.0,72.84030831630267,86.96123549969437,68.72771646859083,83.33333333333333,91.66666666666667,96.05410447761194,70.05208333333333,51.041666666666664,59.74770642201835
Kia,Sportage,LX,2026,no,SUV,4,5,FWD,Hybrid,30490.0,1495.0,31985.0,41.0,44.0,42.0,575.4,5.0,,41.4,41.3,,39.6,39.1,,no,39.6,74.1,2500.0,,4.0,232.0,271.0,6.9,,2.0,5,60000,10,100000,43.2,https://www.kia.com/us/en/sportage-hybrid,NHTSA,,model-specific,,"4.0/5.0 (RepairPal, rank 6 of 26 compact SUVs)",100.0,80.84350508974075,86.96123549969437,84.10675795613034,83.33333333333333,66.66666666666666,97.96123548922057,70.05208333333333,59.375,59.74770642201835
Kia,Sportage,S,2026,no,SUV,4,5,AWD,Hybrid,32790.0,1495.0,34285.0,35.0,36.0,35.0,479.5,5.0,,41.4,41.3,,39.6,39.1,,no,39.6,74.1,2500.0,,4.0,232.0,271.0,7.3,,2.0,5,60000,10,100000,43.2,https://www.kia.com/us/en/sportage-hybrid,NHTSA,,model-specific,,"4.0/5.0 (RepairPal, rank 6 of 26 compact SUVs)",100.0,80.84350508974075,86.96123549969437,69.6842906047927,83.33333333333333,66.66666666666666,97.4844527363184,70.05208333333333,57.986111111111114,59.74770642201835
Kia,Sportage,EX,2026,no,SUV,4,5,AWD,Hybrid,33790.0,1495.0,35285.0,35.0,36.0,35.0,479.5,5.0,,41.4,41.3,,39.6,39.1,,no,39.6,74.1,2500.0,,4.0,232.0,271.0,7.3,,3.0,5,60000,10,100000,43.2,https://www.kia.com/us/en/sportage-hybrid,NHTSA,,model-specific,,"4.0/5.0 (RepairPal, rank 6 of 26 compact SUVs)",100.0,80.84350508974075,86.96123549969437,69.6842906047927,83.33333333333333,75.0,97.27715588723052,70.05208333333333,57.986111111111114,59.74770642201835
Kia,Sportage,X-Line,2026,no,SUV,4,5,AWD,Hybrid,35690.0,1495.0,37185.0,35.0,36.0,35.0,479.5,5.0,,41.4,41.3,,37.8,37.8,,no,39.6,74.1,2500.0,,4.0,232.0,271.0,7.3,,3.0,5,60000,10,100000,43.2,https://www.kia.com/us/en/sportage-hybrid,NHTSA,,model-specific,,"4.0/5.0 (RepairPal, rank 6 of 26 compact SUVs)",100.0,72.17123077254256,86.96123549969437,69.6842906047927,83.33333333333333,75.0,96.88329187396351,70.05208333333333,57.986111111111114,59.74770642201835
Kia,Sportage,SX-Prestige,2026,no,SUV,4,5,AWD,Hybrid,40590.0,1495.0,42085.0,35.0,36.0,35.0,479.5,5.0,,41.4,41.3,,37.8,37.8,,no,39.6,74.1,2500.0,,4.0,232.0,271.0,7.3,,5.0,5,60000,10,100000,43.2,https://www.kia.com/us/en/sportage-hybrid,NHTSA,,model-specific,,"4.0/5.0 (RepairPal, rank 6 of 26 compact SUVs)",100.0,72.17123077254256,86.96123549969437,69.6842906047927,83.33333333333333,91.66666666666667,95.86753731343285,70.05208333333333,57.986111111111114,59.74770642201835
Kia,Sportage,X-Line,2026,no,SUV,4,5,AWD,PHEV,40490.0,1495.0,41985.0,,,36.0,470.0,5.0,,41.4,39.5,,39.6,39.1,,no,34.5,65.5,2000.0,,4.0,268.0,271.0,7.1,,5.0,5,60000,10,100000,43.2,https://www.kia.com/us/en/sportage-plug-in-hybrid,NHTSA,,model-specific,,"4.0/5.0 (RepairPal, rank 6 of 26 compact SUVs)",100.0,77.91120002839216,79.65936512838833,76.45262293399034,83.33333333333333,91.66666666666667,95.88826699834163,70.05208333333333,58.68055555555556,56.88073394495413
Kia,Sportage,X-Line Prestige,2026,no,SUV,4,5,AWD,PHEV,47190.0,1495.0,48685.0,,,36.0,470.0,5.0,,41.4,39.5,,39.6,39.1,,no,34.5,65.5,2000.0,,4.0,268.0,271.0,7.1,,5.0,5,60000,10,100000,43.2,https://www.kia.com/us/en/sportage-plug-in-hybrid,NHTSA,,model-specific,,"4.0/5.0 (RepairPal, rank 6 of 26 compact SUVs)",100.0,77.91120002839216,79.65936512838833,76.45262293399034,83.33333333333333,91.66666666666667,94.49937810945273,70.05208333333333,58.68055555555556,56.88073394495413
Kia,Sorento,LX,2026,no,SUV,4,7,FWD,Gas,32390.0,1495.0,33885.0,23.0,31.0,26.0,460.2,5.0,,41.4,41.7,29.6,40.3,39.1,,yes,12.6,75.5,2000.0,,4.0,191.0,181.0,9.6,,1.0,5,60000,10,100000,48.4,https://www.kia.com/us/en/sorento,NHTSA,,model-specific,,"4.0/5.0 (RepairPal, rank 12 of 26 compact SUVs)",100.0,79.52674556550397,54.699661051686235,83.15365025466893,83.33333333333333,58.33333333333333,97.56737147595356,66.66666666666667,50.0,56.88073394495413
Kia,Sorento,S,2026,no,SUV,4,7,FWD,Gas,35290.0,1495.0,36785.0,23.0,31.0,26.0,460.2,5.0,,41.4,41.7,29.6,40.3,39.1,,yes,12.6,75.5,2000.0,,4.0,191.0,181.0,9.6,,2.0,5,60000,10,100000,48.4,https://www.kia.com/us/en/sorento,NHTSA,,model-specific,,"4.0/5.0 (RepairPal, rank 12 of 26 compact SUVs)",100.0,79.52674556550397,54.699661051686235,83.15365025466893,83.33333333333333,66.66666666666666,96.96621061359868,66.66666666666667,50.0,56.88073394495413
Kia,Sorento,EX,2026,no,SUV,4,7,FWD,Gas,38490.0,1495.0,39985.0,20.0,29.0,23.0,407.1,5.0,,41.4,41.7,29.6,40.3,39.1,,yes,12.6,75.5,3500.0,,4.0,281.0,311.0,6.0,,2.0,5,60000,10,100000,48.4,https://www.kia.com/us/en/sorento,NHTSA,,model-specific,,"4.0/5.0 (RepairPal, rank 12 of 26 compact SUVs)",100.0,79.52674556550397,54.699661051686235,73.85345925297113,83.33333333333333,66.66666666666666,96.30286069651741,66.66666666666667,62.5,65.48165137614679
Kia,Sorento,SX,2026,no,SUV,4,6,FWD,Gas,42290.0,1495.0,43785.0,20.0,29.0,23.0,407.1,5.0,,41.4,41.7,29.6,38.7,37.9,,yes,12.6,75.5,3500.0,,4.0,281.0,311.0,6.0,,4.0,5,60000,10,100000,48.4,https://www.kia.com/us/en/sorento,NHTSA,,model-specific,,"4.0/5.0 (RepairPal, rank 12 of 26 compact SUVs)",100.0,73.63371643007852,54.699661051686235,73.85345925297113,83.33333333333333,83.33333333333333,95.51513266998342,66.66666666666667,62.5,65.48165137614679
Kia,Sorento,X-Line EX,2026,no,SUV,4,6,AWD,Gas,42790.0,1495.0,44285.0,20.0,27.0,23.0,407.1,5.0,,41.4,41.7,29.6,38.7,37.9,,yes,12.6,75.5,3500.0,,4.0,281.0,311.0,6.7,,2.0,5,60000,10,100000,48.4,https://www.kia.com/us/en/sorento,NHTSA,,model-specific,,"4.0/5.0 (RepairPal, rank 12 of 26 compact SUVs)",100.0,73.63371643007852,54.699661051686235,73.85345925297113,83.33333333333333,66.66666666666666,95.41148424543947,66.66666666666667,60.06944444444444,65.48165137614679
Kia,Sorento,X-Line SX,2026,no,SUV,4,6,AWD,Gas,44090.0,1495.0,45585.0,20.0,27.0,23.0,407.1,5.0,,41.4,41.7,29.6,38.7,37.9,,yes,12.6,75.5,3500.0,,4.0,281.0,311.0,6.7,,4.0,5,60000,10,100000,48.4,https://www.kia.com/us/en/sorento,NHTSA,,model-specific,,"4.0/5.0 (RepairPal, rank 12 of 26 compact SUVs)",100.0,73.63371643007852,54.699661051686235,73.85345925297113,83.33333333333333,83.33333333333333,95.1419983416252,66.66666666666667,60.06944444444444,65.48165137614679
Kia,Sorento,X-Line SX Prestige,2026,no,SUV,4,6,AWD,Gas,46790.0,1495.0,48285.0,20.0,27.0,23.0,407.1,5.0,,41.4,41.7,29.6,38.7,37.9,,yes,12.6,75.5,3500.0,,4.0,281.0,311.0,6.7,,4.0,5,60000,10,100000,48.4,https://www.kia.com/us/en/sorento,NHTSA,,model-specific,,"4.0/5.0 (RepairPal, rank 12 of 26 compact SUVs)",100.0,73.63371643007852,54.699661051686235,73.85345925297113,83.33333333333333,83.33333333333333,94.5822968490879,66.66666666666667,60.06944444444444,65.48165137614679
Kia,Sorento,X-Pro SX Prestige,2026,no,SUV,4,6,AWD,Gas,47790.0,1495.0,49285.0,20.0,27.0,23.0,407.1,5.0,,41.4,41.7,29.6,38.7,37.9,,yes,12.6,75.5,4500.0,,4.0,281.0,311.0,6.7,,4.0,5,60000,10,100000,48.4,https://www.kia.com/us/en/sorento,NHTSA,,model-specific,,"4.0/5.0 (RepairPal, rank 12 of 26 compact SUVs)",100.0,73.63371643007852,54.699661051686235,73.85345925297113,83.33333333333333,83.33333333333333,94.375,66.66666666666667,60.06944444444444,71.21559633027523
Kia,Sorento,EX,2026,no,SUV,4,7,FWD,Hybrid,38890.0,1495.0,40385.0,37.0,36.0,37.0,654.9,5.0,,41.4,41.7,29.6,40.3,39.1,,yes,12.6,75.5,,,4.0,227.0,258.0,7.2,,2.0,5,60000,10,100000,48.4,https://www.kia.com/us/en/sorento-hybrid,NHTSA,,model-specific,,"4.0/5.0 (RepairPal, rank 12 of 26 compact SUVs)",100.0,79.52674556550397,54.699661051686235,87.87878787878788,83.33333333333333,66.66666666666666,96.21994195688225,66.66666666666667,58.33333333333333,50.0
Kia,Sorento,SX Prestige,2026,no,SUV,4,6,AWD,Hybrid,47190.0,1495.0,48685.0,32.0,35.0,34.0,601.8,5.0,,41.4,41.7,29.6,40.3,39.1,,yes,12.6,75.5,3500.0,,4.0,227.0,258.0,,,4.0,5,60000,10,100000,48.4,https://www.kia.com/us/en/sorento-hybrid,NHTSA,,model-specific,,"4.0/5.0 (RepairPal, rank 12 of 26 compact SUVs)",100.0,79.52674556550397,54.699661051686235,80.5566121465703,83.33333333333333,83.33333333333333,94.49937810945273,66.66666666666667,50.0,65.48165137614679
Kia,Sorento,EX,2026,no,SUV,4,7,AWD,PHEV,48290.0,1495.0,49785.0,,,33.0,440.0,5.0,,41.4,41.7,29.6,40.3,39.1,,yes,12.6,75.5,2000.0,,4.0,268.0,270.0,7.4,,2.0,5,60000,10,100000,48.4,https://www.kia.com/us/en/sorento-plug-in-hybrid,NHTSA,,model-specific,,"4.0/5.0 (RepairPal, rank 12 of 26 compact SUVs)",100.0,79.52674556550397,54.699661051686235,73.67313417513603,83.33333333333333,66.66666666666666,94.27135157545605,66.66666666666667,57.638888888888886,56.88073394495413
Kia,Sorento,SX Prestige,2026,no,SUV,4,6,AWD,PHEV,53490.0,1495.0,54985.0,,,33.0,440.0,5.0,,41.4,41.7,29.6,38.7,37.9,,yes,12.6,75.5,2000.0,,4.0,268.0,270.0,7.4,,4.0,5,60000,10,100000,48.4,https://www.kia.com/us/en/sorento-plug-in-hybrid,NHTSA,,model-specific,,"4.0/5.0 (RepairPal, rank 12 of 26 compact SUVs)",100.0,73.63371643007852,54.699661051686235,73.67313417513603,83.33333333333333,83.33333333333333,93.19340796019901,66.66666666666667,57.638888888888886,56.88073394495413
Kia,Carnival,LX,2026,no,Minivan,4,7,FWD,Gas,37390.0,1545.0,38935.0,18.0,25.0,21.0,399.0,5.0,,41.1,40.5,35.6,40.9,39.5,,yes,40.2,145.1,3500.0,,,287.0,260.0,7.5,,1.0,5,60000,10,100000,45.0,https://www.kia.com/us/en/carnival-mpv,NHTSA,,model-specific,,,100.0,100.0,100.0,50.0,50.0,50.0,100.0,56.132075471698116,60.52631578947369,95.45454545454545
Kia,Carnival,LXS,2026,no,Minivan,4,8,FWD,Gas,39390.0,1545.0,40935.0,18.0,25.0,21.0,399.0,5.0,,41.1,40.5,35.6,40.9,39.5,,yes,40.2,145.1,3500.0,,,287.0,260.0,7.5,,1.0,5,60000,10,100000,45.0,https://www.kia.com/us/en/carnival-mpv,NHTSA,,model-specific,,,100.0,100.0,100.0,50.0,50.0,50.0,95.74920297555792,56.132075471698116,60.52631578947369,95.45454545454545
Kia,Carnival,EX,2026,no,Minivan,4,8,FWD,Gas,41590.0,1545.0,43135.0,18.0,25.0,21.0,399.0,5.0,,41.1,40.5,35.6,40.9,39.5,,yes,40.2,145.1,3500.0,,,287.0,260.0,7.5,,4.0,5,60000,10,100000,45.0,https://www.kia.com/us/en/carnival-mpv,NHTSA,,model-specific,,,100.0,100.0,100.0,50.0,50.0,80.0,91.07332624867163,56.132075471698116,60.52631578947369,95.45454545454545
Kia,Carnival,SX,2026,no,Minivan,4,8,FWD,Gas,46490.0,1545.0,48035.0,18.0,25.0,21.0,399.0,5.0,,41.1,40.5,35.6,39.7,37.6,,yes,40.2,145.1,3500.0,,,287.0,260.0,7.5,,5.0,5,60000,10,100000,45.0,https://www.kia.com/us/en/carnival-mpv,NHTSA,,model-specific,,,100.0,50.0,100.0,50.0,50.0,90.0,80.65887353878853,56.132075471698116,60.52631578947369,95.45454545454545
Kia,Carnival,SX Prestige,2026,no,Minivan,4,7,FWD,Gas,51490.0,1545.0,53035.0,18.0,25.0,21.0,399.0,5.0,,41.1,40.5,35.6,39.7,37.6,,yes,40.2,145.1,3500.0,,,287.0,260.0,7.5,,6.0,5,60000,10,100000,45.0,https://www.kia.com/us/en/carnival-mpv,NHTSA,,model-specific,,,100.0,50.0,100.0,50.0,50.0,100.0,70.03188097768331,56.132075471698116,60.52631578947369,95.45454545454545
Kia,Carnival,LXS,2026,no,Minivan,4,8,FWD,Hybrid,41390.0,1545.0,42935.0,34.0,31.0,32.0,608.0,5.0,,41.1,40.5,35.6,40.9,39.5,,yes,40.2,145.1,2500.0,,,242.0,271.0,7.9,,1.0,5,60000,10,100000,45.0,https://www.kia.com/us/en/carnival-mpv-hybrid,NHTSA,,model-specific,,,100.0,100.0,100.0,50.0,50.0,50.0,91.49840595111584,56.132075471698116,50.0,50.0
Kia,Carnival,EX,2026,no,Minivan,4,8,FWD,Hybrid,43590.0,1545.0,45135.0,34.0,31.0,32.0,608.0,5.0,,41.1,40.5,35.6,40.9,39.5,,yes,40.2,145.1,2500.0,,,242.0,271.0,7.9,,4.0,5,60000,10,100000,45.0,https://www.kia.com/us/en/carnival-mpv-hybrid,NHTSA,,model-specific,,,100.0,100.0,100.0,50.0,50.0,80.0,86.82252922422954,56.132075471698116,50.0,50.0
Kia,Carnival,SX,2026,no,Minivan,4,8,FWD,Hybrid,48490.0,1545.0,50035.0,34.0,31.0,32.0,608.0,5.0,,41.1,40.5,35.6,39.7,37.6,,yes,40.2,145.1,2500.0,,,242.0,271.0,7.9,,5.0,5,60000,10,100000,45.0,https://www.kia.com/us/en/carnival-mpv-hybrid,NHTSA,,model-specific,,,100.0,50.0,100.0,50.0,50.0,90.0,76.40807651434645,56.132075471698116,50.0,50.0
Kia,Carnival,SX Prestige,2026,no,Minivan,4,7,FWD,Hybrid,53490.0,1545.0,55035.0,34.0,31.0,32.0,608.0,5.0,,41.1,40.5,35.6,39.7,37.6,,yes,40.2,145.1,2500.0,,,242.0,271.0,7.9,,6.0,5,60000,10,100000,45.0,https://www.kia.com/us/en/carnival-mpv-hybrid,NHTSA,,model-specific,,,100.0,50.0,100.0,50.0,50.0,100.0,65.78108395324124,56.132075471698116,50.0,50.0
Kia,EV6,Light,2026,no,SUV,4,5,RWD,EV,37900.0,1545.0,39445.0,128.0,103.0,115.0,237.0,5.0,127.4,42.4,39.0,,39.0,38.0,,no,24.4,46.7,,,,167.0,258.0,8.3,,3.0,5,60000,10,100000,59.1,https://www.kia.com/us/en/ev6,NHTSA,,model-specific,,,100.0,74.05722884033813,64.95777556540607,71.8716457960644,50.0,75.0,96.41480099502488,59.70052083333333,54.513888888888886,50.0
Kia,EV6,Light Long Range RWD,2026,no,SUV,4,5,RWD,EV,41200.0,1545.0,42745.0,128.0,101.0,114.0,319.0,5.0,127.4,42.4,39.0,,39.0,38.0,,no,24.4,46.7,,,,225.0,258.0,7.3,,3.0,5,60000,10,100000,59.1,https://www.kia.com/us/en/ev6,NHTSA,,model-specific,,,100.0,74.05722884033813,64.95777556540607,79.46556350626118,50.0,75.0,95.73072139303483,59.70052083333333,57.986111111111114,50.0
Kia,EV6,Light Long Range AWD,2026,no,SUV,4,5,AWD,EV,45200.0,1545.0,46745.0,117.0,95.0,106.0,295.0,5.0,127.4,42.4,39.0,,39.0,38.0,,no,24.4,46.7,,,,320.0,446.0,5.0,,3.0,5,60000,10,100000,59.1,https://www.kia.com/us/en/ev6,NHTSA,,model-specific,,,100.0,74.05722884033813,64.95777556540607,74.83228980322004,50.0,75.0,94.90153399668324,59.70052083333333,65.97222222222223,50.0
Kia,EV6,Wind RWD,2026,no,SUV,4,5,RWD,EV,44800.0,1545.0,46345.0,128.0,101.0,114.0,319.0,5.0,127.4,42.4,39.0,,39.0,38.0,,no,24.4,46.7,,,,225.0,258.0,7.3,,4.0,5,60000,10,100000,59.1,https://www.kia.com/us/en/ev6,NHTSA,,model-specific,,,100.0,74.05722884033813,64.95777556540607,79.46556350626118,50.0,83.33333333333333,94.98445273631842,59.70052083333333,57.986111111111114,50.0
Kia,EV6,Wind AWD,2026,no,SUV,4,5,AWD,EV,48800.0,1545.0,50345.0,117.0,95.0,106.0,295.0,5.0,127.4,42.4,39.0,,39.0,38.0,,no,24.4,46.7,,,,320.0,446.0,5.0,,4.0,5,60000,10,100000,59.1,https://www.kia.com/us/en/ev6,NHTSA,,model-specific,,,100.0,74.05722884033813,64.95777556540607,74.83228980322004,50.0,83.33333333333333,94.15526533996683,59.70052083333333,65.97222222222223,50.0
Kia,EV6,GT-Line RWD,2026,no,SUV,4,5,RWD,EV,48700.0,1545.0,50245.0,106.0,89.0,97.0,319.0,5.0,127.4,42.4,39.0,,36.8,38.0,,no,24.4,46.7,,,,225.0,258.0,7.3,,6.0,5,60000,10,100000,59.1,https://www.kia.com/us/en/ev6,NHTSA,,model-specific,,,100.0,68.7732318280789,64.95777556540607,74.5237030411449,50.0,100.0,94.17599502487562,59.70052083333333,57.986111111111114,50.0
Kia,EV6,GT-Line AWD,2026,no,SUV,4,5,AWD,EV,53000.0,1545.0,54545.0,117.0,95.0,106.0,270.0,5.0,127.4,42.4,39.0,,36.8,38.0,,no,24.4,46.7,,,,320.0,446.0,5.0,,6.0,5,60000,10,100000,59.1,https://www.kia.com/us/en/ev6,NHTSA,,model-specific,,,100.0,68.7732318280789,64.95777556540607,72.42844364937389,50.0,100.0,93.28461857379767,59.70052083333333,65.97222222222223,50.0
Kia,EV9,Light,2026,no,SUV,4,7,RWD,EV,54900.0,1645.0,56545.0,101.0,76.0,88.0,230.0,5.0,182.2,41.4,42.8,32.0,41.2,39.8,,yes,23.4,84.9,2000.0,,,215.0,258.0,7.4,,3.0,5,60000,10,100000,62.8,https://www.kia.com/us/en/ev9,NHTSA,,model-specific,,,100.0,86.04675406465353,68.96160696939788,63.34973166368515,50.0,75.0,92.8700248756219,57.29166666666667,57.638888888888886,56.88073394495413
Kia,EV9,Light Long Range,2026,no,SUV,4,7,RWD,EV,57900.0,1645.0,59545.0,100.0,78.0,89.0,305.0,5.0,182.2,41.4,42.8,32.0,39.6,39.8,,yes,23.4,84.9,2000.0,,,201.0,258.0,8.5,,3.0,5,60000,10,100000,62.8,https://www.kia.com/us/en/ev9,NHTSA,,model-specific,,,100.0,83.1645738761485,68.96160696939788,70.85196779964221,50.0,75.0,92.24813432835822,57.29166666666667,53.81944444444444,56.88073394495413
Kia,EV9,Wind,2026,no,SUV,4,7,AWD,EV,63900.0,1645.0,65545.0,94.0,75.0,84.0,283.0,5.0,180.8,41.4,42.8,32.0,39.6,38.8,,yes,22.0,83.5,3500.0,,,379.0,443.0,4.7,,4.0,5,60000,10,100000,62.8,https://www.kia.com/us/en/ev9,NHTSA,,model-specific,,,100.0,80.65553308704814,67.0881045011169,67.28309481216458,50.0,83.33333333333333,91.00435323383084,57.29166666666667,67.01388888888889,65.48165137614679
Kia,EV9,Land,2026,no,SUV,4,6,AWD,EV,68900.0,1645.0,70545.0,94.0,75.0,84.0,283.0,5.0,182.3,41.4,42.8,32.0,39.6,38.8,,yes,22.0,83.5,5000.0,,,379.0,443.0,4.7,,4.0,5,60000,10,100000,62.8,https://www.kia.com/us/en/ev9,NHTSA,,model-specific,,,100.0,80.65553308704814,67.0881045011169,67.28309481216458,50.0,83.33333333333333,89.96786898839137,57.29166666666667,67.01388888888889,74.08256880733944
Kia,EV9,GT-Line,2026,no,SUV,4,6,AWD,EV,71900.0,1645.0,73545.0,92.0,72.0,82.0,280.0,5.0,182.3,41.4,42.8,32.0,39.6,38.8,,yes,22.0,83.5,5000.0,,,379.0,516.0,4.7,,6.0,5,60000,10,100000,62.8,https://www.kia.com/us/en/ev9,NHTSA,,model-specific,,,100.0,80.65553308704814,67.0881045011169,66.41323792486583,50.0,100.0,89.3459784411277,57.29166666666667,67.01388888888889,74.08256880733944
Kia,Niro,LX,2026,no,SUV,4,5,FWD,Hybrid,27390.0,1495.0,28885.0,53.0,54.0,53.0,588.0,4.0,127.9,41.5,39.8,,40.5,39.5,,no,22.8,63.7,,,,139.0,195.0,8.8,,1.0,5,60000,10,100000,43.9,https://www.kia.com/us/en/niro,NHTSA,,model-specific,,,87.5,82.10786522557459,65.35137689301887,93.63826550019019,50.0,58.33333333333333,98.60385572139305,69.59635416666667,52.77777777777777,50.0
Kia,Niro,EX,2026,no,SUV,4,5,FWD,Hybrid,30190.0,1495.0,31685.0,53.0,54.0,53.0,588.0,4.0,127.9,41.5,39.8,,40.5,39.5,,no,22.8,63.7,,,,139.0,195.0,8.8,,2.0,5,60000,10,100000,43.9,https://www.kia.com/us/en/niro,NHTSA,,model-specific,,,87.5,82.10786522557459,65.35137689301887,93.63826550019019,50.0,66.66666666666666,98.02342454394693,69.59635416666667,52.77777777777777,50.0
Kia,Niro,SX,2026,no,SUV,4,5,FWD,Hybrid,33390.0,1495.0,34885.0,53.0,54.0,53.0,588.0,4.0,127.9,41.5,39.8,,40.5,39.5,,no,22.8,63.7,,,,139.0,195.0,8.8,,2.0,5,60000,10,100000,43.9,https://www.kia.com/us/en/niro,NHTSA,,model-specific,,,87.5,82.10786522557459,65.35137689301887,93.63826550019019,50.0,66.66666666666666,97.36007462686567,69.59635416666667,52.77777777777777,50.0
Kia,Niro,SX Touring,2026,no,SUV,4,5,FWD,Hybrid,35790.0,1495.0,37285.0,53.0,45.0,49.0,543.0,4.0,127.9,41.5,39.8,,40.5,39.5,,no,22.8,63.7,,,,139.0,195.0,8.8,,2.0,5,60000,10,100000,43.9,https://www.kia.com/us/en/niro,NHTSA,,model-specific,,,87.5,82.10786522557459,65.35137689301887,86.32876886014961,50.0,66.66666666666666,96.86256218905473,69.59635416666667,52.77777777777777,50.0
Kia,Niro EV,Wind,2026,no,SUV,4,5,FWD,EV,39700.0,1495.0,41195.0,126.0,101.0,113.0,253.0,,99.7,41.5,36.9,,40.5,38.1,,no,22.8,63.7,,,,201.0,188.0,7.1,,2.0,5,60000,10,100000,57.1,https://www.kia.com/us/en/niro-ev,,,model-specific,,,50.0,72.70005315374785,65.35137689301887,72.82871198568873,50.0,66.66666666666666,96.05203150912106,61.002604166666664,58.68055555555556,50.0
Kia,Niro EV,Wave,2026,no,SUV,4,5,FWD,EV,44700.0,1495.0,46195.0,126.0,101.0,113.0,253.0,,99.7,41.5,36.9,,40.5,38.1,,no,22.8,63.7,,,,201.0,188.0,7.1,,3.0,5,60000,10,100000,57.1,https://www.kia.com/us/en/niro-ev,,,model-specific,,,50.0,72.70005315374785,65.35137689301887,72.82871198568873,50.0,75.0,95.01554726368158,61.002604166666664,58.68055555555556,50.0
Chevrolet,Trax,LS,2026,no,SUV,4,5,FWD,Gas,21700.0,1795.0,23495.0,28.0,31.0,29.0,383.0,4.0,,41.9,38.7,,39.6,38.1,,no,25.6,54.1,,,4.0,137.0,162.0,9.1,,1.0,3,36000,5,60000,48.4,https://www.chevrolet.com/suvs/trax,NHTSA,,"CarEdge, brand-level only, ranks 10th of 19 popular brands",,,87.5,74.30335290595247,67.40855049248201,79.31876061120543,83.33333333333333,58.33333333333333,99.72118573797678,66.66666666666667,51.736111111111114,50.0
Chevrolet,Trax,1RS,2026,no,SUV,4,5,FWD,Gas,23200.0,1795.0,24995.0,28.0,31.0,29.0,383.0,4.0,,41.9,38.7,,39.6,38.1,,no,25.6,54.1,,,4.0,137.0,162.0,9.1,,1.0,3,36000,5,60000,48.4,https://www.chevrolet.com/suvs/trax,NHTSA,,"CarEdge, brand-level only, ranks 10th of 19 popular brands",,,87.5,74.30335290595247,67.40855049248201,79.31876061120543,83.33333333333333,58.33333333333333,99.41024046434494,66.66666666666667,51.736111111111114,50.0
Chevrolet,Trax,LT,2026,no,SUV,4,5,FWD,Gas,23200.0,1795.0,24995.0,28.0,31.0,29.0,383.0,4.0,,41.9,38.7,,39.6,38.1,,no,25.6,54.1,,,4.0,137.0,162.0,9.1,,2.0,3,36000,5,60000,48.4,https://www.chevrolet.com/suvs/trax,NHTSA,,"CarEdge, brand-level only, ranks 10th of 19 popular brands",,,87.5,74.30335290595247,67.40855049248201,79.31876061120543,83.33333333333333,66.66666666666666,99.41024046434494,66.66666666666667,51.736111111111114,50.0
Chevrolet,Trax,2RS,2026,no,SUV,4,5,FWD,Gas,25400.0,1795.0,27195.0,28.0,31.0,29.0,383.0,4.0,,41.9,38.7,,39.6,38.1,,no,25.6,54.1,,,4.0,137.0,162.0,9.1,,2.0,3,36000,5,60000,48.4,https://www.chevrolet.com/suvs/trax,NHTSA,,"CarEdge, brand-level only, ranks 10th of 19 popular brands",,,87.5,74.30335290595247,67.40855049248201,79.31876061120543,83.33333333333333,66.66666666666666,98.95418739635157,66.66666666666667,51.736111111111114,50.0
Chevrolet,Trax,ACTIV,2026,no,SUV,4,5,FWD,Gas,25400.0,1795.0,27195.0,28.0,31.0,29.0,383.0,4.0,,41.9,38.7,,39.6,38.1,,no,25.6,54.1,,,4.0,137.0,162.0,9.1,,2.0,3,36000,5,60000,48.4,https://www.chevrolet.com/suvs/trax,NHTSA,,"CarEdge, brand-level only, ranks 10th of 19 popular brands",,,87.5,74.30335290595247,67.40855049248201,79.31876061120543,83.33333333333333,66.66666666666666,98.95418739635157,66.66666666666667,51.736111111111114,50.0
Chevrolet,Trailblazer,LS,2026,no,SUV,4,5,FWD,Gas,23300.0,1795.0,25095.0,29.0,33.0,31.0,409.0,5.0,123.5,40.9,39.0,,40.0,38.4,,no,25.3,54.4,1000.0,,,137.0,162.0,,,2.0,3,36000,5,60000,48.4,https://www.chevrolet.com/suvs/trailblazer,NHTSA,,"CarEdge, brand-level only, ranks 10th of 19 popular brands",,,100.0,74.67483888073207,67.08885171029064,84.57130730050933,50.0,66.66666666666666,99.38951077943615,66.66666666666667,50.0,51.14678899082569
Chevrolet,Trailblazer,LT,2026,no,SUV,4,5,FWD,Gas,24500.0,1795.0,26295.0,29.0,33.0,31.0,409.0,5.0,123.5,40.9,39.0,,40.0,38.4,,no,25.3,54.4,1000.0,,,137.0,162.0,,,2.0,3,36000,5,60000,48.4,https://www.chevrolet.com/suvs/trailblazer,NHTSA,,"CarEdge, brand-level only, ranks 10th of 19 popular brands",,,100.0,74.67483888073207,67.08885171029064,84.57130730050933,50.0,66.66666666666666,99.14075456053068,66.66666666666667,50.0,51.14678899082569
Chevrolet,Trailblazer,ACTIV,2026,no,SUV,4,5,FWD,Gas,27900.0,1795.0,29695.0,29.0,33.0,31.0,409.0,5.0,123.5,40.9,39.0,,40.0,38.4,,no,25.3,54.4,1000.0,,,155.0,174.0,,,2.0,3,36000,5,60000,48.4,https://www.chevrolet.com/suvs/trailblazer,NHTSA,,"CarEdge, brand-level only, ranks 10th of 19 popular brands",,,100.0,74.67483888073207,67.08885171029064,84.57130730050933,50.0,66.66666666666666,98.43594527363184,66.66666666666667,50.0,51.14678899082569
Chevrolet,Trailblazer,RS,2026,yes,SUV,4,5,FWD,Gas,27900.0,1795.0,29695.0,29.0,33.0,31.0,409.0,5.0,123.5,40.9,39.0,,40.0,38.4,,no,25.3,54.4,1000.0,,,155.0,174.0,,,2.0,3,36000,5,60000,48.4,https://www.chevrolet.com/suvs/trailblazer,NHTSA,,"CarEdge, brand-level only, ranks 10th of 19 popular brands",,,100.0,74.67483888073207,67.08885171029064,84.57130730050933,50.0,66.66666666666666,98.43594527363184,66.66666666666667,50.0,51.14678899082569
Chevrolet,Equinox,LT,2026,no,SUV,4,5,FWD,Gas,28800.0,1995.0,30795.0,26.0,29.0,27.0,400.0,3.5,,40.9,39.9,,40.0,39.2,,no,29.8,63.5,800.0,,3.5,175.0,184.0,,,2.0,3,36000,5,60000,48.4,https://www.chevrolet.com/suvs/previous-year/equinox,IIHS,,"CarEdge, brand-level only, ranks 10th of 19 popular brands",,,81.25,78.81730158644675,73.73769684514055,78.40089134125637,75.0,66.66666666666666,98.20791873963516,66.66666666666667,50.0,50.0
Chevrolet,Equinox,RS,2026,yes,SUV,4,5,FWD,Gas,33600.0,1995.0,35595.0,26.0,29.0,27.0,400.0,3.5,,40.9,39.9,,40.0,39.2,,no,29.8,63.5,800.0,,3.5,175.0,184.0,,,3.0,3,36000,5,60000,48.4,https://www.chevrolet.com/suvs/previous-year/equinox,IIHS,,"CarEdge, brand-level only, ranks 10th of 19 popular brands",,,81.25,78.81730158644675,73.73769684514055,78.40089134125637,75.0,75.0,97.21289386401327,66.66666666666667,50.0,50.0
Chevrolet,Equinox,ACTIV,2026,no,SUV,4,5,FWD,Gas,33600.0,1995.0,35595.0,26.0,29.0,27.0,400.0,3.5,,40.9,39.9,,40.0,39.2,,no,29.8,63.5,800.0,,3.5,175.0,184.0,,,3.0,3,36000,5,60000,48.4,https://www.chevrolet.com/suvs/previous-year/equinox,IIHS,,"CarEdge, brand-level only, ranks 10th of 19 popular brands",,,81.25,78.81730158644675,73.73769684514055,78.40089134125637,75.0,75.0,97.21289386401327,66.66666666666667,50.0,50.0
Chevrolet,Blazer,2LT,2026,no,SUV,4,5,FWD,Gas,34300.0,1995.0,36295.0,22.0,29.0,25.0,485.0,5.0,138.3,41.0,39.6,,39.8,38.6,,no,30.5,64.2,3250.0,,,228.0,258.0,6.6,,1.0,3,36000,5,60000,48.4,https://www.chevrolet.com/suvs/blazer,NHTSA,,"CarEdge, brand-level only, ranks 10th of 19 popular brands",,,100.0,76.04914553824956,74.67444807928104,84.33786078098473,50.0,58.33333333333333,97.06778606965173,66.66666666666667,60.41666666666667,64.04816513761467
Chevrolet,Blazer,3LT,2026,no,SUV,4,5,FWD,Gas,39700.0,1995.0,41695.0,22.0,29.0,25.0,485.0,5.0,138.3,41.0,39.6,,39.8,38.6,,no,30.5,64.2,3250.0,,,228.0,258.0,6.6,,1.0,3,36000,5,60000,48.4,https://www.chevrolet.com/suvs/blazer,NHTSA,,"CarEdge, brand-level only, ranks 10th of 19 popular brands",,,100.0,76.04914553824956,74.67444807928104,84.33786078098473,50.0,58.33333333333333,95.94838308457712,66.66666666666667,60.41666666666667,64.04816513761467
Chevrolet,Blazer,RS,2026,yes,SUV,4,5,FWD,Gas,43600.0,1995.0,45595.0,22.0,29.0,25.0,485.0,5.0,138.3,41.0,39.6,,39.8,38.6,,no,30.5,64.2,3250.0,,,228.0,258.0,6.6,,1.0,3,36000,5,60000,48.4,https://www.chevrolet.com/suvs/blazer,NHTSA,,"CarEdge, brand-level only, ranks 10th of 19 popular brands",,,100.0,76.04914553824956,74.67444807928104,84.33786078098473,50.0,58.33333333333333,95.13992537313433,66.66666666666667,85.41666666666667,64.04816513761467
Chevrolet,Blazer EV,LT,2026,no,SUV,4,5,FWD,EV,44700.0,1795.0,46495.0,114.0,95.0,104.0,312.0,,,44.2,38.9,,40.9,39.4,,no,25.5,59.1,1500.0,,,220.0,243.0,,,1.0,3,36000,5,60000,48.4,https://www.chevrolet.com/electric/blazer-ev,,,"CarEdge, brand-level only, ranks 10th of 19 popular brands",,,50.0,86.88815202010672,67.96974016334704,75.88550983899822,50.0,58.33333333333333,94.95335820895522,66.66666666666667,50.0,54.01376146788991
Chevrolet,Blazer EV,RS,2026,no,SUV,4,5,FWD,EV,50500.0,1795.0,52295.0,114.0,95.0,104.0,312.0,,,44.2,38.9,,40.9,39.4,,no,25.5,59.1,1500.0,,,220.0,243.0,,,2.0,3,36000,5,60000,48.4,https://www.chevrolet.com/electric/blazer-ev,,,"CarEdge, brand-level only, ranks 10th of 19 popular brands",,,50.0,86.88815202010672,67.96974016334704,75.88550983899822,50.0,66.66666666666666,93.75103648424545,66.66666666666667,50.0,54.01376146788991
Chevrolet,Blazer EV,SS,2026,yes,SUV,4,5,AWD,EV,60700.0,1795.0,62495.0,92.0,77.0,85.0,302.0,5.0,,44.2,38.9,,40.9,39.4,,no,25.5,59.1,,,,615.0,650.0,3.4,,3.0,3,36000,5,60000,48.4,https://www.chevrolet.com/electric/blazer-ev,NHTSA,,"CarEdge, brand-level only, ranks 10th of 19 popular brands",,,100.0,86.88815202010672,67.96974016334704,69.40071556350625,50.0,75.0,91.63660862354892,66.66666666666667,96.52777777777777,50.0
Chevrolet,Colorado,WT,2026,no,Truck,4,5,RWD,Gas,32400.0,2095.0,34495.0,19.0,24.0,21.0,449.0,4.0,,45.2,34.7,,40.3,38.3,,no,,,7700.0,1710.0,4.0,310.0,430.0,,,1.0,3,36000,5,60000,48.4,https://www.chevrolet.com/trucks/colorado,NHTSA,,"CarEdge, brand-level only, ranks 10th of 19 popular brands",5.1,,87.5,77.96661638226593,60.256410256410255,71.68291343127945,100.0,58.33333333333333,96.89797037849698,54.388489208633096,50.0,55.574579622676794
Chevrolet,Colorado,Custom,2026,no,Truck,4,5,RWD,Gas,33545.0,2095.0,35640.0,19.0,24.0,21.0,449.0,4.0,,45.2,34.7,,40.3,38.3,,no,,,7700.0,1710.0,4.0,310.0,430.0,,,1.0,3,36000,5,60000,48.4,https://www.chevrolet.com/trucks/colorado,NHTSA,,"CarEdge, brand-level only, ranks 10th of 19 popular brands",5.1,,87.5,77.96661638226593,60.256410256410255,71.68291343127945,100.0,58.33333333333333,96.26988480526605,54.388489208633096,50.0,55.574579622676794
Chevrolet,Colorado,LT,2026,no,Truck,4,5,RWD,Gas,36000.0,2095.0,38095.0,19.0,24.0,21.0,449.0,4.0,,45.2,34.7,,40.3,38.3,,no,,,7700.0,1710.0,4.0,310.0,430.0,,,1.0,3,36000,5,60000,48.4,https://www.chevrolet.com/trucks/colorado,NHTSA,,"CarEdge, brand-level only, ranks 10th of 19 popular brands",5.1,,87.5,77.96661638226593,60.256410256410255,71.68291343127945,100.0,58.33333333333333,94.92320351069665,54.388489208633096,50.0,55.574579622676794
Chevrolet,Colorado,Trail Boss,2026,yes,Truck,4,5,4WD,Gas,40500.0,2095.0,42595.0,17.0,22.0,19.0,407.0,4.0,,45.2,34.7,,40.3,38.3,,no,,,7700.0,1570.0,4.0,310.0,430.0,,,1.0,3,36000,5,60000,48.4,https://www.chevrolet.com/trucks/colorado,NHTSA,,"CarEdge, brand-level only, ranks 10th of 19 popular brands",5.1,,87.5,77.96661638226593,60.256410256410255,64.96960132581047,100.0,58.33333333333333,92.45474492594624,54.388489208633096,50.0,55.26580150181221
Chevrolet,Colorado,Z71,2026,yes,Truck,4,5,4WD,Gas,44600.0,2095.0,46695.0,17.0,22.0,19.0,407.0,4.0,,45.2,34.7,,40.3,38.3,,no,,,7700.0,1590.0,4.0,310.0,430.0,,,1.0,3,36000,5,60000,48.4,https://www.chevrolet.com/trucks/colorado,NHTSA,,"CarEdge, brand-level only, ranks 10th of 19 popular brands",5.1,,87.5,77.96661638226593,60.256410256410255,64.96960132581047,100.0,58.33333333333333,90.20570488206253,54.388489208633096,50.0,55.309912661935726
Chevrolet,Colorado,ZR2,2026,yes,Truck,4,5,4WD,Gas,50700.0,2095.0,52795.0,17.0,22.0,19.0,407.0,4.0,,45.2,34.7,,40.3,38.3,,no,,,6000.0,1310.0,4.0,310.0,430.0,6.8,,1.0,3,36000,5,60000,48.4,https://www.chevrolet.com/trucks/colorado,NHTSA,,"CarEdge, brand-level only, ranks 10th of 19 popular brands",5.1,,87.5,77.96661638226593,60.256410256410255,64.96960132581047,100.0,58.33333333333333,86.85957213384532,54.388489208633096,81.77966101694915,53.46719816887866
Chevrolet,Colorado,ZR2 Bison,2026,yes,Truck,4,5,4WD,Gas,62200.0,2095.0,64295.0,17.0,22.0,19.0,407.0,4.0,,45.2,34.7,,40.3,38.3,,no,,,5500.0,1151.0,4.0,310.0,430.0,,,1.0,3,36000,5,60000,48.4,https://www.chevrolet.com/trucks/colorado,NHTSA,,"CarEdge, brand-level only, ranks 10th of 19 popular brands",5.1,,87.5,77.96661638226593,60.256410256410255,64.96960132581047,100.0,58.33333333333333,80.5512890839276,54.388489208633096,50.0,52.75617378374148
Chevrolet,Tahoe,LS,2026,no,SUV,4,8,RWD,Gas,60700.0,2795.0,63495.0,15.0,20.0,17.0,408.0,5.0,,44.5,42.0,34.9,42.3,38.9,38.0,yes,25.5,122.7,8400.0,1746.0,3.5,355.0,383.0,7.7,,3.0,3,36000,5,60000,48.4,https://www.chevrolet.com/suvs/tahoe,NHTSA,,"CarEdge, brand-level only, ranks 10th of 19 popular brands",,,100.0,92.53881496356942,76.63693960201505,66.04944821731749,75.0,75.0,91.42931177446103,66.66666666666667,56.59722222222222,89.96973422869573
Chevrolet,Tahoe,LT,2026,no,SUV,4,8,RWD,Gas,63700.0,2795.0,66495.0,15.0,20.0,17.0,408.0,5.0,,44.5,42.0,34.9,42.3,38.9,38.0,yes,25.5,122.7,8400.0,1746.0,3.5,355.0,383.0,7.7,,3.0,3,36000,5,60000,48.4,https://www.chevrolet.com/suvs/tahoe,NHTSA,,"CarEdge, brand-level only, ranks 10th of 19 popular brands",,,100.0,92.53881496356942,76.63693960201505,66.04944821731749,75.0,75.0,90.80742122719735,66.66666666666667,56.59722222222222,89.96973422869573
Chevrolet,Tahoe,RST,2026,no,SUV,4,8,RWD,Gas,68700.0,2795.0,71495.0,15.0,20.0,17.0,408.0,5.0,,44.5,42.0,34.9,42.3,38.9,38.0,yes,25.5,122.7,8400.0,1746.0,3.5,355.0,383.0,7.7,,3.0,3,36000,5,60000,48.4,https://www.chevrolet.com/suvs/tahoe,NHTSA,,"CarEdge, brand-level only, ranks 10th of 19 popular brands",,,100.0,92.53881496356942,76.63693960201505,66.04944821731749,75.0,75.0,89.77093698175787,66.66666666666667,56.59722222222222,89.96973422869573
Chevrolet,Tahoe,Z71,2026,yes,SUV,4,8,4WD,Gas,70700.0,2795.0,73495.0,15.0,19.0,17.0,408.0,5.0,,44.5,42.0,34.9,42.3,38.9,38.0,yes,25.5,122.7,8400.0,1746.0,3.5,355.0,383.0,,,3.0,3,36000,5,60000,48.4,https://www.chevrolet.com/suvs/tahoe,NHTSA,,"CarEdge, brand-level only, ranks 10th of 19 popular brands",,,100.0,92.53881496356942,76.63693960201505,66.04944821731749,75.0,75.0,89.35634328358209,66.66666666666667,50.0,89.96973422869573
Chevrolet,Tahoe,Premier,2026,no,SUV,4,7,RWD,Gas,75600.0,2795.0,78395.0,15.0,20.0,17.0,408.0,5.0,,44.5,42.0,34.9,42.3,38.9,38.0,yes,25.5,122.7,8400.0,1746.0,3.5,355.0,383.0,7.7,,3.0,3,36000,5,60000,48.4,https://www.chevrolet.com/suvs/tahoe,NHTSA,,"CarEdge, brand-level only, ranks 10th of 19 popular brands",,,100.0,92.53881496356942,76.63693960201505,66.04944821731749,75.0,75.0,88.34058872305141,66.66666666666667,56.59722222222222,89.96973422869573
Chevrolet,Tahoe,High Country,2026,no,SUV,4,7,RWD,Gas,80700.0,2795.0,83495.0,15.0,20.0,17.0,408.0,5.0,,44.5,42.0,34.9,42.3,38.9,38.0,yes,25.5,122.7,8400.0,1720.0,3.5,420.0,460.0,5.8,,3.0,3,36000,5,60000,48.4,https://www.chevrolet.com/suvs/tahoe,NHTSA,,"CarEdge, brand-level only, ranks 10th of 19 popular brands",,,100.0,92.53881496356942,76.63693960201505,66.04944821731749,75.0,75.0,87.28337479270314,66.66666666666667,63.19444444444444,89.29348340111605
Chevrolet,Suburban,LS,2026,no,SUV,4,8,RWD,Gas,63700.0,2795.0,66495.0,15.0,20.0,17.0,476.0,5.0,,44.5,42.0,36.7,42.3,38.9,38.0,yes,41.5,144.5,8200.0,1696.0,3.0,355.0,383.0,7.6,,3.0,3,36000,5,60000,48.4,https://www.chevrolet.com/suvs/suburban,NHTSA,,"CarEdge, brand-level only, ranks 10th of 19 popular brands",,,100.0,93.21324512767961,98.83880136262488,72.9042869269949,66.66666666666666,75.0,90.80742122719735,66.66666666666667,56.94444444444444,88.09585737255273
Chevrolet,Suburban,LT,2026,no,SUV,4,8,RWD,Gas,66700.0,2795.0,69495.0,15.0,20.0,17.0,476.0,5.0,,44.5,42.0,36.7,42.3,38.9,38.0,yes,41.5,144.5,8200.0,1696.0,3.0,355.0,383.0,7.6,,3.0,3,36000,5,60000,48.4,https://www.chevrolet.com/suvs/suburban,NHTSA,,"CarEdge, brand-level only, ranks 10th of 19 popular brands",,,100.0,93.21324512767961,98.83880136262488,72.9042869269949,66.66666666666666,75.0,90.18553067993366,66.66666666666667,56.94444444444444,88.09585737255273
Chevrolet,Suburban,RST,2026,no,SUV,4,8,RWD,Gas,71700.0,2795.0,74495.0,15.0,20.0,17.0,476.0,5.0,,44.5,42.0,36.7,42.3,38.9,38.0,yes,41.5,144.5,8200.0,1696.0,3.0,355.0,383.0,7.6,,3.0,3,36000,5,60000,48.4,https://www.chevrolet.com/suvs/suburban,NHTSA,,"CarEdge, brand-level only, ranks 10th of 19 popular brands",,,100.0,93.21324512767961,98.83880136262488,72.9042869269949,66.66666666666666,75.0,89.1490464344942,66.66666666666667,56.94444444444444,88.09585737255273
Chevrolet,Suburban,Z71,2026,yes,SUV,4,8,4WD,Gas,73700.0,2795.0,76495.0,14.0,19.0,16.0,448.0,5.0,,44.5,42.0,36.7,42.3,38.9,38.0,yes,41.5,144.5,8200.0,1759.0,3.0,355.0,383.0,,,3.0,3,36000,5,60000,48.4,https://www.chevrolet.com/suvs/suburban,NHTSA,,"CarEdge, brand-level only, ranks 10th of 19 popular brands",,,100.0,93.21324512767961,98.83880136262488,68.7659168081494,66.66666666666666,75.0,88.73445273631842,66.66666666666667,50.0,89.73446514707273
Chevrolet,Suburban,Premier,2026,no,SUV,4,7,RWD,Gas,78600.0,2795.0,81395.0,15.0,20.0,17.0,476.0,5.0,,44.5,42.0,36.7,42.3,38.9,38.0,yes,41.5,144.5,8200.0,1696.0,3.0,355.0,383.0,7.6,,3.0,3,36000,5,60000,48.4,https://www.chevrolet.com/suvs/suburban,NHTSA,,"CarEdge, brand-level only, ranks 10th of 19 popular brands",,,100.0,93.21324512767961,98.83880136262488,72.9042869269949,66.66666666666666,75.0,87.71869817578772,66.66666666666667,56.94444444444444,88.09585737255273
Chevrolet,Suburban,High Country,2026,no,SUV,4,7,RWD,Gas,83700.0,2795.0,86495.0,15.0,20.0,17.0,476.0,5.0,,44.5,42.0,36.7,42.3,38.9,38.0,yes,41.5,144.5,8000.0,1696.0,3.0,420.0,460.0,6.7,,3.0,3,36000,5,60000,48.4,https://www.chevrolet.com/suvs/suburban,NHTSA,,"CarEdge, brand-level only, ranks 10th of 19 popular brands",,,100.0,93.21324512767961,98.83880136262488,72.9042869269949,66.66666666666666,75.0,86.66148424543947,66.66666666666667,60.06944444444444,87.52246287713989
Chevrolet,Silverado HD,WT,2026,no,Truck,4,6,RWD,Gas,45900.0,2795.0,48695.0,,,,,,,44.5,43.4,,43.0,40.1,,no,,,18700.0,3900.0,3.0,401.0,464.0,,,1.0,3,36000,5,60000,48.4,https://www.chevrolet.com/trucks/silverado/2500hd-3500hd,,36.0,"CarEdge, brand-level only, ranks 10th of 19 popular brands",6.9,,50.0,98.74944374630915,83.33333333333334,50.0,75.0,58.33333333333333,89.10861217772901,54.388489208633096,50.0,68.33224622361716
Chevrolet,Silverado HD,Custom,2026,no,Truck,4,6,RWD,Gas,49200.0,2795.0,51995.0,,,,,,,44.5,43.4,,43.0,40.1,,no,,,18700.0,3900.0,3.0,401.0,464.0,,,1.0,3,36000,5,60000,48.4,https://www.chevrolet.com/trucks/silverado/2500hd-3500hd,,36.0,"CarEdge, brand-level only, ranks 10th of 19 popular brands",6.9,,50.0,98.74944374630915,83.33333333333334,50.0,75.0,58.33333333333333,87.29840921557872,54.388489208633096,50.0,68.33224622361716
Chevrolet,Silverado HD,LT,2026,no,Truck,4,6,RWD,Gas,52600.0,2795.0,55395.0,,,,,,,44.5,43.4,,43.0,40.1,,no,,,18700.0,3900.0,3.0,401.0,464.0,,,2.0,3,36000,5,60000,48.4,https://www.chevrolet.com/trucks/silverado/2500hd-3500hd,,36.0,"CarEdge, brand-level only, ranks 10th of 19 popular brands",6.9,,50.0,98.74944374630915,83.33333333333334,50.0,75.0,66.66666666666666,85.43335161821173,54.388489208633096,50.0,68.33224622361716
Chevrolet,Silverado HD,LTZ,2026,no,Truck,4,5,RWD,Gas,63300.0,2795.0,66095.0,,,,,,,44.5,43.4,,43.0,40.1,,no,,,18700.0,3900.0,3.0,401.0,464.0,,,2.0,3,36000,5,60000,48.4,https://www.chevrolet.com/trucks/silverado/2500hd-3500hd,,36.0,"CarEdge, brand-level only, ranks 10th of 19 popular brands",6.9,,50.0,98.74944374630915,83.33333333333334,50.0,75.0,66.66666666666666,79.56390565002744,54.388489208633096,50.0,68.33224622361716
Chevrolet,Silverado HD,High Country,2026,no,Truck,4,5,4WD,Gas,70900.0,2795.0,73695.0,,,,,,,44.5,43.4,,43.0,40.1,,no,,,18700.0,3900.0,3.0,401.0,464.0,,,3.0,3,36000,5,60000,48.4,https://www.chevrolet.com/trucks/silverado/2500hd-3500hd,,36.0,"CarEdge, brand-level only, ranks 10th of 19 popular brands",6.9,,50.0,98.74944374630915,83.33333333333334,50.0,75.0,75.0,75.39495337356007,54.388489208633096,50.0,68.33224622361716
Chevrolet,Silverado HD,ZR2,2026,yes,Truck,4,5,4WD,Gas,73200.0,2795.0,75995.0,,,,,,,44.5,43.4,,43.0,40.1,,no,,,18700.0,3900.0,3.0,401.0,464.0,,,2.0,3,36000,5,60000,48.4,https://www.chevrolet.com/trucks/silverado/2500hd-3500hd,,36.0,"CarEdge, brand-level only, ranks 10th of 19 popular brands",6.9,,50.0,98.74944374630915,83.33333333333334,50.0,75.0,66.66666666666666,74.13329676357652,54.388489208633096,50.0,68.33224622361716
Chevrolet,Silverado EV,WT,2026,no,Truck,4,5,AWD,EV,52800.0,2595.0,55395.0,,,,283.0,5.0,,44.9,44.4,,41.9,39.7,,no,,,8500.0,2350.0,,510.0,490.0,,,3.0,3,36000,8,100000,48.4,https://www.chevrolet.com/electric/silverado-ev,NHTSA,,"CarEdge, brand-level only, ranks 10th of 19 popular brands",5.9,,100.0,96.42973757886674,70.51282051282053,50.467914438502675,50.0,75.0,85.43335161821173,54.388489208633096,50.0,57.562681806077585
Chevrolet,Silverado EV,LT,2026,no,Truck,4,5,AWD,EV,60900.0,2595.0,63495.0,,,,283.0,5.0,,44.9,44.4,,41.9,39.7,,no,,,8500.0,2350.0,,510.0,580.0,4.2,,3.0,3,36000,8,100000,48.4,https://www.chevrolet.com/electric/silverado-ev,NHTSA,,"CarEdge, brand-level only, ranks 10th of 19 popular brands",5.9,,100.0,96.42973757886674,70.51282051282053,50.467914438502675,50.0,75.0,80.990126165661,54.388489208633096,67.79661016949153,57.562681806077585
Chevrolet,Silverado EV,Trail Boss,2026,yes,Truck,4,5,AWD,EV,70000.0,2595.0,72595.0,,,,410.0,5.0,,44.9,44.4,,41.9,39.7,,no,,,12500.0,1700.0,,625.0,775.0,,,3.0,3,36000,8,100000,48.4,https://www.chevrolet.com/electric/silverado-ev,NHTSA,,"CarEdge, brand-level only, ranks 10th of 19 popular brands",5.9,,100.0,96.42973757886674,70.51282051282053,82.72727272727272,50.0,75.0,75.9983543609435,54.388489208633096,50.0,59.0117943993056
Chevrolet,Silverado EV,RST,2026,no,Truck,4,5,AWD,EV,97350.0,2595.0,99945.0,,,,410.0,5.0,,44.9,44.4,,41.9,39.7,,no,,,,,,645.0,785.0,4.4,,3.0,3,36000,8,100000,48.4,https://www.chevrolet.com/electric/silverado-ev,NHTSA,,"CarEdge, brand-level only, ranks 10th of 19 popular brands",5.9,,100.0,96.42973757886674,70.51282051282053,82.72727272727272,50.0,75.0,60.99561162918266,54.388489208633096,66.94915254237287,50.0
Chevrolet,Corvette,Stingray,2026,no,Coupe,2,2,RWD,Gas,70000.0,2495.0,72495.0,16.0,25.0,19.0,352.0,,,42.8,,,37.9,,,no,12.6,12.6,,,3.0,490.0,465.0,2.9,194.0,2.0,3,36000,5,60000,48.4,https://www.chevrolet.com/performance/previous-year/corvette/stingray,,18.5,"CarEdge, brand-level only, ranks 10th of 19 popular brands",,,50.0,69.99910700262686,72.1311475409836,69.7337962962963,75.0,75.0,91.66683813090265,56.16554054054055,69.5227765726681,50.0
Chevrolet,Corvette,E-Ray,2026,yes,Coupe,2,2,AWD,Gas,108600.0,2495.0,111095.0,16.0,24.0,19.0,352.0,,,42.8,,,37.9,,,no,12.6,12.6,,,3.0,655.0,,2.5,,2.0,3,36000,5,60000,48.4,https://www.chevrolet.com/performance/previous-year/corvette/e-ray,,18.5,"CarEdge, brand-level only, ranks 10th of 19 popular brands",,,50.0,69.99910700262686,72.1311475409836,69.7337962962963,75.0,75.0,83.72461471986173,56.16554054054055,96.69197396963123,50.0
Chevrolet,Corvette,Z06,2026,yes,Coupe,2,2,RWD,Gas,117700.0,2495.0,120195.0,12.0,21.0,15.0,278.0,,,42.8,,,37.9,,,no,12.6,12.6,,,3.0,670.0,460.0,2.6,,2.0,3,36000,5,60000,48.4,https://www.chevrolet.com/performance/previous-year/corvette/z06,,18.5,"CarEdge, brand-level only, ranks 10th of 19 popular brands",,,50.0,69.99910700262686,72.1311475409836,54.91898148148148,75.0,75.0,81.85222526285467,56.16554054054055,96.14967462039046,50.0
Chevrolet,Corvette,ZR1,2026,yes,Coupe,2,2,RWD,Gas,182000.0,2495.0,184495.0,12.0,18.0,14.0,259.0,,,42.8,,,37.9,,,no,12.6,12.6,,,3.0,1064.0,828.0,2.3,233.0,2.0,3,36000,5,60000,48.4,https://www.chevrolet.com/performance/previous-year/corvette/zr1,,18.5,"CarEdge, brand-level only, ranks 10th of 19 popular brands",,,50.0,69.99910700262686,72.1311475409836,51.157407407407405,75.0,75.0,68.62204481389271,56.16554054054055,97.7765726681128,50.0
Chevrolet,Corvette,ZR1X,2026,yes,Coupe,2,2,AWD,Gas,207100.0,2495.0,209595.0,,,,,,,42.8,,,37.9,,,no,12.6,12.6,,,3.0,1250.0,,1.89,,2.0,3,36000,5,60000,48.4,https://www.chevrolet.com/performance/previous-year/corvette/zr1x,,18.5,"CarEdge, brand-level only, ranks 10th of 19 popular brands",,,50.0,69.99910700262686,72.1311475409836,50.0,75.0,75.0,63.457542025884244,56.16554054054055,100.0,50.0
Ford,Escape,Active,2026,no,SUV,4,5,FWD,Gas,30350.0,1495.0,31845.0,27.0,34.0,30.0,444.0,5.0,104.0,42.4,40.7,,40.0,39.3,,no,37.5,65.4,,,4.0,180.0,199.0,7.4,,1.0,3,36000,5,60000,49.9,https://www.ford.com/suvs-crossovers/escape/,NHTSA,14.8,"CarEdge, brand-level only, ranks 13th of 19 popular brands",,,100.0,83.57744892313994,83.25155544043,86.78374363327674,83.33333333333333,58.33333333333333,97.99025704809287,65.69010416666667,57.638888888888886,50.0
Ford,Escape,ST-Line,2026,no,SUV,4,5,FWD,Gas,31195.0,1495.0,32690.0,27.0,34.0,30.0,444.0,5.0,104.0,42.4,40.7,,40.0,39.3,,no,37.5,65.4,,,4.0,180.0,199.0,7.4,,1.0,3,36000,5,60000,49.9,https://www.ford.com/suvs-crossovers/escape/,NHTSA,14.8,"CarEdge, brand-level only, ranks 13th of 19 popular brands",,,100.0,83.57744892313994,83.25155544043,86.78374363327674,83.33333333333333,58.33333333333333,97.81509121061359,65.69010416666667,57.638888888888886,50.0
Ford,Escape,ST-Line Select,2026,no,SUV,4,5,AWD,Gas,35015.0,1495.0,36510.0,23.0,31.0,,,5.0,104.0,42.4,40.7,,40.0,39.3,,no,37.5,65.4,,,4.0,250.0,280.0,5.7,,1.0,3,36000,5,60000,49.9,https://www.ford.com/suvs-crossovers/escape/,NHTSA,14.8,"CarEdge, brand-level only, ranks 13th of 19 popular brands",,,100.0,83.57744892313994,83.25155544043,50.0,83.33333333333333,58.33333333333333,97.02321724709785,65.69010416666667,63.541666666666664,50.0
Ford,Escape,ST-Line Select Hybrid,2026,no,SUV,4,5,AWD,Hybrid,33890.0,1495.0,35385.0,42.0,36.0,39.0,,5.0,104.0,42.4,40.7,,40.0,39.3,,no,37.5,65.4,,,4.0,192.0,,7.3,,1.0,3,36000,5,60000,49.9,https://www.ford.com/suvs-crossovers/escape/,NHTSA,,"CarEdge, brand-level only, ranks 13th of 19 popular brands",,,100.0,83.57744892313994,83.25155544043,78.78787878787878,83.33333333333333,58.33333333333333,97.25642620232173,65.69010416666667,57.986111111111114,50.0
Ford,Escape,ST-Line Elite,2026,no,SUV,4,5,AWD,Gas,38935.0,1495.0,40430.0,23.0,31.0,,,5.0,104.0,42.4,40.7,,40.0,39.3,,no,37.5,65.4,,,4.0,250.0,280.0,5.7,,3.0,3,36000,5,60000,49.9,https://www.ford.com/suvs-crossovers/escape/,NHTSA,14.8,"CarEdge, brand-level only, ranks 13th of 19 popular brands",,,100.0,83.57744892313994,83.25155544043,50.0,83.33333333333333,75.0,96.21061359867329,65.69010416666667,63.541666666666664,50.0
Ford,Escape,ST-Line Elite Hybrid,2026,no,SUV,4,5,AWD,Hybrid,37210.0,1495.0,38705.0,42.0,36.0,39.0,,5.0,104.0,42.4,40.7,,40.0,39.3,,no,37.5,65.4,,,4.0,192.0,,7.3,,3.0,3,36000,5,60000,49.9,https://www.ford.com/suvs-crossovers/escape/,NHTSA,,"CarEdge, brand-level only, ranks 13th of 19 popular brands",,,100.0,83.57744892313994,83.25155544043,78.78787878787878,83.33333333333333,75.0,96.56820066334993,65.69010416666667,57.986111111111114,50.0
Ford,Escape,Platinum,2026,no,SUV,4,5,AWD,Gas,37940.0,1495.0,39435.0,23.0,31.0,,,5.0,104.0,42.4,40.7,,40.0,39.3,,no,37.5,65.4,,,4.0,250.0,280.0,5.7,,3.0,3,36000,5,60000,49.9,https://www.ford.com/suvs-crossovers/escape/,NHTSA,14.8,"CarEdge, brand-level only, ranks 13th of 19 popular brands",,,100.0,83.57744892313994,83.25155544043,50.0,83.33333333333333,75.0,96.41687396351576,65.69010416666667,63.541666666666664,50.0
Ford,Escape,Platinum Hybrid,2026,no,SUV,4,5,AWD,Hybrid,36215.0,1495.0,37710.0,42.0,36.0,39.0,,5.0,104.0,42.4,40.7,,40.0,39.3,,no,37.5,65.4,,,4.0,192.0,,7.3,,3.0,3,36000,5,60000,49.9,https://www.ford.com/suvs-crossovers/escape/,NHTSA,,"CarEdge, brand-level only, ranks 13th of 19 popular brands",,,100.0,83.57744892313994,83.25155544043,78.78787878787878,83.33333333333333,75.0,96.77446102819238,65.69010416666667,57.986111111111114,50.0
Ford,Escape,Plug-In Hybrid,2026,no,SUV,4,5,FWD,PHEV,35400.0,1495.0,36895.0,,,40.0,,5.0,104.0,42.4,40.7,,40.0,39.3,,no,37.5,65.4,,,4.0,210.0,,,,1.0,3,36000,5,60000,49.9,https://www.ford.com/suvs-crossovers/escape/,NHTSA,,"CarEdge, brand-level only, ranks 13th of 19 popular brands",,,100.0,83.57744892313994,83.25155544043,67.64705882352942,83.33333333333333,58.33333333333333,96.94340796019901,65.69010416666667,50.0,50.0
Ford,Bronco Sport,Big Bend,2026,no,SUV,4,5,AWD,Gas,31845.0,1995.0,33840.0,25.0,30.0,,,5.0,,42.4,36.9,,41.5,41.7,,no,32.5,65.2,2200.0,,,181.0,190.0,8.2,,2.0,3,36000,5,60000,49.9,https://www.ford.com/suvs/bronco-sport/models/big-bend/,NHTSA,16.0,"CarEdge, brand-level only, ranks 13th of 19 popular brands",,,100.0,89.01868288771203,77.2146034560915,50.0,50.0,66.66666666666666,97.57669983416253,65.69010416666667,54.861111111111114,58.027522935779814
Ford,Bronco Sport,Heritage,2026,no,SUV,4,5,AWD,Gas,34145.0,1995.0,36140.0,25.0,30.0,,,5.0,,42.4,36.9,,41.5,41.7,,no,32.5,65.2,2200.0,,,181.0,190.0,8.2,,2.0,3,36000,5,60000,49.9,https://www.ford.com/suvs/bronco-sport/models/heritage/,NHTSA,16.0,"CarEdge, brand-level only, ranks 13th of 19 popular brands",,,100.0,89.01868288771203,77.2146034560915,50.0,50.0,66.66666666666666,97.09991708126037,65.69010416666667,54.861111111111114,58.027522935779814
Ford,Bronco Sport,Outer Banks,2026,no,SUV,4,5,AWD,Gas,36945.0,1995.0,38940.0,25.0,30.0,,,5.0,,42.4,36.9,,41.5,41.7,,no,32.5,65.2,2200.0,,,181.0,190.0,8.2,,2.0,3,36000,5,60000,49.9,https://www.ford.com/suvs/bronco-sport/models/outer-banks/,NHTSA,16.0,"CarEdge, brand-level only, ranks 13th of 19 popular brands",,,100.0,89.01868288771203,77.2146034560915,50.0,50.0,66.66666666666666,96.51948590381426,65.69010416666667,54.861111111111114,58.027522935779814
Ford,Bronco Sport,Badlands,2026,yes,SUV,4,5,AWD,Gas,40265.0,1995.0,42260.0,21.0,28.0,,,5.0,,42.4,36.9,,41.5,41.7,,no,32.5,65.2,2700.0,,,250.0,277.0,5.9,,3.0,3,36000,5,60000,49.9,https://www.ford.com/suvs/bronco-sport/models/badlands/,NHTSA,16.0,"CarEdge, brand-level only, ranks 13th of 19 popular brands",,,100.0,89.01868288771203,77.2146034560915,50.0,50.0,75.0,95.83126036484245,65.69010416666667,87.84722222222223,60.89449541284404
Ford,Bronco,Base,2026,no,SUV,4,5,4WD,Gas,40495.0,1995.0,42490.0,18.0,22.0,,,3.0,,43.1,36.3,,43.3,41.1,,no,38.3,83.0,3500.0,,,300.0,325.0,7.1,,2.0,3,36000,5,60000,49.9,https://www.ford.com/suvs/bronco/models/base/,IIHS,20.8,"CarEdge, brand-level only, ranks 13th of 19 popular brands",,,75.0,91.81438772515062,86.61157718777508,50.0,50.0,66.66666666666666,95.78358208955224,65.69010416666667,58.68055555555556,65.48165137614679
Ford,Bronco,Big Bend,2026,no,SUV,4,5,4WD,Gas,40995.0,1995.0,42990.0,18.0,22.0,,,3.0,,43.1,36.3,,43.3,41.1,,no,38.3,83.0,3500.0,,,300.0,325.0,7.1,,2.0,3,36000,5,60000,49.9,https://www.ford.com/suvs/bronco/models/big-bend/,IIHS,20.8,"CarEdge, brand-level only, ranks 13th of 19 popular brands",,,75.0,91.81438772515062,86.61157718777508,50.0,50.0,66.66666666666666,95.67993366500829,65.69010416666667,58.68055555555556,65.48165137614679
Ford,Bronco,Outer Banks,2026,no,SUV,4,5,4WD,Gas,48090.0,1995.0,50085.0,18.0,22.0,,,3.0,,43.1,36.3,,43.3,41.1,,no,38.3,83.0,3500.0,,,300.0,325.0,7.1,,2.0,3,36000,5,60000,49.9,https://www.ford.com/suvs/bronco/models/outer-banks/,IIHS,20.8,"CarEdge, brand-level only, ranks 13th of 19 popular brands",,,75.0,91.81438772515062,86.61157718777508,50.0,50.0,66.66666666666666,94.20916252072968,65.69010416666667,58.68055555555556,65.48165137614679
Ford,Bronco,Badlands,2026,yes,SUV,4,5,4WD,Gas,48890.0,1995.0,50885.0,18.0,22.0,,,3.0,,43.1,36.3,,43.3,41.1,,no,38.3,83.0,3500.0,,,300.0,325.0,7.1,,2.0,3,36000,5,60000,49.9,https://www.ford.com/suvs/bronco/models/badlands/,IIHS,20.8,"CarEdge, brand-level only, ranks 13th of 19 popular brands",,,75.0,91.81438772515062,86.61157718777508,50.0,50.0,66.66666666666666,94.04332504145937,65.69010416666667,83.68055555555556,65.48165137614679
Ford,Bronco,Heritage Edition,2026,no,SUV,4,5,4WD,Gas,51625.0,1995.0,53620.0,18.0,22.0,,,3.0,,43.1,36.3,,43.3,41.1,,no,38.3,83.0,3500.0,,,300.0,325.0,7.1,,2.0,3,36000,5,60000,49.9,https://www.ford.com/suvs/bronco/models/heritage-edition/,IIHS,20.8,"CarEdge, brand-level only, ranks 13th of 19 popular brands",,,75.0,91.81438772515062,86.61157718777508,50.0,50.0,66.66666666666666,93.47636815920399,65.69010416666667,58.68055555555556,65.48165137614679
Ford,Bronco,Stroppe Edition,2026,yes,SUV,4,5,4WD,Gas,69995.0,1995.0,71990.0,17.0,17.0,,,3.0,,43.1,36.3,,43.3,41.1,,no,38.3,83.0,3500.0,1141.0,,330.0,415.0,6.2,,3.0,3,36000,5,60000,49.9,https://www.ford.com/suvs/bronco/models/stroppe-edition/,IIHS,20.8,"CarEdge, brand-level only, ranks 13th of 19 popular brands",,,75.0,91.81438772515062,86.61157718777508,50.0,50.0,75.0,89.66832504145937,65.69010416666667,86.80555555555556,60.1857325262461
Ford,Bronco,Raptor,2026,yes,SUV,4,5,4WD,Gas,79995.0,1995.0,81990.0,15.0,16.0,,,3.0,,43.1,36.3,,43.3,41.1,,no,38.3,83.0,4500.0,1155.0,,418.0,440.0,5.6,,3.0,3,36000,5,60000,49.9,https://www.ford.com/suvs/bronco/models/raptor/,IIHS,20.8,"CarEdge, brand-level only, ranks 13th of 19 popular brands",,,75.0,91.81438772515062,86.61157718777508,50.0,50.0,75.0,87.59535655058043,65.69010416666667,88.88888888888889,63.41684006431476
Ford,Explorer,Active,2026,no,SUV,4,7,RWD,Gas,40260.0,1695.0,41955.0,20.0,29.0,24.0,430.0,5.0,153.0,43.0,39.0,32.2,40.7,40.5,38.9,yes,16.3,85.8,5000.0,,3.5,300.0,310.0,,,2.0,3,36000,5,60000,49.9,https://www.ford.com/suvs/explorer/2026/models/active/,NHTSA,,"CarEdge, brand-level only, ranks 13th of 19 popular brands",,,100.0,87.85664164038181,60.55048678898599,77.47771646859084,75.0,66.66666666666666,95.89448590381426,65.69010416666667,50.0,74.08256880733944
Ford,Explorer,ST-Line,2026,no,SUV,4,7,RWD,Gas,46950.0,1695.0,48645.0,20.0,29.0,24.0,430.0,5.0,153.0,43.0,39.0,32.2,40.7,40.5,38.9,yes,16.3,85.3,5000.0,,3.5,300.0,310.0,,,3.0,3,36000,5,60000,49.9,https://www.ford.com/suvs/explorer/2026/models/st-line/,NHTSA,,"CarEdge, brand-level only, ranks 13th of 19 popular brands",,,100.0,87.85664164038181,60.482348428619105,77.47771646859084,75.0,75.0,94.50766998341626,65.69010416666667,50.0,74.08256880733944
Ford,Explorer,Tremor,2026,yes,SUV,4,6,AWD,Gas,50760.0,1695.0,52455.0,19.0,23.0,21.0,376.0,5.0,153.0,43.0,39.0,32.2,40.7,40.5,38.9,yes,16.3,85.3,5000.0,,3.5,300.0,310.0,6.0,,3.0,3,36000,5,60000,49.9,https://www.ford.com/suvs/explorer/2026/models/tremor/,NHTSA,,"CarEdge, brand-level only, ranks 13th of 19 popular brands",,,100.0,87.85664164038181,60.482348428619105,68.08679966044143,75.0,75.0,93.71786898839139,65.69010416666667,87.5,74.08256880733944
Ford,Explorer,Platinum,2026,no,SUV,4,6,RWD,Gas,52760.0,1695.0,54455.0,20.0,29.0,24.0,430.0,5.0,153.0,42.9,38.3,32.2,40.7,40.5,38.9,yes,16.3,85.3,5000.0,,3.5,300.0,310.0,,,4.0,3,36000,5,60000,49.9,https://www.ford.com/suvs/explorer/2026/models/platinum/,NHTSA,,"CarEdge, brand-level only, ranks 13th of 19 popular brands",,,100.0,86.84526790394445,60.482348428619105,77.47771646859084,75.0,83.33333333333333,93.3032752902156,65.69010416666667,50.0,74.08256880733944
Ford,Explorer,ST,2026,yes,SUV,4,6,RWD,Gas,56700.0,1695.0,58395.0,18.0,25.0,21.0,376.0,5.0,153.0,42.9,38.3,32.2,40.7,40.5,38.9,yes,16.3,85.3,5000.0,,3.5,385.0,415.0,5.6,,4.0,3,36000,5,60000,49.9,https://www.ford.com/suvs/explorer/2026/models/st/,NHTSA,,"CarEdge, brand-level only, ranks 13th of 19 popular brands",,,100.0,86.84526790394445,60.482348428619105,68.08679966044143,75.0,83.33333333333333,92.48652570480928,65.69010416666667,88.88888888888889,74.08256880733944
Ford,Expedition,Active,2026,no,SUV,4,8,RWD,Gas,65495.0,2595.0,68090.0,16.0,24.0,19.0,448.0,5.0,175.0,43.9,42.2,36.5,41.8,40.0,37.4,yes,22.9,108.5,6100.0,1971.0,3.0,400.0,480.0,,,3.0,3,36000,5,60000,49.9,https://www.ford.com/suvs/expedition/2026/models/active/,NHTSA,,"CarEdge, brand-level only, ranks 13th of 19 popular brands",,,100.0,93.50232914321717,71.57676791469575,72.71328522920204,66.66666666666666,75.0,90.47678275290215,65.69010416666667,50.0,89.22786815473376
Ford,Expedition,Platinum,2026,no,SUV,4,7,4WD,Gas,77045.0,2595.0,79640.0,15.0,22.0,18.0,425.0,5.0,175.0,43.9,42.2,36.5,41.8,40.0,37.4,yes,22.9,108.5,9600.0,1957.0,3.0,400.0,480.0,5.5,,4.0,3,36000,5,60000,49.9,https://www.ford.com/suvs/expedition/2026/models/platinum/,NHTSA,,"CarEdge, brand-level only, ranks 13th of 19 popular brands",,,100.0,93.50232914321717,71.57676791469575,69.07894736842105,66.66666666666666,83.33333333333333,88.08250414593698,65.69010416666667,64.23611111111111,98.89813676345409
Ford,Expedition,Tremor,2026,yes,SUV,4,7,4WD,Gas,84495.0,2595.0,87090.0,15.0,22.0,18.0,425.0,5.0,175.0,43.9,42.2,36.5,41.8,40.0,37.4,yes,22.9,108.5,9600.0,1957.0,3.0,440.0,510.0,4.9,,4.0,3,36000,5,60000,49.9,https://www.ford.com/suvs/expedition/2026/models/tremor/,NHTSA,,"CarEdge, brand-level only, ranks 13th of 19 popular brands",,,100.0,93.50232914321717,71.57676791469575,69.07894736842105,66.66666666666666,83.33333333333333,86.53814262023218,65.69010416666667,91.31944444444444,98.89813676345409
Ford,Expedition,King Ranch,2026,no,SUV,4,7,4WD,Gas,87155.0,2595.0,89750.0,15.0,22.0,18.0,425.0,5.0,175.0,43.9,42.2,36.5,41.8,40.0,37.4,yes,22.9,108.5,9600.0,1957.0,3.0,400.0,480.0,5.5,,4.0,3,36000,5,60000,49.9,https://www.ford.com/suvs/expedition/2026/models/king-ranch/,NHTSA,,"CarEdge, brand-level only, ranks 13th of 19 popular brands",,,100.0,93.50232914321717,71.57676791469575,69.07894736842105,66.66666666666666,83.33333333333333,85.98673300165838,65.69010416666667,64.23611111111111,98.89813676345409
Ford,Expedition MAX,Active,2026,no,SUV,4,8,RWD,Gas,68495.0,2595.0,71090.0,16.0,24.0,19.0,528.0,5.0,175.0,43.9,42.2,36.5,41.8,40.0,37.4,yes,37.4,123.1,6300.0,1958.0,3.0,400.0,480.0,,,3.0,3,36000,5,60000,49.9,https://www.ford.com/suvs/expedition/2026/models/max-active/,NHTSA,,"CarEdge, brand-level only, ranks 13th of 19 popular brands",,,100.0,93.50232914321717,90.9945282939649,80.7778013582343,66.66666666666666,75.0,89.85489220563848,65.69010416666667,50.0,89.46313723635676
Ford,Expedition MAX,Platinum,2026,no,SUV,4,7,4WD,Gas,80045.0,2595.0,82640.0,15.0,22.0,18.0,500.0,5.0,175.0,43.9,42.2,36.5,41.8,40.0,37.4,yes,37.4,123.1,9000.0,1956.0,3.0,400.0,480.0,5.5,,4.0,3,36000,5,60000,49.9,https://www.ford.com/suvs/expedition/2026/models/max-platinum/,NHTSA,,"CarEdge, brand-level only, ranks 13th of 19 popular brands",,,100.0,93.50232914321717,90.9945282939649,76.63943123938878,66.66666666666666,83.33333333333333,87.46061359867329,65.69010416666667,64.23611111111111,97.15194363000094
Ford,Expedition MAX,King Ranch,2026,no,SUV,4,7,4WD,Gas,90155.0,2595.0,92750.0,15.0,22.0,18.0,500.0,5.0,175.0,43.9,42.2,36.5,41.8,40.0,37.4,yes,37.4,123.1,9000.0,1956.0,3.0,400.0,480.0,5.5,,4.0,3,36000,5,60000,49.9,https://www.ford.com/suvs/expedition/2026/models/max-king-ranch/,NHTSA,,"CarEdge, brand-level only, ranks 13th of 19 popular brands",,,100.0,93.50232914321717,90.9945282939649,76.63943123938878,66.66666666666666,83.33333333333333,85.36484245439469,65.69010416666667,64.23611111111111,97.15194363000094
Ford,Ranger,XL,2026,no,Truck,4,5,RWD,Gas,33350.0,1895.0,35245.0,21.0,25.0,23.0,414.0,4.0,98.3,43.2,34.6,,41.0,39.8,,no,43.5,,7500.0,1767.0,4.0,270.0,310.0,,,2.0,3,36000,5,60000,49.9,https://www.ford.com/trucks/ranger/models/xl/,NHTSA,18.0,"CarEdge, brand-level only, ranks 13th of 19 popular brands",5.0,,87.5,76.68720957026896,58.97435897435898,73.9693313222725,100.0,66.66666666666666,96.48656061437191,53.309352517985616,50.0,55.5561601641667
Ford,Ranger,XLT,2026,no,Truck,4,5,RWD,Gas,35875.0,1895.0,37770.0,21.0,25.0,23.0,414.0,4.0,98.3,43.2,34.6,,41.0,39.8,,no,43.5,,7500.0,1763.0,4.0,270.0,310.0,,,2.0,3,36000,5,60000,49.9,https://www.ford.com/trucks/ranger/models/xlt/,NHTSA,18.0,"CarEdge, brand-level only, ranks 13th of 19 popular brands",5.0,,87.5,76.68720957026896,58.97435897435898,73.9693313222725,100.0,66.66666666666666,95.10148107515084,53.309352517985616,50.0,55.54733793214199
Ford,Ranger,Lariat,2026,no,Truck,4,5,RWD,Gas,43755.0,1895.0,45650.0,21.0,25.0,23.0,414.0,4.0,98.3,43.2,34.6,,41.0,39.8,,no,43.5,,7500.0,1513.0,4.0,270.0,310.0,,,3.0,3,36000,5,60000,49.9,https://www.ford.com/trucks/ranger/models/lariat/,NHTSA,18.0,"CarEdge, brand-level only, ranks 13th of 19 popular brands",5.0,,87.5,76.68720957026896,58.97435897435898,73.9693313222725,100.0,75.0,90.7789358200768,53.309352517985616,50.0,54.995948430598105
Ford,Ranger,Raptor,2026,yes,Truck,4,5,4WD,Gas,57070.0,1895.0,58965.0,16.0,18.0,17.0,306.0,4.0,98.3,43.2,34.6,,41.0,39.8,,no,43.5,,5510.0,1373.0,4.0,405.0,430.0,6.2,,4.0,3,36000,5,60000,49.9,https://www.ford.com/trucks/ranger/models/raptor/,NHTSA,18.0,"CarEdge, brand-level only, ranks 13th of 19 popular brands",5.0,,87.5,76.68720957026896,58.97435897435898,54.86425339366516,100.0,83.33333333333333,83.47504114097642,53.309352517985616,84.32203389830508,53.25301447435556
Ford,Super Duty,XL,2026,no,Truck,4,6,RWD,Gas,45675.0,2595.0,48270.0,,,,,,,43.9,43.6,,40.8,40.4,,no,,,17300.0,3794.0,2.0,405.0,445.0,,,0.0,3,36000,5,60000,49.9,https://www.ford.com/trucks/superduty/,,34.0,"CarEdge, brand-level only, ranks 13th of 19 popular brands",6.75,,50.0,89.94190705688852,81.41025641025641,50.0,50.0,50.0,89.34174437739989,53.309352517985616,50.0,67.08950322092781
Ford,Super Duty,XLT,2026,no,Truck,4,6,RWD,Gas,48875.0,2595.0,51470.0,,,,,,,43.9,43.6,,40.8,40.4,,no,,,17300.0,3794.0,2.0,405.0,445.0,,,0.0,3,36000,5,60000,49.9,https://www.ford.com/trucks/superduty/,,34.0,"CarEdge, brand-level only, ranks 13th of 19 popular brands",6.75,,50.0,89.94190705688852,81.41025641025641,50.0,50.0,50.0,87.58639605046626,53.309352517985616,50.0,67.08950322092781
Ford,Super Duty,Lariat,2026,no,Truck,4,6,RWD,Gas,62735.0,2595.0,65330.0,,,,,,,43.9,43.6,,40.8,40.4,,no,,,17300.0,3794.0,2.0,405.0,445.0,,,1.0,3,36000,5,60000,49.9,https://www.ford.com/trucks/superduty/,,34.0,"CarEdge, brand-level only, ranks 13th of 19 popular brands",6.75,,50.0,89.94190705688852,81.41025641025641,50.0,50.0,58.33333333333333,79.983543609435,53.309352517985616,50.0,67.08950322092781
Ford,Super Duty,King Ranch,2026,no,Truck,4,6,4WD,Gas,77775.0,2595.0,80370.0,,,,,,,43.9,43.6,,40.8,40.4,,no,,,18200.0,4302.0,2.0,430.0,485.0,6.2,,1.0,3,36000,5,60000,49.9,https://www.ford.com/trucks/superduty/,,34.0,"CarEdge, brand-level only, ranks 13th of 19 popular brands",6.75,,50.0,89.94190705688852,81.41025641025641,50.0,50.0,58.33333333333333,71.73340647284695,53.309352517985616,59.32203389830509,68.85853987994446
Ford,Super Duty,Platinum,2026,no,Truck,4,6,4WD,Gas,78665.0,2595.0,81260.0,,,,,,,43.9,43.6,,40.8,40.4,,no,,,18200.0,4302.0,2.0,430.0,485.0,6.2,,2.0,3,36000,5,60000,49.9,https://www.ford.com/trucks/superduty/,,34.0,"CarEdge, brand-level only, ranks 13th of 19 popular brands",6.75,,50.0,89.94190705688852,81.41025641025641,50.0,50.0,66.66666666666666,71.24520021941854,53.309352517985616,59.32203389830509,68.85853987994446
Ford,Mustang,EcoBoost,2026,no,Coupe,2,4,RWD,Gas,32640.0,1995.0,34635.0,22.0,33.0,26.0,416.0,5.0,82.8,44.5,29.0,,37.6,34.8,,no,13.3,13.3,,,3.5,315.0,350.0,5.6,,2.0,3,36000,5,60000,49.9,https://www.ford.com/cars/mustang/models/ecoboost/,NHTSA,,"CarEdge, brand-level only, ranks 13th of 19 popular brands",,,100.0,75.85315519863511,74.04371584699453,88.0787037037037,87.5,75.0,99.45680130038477,54.89864864864865,54.88069414316703,50.0
Ford,Mustang,EcoBoost Premium,2026,no,Coupe,2,4,RWD,Gas,36345.0,1995.0,38340.0,22.0,33.0,26.0,416.0,5.0,82.8,44.5,29.0,,37.6,34.8,,no,13.3,13.3,,,3.5,315.0,350.0,5.6,,3.0,3,36000,5,60000,49.9,https://www.ford.com/cars/mustang/models/ecoboost/,NHTSA,,"CarEdge, brand-level only, ranks 13th of 19 popular brands",,,100.0,75.85315519863511,74.04371584699453,88.0787037037037,87.5,87.5,98.69447130717475,54.89864864864865,54.88069414316703,50.0
Ford,Mustang,GT,2026,no,Coupe,2,4,RWD,Gas,46560.0,1995.0,48555.0,15.0,23.0,18.0,288.0,5.0,82.8,44.5,29.0,,37.6,34.8,,no,13.3,13.3,,,3.5,480.0,415.0,4.8,155.0,2.0,3,36000,5,60000,49.9,https://www.ford.com/cars/mustang/models/gt/,NHTSA,,"CarEdge, brand-level only, ranks 13th of 19 popular brands",,,100.0,75.85315519863511,74.04371584699453,60.763888888888886,87.5,75.0,96.59266270241352,54.89864864864865,59.219088937093275,50.0
Ford,Mustang,GT Premium,2026,no,Coupe,2,4,RWD,Gas,51080.0,1995.0,53075.0,15.0,23.0,18.0,288.0,5.0,82.8,44.5,29.0,,37.6,34.8,,no,13.3,13.3,,,3.5,480.0,415.0,4.8,155.0,3.0,3,36000,5,60000,49.9,https://www.ford.com/cars/mustang/models/gt/,NHTSA,,"CarEdge, brand-level only, ranks 13th of 19 popular brands",,,100.0,75.85315519863511,74.04371584699453,60.763888888888886,87.5,87.5,95.66264068640564,54.89864864864865,59.219088937093275,50.0
Ford,Mustang,Dark Horse,2026,yes,Coupe,2,4,RWD,Gas,64080.0,1995.0,66075.0,14.0,22.0,17.0,272.0,5.0,82.8,44.5,29.0,,37.6,34.8,,no,13.3,13.3,,,3.5,500.0,418.0,4.6,166.0,2.0,3,36000,5,60000,49.9,https://www.ford.com/cars/mustang/models/dark-horse/,NHTSA,,"CarEdge, brand-level only, ranks 13th of 19 popular brands",,,100.0,75.85315519863511,74.04371584699453,57.34953703703704,87.5,75.0,92.98779860496697,54.89864864864865,85.30368763557485,50.0
Ford,Transit,150,2026,no,Cargo Van,4,2,RWD,Gas,46305.0,2095.0,48400.0,,,,,,,41.3,,,52.0,,,no,246.7,246.7,5300.0,3716.0,3.0,275.0,260.0,,,2.0,3,36000,5,60000,49.9,https://www.edmunds.com/ford/transit-cargo-van/2026/,,25.0,"CarEdge, brand-level only, ranks 13th of 19 popular brands",,,50.0,100.0,50.0,50.0,75.0,75.0,92.83489096573209,50.0,50.0,57.86192214111922
Ford,Transit,250,2026,no,Cargo Van,4,2,RWD,Gas,47305.0,2095.0,49400.0,,,,,,,41.3,,,52.0,,,no,246.7,246.7,,4116.0,3.0,275.0,260.0,,,2.0,3,36000,5,60000,49.9,https://www.edmunds.com/ford/transit-cargo-van/2026/,,25.0,"CarEdge, brand-level only, ranks 13th of 19 popular brands",,,50.0,100.0,50.0,50.0,75.0,75.0,90.00283205890682,50.0,50.0,77.88929440389295
Ford,Transit,350,2026,no,Cargo Van,4,2,RWD,Gas,48505.0,2095.0,50600.0,,,,,,,41.3,,,52.0,,,no,246.7,246.7,,4496.0,3.0,275.0,260.0,,,2.0,3,36000,5,60000,49.9,https://www.edmunds.com/ford/transit-cargo-van/2026/,,25.0,"CarEdge, brand-level only, ranks 13th of 19 popular brands",,,50.0,100.0,50.0,50.0,75.0,75.0,86.6043613707165,50.0,50.0,89.44647201946472
Ford,Transit,350 HD,2026,no,Cargo Van,4,2,RWD,Gas,49905.0,2095.0,52000.0,,,,,,,41.3,,,52.0,,,no,280.9,280.9,,4843.0,3.0,275.0,260.0,,,2.0,3,36000,5,60000,49.9,https://www.edmunds.com/ford/transit-cargo-van/2026/,,25.0,"CarEdge, brand-level only, ranks 13th of 19 popular brands",,,50.0,100.0,57.905686546463244,50.0,75.0,75.0,82.63947890116114,50.0,50.0,100.0
Ford,Transit Passenger Wagon,XL,2026,no,Cargo Van,4,12,RWD,Gas,57085.0,2095.0,59180.0,,,,,,,41.3,,,52.0,,,yes,,,,3199.0,3.0,275.0,260.0,,,2.0,3,36000,5,60000,49.9,https://www.edmunds.com/ford/transit-passenger-van/2026/,,25.0,"CarEdge, brand-level only, ranks 13th of 19 popular brands",,,50.0,100.0,50.0,50.0,75.0,75.0,62.30529595015577,50.0,50.0,50.0
Ford,Transit Passenger Wagon,XLT,2026,no,Cargo Van,4,12,RWD,Gas,60070.0,2095.0,62165.0,,,,,,,41.3,,,52.0,,,yes,,,,3199.0,3.0,275.0,260.0,,,4.0,3,36000,5,60000,49.9,https://www.edmunds.com/ford/transit-passenger-van/2026/,,25.0,"CarEdge, brand-level only, ranks 13th of 19 popular brands",,,50.0,100.0,50.0,50.0,75.0,100.0,53.85160011328236,50.0,50.0,50.0
Ford,E-Transit,350,2026,no,Cargo Van,4,2,RWD,EV,51165.0,2095.0,53260.0,,,,159.0,,,41.3,,,52.0,,,no,277.7,277.7,,3880.0,,266.0,317.0,,,1.0,3,36000,5,60000,49.9,https://www.edmunds.com/ford/e-transit-cargo-van/2026/,,,"CarEdge, brand-level only, ranks 13th of 19 popular brands",,,50.0,100.0,57.16597318539066,75.0,50.0,62.5,79.07108467856132,50.0,50.0,70.71167883211679
Ram,2500,Tradesman,2026,no,Truck,2,3,RWD,Gas,46855.0,2795.0,49650.0,,,,,,62.0,40.9,,,39.8,,,no,,,15640.0,3930.0,2.5,405.0,429.0,6.9,,0.0,3,36000,10,100000,40.5,https://www.ramtrucks.com/ram-2500/specs.tradesman.html,,32.0,"CarEdge, brand-level only, ranks 6th of 19 popular brands",8.0,,50.0,50.00723013183094,97.43589743589745,50.0,62.5,50.0,88.58475041140977,60.07194244604317,56.35593220338983,66.1931281114122
Ram,2500,Tradesman,2026,no,Truck,2,3,RWD,Diesel,59850.0,2795.0,62645.0,,,,,,62.0,40.9,,,39.8,,,no,,,,,2.5,430.0,1075.0,6.3,,0.0,3,36000,10,100000,40.5,https://www.ramtrucks.com/ram-2500/specs.tradesman.html,,31.0,"CarEdge, brand-level only, ranks 6th of 19 popular brands",8.0,,50.0,50.00723013183094,97.43589743589745,50.0,62.5,50.0,81.45639056500275,60.07194244604317,58.898305084745765,50.0
Ram,2500,Black Express,2026,no,Truck,4,6,RWD,Gas,53070.0,2795.0,55865.0,,,,,,125.0,40.9,40.2,,40.9,39.8,,no,,60.7,15320.0,3610.0,2.5,405.0,429.0,6.9,,0.0,3,36000,10,100000,40.5,https://www.ramtrucks.com/ram-2500/specs.black-express.html,,32.0,"CarEdge, brand-level only, ranks 6th of 19 popular brands",6.4,,50.0,72.57760263755209,76.92307692307693,50.0,62.5,50.0,85.17553483269336,60.07194244604317,56.35593220338983,65.25673152565663
Ram,2500,Black Express,2026,no,Truck,4,6,RWD,Diesel,66065.0,2795.0,68860.0,,,,,,125.0,40.9,40.2,,40.9,39.8,,no,,60.7,,,2.5,430.0,1075.0,6.3,,0.0,3,36000,10,100000,40.5,https://www.ramtrucks.com/ram-2500/specs.black-express.html,,31.0,"CarEdge, brand-level only, ranks 6th of 19 popular brands",6.4,,50.0,72.57760263755209,76.92307692307693,50.0,62.5,50.0,78.04717498628634,60.07194244604317,58.898305084745765,50.0
Ram,2500,Big Horn,2026,no,Truck,2,3,RWD,Gas,50605.0,2795.0,53400.0,,,,,,62.0,40.9,,,39.8,,,no,,,15570.0,3860.0,2.5,405.0,429.0,6.9,,0.0,3,36000,10,100000,40.5,https://www.ramtrucks.com/ram-2500/specs.big-horn.html,,32.0,"CarEdge, brand-level only, ranks 6th of 19 popular brands",8.0,,50.0,50.00723013183094,97.43589743589745,50.0,62.5,50.0,86.52770159078443,60.07194244604317,56.35593220338983,65.98829135827816
Ram,2500,Big Horn,2026,no,Truck,2,3,RWD,Diesel,63600.0,2795.0,66395.0,,,,,,62.0,40.9,,,39.8,,,no,,,,,2.5,430.0,1075.0,6.3,,0.0,3,36000,10,100000,40.5,https://www.ramtrucks.com/ram-2500/specs.big-horn.html,,31.0,"CarEdge, brand-level only, ranks 6th of 19 popular brands",8.0,,50.0,50.00723013183094,97.43589743589745,50.0,62.5,50.0,79.3993417443774,60.07194244604317,58.898305084745765,50.0
Ram,2500,Warlock,2026,no,Truck,4,6,4WD,Gas,56400.0,2795.0,59195.0,,,,,,125.0,40.9,40.2,,40.9,39.8,,no,,60.7,15030.0,3320.0,2.5,405.0,429.0,6.9,,0.0,3,36000,10,100000,40.5,https://www.ramtrucks.com/ram-2500/specs.warlock.html,,32.0,"CarEdge, brand-level only, ranks 6th of 19 popular brands",6.4,,50.0,72.57760263755209,76.92307692307693,50.0,62.5,50.0,83.34887547997806,60.07194244604317,56.35593220338983,64.40812211981567
Ram,2500,Warlock,2026,no,Truck,4,6,4WD,Diesel,69395.0,2795.0,72190.0,,,,,,125.0,40.9,40.2,,40.9,39.8,,no,,60.7,,,2.5,430.0,1075.0,6.3,,0.0,3,36000,10,100000,40.5,https://www.ramtrucks.com/ram-2500/specs.warlock.html,,31.0,"CarEdge, brand-level only, ranks 6th of 19 popular brands",6.4,,50.0,72.57760263755209,76.92307692307693,50.0,62.5,50.0,76.22051563357104,60.07194244604317,58.898305084745765,50.0
Ram,2500,Laramie,2026,no,Truck,4,6,RWD,Gas,62310.0,2795.0,65105.0,,,,,,125.0,40.9,40.2,,40.9,39.8,,no,,60.7,15220.0,3510.0,2.5,405.0,429.0,6.9,,0.0,3,36000,10,100000,40.5,https://www.ramtrucks.com/ram-2500/specs.laramie.html,,32.0,"CarEdge, brand-level only, ranks 6th of 19 popular brands",6.4,,50.0,72.57760263755209,76.92307692307693,50.0,62.5,50.0,80.10696653867252,60.07194244604317,56.35593220338983,64.96410759260803
Ram,2500,Laramie,2026,no,Truck,4,6,4WD,Diesel,79750.0,2795.0,82545.0,,,,,,125.0,40.9,40.2,,40.9,39.8,,no,,60.7,,,2.5,430.0,1075.0,6.3,,0.0,3,36000,10,100000,40.5,https://www.ramtrucks.com/ram-2500/specs.laramie.html,,31.0,"CarEdge, brand-level only, ranks 6th of 19 popular brands",6.4,,50.0,72.57760263755209,76.92307692307693,50.0,62.5,50.0,70.54031815688425,60.07194244604317,58.898305084745765,50.0
Ram,2500,Rebel,2026,no,Truck,4,6,4WD,Gas,69755.0,2795.0,72550.0,,,,,,125.0,40.9,40.2,,40.9,39.8,,no,,60.7,14700.0,2990.0,2.5,405.0,429.0,6.9,,0.0,3,36000,10,100000,40.5,https://www.ramtrucks.com/ram-2500/specs.rebel.html,,32.0,"CarEdge, brand-level only, ranks 6th of 19 popular brands",6.4,,50.0,72.57760263755209,76.92307692307693,50.0,62.5,50.0,76.023038946791,60.07194244604317,56.35593220338983,63.44246314075525
Ram,2500,Rebel,2026,no,Truck,4,6,4WD,Diesel,82750.0,2795.0,85545.0,,,,,,125.0,40.9,40.2,,40.9,39.8,,no,,60.7,,,2.5,430.0,1075.0,6.3,,0.0,3,36000,10,100000,40.5,https://www.ramtrucks.com/ram-2500/specs.rebel.html,,31.0,"CarEdge, brand-level only, ranks 6th of 19 popular brands",6.4,,50.0,72.57760263755209,76.92307692307693,50.0,62.5,50.0,68.89467910038398,60.07194244604317,58.898305084745765,50.0
Ram,2500,Power Wagon,2026,no,Truck,4,6,4WD,Gas,73250.0,2795.0,76045.0,,,,,,,40.9,40.2,,40.9,39.8,,no,,,10630.0,1570.0,2.5,405.0,429.0,6.9,,0.0,3,36000,10,100000,40.5,https://www.ramtrucks.com/ram-2500/specs.power-wagon.html,,32.0,"CarEdge, brand-level only, ranks 6th of 19 popular brands",6.4,,50.0,72.57760263755209,76.92307692307693,50.0,62.5,50.0,74.10586944596818,60.07194244604317,56.35593220338983,57.37739778204208
Ram,2500,Limited,2026,no,Truck,4,5,RWD,Gas,74610.0,2795.0,77405.0,,,,,,125.0,40.9,40.2,,40.9,39.8,,no,,60.7,14770.0,3060.0,2.5,405.0,429.0,6.9,,1.0,3,36000,10,100000,40.5,https://www.ramtrucks.com/ram-2500/specs.limited.html,,32.0,"CarEdge, brand-level only, ranks 6th of 19 popular brands",6.4,,50.0,72.57760263755209,76.92307692307693,50.0,62.5,58.33333333333333,73.3598464070214,60.07194244604317,56.35593220338983,63.64729989388928
Ram,2500,Limited,2026,no,Truck,4,5,4WD,Diesel,92050.0,2795.0,94845.0,,,,,,125.0,40.9,40.2,,40.9,39.8,,no,,60.7,,,2.5,430.0,1075.0,6.3,,1.0,3,36000,10,100000,40.5,https://www.ramtrucks.com/ram-2500/specs.limited.html,,31.0,"CarEdge, brand-level only, ranks 6th of 19 popular brands",6.4,,50.0,72.57760263755209,76.92307692307693,50.0,62.5,58.33333333333333,63.79319802523313,60.07194244604317,58.898305084745765,50.0
Ram,2500,Limited Longhorn,2026,no,Truck,4,5,RWD,Gas,74610.0,2795.0,77405.0,,,,,,125.0,40.9,40.2,,40.9,39.8,,no,,60.7,14770.0,3060.0,2.5,405.0,429.0,6.9,,1.0,3,36000,10,100000,40.5,https://www.ramtrucks.com/ram-2500/specs.limited-longhorn.html,,32.0,"CarEdge, brand-level only, ranks 6th of 19 popular brands",6.4,,50.0,72.57760263755209,76.92307692307693,50.0,62.5,58.33333333333333,73.3598464070214,60.07194244604317,56.35593220338983,63.64729989388928
Ram,2500,Limited Longhorn,2026,no,Truck,4,5,4WD,Diesel,92050.0,2795.0,94845.0,,,,,,125.0,40.9,40.2,,40.9,39.8,,no,,60.7,,,2.5,430.0,1075.0,6.3,,1.0,3,36000,10,100000,40.5,https://www.ramtrucks.com/ram-2500/specs.limited-longhorn.html,,31.0,"CarEdge, brand-level only, ranks 6th of 19 popular brands",6.4,,50.0,72.57760263755209,76.92307692307693,50.0,62.5,58.33333333333333,63.79319802523313,60.07194244604317,58.898305084745765,50.0
Ram,3500,Tradesman,2026,no,Truck,2,3,RWD,Gas,48155.0,2795.0,50950.0,,,,,,,40.9,,,39.8,,,no,,,18250.0,4680.0,2.0,405.0,429.0,,,0.0,3,36000,10,100000,40.5,https://www.ramtrucks.com/ram-3500/specs.tradesman.html,,32.0,"CarEdge, brand-level only, ranks 6th of 19 popular brands",8.0,,50.0,50.00723013183094,97.43589743589745,50.0,50.0,50.0,87.87164015359298,60.07194244604317,50.0,69.72827487249435
Ram,3500,Tradesman,2026,no,Truck,2,3,RWD,Diesel,60750.0,2795.0,63545.0,,,,,,,40.9,,,39.8,,,no,,,,,2.0,430.0,1075.0,,,0.0,3,36000,10,100000,40.5,https://www.ramtrucks.com/ram-3500/specs.tradesman.html,,31.0,"CarEdge, brand-level only, ranks 6th of 19 popular brands",8.0,,50.0,50.00723013183094,97.43589743589745,50.0,50.0,50.0,80.96269884805267,60.07194244604317,50.0,50.0
Ram,3500,Big Horn,2026,no,Truck,2,3,4WD,Gas,54835.0,2795.0,57630.0,,,,,,,40.9,,,39.8,,,no,,,36720.0,,2.0,405.0,429.0,,,0.0,3,36000,10,100000,40.5,https://www.ramtrucks.com/ram-3500/specs.big-horn.html,,32.0,"CarEdge, brand-level only, ranks 6th of 19 popular brands",8.0,,50.0,50.00723013183094,97.43589743589745,50.0,50.0,50.0,84.20735052111903,60.07194244604317,50.0,100.0
Ram,3500,Big Horn,2026,no,Truck,2,3,4WD,Diesel,67430.0,2795.0,70225.0,,,,,,,40.9,,,39.8,,,no,,,,,2.0,430.0,1075.0,,,0.0,3,36000,10,100000,40.5,https://www.ramtrucks.com/ram-3500/specs.big-horn.html,,31.0,"CarEdge, brand-level only, ranks 6th of 19 popular brands",8.0,,50.0,50.00723013183094,97.43589743589745,50.0,50.0,50.0,77.29840921557872,60.07194244604317,50.0,50.0
Ram,3500,Laramie,2026,no,Truck,4,6,RWD,Gas,63610.0,2795.0,66405.0,,,,,,,40.9,40.2,,40.9,39.8,,no,,,23950.0,,2.0,405.0,429.0,,,0.0,3,36000,10,100000,40.5,https://www.ramtrucks.com/ram-3500/specs.laramie.html,,32.0,"CarEdge, brand-level only, ranks 6th of 19 popular brands",6.4,,50.0,72.57760263755209,76.92307692307693,50.0,50.0,50.0,79.39385628085574,60.07194244604317,50.0,81.59379897710896
Ram,3500,Laramie,2026,no,Truck,4,6,4WD,Diesel,81050.0,2795.0,83845.0,,,,,,,40.9,40.2,,40.9,39.8,,no,,,,,2.0,430.0,1075.0,,,0.0,3,36000,10,100000,40.5,https://www.ramtrucks.com/ram-3500/specs.laramie.html,,31.0,"CarEdge, brand-level only, ranks 6th of 19 popular brands",6.4,,50.0,72.57760263755209,76.92307692307693,50.0,50.0,50.0,69.82720789906747,60.07194244604317,50.0,50.0
Ram,3500,Limited,2026,no,Truck,4,5,4WD,Gas,78550.0,2795.0,81345.0,,,,,,,40.9,40.2,,40.9,39.8,,no,,,33080.0,,2.0,405.0,429.0,,,1.0,3,36000,10,100000,40.5,https://www.ramtrucks.com/ram-3500/specs.limited.html,,32.0,"CarEdge, brand-level only, ranks 6th of 19 popular brands",6.4,,50.0,72.57760263755209,76.92307692307693,50.0,50.0,58.33333333333333,71.19857377948436,60.07194244604317,50.0,94.75343995901932
Ram,3500,Limited,2026,no,Truck,4,5,4WD,Diesel,93350.0,2795.0,96145.0,,,,,,,40.9,40.2,,40.9,39.8,,no,,,,,2.0,430.0,1075.0,,,1.0,3,36000,10,100000,40.5,https://www.ramtrucks.com/ram-3500/specs.limited.html,,31.0,"CarEdge, brand-level only, ranks 6th of 19 popular brands",6.4,,50.0,72.57760263755209,76.92307692307693,50.0,50.0,58.33333333333333,63.080087767416344,60.07194244604317,50.0,50.0
Ram,3500,Limited Longhorn,2026,no,Truck,4,5,4WD,Gas,78840.0,2795.0,81635.0,,,,,,,40.9,40.2,,40.9,39.8,,no,,,23000.0,,2.0,405.0,429.0,,,1.0,3,36000,10,100000,40.5,https://www.ramtrucks.com/ram-3500/specs.limited-longhorn.html,,32.0,"CarEdge, brand-level only, ranks 6th of 19 popular brands",6.4,,50.0,72.57760263755209,76.92307692307693,50.0,50.0,58.33333333333333,71.03949533735602,60.07194244604317,50.0,80.22450446091894
Ram,3500,Limited Longhorn,2026,no,Truck,4,5,4WD,Diesel,93350.0,2795.0,96145.0,,,,,,,40.9,40.2,,40.9,39.8,,no,,,,,2.0,430.0,1075.0,,,1.0,3,36000,10,100000,40.5,https://www.ramtrucks.com/ram-3500/specs.limited-longhorn.html,,31.0,"CarEdge, brand-level only, ranks 6th of 19 popular brands",6.4,,50.0,72.57760263755209,76.92307692307693,50.0,50.0,58.33333333333333,63.080087767416344,60.07194244604317,50.0,50.0
Ram,ProMaster,"1500 Tradesman Low Roof w/118"" WB",2026,no,Cargo Van,3,2,FWD,Gas,45870.0,,45870.0,,,,,,,38.8,,,43.0,,,no,259.0,259.0,6910.0,4160.0,3.0,276.0,250.0,,,0.0,3,36000,10,100000,40.5,https://www.edmunds.com/ram/promaster-cargo-van/2026/st-402095904/features-specs/,,24.0,"CarEdge, brand-level only, ranks 6th of 19 popular brands",,"3.0/5.0 (RepairPal, brand-level only, ranks 23rd of 32 brands)",50.0,50.0,52.843273231622746,50.0,75.0,50.0,100.0,100.0,50.0,89.61374695863748
Ram,ProMaster,"1500 Tradesman Low Roof w/136"" WB",2026,no,Cargo Van,3,2,FWD,Gas,48565.0,,48565.0,,,,,,,38.8,,,43.0,,,no,304.0,304.0,6800.0,4060.0,3.0,276.0,250.0,,,0.0,3,36000,10,100000,40.5,https://www.edmunds.com/ram/promaster-cargo-van/2026/st-402095902/features-specs/,,24.0,"CarEdge, brand-level only, ranks 6th of 19 popular brands",,"3.0/5.0 (RepairPal, brand-level only, ranks 23rd of 32 brands)",50.0,50.0,63.245492371705964,50.0,75.0,50.0,92.36760124610592,100.0,50.0,86.38499115926916
Ram,ProMaster,"1500 Tradesman High Roof w/136"" WB",2026,no,Cargo Van,3,2,FWD,Gas,49425.0,,49425.0,,,,,,,38.8,,,43.0,,,no,353.0,353.0,6700.0,3800.0,3.0,276.0,250.0,,,0.0,3,36000,10,100000,40.5,https://www.edmunds.com/ram/promaster-cargo-van/2026/st-402095910/features-specs/,,24.0,"CarEdge, brand-level only, ranks 6th of 19 popular brands",,"3.0/5.0 (RepairPal, brand-level only, ranks 23rd of 32 brands)",50.0,50.0,74.57235321312992,50.0,75.0,50.0,89.9320305862362,100.0,50.0,80.87842483867556
Ram,ProMaster,"2500 Tradesman Low Roof w/136"" WB",2026,no,Cargo Van,3,2,FWD,Gas,50165.0,,50165.0,,,,,,,38.8,,,43.0,,,no,304.0,304.0,6800.0,4400.0,3.0,276.0,250.0,,,0.0,3,36000,10,100000,40.5,https://www.edmunds.com/ram/promaster-cargo-van/2026/features-specs/,,24.0,"CarEdge, brand-level only, ranks 6th of 19 popular brands",,"3.0/5.0 (RepairPal, brand-level only, ranks 23rd of 32 brands)",50.0,50.0,63.245492371705964,50.0,75.0,50.0,87.8363069951855,100.0,50.0,91.55530746097233
Ram,ProMaster,"2500 Tradesman High Roof w/136"" WB",2026,no,Cargo Van,3,2,FWD,Gas,51115.0,,51115.0,,,,,,,38.8,,,43.0,,,no,353.0,353.0,6700.0,4150.0,3.0,276.0,250.0,,,0.0,3,36000,10,100000,40.5,https://www.edmunds.com/ram/promaster-cargo-van/2026/features-specs/,,24.0,"CarEdge, brand-level only, ranks 6th of 19 popular brands",,"3.0/5.0 (RepairPal, brand-level only, ranks 23rd of 32 brands)",50.0,50.0,74.57235321312992,50.0,75.0,50.0,85.1458510337015,100.0,50.0,86.2008092668994
Ram,ProMaster,"2500 Tradesman High Roof w/159"" WB",2026,no,Cargo Van,3,2,FWD,Gas,51800.0,,51800.0,,,,,,,38.8,,,43.0,,,no,420.0,420.0,6480.0,4000.0,3.0,276.0,250.0,,,0.0,3,36000,10,100000,40.5,https://www.edmunds.com/ram/promaster-cargo-van/2026/st-402095915/features-specs/,,24.0,"CarEdge, brand-level only, ranks 6th of 19 popular brands",,"3.0/5.0 (RepairPal, brand-level only, ranks 23rd of 32 brands)",50.0,50.0,90.06010171058715,50.0,75.0,50.0,83.20589068252619,100.0,50.0,80.5036383007662
Ram,ProMaster,"3500 Tradesman Low Roof w/136"" WB",2026,no,Cargo Van,3,2,FWD,Gas,51225.0,,51225.0,,,,,,,38.8,,,43.0,,,no,304.0,304.0,6700.0,4820.0,3.0,276.0,250.0,,,0.0,3,36000,10,100000,40.5,https://www.edmunds.com/ram/promaster-cargo-van/2026/st-402095906/features-specs/,,24.0,"CarEdge, brand-level only, ranks 6th of 19 popular brands",,"3.0/5.0 (RepairPal, brand-level only, ranks 23rd of 32 brands)",50.0,50.0,63.245492371705964,50.0,75.0,50.0,84.83432455395072,100.0,50.0,96.38937374378504
Ram,ProMaster,"3500 Tradesman High Roof w/136"" WB",2026,no,Cargo Van,3,2,FWD,Gas,52175.0,,52175.0,,,,,,,38.8,,,43.0,,,no,353.0,353.0,6600.0,4560.0,3.0,276.0,250.0,,,0.0,3,36000,10,100000,40.5,https://www.edmunds.com/ram/promaster-cargo-van/2026/st-402095918/features-specs/,,24.0,"CarEdge, brand-level only, ranks 6th of 19 popular brands",,"3.0/5.0 (RepairPal, brand-level only, ranks 23rd of 32 brands)",50.0,50.0,74.57235321312992,50.0,75.0,50.0,82.14386859246673,100.0,50.0,90.88280742319142
Ram,ProMaster,"3500 Tradesman High Roof w/159"" WB",2026,no,Cargo Van,3,2,FWD,Gas,52825.0,,52825.0,,,,,,,38.8,,,43.0,,,no,420.0,420.0,6480.0,4430.0,3.0,276.0,250.0,,,0.0,3,36000,10,100000,40.5,https://www.edmunds.com/ram/promaster-cargo-van/2026/st-402095917/features-specs/,,24.0,"CarEdge, brand-level only, ranks 6th of 19 popular brands",,"3.0/5.0 (RepairPal, brand-level only, ranks 23rd of 32 brands)",50.0,50.0,90.06010171058715,50.0,75.0,50.0,80.30303030303031,100.0,50.0,87.0425677411555
Ram,ProMaster,"3500 Tradesman High Roof Ext w/159"" WB",2026,no,Cargo Van,3,2,FWD,Gas,55685.0,,55685.0,,,,,,,38.8,,,43.0,,,no,463.0,463.0,6410.0,4320.0,3.0,276.0,250.0,,,0.0,3,36000,10,100000,40.5,https://www.edmunds.com/ram/promaster-cargo-van/2026/features-specs/,,24.0,"CarEdge, brand-level only, ranks 6th of 19 popular brands",,"3.0/5.0 (RepairPal, brand-level only, ranks 23rd of 32 brands)",50.0,50.0,100.0,50.0,75.0,50.0,72.20334182951005,100.0,50.0,84.28286182768886
Ram,ProMaster,"3500 Tradesman Super High Roof Ext w/159"" WB",2026,no,Cargo Van,3,2,FWD,Gas,56530.0,,56530.0,,,,,,,38.8,,,43.0,,,no,463.0,463.0,6410.0,4300.0,3.0,276.0,250.0,,,0.0,3,36000,10,100000,40.5,https://www.edmunds.com/ram/promaster-cargo-van/2026/features-specs/,,24.0,"CarEdge, brand-level only, ranks 6th of 19 popular brands",,"3.0/5.0 (RepairPal, brand-level only, ranks 23rd of 32 brands)",50.0,50.0,100.0,50.0,75.0,50.0,69.8102520532427,100.0,50.0,83.97872557464751
Ram,ProMaster,"1500 SLT Low Roof w/136"" WB",2026,no,Cargo Van,3,2,FWD,Gas,51560.0,,51560.0,,,,,,,38.8,,,43.0,,,no,304.0,304.0,6800.0,4060.0,3.0,276.0,250.0,,,0.0,3,36000,10,100000,40.5,https://www.edmunds.com/ram/promaster-cargo-van/2026/st-402095900/features-specs/,,24.0,"CarEdge, brand-level only, ranks 6th of 19 popular brands",,"3.0/5.0 (RepairPal, brand-level only, ranks 23rd of 32 brands)",50.0,50.0,63.245492371705964,50.0,75.0,50.0,83.88558482016427,100.0,50.0,86.38499115926916
Ram,ProMaster,"1500 SLT High Roof w/136"" WB",2026,no,Cargo Van,3,2,FWD,Gas,52420.0,,52420.0,,,,,,,38.8,,,43.0,,,no,353.0,353.0,6700.0,3800.0,3.0,276.0,250.0,,,0.0,3,36000,10,100000,40.5,https://www.edmunds.com/ram/promaster-cargo-van/2026/st-402095903/features-specs/,,24.0,"CarEdge, brand-level only, ranks 6th of 19 popular brands",,"3.0/5.0 (RepairPal, brand-level only, ranks 23rd of 32 brands)",50.0,50.0,74.57235321312992,50.0,75.0,50.0,81.45001416029453,100.0,50.0,80.87842483867556
Ram,ProMaster,"2500 SLT Low Roof w/136"" WB",2026,no,Cargo Van,3,2,FWD,Gas,53160.0,,53160.0,,,,,,,38.8,,,43.0,,,no,304.0,304.0,6800.0,4400.0,3.0,276.0,250.0,,,0.0,3,36000,10,100000,40.5,https://www.edmunds.com/ram/promaster-cargo-van/2026/st-402095911/features-specs/,,24.0,"CarEdge, brand-level only, ranks 6th of 19 popular brands",,"3.0/5.0 (RepairPal, brand-level only, ranks 23rd of 32 brands)",50.0,50.0,63.245492371705964,50.0,75.0,50.0,79.35429056924384,100.0,50.0,91.55530746097233
Ram,ProMaster,"2500 SLT High Roof w/136"" WB",2026,no,Cargo Van,3,2,FWD,Gas,54110.0,,54110.0,,,,,,,38.8,,,43.0,,,no,353.0,353.0,6700.0,4150.0,3.0,276.0,250.0,,,0.0,3,36000,10,100000,40.5,https://www.edmunds.com/ram/promaster-cargo-van/2026/st-402095924/features-specs/,,24.0,"CarEdge, brand-level only, ranks 6th of 19 popular brands",,"3.0/5.0 (RepairPal, brand-level only, ranks 23rd of 32 brands)",50.0,50.0,74.57235321312992,50.0,75.0,50.0,76.66383460775984,100.0,50.0,86.2008092668994
Ram,ProMaster,"2500 SLT High Roof w/159"" WB",2026,no,Cargo Van,3,2,FWD,Gas,54795.0,,54795.0,,,,,,,38.8,,,43.0,,,no,420.0,420.0,6480.0,4000.0,3.0,276.0,250.0,,,0.0,3,36000,10,100000,40.5,https://www.edmunds.com/ram/promaster-cargo-van/2026/features-specs/,,24.0,"CarEdge, brand-level only, ranks 6th of 19 popular brands",,"3.0/5.0 (RepairPal, brand-level only, ranks 23rd of 32 brands)",50.0,50.0,90.06010171058715,50.0,75.0,50.0,74.72387425658454,100.0,50.0,80.5036383007662
Ram,ProMaster,"3500 SLT Low Roof w/136"" WB",2026,no,Cargo Van,3,2,FWD,Gas,54220.0,,54220.0,,,,,,,38.8,,,43.0,,,no,304.0,304.0,6700.0,4820.0,3.0,276.0,250.0,,,0.0,3,36000,10,100000,40.5,https://www.edmunds.com/ram/promaster-cargo-van/2026/st-402095916/features-specs/,,24.0,"CarEdge, brand-level only, ranks 6th of 19 popular brands",,"3.0/5.0 (RepairPal, brand-level only, ranks 23rd of 32 brands)",50.0,50.0,63.245492371705964,50.0,75.0,50.0,76.35230812800906,100.0,50.0,96.38937374378504
Ram,ProMaster,"3500 SLT High Roof w/136"" WB",2026,no,Cargo Van,3,2,FWD,Gas,55170.0,,55170.0,,,,,,,38.8,,,43.0,,,no,353.0,353.0,6600.0,4560.0,3.0,276.0,250.0,,,0.0,3,36000,10,100000,40.5,https://www.edmunds.com/ram/promaster-cargo-van/2026/st-402095907/features-specs/,,24.0,"CarEdge, brand-level only, ranks 6th of 19 popular brands",,"3.0/5.0 (RepairPal, brand-level only, ranks 23rd of 32 brands)",50.0,50.0,74.57235321312992,50.0,75.0,50.0,73.66185216652507,100.0,50.0,90.88280742319142
Ram,ProMaster,"3500 SLT High Roof w/159"" WB",2026,no,Cargo Van,3,2,FWD,Gas,55820.0,,55820.0,,,,,,,38.8,,,43.0,,,no,420.0,420.0,6480.0,4430.0,3.0,276.0,250.0,,,0.0,3,36000,10,100000,40.5,https://www.edmunds.com/ram/promaster-cargo-van/2026/st-402095929/features-specs/,,24.0,"CarEdge, brand-level only, ranks 6th of 19 popular brands",,"3.0/5.0 (RepairPal, brand-level only, ranks 23rd of 32 brands)",50.0,50.0,90.06010171058715,50.0,75.0,50.0,71.82101387708865,100.0,50.0,87.0425677411555
Ram,ProMaster,"3500 SLT High Roof Ext w/159"" WB",2026,no,Cargo Van,3,2,FWD,Gas,58680.0,,58680.0,,,,,,,38.8,,,43.0,,,no,463.0,463.0,6410.0,4320.0,3.0,276.0,250.0,,,0.0,3,36000,10,100000,40.5,https://www.edmunds.com/ram/promaster-cargo-van/2026/features-specs/,,24.0,"CarEdge, brand-level only, ranks 6th of 19 popular brands",,"3.0/5.0 (RepairPal, brand-level only, ranks 23rd of 32 brands)",50.0,50.0,100.0,50.0,75.0,50.0,63.72132540356839,100.0,50.0,84.28286182768886
Ram,ProMaster,"3500 SLT Super High Roof Ext w/159"" WB",2026,no,Cargo Van,3,2,FWD,Gas,59525.0,,59525.0,,,,,,,38.8,,,43.0,,,no,463.0,463.0,6410.0,4300.0,3.0,276.0,250.0,,,0.0,3,36000,10,100000,40.5,https://www.edmunds.com/ram/promaster-cargo-van/2026/st-402095928/features-specs/,,24.0,"CarEdge, brand-level only, ranks 6th of 19 popular brands",,"3.0/5.0 (RepairPal, brand-level only, ranks 23rd of 32 brands)",50.0,50.0,100.0,50.0,75.0,50.0,61.32823562730105,100.0,50.0,83.97872557464751
Ram,ProMaster,"1500 SLT+ Low Roof w/136"" WB",2026,no,Cargo Van,3,2,FWD,Gas,55560.0,,55560.0,,,,,,,38.8,,,43.0,,,no,304.0,304.0,6800.0,4060.0,3.0,276.0,250.0,,,1.0,3,36000,10,100000,40.5,https://www.edmunds.com/ram/promaster-cargo-van/2026/st-402095901/features-specs/,,24.0,"CarEdge, brand-level only, ranks 6th of 19 popular brands",,"3.0/5.0 (RepairPal, brand-level only, ranks 23rd of 32 brands)",50.0,50.0,63.245492371705964,50.0,75.0,62.5,72.55734919286321,100.0,50.0,86.38499115926916
Ram,ProMaster,"1500 SLT+ High Roof w/136"" WB",2026,no,Cargo Van,3,2,FWD,Gas,56420.0,,56420.0,,,,,,,38.8,,,43.0,,,no,353.0,353.0,6700.0,3800.0,3.0,276.0,250.0,,,1.0,3,36000,10,100000,40.5,https://www.edmunds.com/ram/promaster-cargo-van/2026/features-specs/,,24.0,"CarEdge, brand-level only, ranks 6th of 19 popular brands",,"3.0/5.0 (RepairPal, brand-level only, ranks 23rd of 32 brands)",50.0,50.0,74.57235321312992,50.0,75.0,62.5,70.12177853299349,100.0,50.0,80.87842483867556
Ram,ProMaster,"2500 SLT+ Low Roof w/136"" WB",2026,no,Cargo Van,3,2,FWD,Gas,57160.0,,57160.0,,,,,,,38.8,,,43.0,,,no,304.0,304.0,6800.0,4400.0,3.0,276.0,250.0,,,1.0,3,36000,10,100000,40.5,https://www.edmunds.com/ram/promaster-cargo-van/2026/st-402095912/features-specs/,,24.0,"CarEdge, brand-level only, ranks 6th of 19 popular brands",,"3.0/5.0 (RepairPal, brand-level only, ranks 23rd of 32 brands)",50.0,50.0,63.245492371705964,50.0,75.0,62.5,68.02605494194279,100.0,50.0,91.55530746097233
Ram,ProMaster,"2500 SLT+ High Roof w/136"" WB",2026,no,Cargo Van,3,2,FWD,Gas,58110.0,,58110.0,,,,,,,38.8,,,43.0,,,no,353.0,353.0,6700.0,4150.0,3.0,276.0,250.0,,,1.0,3,36000,10,100000,40.5,https://www.edmunds.com/ram/promaster-cargo-van/2026/features-specs/,,24.0,"CarEdge, brand-level only, ranks 6th of 19 popular brands",,"3.0/5.0 (RepairPal, brand-level only, ranks 23rd of 32 brands)",50.0,50.0,74.57235321312992,50.0,75.0,62.5,65.3355989804588,100.0,50.0,86.2008092668994
Ram,ProMaster,"2500 SLT+ High Roof w/159"" WB",2026,no,Cargo Van,3,2,FWD,Gas,58795.0,,58795.0,,,,,,,38.8,,,43.0,,,no,420.0,420.0,6480.0,4000.0,3.0,276.0,250.0,,,1.0,3,36000,10,100000,40.5,https://www.edmunds.com/ram/promaster-cargo-van/2026/features-specs/,,24.0,"CarEdge, brand-level only, ranks 6th of 19 popular brands",,"3.0/5.0 (RepairPal, brand-level only, ranks 23rd of 32 brands)",50.0,50.0,90.06010171058715,50.0,75.0,62.5,63.39563862928349,100.0,50.0,80.5036383007662
Ram,ProMaster,"3500 SLT+ Low Roof w/136"" WB",2026,no,Cargo Van,3,2,FWD,Gas,58220.0,,58220.0,,,,,,,38.8,,,43.0,,,no,304.0,304.0,6700.0,4820.0,3.0,276.0,250.0,,,1.0,3,36000,10,100000,40.5,https://www.edmunds.com/ram/promaster-cargo-van/2026/st-402095905/features-specs/,,24.0,"CarEdge, brand-level only, ranks 6th of 19 popular brands",,"3.0/5.0 (RepairPal, brand-level only, ranks 23rd of 32 brands)",50.0,50.0,63.245492371705964,50.0,75.0,62.5,65.02407250070802,100.0,50.0,96.38937374378504
Ram,ProMaster,"3500 SLT+ High Roof w/136"" WB",2026,no,Cargo Van,3,2,FWD,Gas,59170.0,,59170.0,,,,,,,38.8,,,43.0,,,no,353.0,353.0,6600.0,4560.0,3.0,276.0,250.0,,,1.0,3,36000,10,100000,40.5,https://www.edmunds.com/ram/promaster-cargo-van/2026/features-specs/,,24.0,"CarEdge, brand-level only, ranks 6th of 19 popular brands",,"3.0/5.0 (RepairPal, brand-level only, ranks 23rd of 32 brands)",50.0,50.0,74.57235321312992,50.0,75.0,62.5,62.33361653922402,100.0,50.0,90.88280742319142
Ram,ProMaster,"3500 SLT+ High Roof w/159"" WB",2026,no,Cargo Van,3,2,FWD,Gas,59820.0,,59820.0,,,,,,,38.8,,,43.0,,,no,420.0,420.0,6480.0,4430.0,3.0,276.0,250.0,,,1.0,3,36000,10,100000,40.5,https://www.edmunds.com/ram/promaster-cargo-van/2026/st-402095919/features-specs/,,24.0,"CarEdge, brand-level only, ranks 6th of 19 popular brands",,"3.0/5.0 (RepairPal, brand-level only, ranks 23rd of 32 brands)",50.0,50.0,90.06010171058715,50.0,75.0,62.5,60.4927782497876,100.0,50.0,87.0425677411555
Ram,ProMaster,"3500 SLT+ High Roof Ext w/159"" WB",2026,no,Cargo Van,3,2,FWD,Gas,62680.0,,62680.0,,,,,,,38.8,,,43.0,,,no,463.0,463.0,6410.0,4320.0,3.0,276.0,250.0,,,1.0,3,36000,10,100000,40.5,https://www.edmunds.com/ram/promaster-cargo-van/2026/st-402095921/features-specs/,,24.0,"CarEdge, brand-level only, ranks 6th of 19 popular brands",,"3.0/5.0 (RepairPal, brand-level only, ranks 23rd of 32 brands)",50.0,50.0,100.0,50.0,75.0,62.5,52.393089776267345,100.0,50.0,84.28286182768886
Ram,ProMaster,"3500 SLT+ Super High Roof Ext w/159"" WB",2026,no,Cargo Van,3,2,FWD,Gas,63525.0,,63525.0,,,,,,,38.8,,,43.0,,,no,463.0,463.0,6410.0,4300.0,3.0,276.0,250.0,,,1.0,3,36000,10,100000,40.5,https://www.edmunds.com/ram/promaster-cargo-van/2026/features-specs/,,24.0,"CarEdge, brand-level only, ranks 6th of 19 popular brands",,"3.0/5.0 (RepairPal, brand-level only, ranks 23rd of 32 brands)",50.0,50.0,100.0,50.0,75.0,62.5,50.0,100.0,50.0,83.97872557464751
Ram,Chassis Cab 3500,Tradesman,2026,no,Truck,2,3,RWD,Gas,48605.0,,48605.0,,,,,,,40.9,,,40.9,,,no,,,18880.0,7710.0,2.5,375.0,429.0,,,0.0,3,36000,10,100000,40.5,https://www.ramtrucks.com/ram-chassis-cab/specs.tradesman.html,,52.0,"CarEdge, brand-level only, ranks 6th of 19 popular brands",,,50.0,57.48318644504213,50.0,50.0,62.5,50.0,89.15798134942403,60.07194244604317,50.0,76.86514486552196
Ram,Chassis Cab 3500,Tradesman,2026,no,Truck,2,3,RWD,Diesel,,,,,,,,,,40.9,,,40.9,,,no,,,25680.0,6830.0,2.5,360.0,800.0,,,0.0,3,36000,10,100000,40.5,https://www.ramtrucks.com/ram-chassis-cab/specs.tradesman.html,,52.0,"CarEdge, brand-level only, ranks 6th of 19 popular brands",,,50.0,57.48318644504213,50.0,50.0,62.5,50.0,50.0,60.07194244604317,50.0,79.82488682539909
Ram,Chassis Cab 3500,Big Horn,2026,no,Truck,2,3,RWD,Gas,,,,,,,,,,40.9,,,40.9,,,no,,,18880.0,7710.0,2.5,375.0,429.0,,,0.0,3,36000,10,100000,40.5,https://www.ramtrucks.com/ram-chassis-cab/specs.bighorn.html,,52.0,"CarEdge, brand-level only, ranks 6th of 19 popular brands",,,50.0,57.48318644504213,50.0,50.0,62.5,50.0,50.0,60.07194244604317,50.0,76.86514486552196
Ram,Chassis Cab 3500,Big Horn,2026,no,Truck,2,3,RWD,Diesel,,,,,,,,,,40.9,,,40.9,,,no,,,25680.0,6830.0,2.5,360.0,800.0,,,0.0,3,36000,10,100000,40.5,https://www.ramtrucks.com/ram-chassis-cab/specs.bighorn.html,,52.0,"CarEdge, brand-level only, ranks 6th of 19 popular brands",,,50.0,57.48318644504213,50.0,50.0,62.5,50.0,50.0,60.07194244604317,50.0,79.82488682539909
Ram,Chassis Cab 4500,Tradesman,2026,no,Truck,2,3,RWD,Gas,53655.0,,53655.0,,,,,,,40.9,,,40.9,,,no,,,21240.0,9390.0,,375.0,429.0,,,0.0,3,36000,10,100000,40.5,https://www.ramtrucks.com/ram-chassis-cab/specs.tradesman.html,,52.0,"CarEdge, brand-level only, ranks 6th of 19 popular brands",,,50.0,57.48318644504213,50.0,50.0,50.0,50.0,86.3878222709819,60.07194244604317,50.0,82.27129024126975
Ram,Chassis Cab 4500,Tradesman,2026,no,Truck,2,3,RWD,Diesel,,,,,,,,,,40.9,,,40.9,,,no,,,29440.0,8560.0,,360.0,800.0,,,0.0,3,36000,10,100000,40.5,https://www.ramtrucks.com/ram-chassis-cab/specs.tradesman.html,,52.0,"CarEdge, brand-level only, ranks 6th of 19 popular brands",,,50.0,57.48318644504213,50.0,50.0,50.0,50.0,50.0,60.07194244604317,50.0,86.35026395549042
Ram,Chassis Cab 4500,Big Horn,2026,no,Truck,2,3,RWD,Gas,56660.0,,56660.0,,,,,,,40.9,,,40.9,,,no,,,21240.0,9390.0,,375.0,429.0,,,0.0,3,36000,10,100000,40.5,https://www.ramtrucks.com/ram-chassis-cab/specs.bighorn.html,,52.0,"CarEdge, brand-level only, ranks 6th of 19 popular brands",,,50.0,57.48318644504213,50.0,50.0,50.0,50.0,84.7394404827208,60.07194244604317,50.0,82.27129024126975
Ram,Chassis Cab 4500,Big Horn,2026,no,Truck,2,3,RWD,Diesel,,,,,,,,,,40.9,,,40.9,,,no,,,29440.0,8560.0,,360.0,800.0,,,0.0,3,36000,10,100000,40.5,https://www.ramtrucks.com/ram-chassis-cab/specs.bighorn.html,,52.0,"CarEdge, brand-level only, ranks 6th of 19 popular brands",,,50.0,57.48318644504213,50.0,50.0,50.0,50.0,50.0,60.07194244604317,50.0,86.35026395549042
Ram,Chassis Cab 5500,Tradesman,2026,no,Truck,2,3,RWD,Gas,54775.0,,54775.0,,,,,,,40.9,,,40.9,,,no,,,21230.0,12370.0,,375.0,429.0,,,0.0,3,36000,10,100000,40.5,https://www.ramtrucks.com/ram-chassis-cab/specs.tradesman.html,,52.0,"CarEdge, brand-level only, ranks 6th of 19 popular brands",,,50.0,57.48318644504213,50.0,50.0,50.0,50.0,85.77345035655513,60.07194244604317,50.0,88.83664628642981
Ram,Chassis Cab 5500,Tradesman,2026,no,Truck,2,3,RWD,Diesel,,,,,,,,,,40.9,,,40.9,,,no,,,34380.0,11530.0,,360.0,800.0,,,0.0,3,36000,10,100000,40.5,https://www.ramtrucks.com/ram-chassis-cab/specs.tradesman.html,,52.0,"CarEdge, brand-level only, ranks 6th of 19 popular brands",,,50.0,57.48318644504213,50.0,50.0,50.0,50.0,50.0,60.07194244604317,50.0,96.46093697592588
Ram,Chassis Cab 5500,Big Horn,2026,no,Truck,2,3,RWD,Gas,57770.0,,57770.0,,,,,,,40.9,,,40.9,,,no,,,21230.0,12370.0,,375.0,429.0,,,0.0,3,36000,10,100000,40.5,https://www.ramtrucks.com/ram-chassis-cab/specs.bighorn.html,,52.0,"CarEdge, brand-level only, ranks 6th of 19 popular brands",,,50.0,57.48318644504213,50.0,50.0,50.0,50.0,84.13055403181569,60.07194244604317,50.0,88.83664628642981
Ram,Chassis Cab 5500,Big Horn,2026,no,Truck,2,3,RWD,Diesel,,,,,,,,,,40.9,,,40.9,,,no,,,34380.0,11530.0,,360.0,800.0,,,0.0,3,36000,10,100000,40.5,https://www.ramtrucks.com/ram-chassis-cab/specs.bighorn.html,,52.0,"CarEdge, brand-level only, ranks 6th of 19 popular brands",,,50.0,57.48318644504213,50.0,50.0,50.0,50.0,50.0,60.07194244604317,50.0,96.46093697592588
Tesla,Model 3,Standard RWD,2026,no,Sedan,4,5,RWD,EV,36990.0,1390.0,38380.0,147.0,130.0,139.0,321.0,4.5,,42.7,34.5,,40.3,37.8,,no,24.1,,,,,,,5.8,125.0,3.0,4,50000,8,120000,,https://www.edmunds.com/tesla/model-3/2026/trims/,IIHS,,,,,93.75,76.84339950958791,98.46625766871165,79.8134732899665,50.0,80.0,96.72967197585531,50.0,61.64383561643835,50.0
Tesla,Model 3,Premium RWD,2026,no,Sedan,4,5,RWD,EV,42490.0,1390.0,43880.0,145.0,128.0,137.0,363.0,4.5,,42.7,34.5,,40.3,37.8,,no,24.1,,,,,,,4.9,125.0,3.0,4,50000,8,120000,,https://www.edmunds.com/tesla/model-3/2026/trims/,IIHS,,,,,93.75,76.84339950958791,98.46625766871165,83.0881628227873,50.0,80.0,95.51803141453527,50.0,64.72602739726027,50.0
Tesla,Model 3,Premium AWD,2026,no,Sedan,4,5,AWD,EV,47490.0,1390.0,48880.0,133.0,122.0,128.0,346.0,4.5,,42.7,34.5,,40.3,37.8,,no,24.1,,,,,,,4.2,125.0,3.0,4,50000,8,120000,,https://www.edmunds.com/tesla/model-3/2026/trims/,IIHS,,,,,93.75,76.84339950958791,98.46625766871165,78.53587620737235,50.0,80.0,94.41653999515344,50.0,67.12328767123287,50.0
Tesla,Model 3,Performance AWD,2026,yes,Sedan,4,5,AWD,EV,54990.0,1390.0,56380.0,117.0,106.0,111.0,309.0,4.5,,42.7,34.5,,40.3,37.8,,no,24.1,,,,,510.0,,2.9,163.0,3.0,4,50000,8,120000,,https://www.edmunds.com/tesla/model-3/2026/trims/,IIHS,,,,,93.75,76.84339950958791,98.46625766871165,69.47935146855903,50.0,80.0,92.76430286608067,50.0,96.57534246575342,50.0
Tesla,Cybertruck,Dual Motor All-Wheel Drive,2026,no,Truck,4,5,AWD,EV,74990.0,1390.0,76380.0,85.0,72.0,79.0,325.0,5.0,,41.1,40.9,,41.7,39.0,,no,,117.3,7500.0,2500.0,,600.0,,4.1,112.0,1.0,4,50000,8,150000,,https://www.edmunds.com/tesla/cybertruck/2026/trims/,NHTSA,,,6.0,,100.0,74.33468793351639,71.7948717948718,75.4879679144385,50.0,58.33333333333333,73.92210641799232,50.0,68.22033898305085,57.172834182693386
Tesla,Cybertruck,Premium All-Wheel Drive,2026,no,Truck,4,5,AWD,EV,84990.0,1390.0,86380.0,85.0,72.0,79.0,325.0,5.0,,41.1,40.9,,41.7,39.0,,no,,120.7,11000.0,2500.0,,600.0,,4.1,112.0,1.0,4,50000,8,150000,,https://www.edmunds.com/tesla/cybertruck/2026/trims/,NHTSA,,,6.0,,100.0,74.33468793351639,71.7948717948718,75.4879679144385,50.0,58.33333333333333,68.43664289632474,50.0,68.22033898305085,59.69521881778026
Tesla,Cybertruck,Cyberbeast,2026,yes,Truck,4,5,AWD,EV,99990.0,1390.0,101380.0,85.0,72.0,79.0,320.0,5.0,,41.1,40.9,,41.7,39.0,,no,,120.7,11000.0,2500.0,,845.0,,2.6,130.0,1.0,4,50000,8,150000,,https://www.edmunds.com/tesla/cybertruck/2026/trims/,NHTSA,,,6.0,,100.0,74.33468793351639,71.7948717948718,74.85294117647058,50.0,58.33333333333333,60.20844761382337,50.0,99.57627118644068,59.69521881778026
Volvo,XC40,B4 Core,2026,no,SUV,4,5,FWD,Gas,39900.0,1395.0,41295.0,25.0,32.0,27.0,383.0,5.0,,40.9,36.1,,37.6,38.3,,,20.4,57.5,,,,194.0,221.0,8.1,112.0,1.0,4,50000,4,50000,44.7,https://www.edmunds.com/volvo/xc40/2026/trims/,NHTSA,14.2,model-specific,,,100.0,63.851670466335904,61.62180683717743,76.68718166383701,50.0,58.33333333333333,96.03130182421228,69.07552083333333,55.208333333333336,50.0
Volvo,XC40,B5 Core,2026,no,SUV,4,5,AWD,Gas,42600.0,1395.0,43995.0,23.0,30.0,26.0,369.0,5.0,,40.9,36.1,,37.6,38.3,,,20.4,57.5,,,,247.0,258.0,6.1,112.0,1.0,4,50000,4,50000,44.7,https://www.edmunds.com/volvo/xc40/2026/trims/,NHTSA,14.2,model-specific,,,100.0,63.851670466335904,61.62180683717743,73.96010186757215,50.0,58.33333333333333,95.47160033167496,69.07552083333333,62.15277777777778,50.0
Volvo,XC40,B4 Plus,2026,no,SUV,4,5,FWD,Gas,43900.0,1395.0,45295.0,25.0,32.0,27.0,383.0,5.0,,40.9,36.1,,37.6,38.3,,,20.4,57.5,,,,194.0,221.0,8.1,112.0,2.0,4,50000,4,50000,44.7,https://www.edmunds.com/volvo/xc40/2026/trims/,NHTSA,14.2,model-specific,,,100.0,63.851670466335904,61.62180683717743,76.68718166383701,50.0,66.66666666666666,95.20211442786069,69.07552083333333,55.208333333333336,50.0
Volvo,XC40,B5 Plus,2026,no,SUV,4,5,AWD,Gas,47300.0,1395.0,48695.0,23.0,30.0,26.0,369.0,5.0,,40.9,36.1,,37.6,38.3,,,20.4,57.5,,,,247.0,258.0,6.1,112.0,2.0,4,50000,4,50000,44.7,https://www.edmunds.com/volvo/xc40/2026/trims/,NHTSA,14.2,model-specific,,,100.0,63.851670466335904,61.62180683717743,73.96010186757215,50.0,66.66666666666666,94.49730514096186,69.07552083333333,62.15277777777778,50.0
Volvo,XC40,B5 Ultra,2026,no,SUV,4,5,AWD,Gas,51250.0,1395.0,52645.0,23.0,30.0,26.0,369.0,5.0,,40.9,36.1,,37.6,38.3,,,20.4,57.5,,,,247.0,258.0,6.1,112.0,2.0,4,50000,4,50000,44.7,https://www.edmunds.com/volvo/xc40/2026/trims/,NHTSA,14.2,model-specific,,,100.0,63.851670466335904,61.62180683717743,73.96010186757215,50.0,66.66666666666666,93.67848258706468,69.07552083333333,62.15277777777778,50.0
Volvo,XC40,B5 Ultra Black Edition,2026,no,SUV,4,5,AWD,Gas,51900.0,1395.0,53295.0,23.0,30.0,26.0,369.0,5.0,,40.9,36.1,,37.6,38.3,,,20.4,57.5,,,,247.0,258.0,6.1,112.0,2.0,4,50000,4,50000,44.7,https://www.edmunds.com/volvo/xc40/2026/trims/,NHTSA,14.2,model-specific,,,100.0,63.851670466335904,61.62180683717743,73.96010186757215,50.0,66.66666666666666,93.54373963515755,69.07552083333333,62.15277777777778,50.0
Volvo,XC60,B5 Core,2026,no,SUV,4,5,AWD,Gas,49700.0,1395.0,51095.0,23.0,30.0,26.0,489.0,5.0,,41.5,38.0,,38.0,38.0,,,,63.3,3500.0,,4.0,247.0,266.0,6.5,112.0,1.0,4,50000,4,50000,49.7,https://www.edmunds.com/volvo/xc60/2026/trims/,NHTSA,18.8,model-specific,,"4.0/5.0 (RepairPal, rank 4 of 11 luxury compact SUVs)",100.0,68.15293652663979,63.10989169736747,86.05687606112055,83.33333333333333,58.33333333333333,93.99979270315092,65.8203125,60.763888888888886,65.48165137614679
Volvo,XC60,B5 Plus,2026,no,SUV,4,5,AWD,Gas,54300.0,1395.0,55695.0,23.0,30.0,26.0,489.0,5.0,,41.5,38.0,,38.0,38.0,,,,63.3,3500.0,,4.0,247.0,266.0,6.5,112.0,2.0,4,50000,4,50000,49.7,https://www.edmunds.com/volvo/xc60/2026/trims/,NHTSA,18.8,model-specific,,"4.0/5.0 (RepairPal, rank 4 of 11 luxury compact SUVs)",100.0,68.15293652663979,63.10989169736747,86.05687606112055,83.33333333333333,66.66666666666666,93.0462271973466,65.8203125,60.763888888888886,65.48165137614679
Volvo,XC60,B5 Ultra,2026,no,SUV,4,5,AWD,Gas,59650.0,1395.0,61045.0,23.0,30.0,26.0,489.0,5.0,,41.5,38.0,,38.0,38.0,,,,63.3,3500.0,,4.0,247.0,266.0,6.5,112.0,2.0,4,50000,4,50000,49.7,https://www.edmunds.com/volvo/xc60/2026/trims/,NHTSA,18.8,model-specific,,"4.0/5.0 (RepairPal, rank 4 of 11 luxury compact SUVs)",100.0,68.15293652663979,63.10989169736747,86.05687606112055,83.33333333333333,66.66666666666666,91.93718905472636,65.8203125,60.763888888888886,65.48165137614679
Volvo,XC60,B5 Ultra Black Edition,2026,no,SUV,4,5,AWD,Gas,60800.0,1395.0,62195.0,23.0,30.0,26.0,489.0,5.0,,41.5,38.0,,38.0,38.0,,,,63.3,3500.0,,4.0,247.0,266.0,6.5,112.0,2.0,4,50000,4,50000,49.7,https://www.edmunds.com/volvo/xc60/2026/trims/,NHTSA,18.8,model-specific,,"4.0/5.0 (RepairPal, rank 4 of 11 luxury compact SUVs)",100.0,68.15293652663979,63.10989169736747,86.05687606112055,83.33333333333333,66.66666666666666,91.6987976782753,65.8203125,60.763888888888886,65.48165137614679
Volvo,XC60,T8 Core,2026,no,SUV,4,5,AWD,PHEV,61150.0,1395.0,62545.0,28.0,28.0,28.0,,5.0,,41.5,38.0,,38.0,38.0,,,,63.3,3500.0,,4.0,455.0,523.0,4.5,112.0,1.0,4,50000,4,50000,49.7,https://www.edmunds.com/volvo/xc60/2026/trims/,NHTSA,,model-specific,,"4.0/5.0 (RepairPal, rank 4 of 11 luxury compact SUVs)",100.0,68.15293652663979,63.10989169736747,55.88235294117647,83.33333333333333,58.33333333333333,91.62624378109453,65.8203125,67.70833333333334,65.48165137614679
Volvo,XC60,T8 Plus,2026,no,SUV,4,5,AWD,PHEV,65600.0,1395.0,66995.0,28.0,28.0,28.0,,5.0,,41.5,38.0,,38.0,38.0,,,,63.3,3500.0,,4.0,455.0,523.0,4.5,112.0,2.0,4,50000,4,50000,49.7,https://www.edmunds.com/volvo/xc60/2026/trims/,NHTSA,,model-specific,,"4.0/5.0 (RepairPal, rank 4 of 11 luxury compact SUVs)",100.0,68.15293652663979,63.10989169736747,55.88235294117647,83.33333333333333,66.66666666666666,90.70377280265339,65.8203125,67.70833333333334,65.48165137614679
Volvo,XC60,T8 Ultra,2026,no,SUV,4,5,AWD,PHEV,70950.0,1395.0,72345.0,28.0,28.0,28.0,,5.0,,41.5,38.0,,38.0,38.0,,,,63.3,3500.0,,4.0,455.0,523.0,4.5,112.0,2.0,4,50000,4,50000,49.7,https://www.edmunds.com/volvo/xc60/2026/trims/,NHTSA,,model-specific,,"4.0/5.0 (RepairPal, rank 4 of 11 luxury compact SUVs)",100.0,68.15293652663979,63.10989169736747,55.88235294117647,83.33333333333333,66.66666666666666,89.59473466003317,65.8203125,67.70833333333334,65.48165137614679
Volvo,XC60,T8 Ultra Black Edition,2026,no,SUV,4,5,AWD,PHEV,72050.0,1395.0,73445.0,28.0,28.0,28.0,,5.0,,41.5,38.0,,38.0,38.0,,,,63.3,3500.0,,4.0,455.0,523.0,4.5,112.0,2.0,4,50000,4,50000,49.7,https://www.edmunds.com/volvo/xc60/2026/trims/,NHTSA,,model-specific,,"4.0/5.0 (RepairPal, rank 4 of 11 luxury compact SUVs)",100.0,68.15293652663979,63.10989169736747,55.88235294117647,83.33333333333333,66.66666666666666,89.36670812603649,65.8203125,67.70833333333334,65.48165137614679
Volvo,XC60,T8 Polestar Engineered,2026,yes,SUV,4,5,AWD,PHEV,79800.0,1395.0,81195.0,28.0,28.0,28.0,,5.0,,41.5,38.0,,38.0,38.0,,,,63.3,3500.0,,4.0,455.0,523.0,4.5,112.0,2.0,4,50000,4,50000,49.7,https://www.edmunds.com/volvo/xc60/2026/trims/,NHTSA,,model-specific,,"4.0/5.0 (RepairPal, rank 4 of 11 luxury compact SUVs)",100.0,68.15293652663979,63.10989169736747,55.88235294117647,83.33333333333333,66.66666666666666,87.7601575456053,65.8203125,92.70833333333334,65.48165137614679
Volvo,XC90,B5 Core,2026,no,SUV,4,7,AWD,Gas,61050.0,1395.0,62445.0,22.0,27.0,24.0,451.0,5.0,,40.9,37.0,32.0,38.9,38.5,36.0,yes,,85.7,5000.0,,3.5,247.0,266.0,7.3,112.0,1.0,4,50000,4,50000,54.2,https://www.edmunds.com/volvo/xc90/2026/trims/,NHTSA,18.8,model-specific,,"3.5/5.0 (RepairPal, rank 8 of 14 luxury midsize SUVs)",100.0,69.91845339585495,75.3202858751136,79.5946519524618,75.0,58.33333333333333,91.64697346600332,62.890625,57.986111111111114,74.08256880733944
Volvo,XC90,B5 Plus,2026,no,SUV,4,7,AWD,Gas,65050.0,1395.0,66445.0,22.0,27.0,24.0,451.0,5.0,,40.9,37.0,32.0,38.9,38.5,36.0,yes,,85.7,5000.0,,3.5,247.0,266.0,7.3,112.0,2.0,4,50000,4,50000,54.2,https://www.edmunds.com/volvo/xc90/2026/trims/,NHTSA,18.8,model-specific,,"3.5/5.0 (RepairPal, rank 8 of 14 luxury midsize SUVs)",100.0,69.91845339585495,75.3202858751136,79.5946519524618,75.0,66.66666666666666,90.81778606965173,62.890625,57.986111111111114,74.08256880733944
Volvo,XC90,B5 Ultra,2026,no,SUV,4,7,AWD,Gas,69650.0,1395.0,71045.0,22.0,27.0,24.0,451.0,5.0,,40.9,37.0,32.0,38.9,38.5,36.0,yes,,85.7,5000.0,,3.5,247.0,266.0,7.3,112.0,2.0,4,50000,4,50000,54.2,https://www.edmunds.com/volvo/xc90/2026/trims/,NHTSA,18.8,model-specific,,"3.5/5.0 (RepairPal, rank 8 of 14 luxury midsize SUVs)",100.0,69.91845339585495,75.3202858751136,79.5946519524618,75.0,66.66666666666666,89.86422056384743,62.890625,57.986111111111114,74.08256880733944
Volvo,XC90,B6 Core,2026,no,SUV,4,7,AWD,Gas,66150.0,1395.0,67545.0,20.0,26.0,23.0,432.0,5.0,,40.9,37.0,32.0,38.9,38.5,36.0,yes,,85.7,5000.0,,3.5,295.0,310.0,6.4,112.0,1.0,4,50000,4,50000,54.2,https://www.edmunds.com/volvo/xc90/2026/trims/,NHTSA,18.8,model-specific,,"3.5/5.0 (RepairPal, rank 8 of 14 luxury midsize SUVs)",100.0,69.91845339585495,75.3202858751136,76.36353989813243,75.0,58.33333333333333,90.58975953565505,62.890625,61.11111111111111,74.08256880733944
Volvo,XC90,B6 Plus,2026,no,SUV,4,7,AWD,Gas,68800.0,1395.0,70195.0,20.0,26.0,23.0,432.0,5.0,,40.9,37.0,32.0,38.9,38.5,36.0,yes,,85.7,5000.0,,3.5,295.0,310.0,6.4,112.0,2.0,4,50000,4,50000,54.2,https://www.edmunds.com/volvo/xc90/2026/trims/,NHTSA,18.8,model-specific,,"3.5/5.0 (RepairPal, rank 8 of 14 luxury midsize SUVs)",100.0,69.91845339585495,75.3202858751136,76.36353989813243,75.0,66.66666666666666,90.04042288557214,62.890625,61.11111111111111,74.08256880733944
Volvo,XC90,B6 Ultra,2026,no,SUV,4,7,AWD,Gas,73350.0,1395.0,74745.0,20.0,26.0,23.0,432.0,5.0,,40.9,37.0,32.0,38.9,38.5,36.0,yes,,85.7,5000.0,,3.5,295.0,310.0,6.4,112.0,2.0,4,50000,4,50000,54.2,https://www.edmunds.com/volvo/xc90/2026/trims/,NHTSA,18.8,model-specific,,"3.5/5.0 (RepairPal, rank 8 of 14 luxury midsize SUVs)",100.0,69.91845339585495,75.3202858751136,76.36353989813243,75.0,66.66666666666666,89.09722222222223,62.890625,61.11111111111111,74.08256880733944
Volvo,XC90,B6 Ultra Dark,2026,no,SUV,4,7,AWD,Gas,73350.0,1395.0,74745.0,20.0,26.0,23.0,432.0,5.0,,40.9,37.0,32.0,38.9,38.5,36.0,yes,,85.7,5000.0,,3.5,295.0,310.0,6.4,112.0,2.0,4,50000,4,50000,54.2,https://www.edmunds.com/volvo/xc90/2026/trims/,NHTSA,18.8,model-specific,,"3.5/5.0 (RepairPal, rank 8 of 14 luxury midsize SUVs)",100.0,69.91845339585495,75.3202858751136,76.36353989813243,75.0,66.66666666666666,89.09722222222223,62.890625,61.11111111111111,74.08256880733944
Volvo,XC90,T8 Core,2026,no,SUV,4,7,AWD,PHEV,76200.0,1395.0,77595.0,26.0,27.0,27.0,,5.0,,40.9,37.0,32.0,38.9,38.5,36.0,yes,,85.7,5000.0,,3.5,455.0,523.0,5.0,112.0,1.0,4,50000,4,50000,54.2,https://www.edmunds.com/volvo/xc90/2026/trims/,NHTSA,,model-specific,,"3.5/5.0 (RepairPal, rank 8 of 14 luxury midsize SUVs)",100.0,69.91845339585495,75.3202858751136,54.90196078431373,75.0,58.33333333333333,88.50642620232173,62.890625,65.97222222222223,74.08256880733944
Volvo,XC90,T8 Plus,2026,no,SUV,4,7,AWD,PHEV,78850.0,1395.0,80245.0,26.0,27.0,27.0,,5.0,,40.9,37.0,32.0,38.9,38.5,36.0,yes,,85.7,5000.0,,3.5,455.0,523.0,5.0,112.0,2.0,4,50000,4,50000,54.2,https://www.edmunds.com/volvo/xc90/2026/trims/,NHTSA,,model-specific,,"3.5/5.0 (RepairPal, rank 8 of 14 luxury midsize SUVs)",100.0,69.91845339585495,75.3202858751136,54.90196078431373,75.0,66.66666666666666,87.95708955223881,62.890625,65.97222222222223,74.08256880733944
Volvo,XC90,T8 Ultra,2026,no,SUV,4,7,AWD,PHEV,83400.0,1395.0,84795.0,26.0,27.0,27.0,,5.0,,40.9,37.0,32.0,38.9,38.5,36.0,yes,,85.7,5000.0,,3.5,455.0,523.0,5.0,112.0,2.0,4,50000,4,50000,54.2,https://www.edmunds.com/volvo/xc90/2026/trims/,NHTSA,,model-specific,,"3.5/5.0 (RepairPal, rank 8 of 14 luxury midsize SUVs)",100.0,69.91845339585495,75.3202858751136,54.90196078431373,75.0,66.66666666666666,87.01388888888889,62.890625,65.97222222222223,74.08256880733944
Volvo,XC90,T8 Ultra Dark,2026,no,SUV,4,7,AWD,PHEV,83400.0,1395.0,84795.0,26.0,27.0,27.0,,5.0,,40.9,37.0,32.0,38.9,38.5,36.0,yes,,85.7,5000.0,,3.5,455.0,523.0,5.0,112.0,2.0,4,50000,4,50000,54.2,https://www.edmunds.com/volvo/xc90/2026/trims/,NHTSA,,model-specific,,"3.5/5.0 (RepairPal, rank 8 of 14 luxury midsize SUVs)",100.0,69.91845339585495,75.3202858751136,54.90196078431373,75.0,66.66666666666666,87.01388888888889,62.890625,65.97222222222223,74.08256880733944
Volvo,EX30,Single Motor Extended Range Plus,2026,no,Hatchback,4,5,RWD,EV,38950.0,1395.0,40345.0,127.0,104.0,116.0,261.0,,,41.9,32.3,,41.7,38.3,,,12.4,27.8,,,,268.0,253.0,5.1,112.0,2.0,4,50000,4,50000,61.4,https://www.edmunds.com/volvo/ex30/2026/trims/,,,model-specific,,,50.0,84.72681372843658,67.13328600585677,80.50239234449761,50.0,75.0,75.00420946287254,51.15919629057187,67.27272727272728,50.0
Volvo,EX30,Twin Motor Performance Plus,2026,yes,Hatchback,4,5,AWD,EV,44950.0,1395.0,46345.0,116.0,100.0,109.0,253.0,,,41.9,32.3,,41.7,38.3,,,12.4,27.8,,,,422.0,400.0,3.4,112.0,2.0,4,50000,4,50000,61.4,https://www.edmunds.com/volvo/ex30/2026/trims/,,,model-specific,,,50.0,84.72681372843658,67.13328600585677,69.91626794258373,50.0,75.0,64.90149856878263,51.15919629057187,100.0,50.0
Volvo,EX30,Twin Motor Performance Ultra,2026,yes,Hatchback,4,5,AWD,EV,46650.0,1395.0,48045.0,116.0,100.0,109.0,253.0,,,41.9,32.3,,41.7,38.3,,,12.4,27.8,,,,422.0,400.0,3.4,112.0,3.0,4,50000,4,50000,61.4,https://www.edmunds.com/volvo/ex30/2026/trims/,,,model-specific,,,50.0,84.72681372843658,67.13328600585677,69.91626794258373,50.0,87.5,62.03906381545715,51.15919629057187,100.0,50.0
Volvo,EX30 Cross Country,Twin Motor Performance Ultra,2026,yes,Hatchback,4,5,AWD,EV,48150.0,1395.0,49545.0,106.0,92.0,99.0,227.0,,,41.9,32.3,,40.2,36.8,,,12.4,27.8,,,,422.0,400.0,3.5,112.0,3.0,4,50000,4,50000,,https://www.edmunds.com/volvo/ex30-cross-country/2026/st-402064243/features-specs/,,,,,,50.0,59.121235799723465,67.13328600585677,50.0,50.0,87.5,59.51338609193467,50.0,99.54545454545455,50.0
Volvo,EX40,Single Motor Plus,2026,no,SUV,4,5,RWD,EV,55150.0,1395.0,56545.0,118.0,94.0,106.0,296.0,,,40.9,36.1,,37.6,38.3,,,18.9,49.4,,,,248.0,310.0,6.9,112.0,2.0,4,50000,4,50000,64.5,https://www.edmunds.com/volvo/ex40/2026/trims/,,,model-specific,,,50.0,63.851670466335904,58.715056407176334,74.92844364937389,50.0,66.66666666666666,92.8700248756219,56.184895833333336,59.375,50.0
Volvo,EX40,Twin Motor Plus,2026,no,SUV,4,5,AWD,EV,56900.0,1395.0,58295.0,103.0,85.0,94.0,260.0,,,40.9,36.1,,37.6,38.3,,,18.9,49.4,,,,402.0,494.0,4.6,112.0,2.0,4,50000,4,50000,64.5,https://www.edmunds.com/volvo/ex40/2026/trims/,,,model-specific,,,50.0,63.851670466335904,58.715056407176334,67.97853309481216,50.0,66.66666666666666,92.50725538971807,56.184895833333336,67.36111111111111,50.0
Volvo,EX40,Twin Motor Ultra Black Edition,2026,no,SUV,4,5,AWD,EV,60850.0,1395.0,62245.0,103.0,85.0,94.0,260.0,,,40.9,36.1,,37.6,38.3,,,18.9,49.4,,,,402.0,494.0,4.6,112.0,2.0,4,50000,4,50000,64.5,https://www.edmunds.com/volvo/ex40/2026/trims/,,,model-specific,,,50.0,63.851670466335904,58.715056407176334,67.97853309481216,50.0,66.66666666666666,91.68843283582089,56.184895833333336,67.36111111111111,50.0
Volvo,EX90,Single Motor Plus,2026,no,SUV,4,7,RWD,EV,76695.0,1395.0,78090.0,97.0,86.0,92.0,276.0,5.0,,40.9,36.5,32.0,42.3,41.6,36.0,yes,11.0,75.4,4850.0,,,329.0,354.0,6.6,112.0,3.0,4,50000,4,50000,68.2,https://www.edmunds.com/volvo/ex90/2026/trims/,NHTSA,,model-specific,,,100.0,83.21021585485829,52.762930454751505,68.93559928443649,50.0,75.0,88.40381426202322,53.776041666666664,60.41666666666667,73.22247706422019
Volvo,EX90,Twin Motor Plus,2026,no,SUV,4,7,AWD,EV,79995.0,1395.0,81390.0,90.0,82.0,86.0,298.0,5.0,,40.9,36.5,32.0,42.3,41.6,36.0,yes,11.0,75.4,4850.0,,,449.0,494.0,5.3,112.0,3.0,4,50000,4,50000,68.2,https://www.edmunds.com/volvo/ex90/2026/trims/,NHTSA,,model-specific,,,100.0,83.21021585485829,52.762930454751505,69.30679785330949,50.0,75.0,87.71973466003317,53.776041666666664,64.93055555555556,73.22247706422019
Volvo,EX90,Twin Motor Ultra,2026,no,SUV,4,7,AWD,EV,84345.0,1395.0,85740.0,92.0,84.0,88.0,305.0,5.0,,40.9,36.5,32.0,42.3,41.6,36.0,yes,11.0,75.4,4850.0,,,449.0,494.0,5.3,112.0,3.0,4,50000,4,50000,68.2,https://www.edmunds.com/volvo/ex90/2026/trims/,NHTSA,,model-specific,,,100.0,83.21021585485829,52.762930454751505,70.56127012522361,50.0,75.0,86.81799336650083,53.776041666666664,64.93055555555556,73.22247706422019
Volvo,EX90,Twin Motor Performance Plus,2026,yes,SUV,4,7,AWD,EV,84995.0,1395.0,86390.0,90.0,82.0,86.0,298.0,5.0,,40.9,36.5,32.0,42.3,41.6,36.0,yes,11.0,75.4,4850.0,,,670.0,642.0,4.0,112.0,3.0,4,50000,4,50000,68.2,https://www.edmunds.com/volvo/ex90/2026/trims/,NHTSA,,model-specific,,,100.0,83.21021585485829,52.762930454751505,69.30679785330949,50.0,75.0,86.6832504145937,53.776041666666664,94.44444444444444,73.22247706422019
Volvo,EX90,Twin Motor Performance Ultra,2026,yes,SUV,4,7,AWD,EV,89345.0,1395.0,90740.0,92.0,84.0,88.0,305.0,5.0,,40.9,36.5,32.0,42.3,41.6,36.0,yes,11.0,75.4,4850.0,,,670.0,642.0,4.0,112.0,3.0,4,50000,4,50000,68.2,https://www.edmunds.com/volvo/ex90/2026/trims/,NHTSA,,model-specific,,,100.0,83.21021585485829,52.762930454751505,70.56127012522361,50.0,75.0,85.78150912106136,53.776041666666664,94.44444444444444,73.22247706422019
Volvo,V60 Cross Country,B5 Plus,2026,no,Wagon,4,5,AWD,Gas,52300.0,1395.0,53695.0,23.0,31.0,26.0,413.0,5.0,,42.3,35.2,,37.4,38.1,,,,,,,,247.0,258.0,6.6,112.0,2.0,4,50000,4,50000,44.0,https://www.edmunds.com/volvo/v60-cross-country/2026/trims/,NHTSA,15.9,model-specific,,,100.0,66.50793124045927,50.0,94.34682964094729,50.0,50.0,100.0,79.59183673469387,50.0,50.0
Volvo,V60 Cross Country,B5 Ultra,2026,no,Wagon,4,5,AWD,Gas,57600.0,1395.0,58995.0,23.0,31.0,26.0,413.0,5.0,,42.3,35.2,,37.4,38.1,,,,,,,,247.0,258.0,6.6,112.0,2.0,4,50000,4,50000,44.0,https://www.edmunds.com/volvo/v60-cross-country/2026/trims/,NHTSA,15.9,model-specific,,,100.0,66.50793124045927,50.0,94.34682964094729,50.0,50.0,98.46292160900205,79.59183673469387,50.0,50.0
Volvo,V90 Cross Country,B6 Ultra,2026,no,Wagon,4,5,AWD,Gas,66900.0,1395.0,68295.0,22.0,29.0,25.0,398.0,,,42.2,35.9,,38.7,38.0,,,,69.0,,,,295.0,310.0,6.1,112.0,2.0,4,50000,4,50000,44.4,https://www.edmunds.com/volvo/v90-cross-country/2026/,,15.9,model-specific,,,50.0,93.06763124709644,99.01185770750988,89.1214667685256,50.0,50.0,95.7657840549868,75.51020408163265,53.205128205128204,50.0
Volkswagen,Jetta,S,2026,no,Sedan,4,5,FWD,Gas,23995.0,1275.0,25270.0,29.0,40.0,34.0,449.0,5.0,,41.1,37.4,,38.5,37.2,,no,14.1,,,,4.0,158.0,184.0,8.4,,2.0,4,50000,4,50000,35.9,https://www.edmunds.com/volkswagen/jetta/2026/trims/,NHTSA,13.2,model-specific,,,100.0,62.87474279780593,67.79141104294479,89.28571428571428,90.0,70.0,99.61778247747449,76.49863760217984,52.73972602739725,50.0
Volkswagen,Jetta,Sport,2026,no,Sedan,4,5,FWD,Gas,25305.0,1275.0,26580.0,29.0,40.0,34.0,449.0,5.0,,41.1,37.4,,38.5,37.2,,no,14.1,,,,4.0,158.0,184.0,8.4,,2.0,4,50000,4,50000,35.9,https://www.edmunds.com/volkswagen/jetta/2026/trims/,NHTSA,13.2,model-specific,,,100.0,62.87474279780593,67.79141104294479,89.28571428571428,90.0,70.0,99.32919172559644,76.49863760217984,52.73972602739725,50.0
Volkswagen,Jetta,SE,2026,no,Sedan,4,5,FWD,Gas,26985.0,1275.0,28260.0,29.0,40.0,33.0,436.0,5.0,,41.1,37.4,,38.5,37.2,,no,14.1,,,,4.0,158.0,184.0,8.4,,3.0,4,50000,4,50000,35.9,https://www.edmunds.com/volkswagen/jetta/2026/trims/,NHTSA,13.2,model-specific,,,100.0,62.87474279780593,67.79141104294479,86.97839960726559,90.0,80.0,98.95909060868416,76.49863760217984,52.73972602739725,50.0
Volkswagen,Jetta,SEL,2026,no,Sedan,4,5,FWD,Gas,29995.0,1275.0,31270.0,29.0,40.0,33.0,436.0,5.0,,41.1,37.4,,38.5,37.2,,no,14.1,,,,4.0,158.0,184.0,8.4,,3.0,4,50000,4,50000,35.9,https://www.edmunds.com/volkswagen/jetta/2026/trims/,NHTSA,13.2,model-specific,,,100.0,62.87474279780593,67.79141104294479,86.97839960726559,90.0,80.0,98.29599277421629,76.49863760217984,52.73972602739725,50.0
Volkswagen,Jetta GLI,Autobahn,2026,yes,Sedan,4,5,FWD,Gas,33745.0,1275.0,35020.0,26.0,35.0,29.0,383.0,5.0,,41.1,37.4,,38.5,37.2,,no,14.1,,,,4.0,228.0,258.0,5.6,,3.0,4,50000,4,50000,38.7,https://www.edmunds.com/volkswagen/jetta-gli/2026/trims/,NHTSA,13.2,model-specific,,,100.0,62.87474279780593,67.79141104294479,77.66323024054982,90.0,80.0,97.46987420967992,74.59128065395095,87.32876712328768,50.0
Volkswagen,Golf GTI,S,2026,yes,Hatchback,4,5,FWD,Gas,34590.0,1275.0,35865.0,24.0,32.0,27.0,356.0,,,41.2,35.0,,38.5,38.1,,no,19.9,34.5,,,3.0,241.0,273.0,6.1,,3.0,4,50000,4,50000,38.8,https://www.edmunds.com/volkswagen/golf-gti/2026/trims/,,13.2,model-specific,,,50.0,61.113782532908616,83.90749591166663,65.42349726775956,50.0,87.5,82.54756693045968,68.6244204018547,87.72727272727273,50.0
Volkswagen,Golf GTI,SE,2026,yes,Hatchback,4,5,FWD,Gas,39080.0,1275.0,40355.0,24.0,32.0,27.0,356.0,,,41.2,35.0,,38.5,38.1,,no,19.9,34.5,,,3.0,241.0,273.0,6.1,,3.0,4,50000,4,50000,38.8,https://www.edmunds.com/volkswagen/golf-gti/2026/trims/,,13.2,model-specific,,,50.0,61.113782532908616,83.90749591166663,65.42349726775956,50.0,87.5,74.98737161138239,68.6244204018547,87.72727272727273,50.0
Volkswagen,Golf GTI,Autobahn,2026,yes,Hatchback,4,5,FWD,Gas,42480.0,1275.0,43755.0,24.0,32.0,27.0,356.0,,,41.2,35.0,,38.5,38.1,,no,19.9,34.5,,,3.0,241.0,273.0,6.1,,4.0,4,50000,4,50000,38.8,https://www.edmunds.com/volkswagen/golf-gti/2026/trims/,,13.2,model-specific,,,50.0,61.113782532908616,83.90749591166663,65.42349726775956,50.0,100.0,69.26250210473144,68.6244204018547,87.72727272727273,50.0
Volkswagen,Golf R,Base,2026,yes,Hatchback,4,5,AWD,Gas,49455.0,1275.0,50730.0,22.0,31.0,25.0,362.0,,,41.2,35.0,,38.5,38.1,,no,19.9,34.5,,,3.0,328.0,295.0,4.4,,4.0,4,50000,4,50000,40.8,https://www.edmunds.com/volkswagen/golf-r/2026/trims/,,14.5,model-specific,,,50.0,61.113782532908616,83.90749591166663,61.243169398907106,50.0,100.0,57.518100690351915,67.0788253477589,95.45454545454545,50.0
Volkswagen,Tiguan,S,2026,no,SUV,4,5,FWD,Gas,30805.0,1475.0,32280.0,26.0,34.0,29.0,452.0,5.0,,40.2,40.2,,39.5,38.4,,no,33.8,69.8,,,3.0,201.0,207.0,7.7,,3.0,4,50000,4,50000,44.2,https://www.edmunds.com/volkswagen/tiguan/2026/trims/,NHTSA,15.6,model-specific,,,100.0,73.97169830334317,79.40399749791672,86.27440577249575,66.66666666666666,75.0,97.90008291873963,69.40104166666666,56.59722222222222,50.0
Volkswagen,Tiguan,SE,2026,no,SUV,4,5,FWD,Gas,33605.0,1475.0,35080.0,25.0,32.0,28.0,437.0,5.0,,40.2,40.2,,39.5,38.4,,no,33.8,69.8,,,3.0,201.0,207.0,7.7,,3.0,4,50000,4,50000,44.2,https://www.edmunds.com/volkswagen/tiguan/2026/trims/,NHTSA,15.6,model-specific,,,100.0,73.97169830334317,79.40399749791672,83.446519524618,66.66666666666666,75.0,97.31965174129354,69.40104166666666,56.59722222222222,50.0
Volkswagen,Tiguan,SE R-Line Black,2026,no,SUV,4,5,FWD,Gas,37245.0,1475.0,38720.0,25.0,32.0,28.0,437.0,5.0,,40.2,40.2,,38.2,38.4,,no,33.8,69.8,,,3.0,201.0,207.0,7.7,,4.0,4,50000,4,50000,44.2,https://www.edmunds.com/volkswagen/tiguan/2026/trims/,NHTSA,15.6,model-specific,,,100.0,70.84933643246274,79.40399749791672,83.446519524618,66.66666666666666,83.33333333333333,96.56509121061359,69.40104166666666,56.59722222222222,50.0
Volkswagen,Tiguan,SEL R-Line Turbo,2026,no,SUV,4,5,AWD,Gas,43085.0,1475.0,44560.0,22.0,29.0,25.0,390.0,5.0,,40.2,40.2,,38.2,38.4,,no,33.8,69.8,,,3.0,268.0,258.0,8.7,,5.0,4,50000,4,50000,44.2,https://www.edmunds.com/volkswagen/tiguan/2026/trims/,NHTSA,15.6,model-specific,,,100.0,70.84933643246274,79.40399749791672,74.7612478777589,66.66666666666666,91.66666666666667,95.3544776119403,69.40104166666666,53.125,50.0
Volkswagen,Taos,S,2026,no,SUV,4,5,FWD,Gas,26500.0,1475.0,27975.0,28.0,36.0,31.0,409.0,4.0,,40.1,37.9,,40.7,39.8,,no,27.9,65.9,,,3.5,174.0,184.0,8.8,,2.0,4,50000,4,50000,44.8,https://www.edmunds.com/volkswagen/taos/2026/trims/,NHTSA,13.2,model-specific,,"3.5/5.0 (RepairPal, brand-level only, ranks 12th of 32 brands)",87.5,77.58242959505364,71.78107625162873,84.57130730050933,75.0,66.66666666666666,98.79249585406302,69.01041666666667,52.77777777777777,50.0
Volkswagen,Taos,SE,2026,no,SUV,4,5,FWD,Gas,29260.0,1475.0,30735.0,28.0,36.0,31.0,409.0,4.0,,40.1,37.9,,40.7,39.8,,no,27.9,65.9,,,3.5,174.0,184.0,8.8,,3.0,4,50000,4,50000,44.8,https://www.edmunds.com/volkswagen/taos/2026/trims/,NHTSA,13.2,model-specific,,"3.5/5.0 (RepairPal, brand-level only, ranks 12th of 32 brands)",87.5,77.58242959505364,71.78107625162873,84.57130730050933,75.0,75.0,98.22035655058042,69.01041666666667,52.77777777777777,50.0
Volkswagen,Taos,SE Black,2026,no,SUV,4,5,FWD,Gas,31510.0,1475.0,32985.0,28.0,36.0,31.0,409.0,4.0,,40.1,37.9,,39.5,39.8,,no,27.9,65.9,,,3.5,174.0,184.0,8.8,,3.0,4,50000,4,50000,44.8,https://www.edmunds.com/volkswagen/taos/2026/trims/,NHTSA,13.2,model-specific,,"3.5/5.0 (RepairPal, brand-level only, ranks 12th of 32 brands)",87.5,74.7002494065486,71.78107625162873,84.57130730050933,75.0,75.0,97.75393864013267,69.01041666666667,52.77777777777777,50.0
Volkswagen,Taos,SEL,2026,no,SUV,4,5,AWD,Gas,35900.0,1475.0,37375.0,25.0,33.0,28.0,370.0,4.0,,40.1,37.9,,39.5,39.8,,no,24.9,60.2,,,3.5,174.0,184.0,8.9,,3.0,4,50000,4,50000,44.8,https://www.edmunds.com/volkswagen/taos/2026/trims/,NHTSA,13.2,model-specific,,"3.5/5.0 (RepairPal, brand-level only, ranks 12th of 32 brands)",87.5,74.7002494065486,67.39848095933118,76.69248726655348,75.0,75.0,96.8439054726368,69.01041666666667,52.43055555555555,50.0
Volkswagen,Atlas,SE,2026,no,SUV,4,7,FWD,Gas,39310.0,1475.0,40785.0,20.0,27.0,23.0,428.0,5.0,,41.7,37.6,34.0,40.1,39.5,38.0,yes,20.6,96.6,5000.0,,3.5,269.0,273.0,,,2.0,4,50000,4,50000,50.8,https://www.edmunds.com/volkswagen/atlas/2026/trims/,NHTSA,18.6,model-specific,,"3.5/5.0 (RepairPal, brand-level only, ranks 12th of 32 brands)",100.0,79.99682736407512,67.19061448347564,75.96031409168081,75.0,66.66666666666666,96.1370232172471,65.10416666666667,50.0,74.08256880733944
Volkswagen,Atlas,SE with Technology,2026,no,SUV,4,7,FWD,Gas,43730.0,1475.0,45205.0,20.0,27.0,23.0,428.0,5.0,,41.7,37.6,34.0,40.1,39.5,38.0,yes,20.6,96.6,5000.0,,3.5,269.0,273.0,,,2.0,4,50000,4,50000,50.8,https://www.edmunds.com/volkswagen/atlas/2026/trims/,NHTSA,18.6,model-specific,,"3.5/5.0 (RepairPal, brand-level only, ranks 12th of 32 brands)",100.0,79.99682736407512,67.19061448347564,75.96031409168081,75.0,66.66666666666666,95.2207711442786,65.10416666666667,50.0,74.08256880733944
Volkswagen,Atlas,Peak Edition SE with Technology,2026,no,SUV,4,7,AWD,Gas,48060.0,1475.0,49535.0,19.0,25.0,21.0,391.0,5.0,,41.7,37.6,34.0,40.1,39.5,38.0,yes,20.6,96.6,5000.0,,3.5,269.0,273.0,7.5,,2.0,4,50000,4,50000,50.8,https://www.edmunds.com/volkswagen/atlas/2026/trims/,NHTSA,18.6,model-specific,,"3.5/5.0 (RepairPal, brand-level only, ranks 12th of 32 brands)",100.0,79.99682736407512,67.19061448347564,69.59889643463498,75.0,66.66666666666666,94.32317578772802,65.10416666666667,57.291666666666664,74.08256880733944
Volkswagen,Atlas,SEL,2026,no,SUV,4,7,AWD,Gas,49620.0,1475.0,51095.0,19.0,25.0,21.0,391.0,5.0,,41.7,37.6,34.0,40.1,39.5,38.0,yes,20.6,96.6,5000.0,,3.5,269.0,273.0,7.5,,3.0,4,50000,4,50000,50.8,https://www.edmunds.com/volkswagen/atlas/2026/trims/,NHTSA,18.6,model-specific,,"3.5/5.0 (RepairPal, brand-level only, ranks 12th of 32 brands)",100.0,79.99682736407512,67.19061448347564,69.59889643463498,75.0,75.0,93.99979270315092,65.10416666666667,57.291666666666664,74.08256880733944
Volkswagen,Atlas,SEL Premium R-Line,2026,no,SUV,4,7,AWD,Gas,54630.0,1475.0,56105.0,19.0,25.0,21.0,391.0,5.0,,41.7,37.6,34.0,40.1,39.5,38.0,yes,20.6,96.6,5000.0,,3.5,269.0,273.0,7.5,,4.0,4,50000,4,50000,50.8,https://www.edmunds.com/volkswagen/atlas/2026/trims/,NHTSA,18.6,model-specific,,"3.5/5.0 (RepairPal, brand-level only, ranks 12th of 32 brands)",100.0,79.99682736407512,67.19061448347564,69.59889643463498,75.0,83.33333333333333,92.96123548922057,65.10416666666667,57.291666666666664,74.08256880733944
Volkswagen,Atlas Cross Sport,SE,2026,no,SUV,4,5,FWD,Gas,38300.0,1475.0,39775.0,20.0,27.0,23.0,428.0,5.0,,41.7,40.4,,39.4,37.3,,no,40.3,77.6,5000.0,,3.5,269.0,273.0,,,3.0,4,50000,4,50000,49.0,https://www.edmunds.com/volkswagen/atlas-cross-sport/2026/trims/,NHTSA,18.6,model-specific,,"3.5/5.0 (RepairPal, brand-level only, ranks 12th of 32 brands)",100.0,73.49976367465084,88.2795615518894,75.96031409168081,75.0,75.0,96.34639303482587,66.27604166666667,50.0,74.08256880733944
Volkswagen,Atlas Cross Sport,SE with Technology,2026,no,SUV,4,5,FWD,Gas,42720.0,1475.0,44195.0,20.0,27.0,23.0,428.0,5.0,,41.7,40.4,,39.4,37.3,,no,40.3,77.6,5000.0,,3.5,269.0,273.0,,,3.0,4,50000,4,50000,49.0,https://www.edmunds.com/volkswagen/atlas-cross-sport/2026/trims/,NHTSA,18.6,model-specific,,"3.5/5.0 (RepairPal, brand-level only, ranks 12th of 32 brands)",100.0,73.49976367465084,88.2795615518894,75.96031409168081,75.0,75.0,95.43014096185738,66.27604166666667,50.0,74.08256880733944
Volkswagen,Atlas Cross Sport,SEL,2026,no,SUV,4,5,AWD,Gas,48610.0,1475.0,50085.0,20.0,26.0,22.0,409.0,5.0,,41.6,40.4,,38.6,37.3,,no,40.3,77.6,5000.0,,3.5,269.0,273.0,7.5,,4.0,4,50000,4,50000,49.0,https://www.edmunds.com/volkswagen/atlas-cross-sport/2026/trims/,NHTSA,18.6,model-specific,,"3.5/5.0 (RepairPal, brand-level only, ranks 12th of 32 brands)",100.0,71.3701527575888,88.2795615518894,72.72920203735144,75.0,83.33333333333333,94.20916252072968,66.27604166666667,57.291666666666664,74.08256880733944
Volkswagen,Atlas Cross Sport,SEL R-Line Black,2026,no,SUV,4,5,AWD,Gas,50560.0,1475.0,52035.0,20.0,26.0,22.0,409.0,5.0,,41.6,40.4,,38.6,37.3,,no,40.3,77.6,5000.0,,3.5,269.0,273.0,7.5,,4.0,4,50000,4,50000,49.0,https://www.edmunds.com/volkswagen/atlas-cross-sport/2026/trims/,NHTSA,18.6,model-specific,,"3.5/5.0 (RepairPal, brand-level only, ranks 12th of 32 brands)",100.0,71.3701527575888,88.2795615518894,72.72920203735144,75.0,83.33333333333333,93.80493366500829,66.27604166666667,57.291666666666664,74.08256880733944
Volkswagen,Atlas Cross Sport,SEL Premium R-Line,2026,no,SUV,4,5,AWD,Gas,53620.0,1475.0,55095.0,20.0,26.0,22.0,409.0,5.0,,41.6,40.4,,38.6,37.3,,no,40.3,77.6,5000.0,,3.5,269.0,273.0,7.5,,5.0,4,50000,4,50000,49.0,https://www.edmunds.com/volkswagen/atlas-cross-sport/2026/trims/,NHTSA,18.6,model-specific,,"3.5/5.0 (RepairPal, brand-level only, ranks 12th of 32 brands)",100.0,71.3701527575888,88.2795615518894,72.72920203735144,75.0,91.66666666666667,93.17060530679933,66.27604166666667,57.291666666666664,74.08256880733944
Volkswagen,ID.4,Pro,2026,no,SUV,4,5,RWD,EV,45095.0,1475.0,46570.0,122.0,104.0,113.0,291.0,5.0,,41.1,37.6,,40.6,38.4,,no,30.3,64.2,,,3.5,282.0,402.0,6.1,,2.0,4,50000,4,50000,62.1,https://www.edmunds.com/volkswagen/id4/2026/trims/,NHTSA,,model-specific,,"3.5/5.0 (RepairPal, brand-level only, ranks 12th of 32 brands)",100.0,74.25156217671974,74.43406021367336,76.48255813953489,75.0,66.66666666666666,94.93781094527364,57.747395833333336,62.15277777777778,50.0
Volkswagen,ID.4,AWD Pro,2026,no,SUV,4,5,AWD,EV,48995.0,1475.0,50470.0,108.0,96.0,102.0,263.0,5.0,,41.1,37.6,,40.6,38.4,,no,30.3,64.2,,,3.5,335.0,,4.9,,2.0,4,50000,4,50000,62.1,https://www.edmunds.com/volkswagen/id4/2026/trims/,NHTSA,,model-specific,,"3.5/5.0 (RepairPal, brand-level only, ranks 12th of 32 brands)",100.0,74.25156217671974,74.43406021367336,70.59257602862255,75.0,66.66666666666666,94.12935323383084,57.747395833333336,66.31944444444444,50.0
Volkswagen,ID.4,Pro S,2026,no,SUV,4,5,RWD,EV,50195.0,1475.0,51670.0,122.0,104.0,113.0,291.0,5.0,,41.1,37.6,,41.1,38.4,,no,30.3,64.2,,,3.5,282.0,402.0,6.1,,2.0,4,50000,4,50000,62.1,https://www.edmunds.com/volkswagen/id4/2026/trims/,NHTSA,,model-specific,,"3.5/5.0 (RepairPal, brand-level only, ranks 12th of 32 brands)",100.0,75.45247058859684,74.43406021367336,76.48255813953489,75.0,66.66666666666666,93.88059701492537,57.747395833333336,62.15277777777778,50.0
Volkswagen,ID.4,AWD Pro S,2026,no,SUV,4,5,AWD,EV,54095.0,1475.0,55570.0,108.0,96.0,102.0,263.0,5.0,,41.1,37.6,,41.1,38.4,,no,30.3,64.2,,,3.5,335.0,,4.9,,2.0,4,50000,4,50000,62.1,https://www.edmunds.com/volkswagen/id4/2026/trims/,NHTSA,,model-specific,,"3.5/5.0 (RepairPal, brand-level only, ranks 12th of 32 brands)",100.0,75.45247058859684,74.43406021367336,70.59257602862255,75.0,66.66666666666666,93.07213930348259,57.747395833333336,66.31944444444444,50.0
Volkswagen,ID.4,AWD Pro S Plus,2026,no,SUV,4,5,AWD,EV,57655.0,1475.0,59130.0,108.0,96.0,102.0,263.0,5.0,,41.1,37.6,,41.1,38.4,,no,30.3,64.2,,,3.5,335.0,,4.9,,3.0,4,50000,4,50000,62.1,https://www.edmunds.com/volkswagen/id4/2026/trims/,NHTSA,,model-specific,,"3.5/5.0 (RepairPal, brand-level only, ranks 12th of 32 brands)",100.0,75.45247058859684,74.43406021367336,70.59257602862255,75.0,75.0,92.33416252072968,57.747395833333336,66.31944444444444,50.0
Acura,ADX,Base FWD,2026,no,SUV,4,5,FWD,Gas,35000.0,1450.0,36450.0,26.0,31.0,28.0,392.0,5.0,119.2,41.9,37.7,,38.5,36.8,,no,23.2,53.9,,,4.0,190.0,179.0,9.4,,2.0,4,50000,6,70000,44.9,https://www.edmunds.com/acura/adx/2026/,NHTSA,,model-specific,,"4.0/5.0 (RepairPal, brand-level only, ranks 2nd of 32 brands)",100.0,65.68329199796634,64.49664076104321,78.91022920203736,83.33333333333333,66.66666666666666,97.03565505804312,68.9453125,50.69444444444444,50.0
Acura,ADX,Base AWD,2026,no,SUV,4,5,AWD,Gas,37000.0,1450.0,38450.0,25.0,30.0,27.0,378.0,5.0,119.2,41.9,37.7,,38.5,36.8,,no,23.2,53.9,,,4.0,190.0,179.0,9.4,,2.0,4,50000,6,70000,44.9,https://www.edmunds.com/acura/adx/2026/,NHTSA,,model-specific,,"4.0/5.0 (RepairPal, brand-level only, ranks 2nd of 32 brands)",100.0,65.68329199796634,64.49664076104321,76.1831494057725,83.33333333333333,66.66666666666666,96.62106135986733,68.9453125,50.69444444444444,50.0
Acura,ADX,A-Spec FWD,2026,no,SUV,4,5,FWD,Gas,38000.0,1450.0,39450.0,26.0,31.0,28.0,392.0,5.0,119.2,41.9,37.7,,38.5,36.8,,no,23.2,53.9,,,4.0,190.0,179.0,9.4,,2.0,4,50000,6,70000,44.9,https://www.edmunds.com/acura/adx/2026/,NHTSA,,model-specific,,"4.0/5.0 (RepairPal, brand-level only, ranks 2nd of 32 brands)",100.0,65.68329199796634,64.49664076104321,78.91022920203736,83.33333333333333,66.66666666666666,96.41376451077943,68.9453125,50.69444444444444,50.0
Acura,ADX,A-Spec AWD,2026,no,SUV,4,5,AWD,Gas,40000.0,1450.0,41450.0,25.0,30.0,27.0,378.0,5.0,119.2,41.9,37.7,,38.5,36.8,,no,23.2,53.9,,,4.0,190.0,179.0,9.4,,2.0,4,50000,6,70000,44.9,https://www.edmunds.com/acura/adx/2026/,NHTSA,,model-specific,,"4.0/5.0 (RepairPal, brand-level only, ranks 2nd of 32 brands)",100.0,65.68329199796634,64.49664076104321,76.1831494057725,83.33333333333333,66.66666666666666,95.99917081260364,68.9453125,50.69444444444444,50.0
Acura,ADX,A-Spec Advance FWD,2026,no,SUV,4,5,FWD,Gas,42000.0,1450.0,43450.0,26.0,31.0,28.0,392.0,5.0,119.2,41.9,37.7,,38.5,36.8,,no,23.2,53.9,,,4.0,190.0,179.0,9.4,,3.0,4,50000,6,70000,44.9,https://www.edmunds.com/acura/adx/2026/,NHTSA,,model-specific,,"4.0/5.0 (RepairPal, brand-level only, ranks 2nd of 32 brands)",100.0,65.68329199796634,64.49664076104321,78.91022920203736,83.33333333333333,75.0,95.58457711442786,68.9453125,50.69444444444444,50.0
Acura,ADX,A-Spec Advance AWD,2026,no,SUV,4,5,AWD,Gas,44000.0,1450.0,45450.0,25.0,30.0,27.0,378.0,5.0,119.2,41.9,37.7,,38.5,36.8,,no,23.2,53.9,,,4.0,190.0,179.0,9.4,,3.0,4,50000,6,70000,44.9,https://www.edmunds.com/acura/adx/2026/,NHTSA,,model-specific,,"4.0/5.0 (RepairPal, brand-level only, ranks 2nd of 32 brands)",100.0,65.68329199796634,64.49664076104321,76.1831494057725,83.33333333333333,75.0,95.16998341625208,68.9453125,50.69444444444444,50.0
Acura,Integra,Base,2026,no,Hatchback,4,5,FWD,Gas,33400.0,1295.0,34695.0,29.0,37.0,32.0,397.0,5.0,120.1,42.3,37.4,,37.6,36.4,,no,24.3,,,,4.0,200.0,192.0,7.1,,2.0,4,50000,6,70000,41.9,https://www.edmunds.com/acura/integra/2026/,NHTSA,,model-specific,,"4.0/5.0 (RepairPal, brand-level only, ranks 2nd of 32 brands)",100.0,62.72464987678063,100.0,83.52459016393442,83.33333333333333,75.0,84.5175955548072,66.22874806800618,58.18181818181819,50.0
Acura,Integra,A-Spec,2026,no,Hatchback,4,5,FWD,Gas,35950.0,1295.0,37245.0,29.0,37.0,32.0,397.0,5.0,120.1,42.3,37.4,,37.6,36.4,,no,24.3,,,,4.0,200.0,192.0,7.1,,2.0,4,50000,6,70000,41.9,https://www.edmunds.com/acura/integra/2026/,NHTSA,,model-specific,,"4.0/5.0 (RepairPal, brand-level only, ranks 2nd of 32 brands)",100.0,62.72464987678063,100.0,83.52459016393442,83.33333333333333,75.0,80.223943424819,66.22874806800618,58.18181818181819,50.0
Acura,Integra,A-Spec w/Technology Package,2026,no,Hatchback,4,5,FWD,Gas,39200.0,1295.0,40495.0,29.0,37.0,32.0,397.0,5.0,120.1,42.3,37.4,,37.6,36.4,,no,24.3,,,,4.0,200.0,192.0,6.8,,2.0,4,50000,6,70000,41.9,https://www.edmunds.com/acura/integra/2026/,NHTSA,,model-specific,,"4.0/5.0 (RepairPal, brand-level only, ranks 2nd of 32 brands)",100.0,62.72464987678063,100.0,83.52459016393442,83.33333333333333,75.0,74.75164169052029,66.22874806800618,59.54545454545455,50.0
Acura,Integra,Type S,2026,yes,Hatchback,4,4,FWD,Gas,53900.0,1295.0,55195.0,21.0,28.0,24.0,298.0,5.0,,42.3,37.4,,37.6,36.4,,no,24.3,,,,4.0,320.0,310.0,5.8,,2.0,4,50000,6,70000,41.9,https://www.edmunds.com/acura/integra/2026/type-s/,NHTSA,,model-specific,,"4.0/5.0 (RepairPal, brand-level only, ranks 2nd of 32 brands)",100.0,62.72464987678063,100.0,50.0,83.33333333333333,75.0,50.0,66.22874806800618,89.0909090909091,50.0
Acura,RDX,Base,2026,no,SUV,4,5,AWD,Gas,45100.0,1350.0,46450.0,21.0,27.0,23.0,393.0,5.0,133.5,42.0,38.0,,40.0,38.0,,no,29.5,58.9,1500.0,,4.5,272.0,280.0,7.1,,1.0,4,50000,6,70000,43.6,https://www.edmunds.com/acura/rdx/2026/,NHTSA,,model-specific,,,100.0,73.99735746444166,72.75024213135369,72.4320882852292,91.66666666666667,58.33333333333333,94.96268656716418,69.79166666666666,58.68055555555556,54.01376146788991
Acura,RDX,Technology Package,2026,no,SUV,4,5,AWD,Gas,47700.0,1350.0,49050.0,21.0,27.0,23.0,393.0,5.0,133.5,42.0,38.0,,40.0,38.0,,no,29.5,58.9,1500.0,,4.5,272.0,280.0,7.1,,2.0,4,50000,6,70000,43.6,https://www.edmunds.com/acura/rdx/2026/,NHTSA,,model-specific,,,100.0,73.99735746444166,72.75024213135369,72.4320882852292,91.66666666666667,66.66666666666666,94.42371475953566,69.79166666666666,58.68055555555556,54.01376146788991
Acura,RDX,A-Spec,2026,no,SUV,4,5,AWD,Gas,50700.0,1350.0,52050.0,21.0,26.0,23.0,393.0,5.0,133.5,42.0,38.0,,40.0,38.0,,no,29.5,58.9,1500.0,,4.5,272.0,280.0,7.1,,2.0,4,50000,6,70000,43.6,https://www.edmunds.com/acura/rdx/2026/,NHTSA,,model-specific,,,100.0,73.99735746444166,72.75024213135369,72.4320882852292,91.66666666666667,66.66666666666666,93.80182421227198,69.79166666666666,58.68055555555556,54.01376146788991
Acura,RDX,Advance Package,2026,no,SUV,4,5,AWD,Gas,52850.0,1350.0,54200.0,21.0,27.0,23.0,393.0,5.0,133.5,42.0,38.0,,40.0,38.0,,no,29.5,58.9,1500.0,,4.5,272.0,280.0,7.1,,4.0,4,50000,6,70000,43.6,https://www.edmunds.com/acura/rdx/2026/,NHTSA,,model-specific,,,100.0,73.99735746444166,72.75024213135369,72.4320882852292,91.66666666666667,83.33333333333333,93.356135986733,69.79166666666666,58.68055555555556,54.01376146788991
Acura,RDX,A-Spec Advance,2026,no,SUV,4,5,AWD,Gas,54850.0,1350.0,56200.0,21.0,26.0,23.0,393.0,5.0,133.5,42.0,38.0,,40.0,38.0,,no,29.5,58.9,1500.0,,4.5,272.0,280.0,7.1,,4.0,4,50000,6,70000,43.6,https://www.edmunds.com/acura/rdx/2026/,NHTSA,,model-specific,,,100.0,73.99735746444166,72.75024213135369,72.4320882852292,91.66666666666667,83.33333333333333,92.94154228855722,69.79166666666666,58.68055555555556,54.01376146788991
Acura,MDX,Base FWD,2026,no,SUV,4,7,FWD,Gas,51800.0,1350.0,53150.0,19.0,26.0,22.0,407.0,5.0,157.2,41.6,38.5,29.0,38.5,38.1,36.0,yes,18.1,95.0,3500.0,,4.0,290.0,267.0,7.5,,2.0,4,50000,6,70000,49.8,https://www.edmunds.com/acura/mdx/2026/,NHTSA,,model-specific,,,100.0,69.99575907772262,63.96772341020574,72.52758913412563,83.33333333333333,66.66666666666666,93.5737976782753,65.75520833333334,57.291666666666664,65.48165137614679
Acura,MDX,Base SH-AWD,2026,no,SUV,4,7,AWD,Gas,54000.0,1350.0,55350.0,19.0,25.0,21.0,389.0,5.0,157.2,41.6,38.5,29.0,38.5,38.1,36.0,yes,18.1,95.0,5000.0,,4.0,290.0,267.0,7.5,,2.0,4,50000,6,70000,49.8,https://www.edmunds.com/acura/mdx/2026/,NHTSA,,model-specific,,,100.0,69.99575907772262,63.96772341020574,69.39728353140916,83.33333333333333,66.66666666666666,93.11774461028193,65.75520833333334,57.291666666666664,74.08256880733944
Acura,MDX,Technology Package FWD,2026,no,SUV,4,7,FWD,Gas,57200.0,1350.0,58550.0,19.0,26.0,22.0,407.0,5.0,157.2,41.6,38.5,29.0,38.5,38.1,36.0,yes,18.1,95.0,3500.0,,4.0,290.0,267.0,7.5,,3.0,4,50000,6,70000,49.8,https://www.edmunds.com/acura/mdx/2026/,NHTSA,,model-specific,,,100.0,69.99575907772262,63.96772341020574,72.52758913412563,83.33333333333333,75.0,92.45439469320067,65.75520833333334,57.291666666666664,65.48165137614679
Acura,MDX,Technology Package SH-AWD,2026,no,SUV,4,7,AWD,Gas,59400.0,1350.0,60750.0,19.0,25.0,21.0,389.0,5.0,157.2,41.6,38.5,29.0,38.5,38.1,36.0,yes,18.1,95.0,5000.0,,4.0,290.0,267.0,7.5,,3.0,4,50000,6,70000,49.8,https://www.edmunds.com/acura/mdx/2026/,NHTSA,,model-specific,,,100.0,69.99575907772262,63.96772341020574,69.39728353140916,83.33333333333333,75.0,91.9983416252073,65.75520833333334,57.291666666666664,74.08256880733944
Acura,MDX,A-Spec,2026,no,SUV,4,7,AWD,Gas,62400.0,1350.0,63750.0,19.0,25.0,21.0,389.0,5.0,157.2,41.6,38.5,29.0,38.5,38.1,36.0,yes,18.1,95.0,5000.0,,4.0,290.0,267.0,7.5,,3.0,4,50000,6,70000,49.8,https://www.edmunds.com/acura/mdx/2026/,NHTSA,,model-specific,,,100.0,69.99575907772262,63.96772341020574,69.39728353140916,83.33333333333333,75.0,91.37645107794361,65.75520833333334,57.291666666666664,74.08256880733944
Acura,MDX,Advance Package,2026,no,SUV,4,7,AWD,Gas,66900.0,1350.0,68250.0,19.0,25.0,21.0,389.0,5.0,157.2,41.6,38.5,29.0,38.5,38.1,36.0,yes,18.1,95.0,5000.0,,4.0,290.0,267.0,7.5,,4.0,4,50000,6,70000,49.8,https://www.edmunds.com/acura/mdx/2026/,NHTSA,,model-specific,,,100.0,69.99575907772262,63.96772341020574,69.39728353140916,83.33333333333333,83.33333333333333,90.4436152570481,65.75520833333334,57.291666666666664,74.08256880733944
Acura,MDX,A-Spec Advance,2026,no,SUV,4,7,AWD,Gas,68900.0,1350.0,70250.0,19.0,25.0,21.0,389.0,5.0,157.2,41.6,38.5,29.0,38.5,38.1,36.0,yes,18.1,95.0,5000.0,,4.0,355.0,354.0,5.5,,4.0,4,50000,6,70000,49.8,https://www.edmunds.com/acura/mdx/2026/,NHTSA,,model-specific,,,100.0,69.99575907772262,63.96772341020574,69.39728353140916,83.33333333333333,83.33333333333333,90.0290215588723,65.75520833333334,64.23611111111111,74.08256880733944
Acura,MDX,Type S,2026,yes,SUV,4,7,AWD,Gas,75850.0,1350.0,77200.0,17.0,21.0,19.0,352.0,5.0,157.2,41.6,38.5,29.0,38.5,38.1,36.0,yes,18.1,95.0,5000.0,,4.0,355.0,354.0,5.5,,3.0,4,50000,6,70000,49.8,https://www.edmunds.com/acura/mdx/2026/type-s/,NHTSA,,model-specific,,,100.0,69.99575907772262,63.96772341020574,63.035865874363324,83.33333333333333,75.0,88.58830845771145,65.75520833333334,89.23611111111111,74.08256880733944
Lexus,ES,350e Premium,2026,no,Sedan,4,5,FWD,EV,48895.0,1395.0,50290.0,135.0,118.0,127.0,307.0,,,41.9,40.7,,38.3,37.8,,no,13.3,,,,4.0,221.0,198.0,7.4,,3.0,4,50000,6,70000,12.0,https://www.edmunds.com/lexus/es/2026/trims/,,,model-specific,,"4.0/5.0 (RepairPal, rank 4 of 31 luxury midsize cars)",50.0,73.2128495324456,65.33742331288343,74.55524344569288,90.0,80.0,94.10591941488775,92.77929155313352,56.16438356164383,50.0
Lexus,ES,350h Premium,2026,no,Sedan,4,5,FWD,Hybrid,51095.0,1395.0,52490.0,48.0,44.0,46.0,,,,41.9,40.7,,38.3,37.8,,no,13.3,,,,4.0,244.0,,7.2,,3.0,4,50000,6,70000,12.0,https://www.edmunds.com/lexus/es/2026/trims/,,,model-specific,,"4.0/5.0 (RepairPal, rank 4 of 31 luxury midsize cars)",50.0,73.2128495324456,65.33742331288343,83.33333333333333,90.0,80.0,93.62126319035974,92.77929155313352,56.84931506849315,50.0
Lexus,ES,500e Premium,2026,no,Sedan,4,5,AWD,EV,51895.0,1395.0,53290.0,119.0,108.0,114.0,276.0,,,41.9,40.7,,38.3,37.8,,no,13.3,,,,4.0,338.0,323.0,5.1,,3.0,4,50000,6,70000,12.0,https://www.edmunds.com/lexus/es/2026/trims/,,,model-specific,,"4.0/5.0 (RepairPal, rank 4 of 31 luxury midsize cars)",50.0,73.2128495324456,65.33742331288343,67.37630593337276,90.0,80.0,93.44502456325864,92.77929155313352,64.04109589041096,50.0
Lexus,ES,350h Premium+,2026,no,Sedan,4,5,FWD,Hybrid,55895.0,1395.0,57290.0,48.0,44.0,46.0,,,,41.9,40.7,,38.3,37.8,,no,13.3,,,,4.0,244.0,,7.2,,3.0,4,50000,6,70000,12.0,https://www.edmunds.com/lexus/es/2026/trims/,,,model-specific,,"4.0/5.0 (RepairPal, rank 4 of 31 luxury midsize cars)",50.0,73.2128495324456,65.33742331288343,83.33333333333333,90.0,80.0,92.56383142775317,92.77929155313352,56.84931506849315,50.0
Lexus,ES,350e Luxury,2026,no,Sedan,4,5,FWD,EV,57295.0,1395.0,58690.0,135.0,118.0,127.0,307.0,,,41.9,40.7,,38.3,37.8,,no,13.3,,,,4.0,221.0,198.0,7.4,,3.0,4,50000,6,70000,12.0,https://www.edmunds.com/lexus/es/2026/trims/,,,model-specific,,"4.0/5.0 (RepairPal, rank 4 of 31 luxury midsize cars)",50.0,73.2128495324456,65.33742331288343,74.55524344569288,90.0,80.0,92.25541383032626,92.77929155313352,56.16438356164383,50.0
Lexus,ES,500e Luxury,2026,no,Sedan,4,5,AWD,EV,60295.0,1395.0,61690.0,119.0,108.0,114.0,276.0,,,41.9,40.7,,38.3,37.8,,no,13.3,,,,4.0,338.0,323.0,5.1,,3.0,4,50000,6,70000,12.0,https://www.edmunds.com/lexus/es/2026/trims/,,,model-specific,,"4.0/5.0 (RepairPal, rank 4 of 31 luxury midsize cars)",50.0,73.2128495324456,65.33742331288343,67.37630593337276,90.0,80.0,91.59451897869715,92.77929155313352,64.04109589041096,50.0
Lexus,IS,350 F Sport Design,2026,no,Sedan,4,5,RWD,Gas,45500.0,1295.0,46795.0,19.0,27.0,22.0,383.0,3.0,,44.8,32.2,,38.2,36.9,,no,10.8,,,,4.0,311.0,280.0,5.9,,2.0,4,50000,6,70000,14.2,https://www.edmunds.com/lexus/is/2026/trims/,IIHS,,model-specific,,"4.0/5.0 (RepairPal, rank 9 of 31 luxury midsize cars)",75.0,68.95134766543949,57.668711656441715,69.3298969072165,90.0,70.0,94.87586191703566,91.28065395095368,61.3013698630137,50.0
Lexus,IS,350 F Sport,2026,no,Sedan,4,5,RWD,Gas,47950.0,1295.0,49245.0,19.0,27.0,22.0,383.0,3.0,,44.8,32.2,,38.2,36.9,,no,10.8,,,,4.0,311.0,280.0,5.9,,2.0,4,50000,6,70000,12.8,https://www.edmunds.com/lexus/is/2026/trims/,IIHS,,model-specific,,"4.0/5.0 (RepairPal, rank 9 of 31 luxury midsize cars)",75.0,68.95134766543949,57.668711656441715,69.3298969072165,90.0,70.0,94.33613112153856,92.23433242506812,61.3013698630137,50.0
Lexus,LS,500 Heritage Edition,2026,no,Sedan,4,5,AWD,Gas,97830.0,1550.0,99380.0,17.0,27.0,21.0,456.0,,114.6,41.0,38.9,,36.8,36.4,,no,17.0,,,,3.5,416.0,442.0,4.6,,3.0,4,50000,6,70000,18.4,https://www.edmunds.com/lexus/ls/2026/trims/,,,model-specific,,"3.5/5.0 (RepairPal, rank 10 of 30 luxury fullsize cars)",50.0,52.72610516949806,76.68711656441718,74.41089837997055,80.0,80.0,83.29147665939682,88.41961852861036,65.75342465753425,50.0
Lexus,LC,500,2026,no,Coupe,2,4,RWD,Gas,101850.0,1550.0,103400.0,16.0,24.0,18.0,391.0,,91.3,42.0,32.5,,37.2,32.2,,no,5.4,,,,,471.0,398.0,4.4,,1.0,4,50000,6,70000,13.9,https://www.edmunds.com/lexus/lc/2026/coupe/,,,model-specific,,,50.0,55.11877452560496,52.459016393442624,72.68518518518519,50.0,62.5,85.30791547499022,85.30405405405406,61.388286334056396,50.0
Lexus,LC,500,2026,no,Convertible,2,4,RWD,Gas,109350.0,1550.0,110900.0,15.0,25.0,18.0,391.0,,78.6,42.6,28.0,,36.7,32.1,,no,3.4,,,,,471.0,398.0,4.4,,1.0,4,50000,6,70000,16.3,https://www.edmunds.com/lexus/lc/2026/convertible/,,,model-specific,,,50.0,54.001304773295644,50.0,71.46892655367232,50.0,62.5,84.60469815610003,100.0,65.3061224489796,50.0
Lexus,UX,300h,2026,no,SUV,4,5,FWD,Hybrid,37455.0,1295.0,38750.0,44.0,40.0,42.0,445.0,3.0,,42.0,33.1,,35.7,36.3,,no,17.1,,,,,196.0,,7.9,,1.0,4,50000,6,70000,38.4,https://www.edmunds.com/lexus/ux/2026/,IIHS,,"CarEdge, brand-level only, ranks 1st of 16 luxury brands",,,75.0,50.0,56.89111881408653,71.70660580702422,50.0,58.33333333333333,96.55887230514097,73.17708333333334,55.90277777777778,50.0
Lexus,UX,300h,2026,no,SUV,4,5,AWD,Hybrid,39025.0,1295.0,40320.0,,,,,3.0,,42.0,33.1,,35.7,36.3,,no,17.1,,,,,196.0,,7.9,,1.0,4,50000,6,70000,38.4,https://www.edmunds.com/lexus/ux/2026/,IIHS,,"CarEdge, brand-level only, ranks 1st of 16 luxury brands",,,75.0,50.0,56.89111881408653,50.0,50.0,58.33333333333333,96.23341625207297,73.17708333333334,55.90277777777778,50.0
Lexus,UX,300h Premium,2026,no,SUV,4,5,FWD,Hybrid,40725.0,1295.0,42020.0,44.0,40.0,42.0,445.0,3.0,,42.0,33.1,,35.7,36.3,,no,17.1,,,,,196.0,,7.9,,1.0,4,50000,6,70000,38.4,https://www.edmunds.com/lexus/ux/2026/,IIHS,,"CarEdge, brand-level only, ranks 1st of 16 luxury brands",,,75.0,50.0,56.89111881408653,71.70660580702422,50.0,58.33333333333333,95.88101160862355,73.17708333333334,55.90277777777778,50.0
Lexus,UX,300h Premium,2026,no,SUV,4,5,AWD,Hybrid,42295.0,1295.0,43590.0,,,,,3.0,,42.0,33.1,,35.7,36.3,,no,17.1,,,,,196.0,,7.9,,1.0,4,50000,6,70000,38.4,https://www.edmunds.com/lexus/ux/2026/,IIHS,,"CarEdge, brand-level only, ranks 1st of 16 luxury brands",,,75.0,50.0,56.89111881408653,50.0,50.0,58.33333333333333,95.55555555555556,73.17708333333334,55.90277777777778,50.0
Lexus,UX,300h F SPORT Design,2026,no,SUV,4,5,FWD,Hybrid,41290.0,1295.0,42585.0,44.0,40.0,42.0,445.0,3.0,,42.0,33.1,,35.7,36.3,,no,17.1,,,,,196.0,,7.9,,1.0,4,50000,6,70000,38.4,https://www.edmunds.com/lexus/ux/2026/,IIHS,,"CarEdge, brand-level only, ranks 1st of 16 luxury brands",,,75.0,50.0,56.89111881408653,71.70660580702422,50.0,58.33333333333333,95.76388888888889,73.17708333333334,55.90277777777778,50.0
Lexus,UX,300h F SPORT Design,2026,no,SUV,4,5,AWD,Hybrid,42860.0,1295.0,44155.0,,,,,3.0,,42.0,33.1,,35.7,36.3,,no,17.1,,,,,196.0,,7.9,,1.0,4,50000,6,70000,38.4,https://www.edmunds.com/lexus/ux/2026/,IIHS,,"CarEdge, brand-level only, ranks 1st of 16 luxury brands",,,75.0,50.0,56.89111881408653,50.0,50.0,58.33333333333333,95.43843283582089,73.17708333333334,55.90277777777778,50.0
Lexus,UX,300h F SPORT Handling,2026,no,SUV,4,5,FWD,Hybrid,45875.0,1295.0,47170.0,44.0,40.0,42.0,445.0,3.0,,42.0,33.1,,35.7,36.3,,no,17.1,,,,,196.0,,7.9,,1.0,4,50000,6,70000,38.4,https://www.edmunds.com/lexus/ux/2026/,IIHS,,"CarEdge, brand-level only, ranks 1st of 16 luxury brands",,,75.0,50.0,56.89111881408653,71.70660580702422,50.0,58.33333333333333,94.81343283582089,73.17708333333334,55.90277777777778,50.0
Lexus,UX,300h F SPORT Handling,2026,no,SUV,4,5,AWD,Hybrid,47445.0,1295.0,48740.0,,,,,3.0,,42.0,33.1,,35.7,36.3,,no,17.1,,,,,196.0,,7.9,,1.0,4,50000,6,70000,38.4,https://www.edmunds.com/lexus/ux/2026/,IIHS,,"CarEdge, brand-level only, ranks 1st of 16 luxury brands",,,75.0,50.0,56.89111881408653,50.0,50.0,58.33333333333333,94.4879767827529,73.17708333333334,55.90277777777778,50.0
Lexus,NX,350h,2026,no,SUV,4,5,FWD,Hybrid,45175.0,1295.0,46470.0,,,,,5.0,,41.0,36.1,,37.1,38.1,,no,22.7,46.9,,,4.0,240.0,,7.6,,1.0,4,50000,6,70000,38.4,https://www.edmunds.com/lexus/nx/2026/,IIHS,,"CarEdge, brand-level only, ranks 1st of 16 luxury brands",,"4.0/5.0 (RepairPal, rank 2 of 11 luxury compact SUVs)",100.0,62.18984196875742,62.94173405188763,50.0,83.33333333333333,58.33333333333333,94.95854063018243,73.17708333333334,56.94444444444444,50.0
Lexus,NX,350h,2026,no,SUV,4,5,AWD,Hybrid,46725.0,1295.0,48020.0,41.0,37.0,39.0,,5.0,,41.0,36.1,,37.1,38.1,,no,22.7,46.9,,,4.0,240.0,,7.6,,1.0,4,50000,6,70000,38.4,https://www.edmunds.com/lexus/nx/2026/,IIHS,,"CarEdge, brand-level only, ranks 1st of 16 luxury brands",,"4.0/5.0 (RepairPal, rank 2 of 11 luxury compact SUVs)",100.0,62.18984196875742,62.94173405188763,78.78787878787878,83.33333333333333,58.33333333333333,94.63723051409619,73.17708333333334,56.94444444444444,50.0
Lexus,NX,350,2026,no,SUV,4,5,AWD,Gas,45825.0,1295.0,47120.0,,,24.0,348.0,5.0,,41.0,36.1,,37.1,38.1,,no,22.7,46.9,2000.0,,4.0,275.0,317.0,7.0,,1.0,4,50000,6,70000,38.4,https://www.edmunds.com/lexus/nx/2026/,IIHS,14.5,"CarEdge, brand-level only, ranks 1st of 16 luxury brands",,"4.0/5.0 (RepairPal, rank 2 of 11 luxury compact SUVs)",100.0,62.18984196875742,62.94173405188763,69.21158743633276,83.33333333333333,58.33333333333333,94.8237976782753,73.17708333333334,59.02777777777778,56.88073394495413
Lexus,NX,350h Premium,2026,no,SUV,4,5,FWD,Hybrid,47100.0,1295.0,48395.0,,,,,5.0,,41.0,36.1,,37.1,38.1,,no,22.7,46.9,,,4.0,240.0,,7.6,,1.0,4,50000,6,70000,38.4,https://www.edmunds.com/lexus/nx/2026/,IIHS,,"CarEdge, brand-level only, ranks 1st of 16 luxury brands",,"4.0/5.0 (RepairPal, rank 2 of 11 luxury compact SUVs)",100.0,62.18984196875742,62.94173405188763,50.0,83.33333333333333,58.33333333333333,94.55949419568822,73.17708333333334,56.94444444444444,50.0
Lexus,NX,350h Premium,2026,no,SUV,4,5,AWD,Hybrid,48650.0,1295.0,49945.0,41.0,37.0,39.0,,5.0,,41.0,36.1,,37.1,38.1,,no,22.7,46.9,,,4.0,240.0,,7.6,,1.0,4,50000,6,70000,38.4,https://www.edmunds.com/lexus/nx/2026/,IIHS,,"CarEdge, brand-level only, ranks 1st of 16 luxury brands",,"4.0/5.0 (RepairPal, rank 2 of 11 luxury compact SUVs)",100.0,62.18984196875742,62.94173405188763,78.78787878787878,83.33333333333333,58.33333333333333,94.23818407960198,73.17708333333334,56.94444444444444,50.0
Lexus,NX,350 Premium,2026,no,SUV,4,5,AWD,Gas,47750.0,1295.0,49045.0,,,24.0,348.0,5.0,,41.0,36.1,,37.1,38.1,,no,22.7,46.9,2000.0,,4.0,275.0,317.0,7.0,,1.0,4,50000,6,70000,38.4,https://www.edmunds.com/lexus/nx/2026/,IIHS,14.5,"CarEdge, brand-level only, ranks 1st of 16 luxury brands",,"4.0/5.0 (RepairPal, rank 2 of 11 luxury compact SUVs)",100.0,62.18984196875742,62.94173405188763,69.21158743633276,83.33333333333333,58.33333333333333,94.42475124378109,73.17708333333334,59.02777777777778,56.88073394495413
Lexus,NX,350h Luxury,2026,no,SUV,4,5,FWD,Hybrid,51240.0,1295.0,52535.0,,,,,5.0,,41.0,36.1,,37.1,38.1,,no,22.7,46.9,,,4.0,240.0,,7.6,,1.0,4,50000,6,70000,38.4,https://www.edmunds.com/lexus/nx/2026/,IIHS,,"CarEdge, brand-level only, ranks 1st of 16 luxury brands",,"4.0/5.0 (RepairPal, rank 2 of 11 luxury compact SUVs)",100.0,62.18984196875742,62.94173405188763,50.0,83.33333333333333,58.33333333333333,93.70128524046434,73.17708333333334,56.94444444444444,50.0
Lexus,NX,350h Luxury,2026,no,SUV,4,5,AWD,Hybrid,52790.0,1295.0,54085.0,41.0,37.0,39.0,,5.0,,41.0,36.1,,37.1,38.1,,no,22.7,46.9,,,4.0,240.0,,7.6,,1.0,4,50000,6,70000,38.4,https://www.edmunds.com/lexus/nx/2026/,IIHS,,"CarEdge, brand-level only, ranks 1st of 16 luxury brands",,"4.0/5.0 (RepairPal, rank 2 of 11 luxury compact SUVs)",100.0,62.18984196875742,62.94173405188763,78.78787878787878,83.33333333333333,58.33333333333333,93.37997512437812,73.17708333333334,56.94444444444444,50.0
Lexus,NX,350 F SPORT Handling,2026,no,SUV,4,5,AWD,Gas,51800.0,1295.0,53095.0,,,24.0,348.0,5.0,,41.0,36.1,,37.1,38.1,,no,22.7,46.9,2000.0,,4.0,275.0,317.0,7.0,,1.0,4,50000,6,70000,38.4,https://www.edmunds.com/lexus/nx/2026/,IIHS,14.5,"CarEdge, brand-level only, ranks 1st of 16 luxury brands",,"4.0/5.0 (RepairPal, rank 2 of 11 luxury compact SUVs)",100.0,62.18984196875742,62.94173405188763,69.21158743633276,83.33333333333333,58.33333333333333,93.58519900497512,73.17708333333334,59.02777777777778,56.88073394495413
Lexus,NX,350 Luxury,2026,no,SUV,4,5,AWD,Gas,51890.0,1295.0,53185.0,,,24.0,348.0,5.0,,41.0,36.1,,37.1,38.1,,no,22.7,46.9,2000.0,,4.0,275.0,317.0,7.0,,1.0,4,50000,6,70000,38.4,https://www.edmunds.com/lexus/nx/2026/,IIHS,14.5,"CarEdge, brand-level only, ranks 1st of 16 luxury brands",,"4.0/5.0 (RepairPal, rank 2 of 11 luxury compact SUVs)",100.0,62.18984196875742,62.94173405188763,69.21158743633276,83.33333333333333,58.33333333333333,93.56654228855722,73.17708333333334,59.02777777777778,56.88073394495413
Lexus,NX,350h F SPORT Handling,2026,no,SUV,4,5,FWD,Hybrid,53650.0,1295.0,54945.0,,,,,5.0,,41.0,36.1,,37.1,38.1,,no,22.7,46.9,,,4.0,240.0,,7.6,,1.0,4,50000,6,70000,38.4,https://www.edmunds.com/lexus/nx/2026/,IIHS,,"CarEdge, brand-level only, ranks 1st of 16 luxury brands",,"4.0/5.0 (RepairPal, rank 2 of 11 luxury compact SUVs)",100.0,62.18984196875742,62.94173405188763,50.0,83.33333333333333,58.33333333333333,93.20169983416253,73.17708333333334,56.94444444444444,50.0
Lexus,NX,350h F SPORT Handling,2026,no,SUV,4,5,AWD,Hybrid,55200.0,1295.0,56495.0,41.0,37.0,39.0,,5.0,,41.0,36.1,,37.1,38.1,,no,22.7,46.9,,,4.0,240.0,,7.6,,1.0,4,50000,6,70000,38.4,https://www.edmunds.com/lexus/nx/2026/,IIHS,,"CarEdge, brand-level only, ranks 1st of 16 luxury brands",,"4.0/5.0 (RepairPal, rank 2 of 11 luxury compact SUVs)",100.0,62.18984196875742,62.94173405188763,78.78787878787878,83.33333333333333,58.33333333333333,92.88038971807629,73.17708333333334,56.94444444444444,50.0
Lexus,NX,450h+ Premium,2026,no,SUV,4,5,AWD,PHEV,57810.0,1295.0,59105.0,,,,,,,41.0,36.1,,37.1,38.1,,no,22.7,46.9,,,4.0,304.0,,5.6,,1.0,4,50000,6,70000,38.4,https://www.edmunds.com/lexus/nx/2026/,,,"CarEdge, brand-level only, ranks 1st of 16 luxury brands",,"4.0/5.0 (RepairPal, rank 2 of 11 luxury compact SUVs)",50.0,62.18984196875742,62.94173405188763,50.0,83.33333333333333,58.33333333333333,92.33934494195688,73.17708333333334,63.888888888888886,50.0
Lexus,NX,450h+ Luxury,2026,no,SUV,4,5,AWD,PHEV,61740.0,1295.0,63035.0,,,,,,,41.0,36.1,,37.1,38.1,,no,22.7,46.9,,,4.0,304.0,,5.6,,1.0,4,50000,6,70000,38.4,https://www.edmunds.com/lexus/nx/2026/,,,"CarEdge, brand-level only, ranks 1st of 16 luxury brands",,"4.0/5.0 (RepairPal, rank 2 of 11 luxury compact SUVs)",50.0,62.18984196875742,62.94173405188763,50.0,83.33333333333333,58.33333333333333,91.52466832504146,73.17708333333334,63.888888888888886,50.0
Lexus,NX,450h+ F SPORT Handling,2026,no,SUV,4,5,AWD,PHEV,62830.0,1295.0,64125.0,,,,,,,41.0,36.1,,37.1,38.1,,no,22.7,46.9,,,4.0,304.0,,5.6,,1.0,4,50000,6,70000,38.4,https://www.edmunds.com/lexus/nx/2026/,,,"CarEdge, brand-level only, ranks 1st of 16 luxury brands",,"4.0/5.0 (RepairPal, rank 2 of 11 luxury compact SUVs)",50.0,62.18984196875742,62.94173405188763,50.0,83.33333333333333,58.33333333333333,91.29871475953566,73.17708333333334,63.888888888888886,50.0
Lexus,RX,350,2026,no,SUV,4,5,FWD,Gas,51225.0,1450.0,52675.0,,,,,2.0,,41.1,37.4,,38.1,38.5,,no,29.6,46.2,,,4.0,275.0,317.0,7.2,,2.0,4,50000,6,70000,38.4,https://www.edmunds.com/lexus/rx/2026/,IIHS,17.8,"CarEdge, brand-level only, ranks 1st of 16 luxury brands",,,62.5,68.25574721573115,71.13972171083859,50.0,83.33333333333333,66.66666666666666,93.67226368159203,73.17708333333334,58.33333333333333,50.0
Lexus,RX,350,2026,no,SUV,4,5,AWD,Gas,52825.0,1450.0,54275.0,21.0,28.0,24.0,427.0,2.0,,41.1,37.4,,38.1,38.5,,no,29.6,46.2,,,4.0,275.0,317.0,7.2,,2.0,4,50000,6,70000,38.4,https://www.edmunds.com/lexus/rx/2026/,IIHS,17.8,"CarEdge, brand-level only, ranks 1st of 16 luxury brands",,,62.5,68.25574721573115,71.13972171083859,77.17529711375212,83.33333333333333,66.66666666666666,93.34058872305141,73.17708333333334,58.33333333333333,50.0
Lexus,RX,350 Premium,2026,no,SUV,4,5,FWD,Gas,53400.0,1450.0,54850.0,,,,,2.0,,41.1,37.4,,38.1,38.5,,no,29.6,46.2,,,4.0,275.0,317.0,7.2,,2.0,4,50000,6,70000,38.4,https://www.edmunds.com/lexus/rx/2026/,IIHS,17.8,"CarEdge, brand-level only, ranks 1st of 16 luxury brands",,,62.5,68.25574721573115,71.13972171083859,50.0,83.33333333333333,66.66666666666666,93.22139303482587,73.17708333333334,58.33333333333333,50.0
Lexus,RX,350 Premium,2026,no,SUV,4,5,AWD,Gas,55000.0,1450.0,56450.0,21.0,28.0,24.0,427.0,2.0,,41.1,37.4,,38.1,38.5,,no,29.6,46.2,,,4.0,275.0,317.0,7.2,,2.0,4,50000,6,70000,38.4,https://www.edmunds.com/lexus/rx/2026/,IIHS,17.8,"CarEdge, brand-level only, ranks 1st of 16 luxury brands",,,62.5,68.25574721573115,71.13972171083859,77.17529711375212,83.33333333333333,66.66666666666666,92.88971807628525,73.17708333333334,58.33333333333333,50.0
Lexus,RX,350h,2026,no,SUV,4,5,AWD,Hybrid,53525.0,1450.0,54975.0,37.0,34.0,36.0,,2.0,,41.1,37.4,,38.1,38.5,,no,29.6,46.2,,,4.0,246.0,233.0,7.4,,2.0,4,50000,6,70000,38.4,https://www.edmunds.com/lexus/rx/2026/,IIHS,,"CarEdge, brand-level only, ranks 1st of 16 luxury brands",,,62.5,68.25574721573115,71.13972171083859,74.24242424242425,83.33333333333333,66.66666666666666,93.19548092868988,73.17708333333334,57.638888888888886,50.0
Lexus,RX,350h Premium,2026,no,SUV,4,5,AWD,Hybrid,55700.0,1450.0,57150.0,37.0,34.0,36.0,,2.0,,41.1,37.4,,38.1,38.5,,no,29.6,46.2,,,4.0,246.0,233.0,7.4,,2.0,4,50000,6,70000,38.4,https://www.edmunds.com/lexus/rx/2026/,IIHS,,"CarEdge, brand-level only, ranks 1st of 16 luxury brands",,,62.5,68.25574721573115,71.13972171083859,74.24242424242425,83.33333333333333,66.66666666666666,92.74461028192371,73.17708333333334,57.638888888888886,50.0
Lexus,RX,350 F SPORT Design,2026,no,SUV,4,5,FWD,Gas,55730.0,1450.0,57180.0,,,,,2.0,,41.1,37.4,,38.1,38.5,,no,29.6,46.2,,,4.0,275.0,317.0,7.2,,2.0,4,50000,6,70000,38.4,https://www.edmunds.com/lexus/rx/2026/,IIHS,17.8,"CarEdge, brand-level only, ranks 1st of 16 luxury brands",,,62.5,68.25574721573115,71.13972171083859,50.0,83.33333333333333,66.66666666666666,92.73839137645108,73.17708333333334,58.33333333333333,50.0
Lexus,RX,350 F SPORT Design,2026,no,SUV,4,5,AWD,Gas,57330.0,1450.0,58780.0,21.0,28.0,24.0,427.0,2.0,,41.1,37.4,,38.1,38.5,,no,29.6,46.2,,,4.0,275.0,317.0,7.2,,2.0,4,50000,6,70000,38.4,https://www.edmunds.com/lexus/rx/2026/,IIHS,17.8,"CarEdge, brand-level only, ranks 1st of 16 luxury brands",,,62.5,68.25574721573115,71.13972171083859,77.17529711375212,83.33333333333333,66.66666666666666,92.40671641791045,73.17708333333334,58.33333333333333,50.0
Lexus,RX,350 Premium Plus,2026,no,SUV,4,5,FWD,Gas,56890.0,1450.0,58340.0,,,,,2.0,,41.1,37.4,,38.1,38.5,,no,29.6,46.2,,,4.0,275.0,317.0,7.2,,2.0,4,50000,6,70000,38.4,https://www.edmunds.com/lexus/rx/2026/,IIHS,17.8,"CarEdge, brand-level only, ranks 1st of 16 luxury brands",,,62.5,68.25574721573115,71.13972171083859,50.0,83.33333333333333,66.66666666666666,92.49792703150912,73.17708333333334,58.33333333333333,50.0
Lexus,RX,350 Premium Plus,2026,no,SUV,4,5,AWD,Gas,58490.0,1450.0,59940.0,21.0,28.0,24.0,427.0,2.0,,41.1,37.4,,38.1,38.5,,no,29.6,46.2,,,4.0,275.0,317.0,7.2,,2.0,4,50000,6,70000,38.4,https://www.edmunds.com/lexus/rx/2026/,IIHS,17.8,"CarEdge, brand-level only, ranks 1st of 16 luxury brands",,,62.5,68.25574721573115,71.13972171083859,77.17529711375212,83.33333333333333,66.66666666666666,92.16625207296849,73.17708333333334,58.33333333333333,50.0
Lexus,RX,350h F SPORT Design,2026,no,SUV,4,5,AWD,Hybrid,58030.0,1450.0,59480.0,37.0,34.0,36.0,,2.0,,41.1,37.4,,38.1,38.5,,no,29.6,46.2,,,4.0,246.0,233.0,7.4,,2.0,4,50000,6,70000,38.4,https://www.edmunds.com/lexus/rx/2026/,IIHS,,"CarEdge, brand-level only, ranks 1st of 16 luxury brands",,,62.5,68.25574721573115,71.13972171083859,74.24242424242425,83.33333333333333,66.66666666666666,92.26160862354892,73.17708333333334,57.638888888888886,50.0
Lexus,RX,350h Premium Plus,2026,no,SUV,4,5,AWD,Hybrid,59190.0,1450.0,60640.0,37.0,34.0,36.0,,2.0,,41.1,37.4,,38.1,38.5,,no,29.6,46.2,,,4.0,246.0,233.0,7.4,,2.0,4,50000,6,70000,38.4,https://www.edmunds.com/lexus/rx/2026/,IIHS,,"CarEdge, brand-level only, ranks 1st of 16 luxury brands",,,62.5,68.25574721573115,71.13972171083859,74.24242424242425,83.33333333333333,66.66666666666666,92.02114427860695,73.17708333333334,57.638888888888886,50.0
Lexus,RX,350 F SPORT Handling,2026,no,SUV,4,5,AWD,Gas,60000.0,1450.0,61450.0,21.0,28.0,24.0,427.0,2.0,,41.1,37.4,,38.1,38.5,,no,29.6,46.2,,,4.0,275.0,317.0,7.2,,2.0,4,50000,6,70000,38.4,https://www.edmunds.com/lexus/rx/2026/,IIHS,17.8,"CarEdge, brand-level only, ranks 1st of 16 luxury brands",,,62.5,68.25574721573115,71.13972171083859,77.17529711375212,83.33333333333333,66.66666666666666,91.85323383084577,73.17708333333334,58.33333333333333,50.0
Lexus,RX,350 Luxury,2026,no,SUV,4,5,FWD,Gas,61945.0,1450.0,63395.0,,,,,2.0,,41.1,37.4,,38.1,38.5,,no,29.6,46.2,,,4.0,275.0,317.0,7.2,,2.0,4,50000,6,70000,38.4,https://www.edmunds.com/lexus/rx/2026/,IIHS,17.8,"CarEdge, brand-level only, ranks 1st of 16 luxury brands",,,62.5,68.25574721573115,71.13972171083859,50.0,83.33333333333333,66.66666666666666,91.45004145936983,73.17708333333334,58.33333333333333,50.0
Lexus,RX,350 Luxury,2026,no,SUV,4,5,AWD,Gas,63545.0,1450.0,64995.0,21.0,28.0,24.0,427.0,2.0,,41.1,37.4,,38.1,38.5,,no,29.6,46.2,,,4.0,275.0,317.0,7.2,,2.0,4,50000,6,70000,38.4,https://www.edmunds.com/lexus/rx/2026/,IIHS,17.8,"CarEdge, brand-level only, ranks 1st of 16 luxury brands",,,62.5,68.25574721573115,71.13972171083859,77.17529711375212,83.33333333333333,66.66666666666666,91.11836650082918,73.17708333333334,58.33333333333333,50.0
Lexus,RX,350h Luxury,2026,no,SUV,4,5,AWD,Hybrid,64245.0,1450.0,65695.0,37.0,34.0,36.0,,2.0,,41.1,37.4,,38.1,38.5,,no,29.6,46.2,,,4.0,246.0,233.0,7.4,,2.0,4,50000,6,70000,38.4,https://www.edmunds.com/lexus/rx/2026/,IIHS,,"CarEdge, brand-level only, ranks 1st of 16 luxury brands",,,62.5,68.25574721573115,71.13972171083859,74.24242424242425,83.33333333333333,66.66666666666666,90.97325870646766,73.17708333333334,57.638888888888886,50.0
Lexus,RX,450h+ Premium,2026,no,SUV,4,5,AWD,PHEV,65230.0,1450.0,66680.0,,,,,2.0,,41.1,37.4,,38.1,38.5,,no,29.6,46.2,,,4.0,304.0,,6.2,,2.0,4,50000,6,70000,38.4,https://www.edmunds.com/lexus/rx/2026/,IIHS,,"CarEdge, brand-level only, ranks 1st of 16 luxury brands",,,62.5,68.25574721573115,71.13972171083859,50.0,83.33333333333333,66.66666666666666,90.76907131011609,73.17708333333334,61.80555555555556,50.0
Lexus,RX,500h F SPORT Performance,2026,yes,SUV,4,5,AWD,Hybrid,66900.0,1450.0,68350.0,27.0,28.0,27.0,,2.0,,41.1,37.4,,38.1,38.5,,no,29.6,46.2,,,4.0,366.0,406.0,5.9,,2.0,4,50000,6,70000,38.4,https://www.edmunds.com/lexus/rx/2026/,IIHS,,"CarEdge, brand-level only, ranks 1st of 16 luxury brands",,,62.5,68.25574721573115,71.13972171083859,60.60606060606061,83.33333333333333,66.66666666666666,90.42288557213931,73.17708333333334,87.84722222222223,50.0
Lexus,RX,450h+ Luxury,2026,no,SUV,4,5,AWD,PHEV,71860.0,1450.0,73310.0,,,,,2.0,,41.1,37.4,,38.1,38.5,,no,29.6,46.2,,,4.0,304.0,,6.2,,2.0,4,50000,6,70000,38.4,https://www.edmunds.com/lexus/rx/2026/,IIHS,,"CarEdge, brand-level only, ranks 1st of 16 luxury brands",,,62.5,68.25574721573115,71.13972171083859,50.0,83.33333333333333,66.66666666666666,89.39469320066334,73.17708333333334,61.80555555555556,50.0
Lexus,GX,Premium,2026,no,SUV,4,7,4WD,Gas,66935.0,1450.0,68385.0,15.0,21.0,17.0,359.0,,,41.2,36.7,38.0,40.3,41.9,36.0,yes,10.3,76.9,9063.0,,3.5,349.0,479.0,6.7,,3.0,4,50000,6,70000,38.4,https://www.edmunds.com/lexus/gx/2026/,,21.1,"CarEdge, brand-level only, ranks 1st of 16 luxury brands",,,50.0,83.32101643873548,52.12598800622532,61.10993208828523,75.0,75.0,90.41563018242122,73.17708333333334,60.06944444444444,97.37958715596329
Lexus,GX,Premium+,2026,no,SUV,4,7,4WD,Gas,71400.0,1450.0,72850.0,15.0,21.0,17.0,359.0,,,41.2,36.7,38.0,40.3,41.9,36.0,yes,10.3,76.9,9063.0,,3.5,349.0,479.0,6.7,,3.0,4,50000,6,70000,38.4,https://www.edmunds.com/lexus/gx/2026/,,21.1,"CarEdge, brand-level only, ranks 1st of 16 luxury brands",,,50.0,83.32101643873548,52.12598800622532,61.10993208828523,75.0,75.0,89.49004975124379,73.17708333333334,60.06944444444444,97.37958715596329
Lexus,GX,Overtrail,2026,no,SUV,4,7,4WD,Gas,74580.0,1450.0,76030.0,15.0,21.0,17.0,359.0,,,41.2,36.7,38.0,40.3,41.9,36.0,yes,10.3,76.9,,,3.5,349.0,479.0,6.7,,3.0,4,50000,6,70000,38.4,https://www.edmunds.com/lexus/gx/2026/,,21.1,"CarEdge, brand-level only, ranks 1st of 16 luxury brands",,,50.0,83.32101643873548,52.12598800622532,61.10993208828523,75.0,75.0,88.83084577114428,73.17708333333334,60.06944444444444,50.0
Lexus,GX,Luxury,2026,no,SUV,4,7,4WD,Gas,79400.0,1450.0,80850.0,15.0,21.0,17.0,359.0,,,41.2,36.7,38.0,40.3,41.9,36.0,yes,10.3,76.9,9063.0,,3.5,349.0,479.0,6.7,,3.0,4,50000,6,70000,38.4,https://www.edmunds.com/lexus/gx/2026/,,21.1,"CarEdge, brand-level only, ranks 1st of 16 luxury brands",,,50.0,83.32101643873548,52.12598800622532,61.10993208828523,75.0,75.0,87.83167495854063,73.17708333333334,60.06944444444444,97.37958715596329
Lexus,GX,Overtrail+,2026,no,SUV,4,7,4WD,Gas,82045.0,1450.0,83495.0,15.0,21.0,17.0,359.0,,,41.2,36.7,38.0,40.3,41.9,36.0,yes,10.3,76.9,,,3.5,349.0,479.0,6.7,,3.0,4,50000,6,70000,38.4,https://www.edmunds.com/lexus/gx/2026/,,21.1,"CarEdge, brand-level only, ranks 1st of 16 luxury brands",,,50.0,83.32101643873548,52.12598800622532,61.10993208828523,75.0,75.0,87.28337479270314,73.17708333333334,60.06944444444444,50.0
Lexus,GX,Luxury+,2026,no,SUV,4,7,4WD,Gas,83400.0,1450.0,84850.0,15.0,21.0,17.0,359.0,,,41.2,36.7,38.0,40.3,41.9,36.0,yes,10.3,76.9,9063.0,,3.5,349.0,479.0,6.7,,3.0,4,50000,6,70000,38.4,https://www.edmunds.com/lexus/gx/2026/,,21.1,"CarEdge, brand-level only, ranks 1st of 16 luxury brands",,,50.0,83.32101643873548,52.12598800622532,61.10993208828523,75.0,75.0,87.00248756218906,73.17708333333334,60.06944444444444,97.37958715596329
Lexus,LX,600 Premium,2026,no,SUV,4,7,4WD,Gas,107000.0,1450.0,108450.0,17.0,22.0,19.0,401.0,,,41.1,36.6,31.0,37.8,38.9,35.0,yes,11.0,64.0,8000.0,,3.5,409.0,479.0,6.1,,4.0,4,50000,6,70000,38.4,https://www.edmunds.com/lexus/lx/2026/,,21.1,"CarEdge, brand-level only, ranks 1st of 16 luxury brands",,,50.0,67.05125099673533,51.209375838386485,67.97538200339558,75.0,83.33333333333333,82.11028192371475,73.17708333333334,62.15277777777778,91.28440366972478
Lexus,LX,600 F SPORT Handling,2026,no,SUV,4,7,4WD,Gas,114000.0,1450.0,115450.0,17.0,22.0,19.0,401.0,,,41.1,36.6,31.0,37.8,38.9,35.0,yes,11.0,64.0,8000.0,,3.5,409.0,479.0,6.1,,4.0,4,50000,6,70000,38.4,https://www.edmunds.com/lexus/lx/2026/,,21.1,"CarEdge, brand-level only, ranks 1st of 16 luxury brands",,,50.0,67.05125099673533,51.209375838386485,67.97538200339558,75.0,83.33333333333333,80.6592039800995,73.17708333333334,62.15277777777778,91.28440366972478
Lexus,LX,600 Luxury,2026,no,SUV,4,7,4WD,Gas,116000.0,1450.0,117450.0,17.0,22.0,19.0,401.0,,,41.1,36.6,31.0,37.8,38.9,35.0,yes,11.0,64.0,8000.0,,3.5,409.0,479.0,6.1,,4.0,4,50000,6,70000,38.4,https://www.edmunds.com/lexus/lx/2026/,,21.1,"CarEdge, brand-level only, ranks 1st of 16 luxury brands",,,50.0,67.05125099673533,51.209375838386485,67.97538200339558,75.0,83.33333333333333,80.24461028192371,73.17708333333334,62.15277777777778,91.28440366972478
Lexus,LX,700h Overtrail,2026,no,SUV,4,7,4WD,Hybrid,115735.0,1450.0,117185.0,,,,,,,41.1,36.6,31.0,37.8,38.9,35.0,yes,11.0,64.0,8000.0,,3.5,,,5.6,,4.0,4,50000,6,70000,38.4,https://www.edmunds.com/lexus/lx/2026/,,,"CarEdge, brand-level only, ranks 1st of 16 luxury brands",,,50.0,67.05125099673533,51.209375838386485,50.0,75.0,83.33333333333333,80.299543946932,73.17708333333334,63.888888888888886,91.28440366972478
Lexus,LX,700h F SPORT Handling,2026,no,SUV,4,7,4WD,Hybrid,118000.0,1450.0,119450.0,,,,,,,41.1,36.6,31.0,37.8,38.9,35.0,yes,11.0,64.0,8000.0,,3.5,,,5.6,,4.0,4,50000,6,70000,38.4,https://www.edmunds.com/lexus/lx/2026/,,,"CarEdge, brand-level only, ranks 1st of 16 luxury brands",,,50.0,67.05125099673533,51.209375838386485,50.0,75.0,83.33333333333333,79.83001658374792,73.17708333333334,63.888888888888886,91.28440366972478
Lexus,LX,700h Luxury,2026,no,SUV,4,7,4WD,Hybrid,120000.0,1450.0,121450.0,,,,,,,41.1,36.6,31.0,37.8,38.9,35.0,yes,11.0,64.0,8000.0,,3.5,,,5.6,,4.0,4,50000,6,70000,38.4,https://www.edmunds.com/lexus/lx/2026/,,,"CarEdge, brand-level only, ranks 1st of 16 luxury brands",,,50.0,67.05125099673533,51.209375838386485,50.0,75.0,83.33333333333333,79.41542288557214,73.17708333333334,63.888888888888886,91.28440366972478
Lexus,LX,700h Ultra Luxury,2026,no,SUV,4,7,4WD,Hybrid,141500.0,1450.0,142950.0,,,,,,,41.1,36.6,31.0,37.8,38.9,35.0,yes,11.0,64.0,8000.0,,3.5,,,5.5,,4.0,4,50000,6,70000,38.4,https://www.edmunds.com/lexus/lx/2026/,,,"CarEdge, brand-level only, ranks 1st of 16 luxury brands",,,50.0,67.05125099673533,51.209375838386485,50.0,75.0,83.33333333333333,74.95854063018243,73.17708333333334,64.23611111111111,91.28440366972478
Lexus,TX,350,2026,no,SUV,4,7,FWD,Gas,56940.0,1450.0,58390.0,,,,,,,41.6,39.5,34.0,40.0,38.5,37.0,yes,20.2,97.0,5000.0,,,275.0,317.0,7.8,,2.0,4,50000,6,70000,38.4,https://www.edmunds.com/lexus/tx/2026/,,17.8,"CarEdge, brand-level only, ranks 1st of 16 luxury brands",,,50.0,78.1347853056966,66.76434944055381,50.0,50.0,66.66666666666666,92.48756218905473,73.17708333333334,56.25,74.08256880733944
Lexus,TX,350,2026,no,SUV,4,7,AWD,Gas,58540.0,1450.0,59990.0,20.0,26.0,23.0,409.0,,,41.6,39.5,34.0,40.0,38.5,37.0,yes,20.2,97.0,5000.0,,,275.0,317.0,7.8,,2.0,4,50000,6,70000,38.4,https://www.edmunds.com/lexus/tx/2026/,,17.8,"CarEdge, brand-level only, ranks 1st of 16 luxury brands",,,50.0,78.1347853056966,66.76434944055381,74.04499151103565,50.0,66.66666666666666,92.1558872305141,73.17708333333334,56.25,74.08256880733944
Lexus,TX,350 Premium,2026,no,SUV,4,7,FWD,Gas,59740.0,1450.0,61190.0,,,,,,,41.6,39.5,34.0,40.0,38.5,37.0,yes,20.2,97.0,5000.0,,,275.0,317.0,7.8,,2.0,4,50000,6,70000,38.4,https://www.edmunds.com/lexus/tx/2026/,,17.8,"CarEdge, brand-level only, ranks 1st of 16 luxury brands",,,50.0,78.1347853056966,66.76434944055381,50.0,50.0,66.66666666666666,91.90713101160861,73.17708333333334,56.25,74.08256880733944
Lexus,TX,350 Premium,2026,no,SUV,4,7,AWD,Gas,61340.0,1450.0,62790.0,20.0,26.0,23.0,409.0,,,41.6,39.5,34.0,40.0,38.5,37.0,yes,20.2,97.0,5000.0,,,275.0,317.0,7.8,,2.0,4,50000,6,70000,38.4,https://www.edmunds.com/lexus/tx/2026/,,17.8,"CarEdge, brand-level only, ranks 1st of 16 luxury brands",,,50.0,78.1347853056966,66.76434944055381,74.04499151103565,50.0,66.66666666666666,91.575456053068,73.17708333333334,56.25,74.08256880733944
Lexus,TX,350 Luxury,2026,no,SUV,4,7,FWD,Gas,62090.0,1450.0,63540.0,,,,,,,41.6,39.5,34.0,40.0,38.5,37.0,yes,20.2,97.0,5000.0,,,275.0,317.0,7.8,,2.0,4,50000,6,70000,38.4,https://www.edmunds.com/lexus/tx/2026/,,17.8,"CarEdge, brand-level only, ranks 1st of 16 luxury brands",,,50.0,78.1347853056966,66.76434944055381,50.0,50.0,66.66666666666666,91.41998341625208,73.17708333333334,56.25,74.08256880733944
Lexus,TX,350 Luxury,2026,no,SUV,4,7,AWD,Gas,63690.0,1450.0,65140.0,20.0,26.0,23.0,409.0,,,41.6,39.5,34.0,40.0,38.5,37.0,yes,20.2,97.0,5000.0,,,275.0,317.0,7.8,,2.0,4,50000,6,70000,38.4,https://www.edmunds.com/lexus/tx/2026/,,17.8,"CarEdge, brand-level only, ranks 1st of 16 luxury brands",,,50.0,78.1347853056966,66.76434944055381,74.04499151103565,50.0,66.66666666666666,91.08830845771143,73.17708333333334,56.25,74.08256880733944
Lexus,TX,350 F SPORT Handling,2026,no,SUV,4,6,AWD,Gas,66210.0,1450.0,67660.0,20.0,26.0,23.0,409.0,,,41.6,39.5,34.0,40.0,38.5,37.0,yes,20.2,97.0,5000.0,,,275.0,317.0,7.8,,2.0,4,50000,6,70000,38.4,https://www.edmunds.com/lexus/tx/2026/,,17.8,"CarEdge, brand-level only, ranks 1st of 16 luxury brands",,,50.0,78.1347853056966,66.76434944055381,74.04499151103565,50.0,66.66666666666666,90.56592039800995,73.17708333333334,56.25,74.08256880733944
Lexus,TX,500h F SPORT Performance Premium,2026,yes,SUV,4,6,AWD,Hybrid,70460.0,1450.0,71910.0,27.0,28.0,27.0,,,,41.6,39.5,34.0,40.0,38.5,37.0,yes,20.2,97.0,,,,366.0,339.0,6.1,,2.0,4,50000,6,70000,38.4,https://www.edmunds.com/lexus/tx/2026/,,,"CarEdge, brand-level only, ranks 1st of 16 luxury brands",,,50.0,78.1347853056966,66.76434944055381,60.60606060606061,50.0,66.66666666666666,89.68490878938641,73.17708333333334,87.15277777777777,50.0
Lexus,TX,500h F SPORT Performance Luxury,2026,yes,SUV,4,6,AWD,Hybrid,73610.0,1450.0,75060.0,27.0,28.0,27.0,,,,41.6,39.5,34.0,40.0,38.5,37.0,yes,20.2,97.0,,,,366.0,339.0,6.1,,2.0,4,50000,6,70000,38.4,https://www.edmunds.com/lexus/tx/2026/,,,"CarEdge, brand-level only, ranks 1st of 16 luxury brands",,,50.0,78.1347853056966,66.76434944055381,60.60606060606061,50.0,66.66666666666666,89.03192371475953,73.17708333333334,87.15277777777777,50.0
Lexus,TX,550h+ Luxury,2026,no,SUV,4,6,AWD,PHEV,80610.0,1450.0,82060.0,,,,,,,41.6,39.5,34.0,40.0,38.5,37.0,yes,20.2,97.0,,,,404.0,247.0,5.9,,2.0,4,50000,6,70000,38.4,https://www.edmunds.com/lexus/tx/2026/,,,"CarEdge, brand-level only, ranks 1st of 16 luxury brands",,,50.0,78.1347853056966,66.76434944055381,50.0,50.0,66.66666666666666,87.58084577114428,73.17708333333334,62.84722222222222,50.0
Lexus,RZ,350e,2026,no,SUV,4,5,FWD,EV,46000.0,,46000.0,136.0,115.0,126.0,301.0,,,42.1,37.5,,39.9,39.7,,no,34.9,,,,,221.0,198.0,7.2,,3.0,4,50000,6,70000,38.4,https://www.edmunds.com/lexus/rz/2026/,,,"CarEdge, brand-level only, ranks 1st of 16 luxury brands",,,50.0,78.83796317837782,85.41714553286332,81.22316636851521,50.0,75.0,95.05597014925374,73.17708333333334,58.33333333333333,50.0
Lexus,RZ,350e Premium,2026,no,SUV,4,5,FWD,EV,48200.0,,48200.0,136.0,115.0,126.0,301.0,,,42.1,37.5,,39.9,39.7,,no,34.9,,,,,221.0,198.0,7.2,,3.0,4,50000,6,70000,38.4,https://www.edmunds.com/lexus/rz/2026/,,,"CarEdge, brand-level only, ranks 1st of 16 luxury brands",,,50.0,78.83796317837782,85.41714553286332,81.22316636851521,50.0,75.0,94.59991708126037,73.17708333333334,58.33333333333333,50.0
Lexus,RZ,450e,2026,no,SUV,4,5,AWD,EV,49500.0,,49500.0,120.0,100.0,110.0,260.0,,,42.1,37.5,,39.9,39.7,,no,34.9,,,,,308.0,,4.8,,3.0,4,50000,6,70000,38.4,https://www.edmunds.com/lexus/rz/2026/,,,"CarEdge, brand-level only, ranks 1st of 16 luxury brands",,,50.0,78.83796317837782,85.41714553286332,72.62969588550985,50.0,75.0,94.3304311774461,73.17708333333334,66.66666666666667,50.0
Lexus,RZ,450e Premium,2026,no,SUV,4,5,AWD,EV,51700.0,,51700.0,120.0,100.0,110.0,260.0,,,42.1,37.5,,39.9,39.7,,no,34.9,,,,,308.0,,4.8,,3.0,4,50000,6,70000,38.4,https://www.edmunds.com/lexus/rz/2026/,,,"CarEdge, brand-level only, ranks 1st of 16 luxury brands",,,50.0,78.83796317837782,85.41714553286332,72.62969588550985,50.0,75.0,93.87437810945273,73.17708333333334,66.66666666666667,50.0
Lexus,RZ,450e Luxury,2026,no,SUV,4,5,AWD,EV,57000.0,,57000.0,102.0,87.0,95.0,260.0,,,42.1,37.5,,39.9,39.7,,no,34.9,,,,,308.0,,4.8,,3.0,4,50000,6,70000,38.4,https://www.edmunds.com/lexus/rz/2026/,,,"CarEdge, brand-level only, ranks 1st of 16 luxury brands",,,50.0,78.83796317837782,85.41714553286332,68.26923076923077,50.0,75.0,92.77570480928689,73.17708333333334,66.66666666666667,50.0
Lexus,RZ,550e F SPORT,2026,yes,SUV,4,5,AWD,EV,57000.0,,57000.0,102.0,88.0,95.0,225.0,,,42.1,37.5,,39.9,39.7,,no,34.9,,,,,402.0,,4.0,,3.0,4,50000,6,70000,38.4,https://www.edmunds.com/lexus/rz/2026/,,,"CarEdge, brand-level only, ranks 1st of 16 luxury brands",,,50.0,78.83796317837782,85.41714553286332,64.90384615384616,50.0,75.0,92.77570480928689,73.17708333333334,94.44444444444444,50.0
Buick,Encore GX,Preferred FWD,2026,no,SUV,4,5,FWD,Gas,26200.0,1795.0,27995.0,,,,,5.0,,40.9,36.0,,39.7,38.1,,no,23.5,50.2,,,3.5,,,9.2,,1.0,3,36000,5,60000,41.8,https://www.edmunds.com/buick/encore-gx/2026/features-specs/,NHTSA,13.2,model-specific,,"3.5/5.0 (RepairPal, brand-level only, ranks 13th of 32 brands)",100.0,68.06350241571803,64.35299869273976,50.0,75.0,58.33333333333333,98.78834991708126,70.96354166666667,51.38888888888889,50.0
Buick,Encore GX,Preferred AWD,2026,no,SUV,4,5,AWD,Gas,28200.0,1795.0,29995.0,,,,,5.0,,40.9,36.0,,39.7,38.1,,no,23.5,50.2,,,3.5,155.0,174.0,9.2,,1.0,3,36000,5,60000,41.8,https://www.edmunds.com/buick/encore-gx/2026/features-specs/,NHTSA,13.2,model-specific,,"3.5/5.0 (RepairPal, brand-level only, ranks 13th of 32 brands)",100.0,68.06350241571803,64.35299869273976,50.0,75.0,58.33333333333333,98.37375621890547,70.96354166666667,51.38888888888889,50.0
Buick,Encore GX,Sport Touring FWD,2026,no,SUV,4,5,FWD,Gas,27400.0,1795.0,29195.0,29.0,31.0,30.0,396.0,5.0,,40.9,36.0,,39.7,38.1,,no,23.5,50.2,,,3.5,155.0,174.0,9.2,,1.0,3,36000,5,60000,41.8,https://www.edmunds.com/buick/encore-gx/2026/features-specs/,NHTSA,13.2,model-specific,,"3.5/5.0 (RepairPal, brand-level only, ranks 13th of 32 brands)",100.0,68.06350241571803,64.35299869273976,81.94503395585738,75.0,58.33333333333333,98.53959369817579,70.96354166666667,51.38888888888889,50.0
Buick,Encore GX,Sport Touring AWD,2026,no,SUV,4,5,AWD,Gas,29000.0,1795.0,30795.0,,,,,5.0,,40.9,36.0,,39.7,38.1,,no,23.5,50.2,,,3.5,155.0,174.0,9.2,,1.0,3,36000,5,60000,41.8,https://www.edmunds.com/buick/encore-gx/2026/features-specs/,NHTSA,13.2,model-specific,,"3.5/5.0 (RepairPal, brand-level only, ranks 13th of 32 brands)",100.0,68.06350241571803,64.35299869273976,50.0,75.0,58.33333333333333,98.20791873963516,70.96354166666667,51.38888888888889,50.0
Buick,Encore GX,Avenir FWD,2026,no,SUV,4,5,FWD,Gas,31700.0,1795.0,33495.0,29.0,31.0,30.0,396.0,5.0,,40.9,36.0,,39.7,38.1,,no,23.5,50.2,,,3.5,155.0,174.0,9.2,,1.0,3,36000,5,60000,41.8,https://www.edmunds.com/buick/encore-gx/2026/features-specs/,NHTSA,13.2,model-specific,,"3.5/5.0 (RepairPal, brand-level only, ranks 13th of 32 brands)",100.0,68.06350241571803,64.35299869273976,81.94503395585738,75.0,58.33333333333333,97.64821724709785,70.96354166666667,51.38888888888889,50.0
Buick,Encore GX,Avenir AWD,2026,no,SUV,4,5,AWD,Gas,33300.0,1795.0,35095.0,,,,,5.0,,40.9,36.0,,39.7,38.1,,no,23.5,50.2,,,3.5,155.0,174.0,9.2,,1.0,3,36000,5,60000,41.8,https://www.edmunds.com/buick/encore-gx/2026/features-specs/,NHTSA,13.2,model-specific,,"3.5/5.0 (RepairPal, brand-level only, ranks 13th of 32 brands)",100.0,68.06350241571803,64.35299869273976,50.0,75.0,58.33333333333333,97.3165422885572,70.96354166666667,51.38888888888889,50.0
Buick,Envista,Preferred,2026,no,SUV,4,5,FWD,Gas,24700.0,1795.0,26495.0,,,30.0,396.0,4.0,,41.9,38.7,,39.4,37.3,,no,20.7,42.0,,,3.5,137.0,162.0,8.8,,1.0,3,36000,5,60000,47.5,https://www.edmunds.com/buick/envista/2026/features-specs/,NHTSA,,model-specific,,"3.5/5.0 (RepairPal, brand-level only, ranks 13th of 32 brands)",87.5,71.14667936616124,59.87009946421544,81.94503395585738,75.0,58.33333333333333,99.0992951907131,67.25260416666667,52.77777777777777,50.0
Buick,Envista,Sport Touring,2026,no,SUV,4,5,FWD,Gas,26200.0,1795.0,27995.0,,,30.0,396.0,4.0,,41.9,38.7,,39.4,37.3,,no,20.7,42.0,,,3.5,137.0,162.0,8.8,,1.0,3,36000,5,60000,47.5,https://www.edmunds.com/buick/envista/2026/features-specs/,NHTSA,,model-specific,,"3.5/5.0 (RepairPal, brand-level only, ranks 13th of 32 brands)",87.5,71.14667936616124,59.87009946421544,81.94503395585738,75.0,58.33333333333333,98.78834991708126,67.25260416666667,52.77777777777777,50.0
Buick,Envista,Avenir,2026,no,SUV,4,5,FWD,Gas,29500.0,1795.0,31295.0,,,30.0,396.0,4.0,,41.9,38.7,,39.4,37.3,,no,20.7,42.0,,,3.5,137.0,162.0,8.8,,1.0,3,36000,5,60000,47.5,https://www.edmunds.com/buick/envista/2026/features-specs/,NHTSA,,model-specific,,"3.5/5.0 (RepairPal, brand-level only, ranks 13th of 32 brands)",87.5,71.14667936616124,59.87009946421544,81.94503395585738,75.0,58.33333333333333,98.10427031509121,67.25260416666667,52.77777777777777,50.0
Buick,Envision,Preferred,2026,no,SUV,4,5,AWD,Gas,41000.0,1995.0,42995.0,22.0,28.0,25.0,403.0,5.0,125.6,40.4,39.3,,39.6,38.9,,no,25.2,52.7,,,3.5,228.0,258.0,7.7,,5.0,3,36000,5,60000,49.1,https://www.edmunds.com/buick/envision/2026/trims/,NHTSA,16.1,model-specific,,"3.5/5.0 (RepairPal, brand-level only, ranks 13th of 32 brands)",100.0,74.8347362305619,66.7369873522394,76.07173174872665,75.0,91.66666666666667,95.67889718076285,66.2109375,56.59722222222222,50.0
Buick,Envision,Sport Touring,2026,no,SUV,4,5,AWD,Gas,43500.0,1995.0,45495.0,22.0,28.0,25.0,403.0,5.0,125.6,40.4,39.3,,39.6,38.9,,no,25.2,52.7,,,3.5,228.0,258.0,7.7,,5.0,3,36000,5,60000,49.1,https://www.edmunds.com/buick/envision/2026/trims/,NHTSA,16.1,model-specific,,"3.5/5.0 (RepairPal, brand-level only, ranks 13th of 32 brands)",100.0,74.8347362305619,66.7369873522394,76.07173174872665,75.0,91.66666666666667,95.16065505804312,66.2109375,56.59722222222222,50.0
Buick,Envision,Avenir,2026,no,SUV,4,5,AWD,Gas,50700.0,1995.0,52695.0,22.0,28.0,25.0,403.0,5.0,125.6,40.4,39.3,,39.6,38.9,,no,25.2,52.7,,,3.5,228.0,258.0,7.7,,5.0,3,36000,5,60000,49.1,https://www.edmunds.com/buick/envision/2026/trims/,NHTSA,16.1,model-specific,,"3.5/5.0 (RepairPal, brand-level only, ranks 13th of 32 brands)",100.0,74.8347362305619,66.7369873522394,76.07173174872665,75.0,91.66666666666667,93.66811774461027,66.2109375,56.59722222222222,50.0
Buick,Enclave,Preferred,2026,no,SUV,4,7,FWD,Gas,46400.0,,46400.0,20.0,25.0,22.0,427.0,4.0,,44.3,41.5,32.0,42.6,40.0,38.0,yes,22.9,97.5,5000.0,,3.0,328.0,326.0,7.8,,3.0,3,36000,5,60000,54.8,https://www.edmunds.com/buick/enclave/2026/trims/,NHTSA,19.4,model-specific,,,87.5,93.82945361098913,70.07772398662425,74.5437181663837,66.66666666666666,75.0,94.97305140961858,62.5,56.25,74.08256880733944
Buick,Enclave,Sport Touring,2026,no,SUV,4,7,FWD,Gas,49900.0,,49900.0,20.0,25.0,22.0,427.0,4.0,,44.3,41.5,32.0,42.6,40.0,38.0,yes,22.9,97.5,5000.0,,3.0,328.0,326.0,7.8,,3.0,3,36000,5,60000,54.8,https://www.edmunds.com/buick/enclave/2026/trims/,NHTSA,19.4,model-specific,,,87.5,93.82945361098913,70.07772398662425,74.5437181663837,66.66666666666666,75.0,94.24751243781094,62.5,56.25,74.08256880733944
Buick,Enclave,Avenir,2026,no,SUV,4,7,FWD,Gas,60000.0,,60000.0,20.0,25.0,22.0,427.0,4.0,,44.3,41.5,32.0,42.6,40.0,38.0,yes,22.9,97.5,5000.0,,3.0,328.0,326.0,7.8,,4.0,3,36000,5,60000,54.8,https://www.edmunds.com/buick/enclave/2026/trims/,NHTSA,19.4,model-specific,,,87.5,93.82945361098913,70.07772398662425,74.5437181663837,66.66666666666666,83.33333333333333,92.15381426202322,62.5,56.25,74.08256880733944
GMC,Terrain,Elevation,2026,no,SUV,4,5,FWD,Gas,32195.0,1395.0,33590.0,26.0,28.0,27.0,400.0,3.5,,44.0,39.7,,40.6,39.2,,no,29.8,63.5,800.0,,3.5,175.0,184.0,,,2.0,3,36000,5,60000,44.9,https://www.edmunds.com/gmc/terrain/2026/trims/,IIHS,14.8,model-specific,,,81.25,86.38546120703569,73.73769684514055,78.40089134125637,75.0,66.66666666666666,97.62852404643449,68.9453125,50.0,50.0
GMC,Terrain,AT4,2026,yes,SUV,4,5,AWD,Gas,41395.0,1395.0,42790.0,24.0,26.0,25.0,370.0,3.5,,44.0,39.7,,40.6,39.2,,no,29.8,63.5,1500.0,,3.5,175.0,203.0,7.9,,4.0,3,36000,5,60000,44.9,https://www.edmunds.com/gmc/terrain/2026/trims/,IIHS,14.8,model-specific,,,81.25,86.38546120703569,73.73769684514055,72.74511884550085,75.0,83.33333333333333,95.72139303482587,68.9453125,80.90277777777777,54.01376146788991
GMC,Terrain,Denali,2026,no,SUV,4,5,AWD,Gas,43895.0,1395.0,45290.0,24.0,26.0,25.0,370.0,3.5,,44.0,39.7,,40.6,39.2,,no,29.8,63.5,1500.0,,3.5,175.0,203.0,7.9,,4.0,3,36000,5,60000,44.9,https://www.edmunds.com/gmc/terrain/2026/trims/,IIHS,14.8,model-specific,,,81.25,86.38546120703569,73.73769684514055,72.74511884550085,75.0,83.33333333333333,95.20315091210614,68.9453125,55.90277777777778,54.01376146788991
GMC,Acadia,Elevation,2026,no,SUV,4,8,FWD,Gas,45795.0,1895.0,47690.0,20.0,26.0,22.0,477.0,5.0,,44.3,41.5,32.1,42.6,40.0,38.0,yes,23.0,97.5,5000.0,,3.0,328.0,326.0,,,4.0,3,36000,5,60000,48.5,https://www.edmunds.com/gmc/acadia/2026/trims/,NHTSA,21.7,model-specific,,"3.0/5.0 (RepairPal, rank 23 of 26 midsize SUVs)",100.0,93.86692195343969,70.19791791942808,79.58404074702887,66.66666666666666,83.33333333333333,94.7056384742952,66.6015625,50.0,74.08256880733944
GMC,Acadia,AT4,2026,yes,SUV,4,7,AWD,Gas,54495.0,1895.0,56390.0,20.0,23.0,21.0,456.0,5.0,,44.3,41.5,32.1,42.6,40.0,38.0,yes,23.0,97.5,5000.0,,3.0,328.0,326.0,,,4.0,3,36000,5,60000,48.5,https://www.edmunds.com/gmc/acadia/2026/trims/,NHTSA,21.7,model-specific,,"3.0/5.0 (RepairPal, rank 23 of 26 midsize SUVs)",100.0,93.86692195343969,70.19791791942808,76.15131578947368,66.66666666666666,83.33333333333333,92.90215588723052,66.6015625,50.0,74.08256880733944
GMC,Acadia,Denali,2026,no,SUV,4,7,FWD,Gas,57895.0,1895.0,59790.0,20.0,26.0,22.0,477.0,5.0,,44.3,41.5,32.1,42.6,40.0,38.0,yes,23.0,97.5,5000.0,,3.0,328.0,326.0,,,5.0,3,36000,5,60000,48.5,https://www.edmunds.com/gmc/acadia/2026/trims/,NHTSA,21.7,model-specific,,"3.0/5.0 (RepairPal, rank 23 of 26 midsize SUVs)",100.0,93.86692195343969,70.19791791942808,79.58404074702887,66.66666666666666,91.66666666666667,92.19734660033168,66.6015625,50.0,74.08256880733944
GMC,Acadia,Denali Ultimate,2026,no,SUV,4,7,FWD,Gas,65095.0,1895.0,66990.0,20.0,26.0,22.0,477.0,5.0,,44.3,41.5,32.1,42.6,40.0,38.0,yes,23.0,97.5,5000.0,,3.0,328.0,326.0,,,6.0,3,36000,5,60000,48.5,https://www.edmunds.com/gmc/acadia/2026/trims/,NHTSA,21.7,model-specific,,"3.0/5.0 (RepairPal, rank 23 of 26 midsize SUVs)",100.0,93.86692195343969,70.19791791942808,79.58404074702887,66.66666666666666,100.0,90.70480928689884,66.6015625,50.0,74.08256880733944
GMC,Canyon,Elevation,2026,no,Truck,4,5,RWD,Gas,40995.0,,40995.0,19.0,23.0,20.0,428.0,4.0,,45.2,34.7,,40.3,39.2,,no,,,7700.0,1570.0,4.0,310.0,430.0,,,2.0,3,36000,5,60000,33.5,https://www.edmunds.com/gmc/canyon/2026/trims/,NHTSA,21.4,model-specific,5.1,,87.5,80.77832135930211,60.256410256410255,68.32625737854497,100.0,66.66666666666666,93.33241908941305,65.10791366906474,50.0,55.26580150181221
GMC,Canyon,AT4,2026,yes,Truck,4,5,4WD,Gas,47595.0,,47595.0,17.0,22.0,19.0,407.0,4.0,,45.2,34.7,,40.3,39.2,,no,,,7700.0,1570.0,4.0,310.0,430.0,6.8,,2.0,3,36000,5,60000,33.5,https://www.edmunds.com/gmc/canyon/2026/trims/,NHTSA,21.4,model-specific,5.1,,87.5,80.77832135930211,60.256410256410255,64.96960132581047,100.0,66.66666666666666,89.71201316511245,65.10791366906474,81.77966101694915,55.26580150181221
GMC,Canyon,Denali,2026,no,Truck,4,5,4WD,Gas,55395.0,,55395.0,17.0,22.0,19.0,407.0,4.0,,45.2,34.7,,40.3,39.2,,no,,,7700.0,1570.0,4.0,310.0,430.0,6.8,,2.0,3,36000,5,60000,33.5,https://www.edmunds.com/gmc/canyon/2026/trims/,NHTSA,21.4,model-specific,5.1,,87.5,80.77832135930211,60.256410256410255,64.96960132581047,100.0,66.66666666666666,85.43335161821173,65.10791366906474,56.779661016949156,55.26580150181221
GMC,Canyon,AT4X,2026,yes,Truck,4,5,4WD,Gas,59395.0,,59395.0,17.0,17.0,17.0,364.0,4.0,,45.2,34.7,,40.3,39.2,,no,,,7700.0,1570.0,4.0,310.0,430.0,7.4,,5.0,3,36000,5,60000,33.5,https://www.edmunds.com/gmc/canyon/2026/trims/,NHTSA,21.4,model-specific,5.1,,87.5,80.77832135930211,60.256410256410255,58.198797087685975,100.0,91.66666666666667,83.2391662095447,65.10791366906474,79.23728813559322,55.26580150181221
GMC,Yukon,Elevation,2026,no,SUV,4,8,RWD,Gas,72395.0,2795.0,75190.0,15.0,20.0,17.0,408.0,5.0,,44.5,42.0,34.9,42.3,38.9,38.0,yes,25.5,122.8,8000.0,,3.5,355.0,383.0,7.2,,1.0,3,36000,5,60000,47.6,https://www.edmunds.com/gmc/yukon/2026/trims/,NHTSA,24.0,model-specific,,,100.0,92.53881496356942,76.65056727408842,66.04944821731749,75.0,58.33333333333333,89.00497512437812,67.1875,58.33333333333333,91.28440366972478
GMC,Yukon,AT4,2026,yes,SUV,4,8,4WD,Gas,79395.0,2795.0,82190.0,15.0,19.0,17.0,408.0,5.0,,44.5,42.0,34.9,42.3,38.9,38.0,yes,25.5,122.8,8000.0,,3.5,355.0,383.0,7.2,,2.0,3,36000,5,60000,47.6,https://www.edmunds.com/gmc/yukon/2026/trims/,NHTSA,24.0,model-specific,,,100.0,92.53881496356942,76.65056727408842,66.04944821731749,75.0,66.66666666666666,87.55389718076285,67.1875,83.33333333333333,91.28440366972478
GMC,Yukon,Denali,2026,no,SUV,4,7,RWD,Gas,83195.0,2795.0,85990.0,15.0,20.0,17.0,408.0,5.0,,44.5,42.0,34.9,42.3,38.9,38.0,yes,25.5,122.8,8000.0,,3.5,420.0,460.0,6.1,,2.0,3,36000,5,60000,47.6,https://www.edmunds.com/gmc/yukon/2026/trims/,NHTSA,24.0,model-specific,,,100.0,92.53881496356942,76.65056727408842,66.04944821731749,75.0,66.66666666666666,86.76616915422886,67.1875,62.15277777777778,91.28440366972478
GMC,Yukon,AT4 Ultimate,2026,yes,SUV,4,7,4WD,Gas,100695.0,2795.0,103490.0,14.0,18.0,16.0,384.0,5.0,,44.5,42.0,34.9,42.3,38.9,38.0,yes,25.5,122.8,8000.0,,3.5,420.0,460.0,6.1,,4.0,3,36000,5,60000,47.6,https://www.edmunds.com/gmc/yukon/2026/trims/,NHTSA,24.0,model-specific,,,100.0,92.53881496356942,76.65056727408842,62.3143039049236,75.0,83.33333333333333,83.13847429519072,67.1875,87.15277777777777,91.28440366972478
GMC,Yukon,Denali Ultimate,2026,no,SUV,4,7,4WD,Gas,106695.0,2795.0,109490.0,14.0,18.0,16.0,384.0,5.0,,44.5,42.0,34.9,42.3,38.9,38.0,yes,25.5,122.8,8000.0,,3.5,420.0,460.0,6.1,,4.0,3,36000,5,60000,47.6,https://www.edmunds.com/gmc/yukon/2026/trims/,NHTSA,24.0,model-specific,,,100.0,92.53881496356942,76.65056727408842,62.3143039049236,75.0,83.33333333333333,81.89469320066334,67.1875,62.15277777777778,91.28440366972478
GMC,Yukon XL,Elevation,2026,no,SUV,4,8,RWD,Gas,75395.0,2795.0,78190.0,15.0,20.0,17.0,476.0,5.0,,44.5,42.0,36.7,42.3,38.9,38.0,yes,41.5,144.5,7800.0,,3.0,355.0,383.0,7.2,,1.0,3,36000,5,60000,51.2,https://www.edmunds.com/gmc/yukon-xl/2026/trims/,NHTSA,28.0,model-specific,,"3.0/5.0 (RepairPal, rank 12 of 14 fullsize SUVs)",100.0,93.21324512767961,98.83880136262488,72.9042869269949,66.66666666666666,58.33333333333333,88.38308457711443,64.84375,58.33333333333333,90.13761467889908
GMC,Yukon XL,AT4,2026,yes,SUV,4,8,4WD,Gas,82395.0,2795.0,85190.0,14.0,19.0,16.0,448.0,5.0,,44.5,42.0,36.7,42.3,38.9,38.0,yes,41.5,144.5,7800.0,,3.0,355.0,383.0,7.2,,2.0,3,36000,5,60000,51.2,https://www.edmunds.com/gmc/yukon-xl/2026/trims/,NHTSA,28.0,model-specific,,"3.0/5.0 (RepairPal, rank 12 of 14 fullsize SUVs)",100.0,93.21324512767961,98.83880136262488,68.7659168081494,66.66666666666666,66.66666666666666,86.93200663349917,64.84375,83.33333333333333,90.13761467889908
GMC,Yukon XL,Denali,2026,no,SUV,4,7,RWD,Gas,86195.0,2795.0,88990.0,15.0,19.0,16.0,448.0,5.0,,44.5,42.0,36.7,42.3,38.9,38.0,yes,41.5,144.5,7800.0,,3.0,420.0,460.0,6.1,,2.0,3,36000,5,60000,51.2,https://www.edmunds.com/gmc/yukon-xl/2026/trims/,NHTSA,28.0,model-specific,,"3.0/5.0 (RepairPal, rank 12 of 14 fullsize SUVs)",100.0,93.21324512767961,98.83880136262488,68.7659168081494,66.66666666666666,66.66666666666666,86.14427860696517,64.84375,62.15277777777778,90.13761467889908
GMC,Yukon XL,AT4 Ultimate,2026,yes,SUV,4,7,4WD,Gas,103695.0,2795.0,106490.0,14.0,18.0,16.0,448.0,5.0,,44.5,42.0,36.7,42.3,38.9,38.0,yes,41.5,144.5,7800.0,,3.0,420.0,460.0,6.1,,4.0,3,36000,5,60000,51.2,https://www.edmunds.com/gmc/yukon-xl/2026/trims/,NHTSA,28.0,model-specific,,"3.0/5.0 (RepairPal, rank 12 of 14 fullsize SUVs)",100.0,93.21324512767961,98.83880136262488,68.7659168081494,66.66666666666666,83.33333333333333,82.51658374792703,64.84375,87.15277777777777,90.13761467889908
GMC,Yukon XL,Denali Ultimate,2026,no,SUV,4,7,4WD,Gas,109695.0,2795.0,112490.0,14.0,18.0,16.0,448.0,5.0,,44.5,42.0,36.7,42.3,38.9,38.0,yes,41.5,144.5,7800.0,,3.0,420.0,460.0,6.1,,4.0,3,36000,5,60000,51.2,https://www.edmunds.com/gmc/yukon-xl/2026/trims/,NHTSA,28.0,model-specific,,"3.0/5.0 (RepairPal, rank 12 of 14 fullsize SUVs)",100.0,93.21324512767961,98.83880136262488,68.7659168081494,66.66666666666666,83.33333333333333,81.27280265339967,64.84375,62.15277777777778,90.13761467889908
GMC,Sierra 1500,Pro,2026,no,Truck,4,6,RWD,Gas,46995.0,,46995.0,,,,,5.0,,44.5,43.4,,43.0,40.1,,no,,,13100.0,1960.0,3.5,310.0,430.0,,,1.0,3,36000,5,60000,38.2,https://www.edmunds.com/gmc/sierra-1500/2026/trims/,NHTSA,24.0,model-specific,6.6,,100.0,98.74944374630915,79.48717948717949,50.0,87.5,58.33333333333333,90.0411409764125,61.72661870503597,50.0,60.01764827549757
GMC,Sierra 1500,SLE,2026,no,Truck,4,6,RWD,Gas,54095.0,,54095.0,,,,,5.0,,44.5,43.4,,43.0,40.1,,no,,,13100.0,1960.0,3.5,310.0,430.0,,,2.0,3,36000,5,60000,38.2,https://www.edmunds.com/gmc/sierra-1500/2026/trims/,NHTSA,24.0,model-specific,6.6,,100.0,98.74944374630915,79.48717948717949,50.0,87.5,66.66666666666666,86.14646187602852,61.72661870503597,50.0,60.01764827549757
GMC,Sierra 1500,Elevation,2026,no,Truck,4,6,RWD,Gas,56095.0,,56095.0,,,,,5.0,,44.5,43.4,,43.0,40.1,,no,,,13100.0,1960.0,3.5,310.0,430.0,,,2.0,3,36000,5,60000,38.2,https://www.edmunds.com/gmc/sierra-1500/2026/trims/,NHTSA,24.0,model-specific,6.6,,100.0,98.74944374630915,79.48717948717949,50.0,87.5,66.66666666666666,85.04936917169502,61.72661870503597,50.0,60.01764827549757
GMC,Sierra 1500,SLT,2026,no,Truck,4,6,RWD,Gas,57895.0,,57895.0,,,,,5.0,,44.5,43.4,,43.0,40.1,,no,,,13100.0,1960.0,3.5,355.0,383.0,,,2.0,3,36000,5,60000,38.2,https://www.edmunds.com/gmc/sierra-1500/2026/trims/,NHTSA,24.0,model-specific,5.8,,100.0,98.74944374630915,69.23076923076923,50.0,87.5,66.66666666666666,84.06198573779484,61.72661870503597,50.0,60.01764827549757
GMC,Sierra 1500,Denali,2026,no,Truck,4,6,RWD,Gas,68895.0,,68895.0,,,,,5.0,,44.5,43.4,,43.0,40.1,,no,,,13100.0,1960.0,3.5,355.0,383.0,,,4.0,3,36000,5,60000,38.2,https://www.edmunds.com/gmc/sierra-1500/2026/trims/,NHTSA,24.0,model-specific,5.8,,100.0,98.74944374630915,69.23076923076923,50.0,87.5,83.33333333333333,78.0279758639605,61.72661870503597,50.0,60.01764827549757
GMC,Sierra 1500,AT4,2026,yes,Truck,4,6,4WD,Diesel,69795.0,,69795.0,,,,,5.0,,44.5,43.4,,43.0,40.1,,no,,,13100.0,1960.0,3.5,305.0,495.0,,,4.0,3,36000,5,60000,38.2,https://www.edmunds.com/gmc/sierra-1500/2026/trims/,NHTSA,24.0,model-specific,5.8,,100.0,98.74944374630915,69.23076923076923,50.0,87.5,83.33333333333333,77.53428414701042,61.72661870503597,50.0,60.01764827549757
GMC,Sierra 1500,AT4X,2026,yes,Truck,4,6,4WD,Diesel,82395.0,,82395.0,,,,,5.0,,44.5,43.4,,43.0,40.1,,no,,,13100.0,1960.0,3.5,305.0,495.0,,,5.0,3,36000,5,60000,38.2,https://www.edmunds.com/gmc/sierra-1500/2026/trims/,NHTSA,24.0,model-specific,5.8,,100.0,98.74944374630915,69.23076923076923,50.0,87.5,91.66666666666667,70.62260010970927,61.72661870503597,50.0,60.01764827549757
GMC,Sierra 1500,Denali Ultimate,2026,no,Truck,4,6,RWD,Gas,87195.0,,87195.0,,,,,5.0,,44.5,43.4,,43.0,40.1,,no,,,13100.0,1960.0,3.5,420.0,460.0,5.4,,6.0,3,36000,5,60000,38.2,https://www.edmunds.com/gmc/sierra-1500/2026/trims/,NHTSA,24.0,model-specific,5.8,,100.0,98.74944374630915,69.23076923076923,50.0,87.5,100.0,67.98957761930883,61.72661870503597,62.71186440677966,60.01764827549757
GMC,Sierra 2500HD,Pro,2026,no,Truck,4,5,RWD,Gas,53495.0,,53495.0,,,,,,,44.5,43.4,,43.0,40.1,,no,,,18500.0,3428.0,3.0,401.0,464.0,7.7,,1.0,3,36000,5,60000,24.5,https://www.edmunds.com/gmc/sierra-2500hd/2026/trims/,,36.0,model-specific,6.85,"3.0/5.0 (RepairPal, rank 8 of 17 fullsize trucks)",50.0,98.74944374630915,82.6923076923077,50.0,75.0,58.33333333333333,86.47558968732858,71.58273381294964,52.96610169491525,67.14708657984019
GMC,Sierra 2500HD,SLE,2026,no,Truck,4,5,4WD,Gas,60695.0,,60695.0,,,,,,,44.5,43.4,,43.0,40.1,,no,,,18500.0,3428.0,3.0,401.0,464.0,7.7,,2.0,3,36000,5,60000,24.5,https://www.edmunds.com/gmc/sierra-2500hd/2026/trims/,,36.0,model-specific,6.85,"3.0/5.0 (RepairPal, rank 8 of 17 fullsize trucks)",50.0,98.74944374630915,82.6923076923077,50.0,75.0,66.66666666666666,82.52605595172793,71.58273381294964,52.96610169491525,67.14708657984019
GMC,Sierra 2500HD,SLT,2026,no,Truck,4,5,4WD,Gas,67995.0,,67995.0,,,,,,,44.5,43.4,,43.0,40.1,,no,,,18500.0,3428.0,3.0,401.0,464.0,7.7,,2.0,3,36000,5,60000,24.5,https://www.edmunds.com/gmc/sierra-2500hd/2026/trims/,,36.0,model-specific,6.85,"3.0/5.0 (RepairPal, rank 8 of 17 fullsize trucks)",50.0,98.74944374630915,82.6923076923077,50.0,75.0,66.66666666666666,78.52166758091059,71.58273381294964,52.96610169491525,67.14708657984019
GMC,Sierra 2500HD,AT4,2026,yes,Truck,4,5,4WD,Gas,74995.0,,74995.0,,,,,,,44.5,43.4,,43.0,40.1,,no,,,18500.0,3428.0,3.0,401.0,464.0,7.7,,3.0,3,36000,5,60000,24.5,https://www.edmunds.com/gmc/sierra-2500hd/2026/trims/,,36.0,model-specific,6.85,"3.0/5.0 (RepairPal, rank 8 of 17 fullsize trucks)",50.0,98.74944374630915,82.6923076923077,50.0,75.0,75.0,74.68184311574328,71.58273381294964,77.96610169491525,67.14708657984019
GMC,Sierra 2500HD,Denali,2026,no,Truck,4,5,4WD,Gas,77995.0,,77995.0,,,,,,,44.5,43.4,,43.0,40.1,,no,,,18500.0,3428.0,3.0,401.0,464.0,7.7,,4.0,3,36000,5,60000,24.5,https://www.edmunds.com/gmc/sierra-2500hd/2026/trims/,,36.0,model-specific,6.85,"3.0/5.0 (RepairPal, rank 8 of 17 fullsize trucks)",50.0,98.74944374630915,82.6923076923077,50.0,75.0,83.33333333333333,73.036204059243,71.58273381294964,52.96610169491525,67.14708657984019
GMC,Sierra 2500HD,AT4X,2026,yes,Truck,4,5,4WD,Gas,87995.0,,87995.0,,,,,,,44.5,43.4,,43.0,40.1,,no,,,18500.0,3428.0,3.0,401.0,464.0,7.7,,3.0,3,36000,5,60000,24.5,https://www.edmunds.com/gmc/sierra-2500hd/2026/trims/,,36.0,model-specific,6.85,"3.0/5.0 (RepairPal, rank 8 of 17 fullsize trucks)",50.0,98.74944374630915,82.6923076923077,50.0,75.0,75.0,67.55074053757542,71.58273381294964,77.96610169491525,67.14708657984019
GMC,Sierra 2500HD,Denali Ultimate,2026,no,Truck,4,5,4WD,Diesel,96995.0,,96995.0,,,,,,,44.5,43.4,,43.0,40.1,,no,,,18500.0,3428.0,3.0,470.0,975.0,6.5,,5.0,3,36000,5,60000,24.5,https://www.edmunds.com/gmc/sierra-2500hd/2026/trims/,,36.0,model-specific,6.85,"3.0/5.0 (RepairPal, rank 8 of 17 fullsize trucks)",50.0,98.74944374630915,82.6923076923077,50.0,75.0,91.66666666666667,62.613823368074605,71.58273381294964,58.05084745762712,67.14708657984019
GMC,Sierra 3500HD,Pro,2026,no,Truck,4,5,RWD,Gas,54395.0,,54395.0,,,,,,,44.5,43.4,,43.0,40.1,,no,,,20000.0,4089.0,2.5,401.0,464.0,7.7,,1.0,3,36000,5,60000,24.4,https://www.edmunds.com/gmc/sierra-3500hd/2026/trims/,,36.0,model-specific,8.2,"2.5/5.0 (RepairPal, rank 11 of 17 fullsize trucks)",50.0,98.74944374630915,100.0,50.0,62.5,58.33333333333333,85.9818979703785,71.65467625899281,52.96610169491525,69.68598240838803
GMC,Sierra 3500HD,SLE,2026,no,Truck,4,5,4WD,Gas,61395.0,,61395.0,,,,,,,44.5,43.4,,43.0,40.1,,no,,,20000.0,4089.0,2.5,401.0,464.0,7.7,,2.0,3,36000,5,60000,24.4,https://www.edmunds.com/gmc/sierra-3500hd/2026/trims/,,36.0,model-specific,8.2,"2.5/5.0 (RepairPal, rank 11 of 17 fullsize trucks)",50.0,98.74944374630915,100.0,50.0,62.5,66.66666666666666,82.14207350521119,71.65467625899281,52.96610169491525,69.68598240838803
GMC,Sierra 3500HD,SLT,2026,no,Truck,4,5,4WD,Gas,68695.0,,68695.0,,,,,,,44.5,43.4,,43.0,40.1,,no,,,20000.0,4089.0,2.5,401.0,464.0,7.7,,2.0,3,36000,5,60000,24.4,https://www.edmunds.com/gmc/sierra-3500hd/2026/trims/,,36.0,model-specific,8.2,"2.5/5.0 (RepairPal, rank 11 of 17 fullsize trucks)",50.0,98.74944374630915,100.0,50.0,62.5,66.66666666666666,78.13768513439386,71.65467625899281,52.96610169491525,69.68598240838803
GMC,Sierra 3500HD,AT4,2026,yes,Truck,4,5,4WD,Gas,75595.0,,75595.0,,,,,,,44.5,43.4,,43.0,40.1,,no,,,20000.0,4089.0,2.5,401.0,464.0,7.7,,3.0,3,36000,5,60000,24.4,https://www.edmunds.com/gmc/sierra-3500hd/2026/trims/,,36.0,model-specific,8.2,"2.5/5.0 (RepairPal, rank 11 of 17 fullsize trucks)",50.0,98.74944374630915,100.0,50.0,62.5,75.0,74.35271530444322,71.65467625899281,77.96610169491525,69.68598240838803
GMC,Sierra 3500HD,Denali,2026,no,Truck,4,5,4WD,Gas,78895.0,,78895.0,,,,,,,44.5,43.4,,43.0,40.1,,no,,,20000.0,4089.0,2.5,401.0,464.0,7.7,,4.0,3,36000,5,60000,24.4,https://www.edmunds.com/gmc/sierra-3500hd/2026/trims/,,36.0,model-specific,8.2,"2.5/5.0 (RepairPal, rank 11 of 17 fullsize trucks)",50.0,98.74944374630915,100.0,50.0,62.5,83.33333333333333,72.54251234229292,71.65467625899281,52.96610169491525,69.68598240838803
GMC,Sierra 3500HD,Denali Ultimate,2026,no,Truck,4,5,4WD,Diesel,99995.0,,99995.0,,,,,,,44.5,43.4,,43.0,40.1,,no,,,20000.0,4089.0,2.5,470.0,975.0,6.5,,5.0,3,36000,5,60000,24.4,https://www.edmunds.com/gmc/sierra-3500hd/2026/trims/,,36.0,model-specific,8.2,"2.5/5.0 (RepairPal, rank 11 of 17 fullsize trucks)",50.0,98.74944374630915,100.0,50.0,62.5,91.66666666666667,60.968184311574326,71.65467625899281,58.05084745762712,69.68598240838803
GMC,Sierra EV,Elevation Standard Range,2026,no,Truck,4,5,AWD,EV,64995.0,2095.0,67090.0,,,,283.0,5.0,,44.9,44.3,,43.9,38.7,,no,11.0,,,,,605.0,605.0,4.5,,4.0,3,36000,8,100000,54.1,https://www.edmunds.com/gmc/sierra-ev/2026/trims/,NHTSA,,model-specific,5.9,,100.0,100.0,70.51282051282053,50.467914438502675,50.0,83.33333333333333,79.0181020296215,50.28776978417266,66.52542372881356,50.0
GMC,Sierra EV,Denali Standard Range,2026,no,Truck,4,5,AWD,EV,72295.0,2095.0,74390.0,,,,283.0,5.0,,44.9,44.3,,43.9,38.7,,no,11.0,,,,,605.0,605.0,4.5,,4.0,3,36000,8,100000,54.1,https://www.edmunds.com/gmc/sierra-ev/2026/trims/,NHTSA,,model-specific,5.9,,100.0,100.0,70.51282051282053,50.467914438502675,50.0,83.33333333333333,75.01371365880416,50.28776978417266,66.52542372881356,50.0
GMC,Sierra EV,Elevation Extended Range,2026,no,Truck,4,5,AWD,EV,73195.0,2095.0,75290.0,,,,410.0,5.0,,44.9,44.3,,43.9,38.7,,no,11.0,,,,,605.0,605.0,4.5,,4.0,3,36000,8,100000,54.1,https://www.edmunds.com/gmc/sierra-ev/2026/trims/,NHTSA,,model-specific,5.9,,100.0,100.0,70.51282051282053,82.72727272727272,50.0,83.33333333333333,74.52002194185408,50.28776978417266,66.52542372881356,50.0
GMC,Sierra EV,Denali Extended Range,2026,no,Truck,4,5,AWD,EV,80495.0,2095.0,82590.0,,,,410.0,5.0,,44.9,44.3,,43.9,38.7,,no,11.0,,,,,605.0,605.0,4.5,,4.0,3,36000,8,100000,54.1,https://www.edmunds.com/gmc/sierra-ev/2026/trims/,NHTSA,,model-specific,5.9,,100.0,100.0,70.51282051282053,82.72727272727272,50.0,83.33333333333333,70.51563357103676,50.28776978417266,66.52542372881356,50.0
GMC,Sierra EV,AT4 Extended Range,2026,yes,Truck,4,5,AWD,EV,81895.0,2095.0,83990.0,,,,390.0,5.0,,44.9,44.3,,43.9,38.7,,no,11.0,,,,,605.0,605.0,4.5,,6.0,3,36000,8,100000,54.1,https://www.edmunds.com/gmc/sierra-ev/2026/trims/,NHTSA,,model-specific,5.9,,100.0,100.0,70.51282051282053,77.64705882352942,50.0,100.0,69.7476686780033,50.28776978417266,91.52542372881356,50.0
GMC,Sierra EV,AT4 Max Range,2026,yes,Truck,4,5,AWD,EV,92195.0,2095.0,94290.0,,,,478.0,5.0,,44.9,44.3,,43.9,38.7,,no,11.0,,,,,760.0,785.0,4.43,,6.0,3,36000,8,100000,54.1,https://www.edmunds.com/gmc/sierra-ev/2026/trims/,NHTSA,,model-specific,5.9,,100.0,100.0,70.51282051282053,100.0,50.0,100.0,64.09764125068568,50.28776978417266,91.82203389830508,50.0
GMC,Sierra EV,Denali Max Range,2026,no,Truck,4,5,AWD,EV,101195.0,2095.0,103290.0,,,,478.0,5.0,,44.9,44.3,,43.9,38.7,,no,11.0,,,,,760.0,785.0,4.43,,4.0,3,36000,8,100000,54.1,https://www.edmunds.com/gmc/sierra-ev/2026/trims/,NHTSA,,model-specific,5.9,,100.0,100.0,70.51282051282053,100.0,50.0,83.33333333333333,59.16072408118486,50.28776978417266,66.82203389830508,50.0
GMC,Hummer EV Pickup,2X,2026,no,Truck,4,5,AWD,EV,99895.0,,99895.0,59.0,47.0,53.0,318.0,,,45.6,38.9,,42.5,38.6,,no,11.3,,,,,570.0,7400.0,4.4,,5.0,3,36000,8,100000,54.1,https://www.edmunds.com/gmc/hummer-ev/2026/trims/,,,model-specific,5.0,,50.0,92.30996181557474,58.97435897435898,52.584670231729056,50.0,91.66666666666667,61.023038946791004,50.28776978417266,66.94915254237287,50.0
GMC,Hummer EV Pickup,3X,2026,no,Truck,4,5,AWD,EV,107995.0,,107995.0,58.0,46.0,52.0,312.0,,,45.6,38.9,,42.5,38.6,,no,11.3,,,,,830.0,11500.0,2.8,,5.0,3,36000,8,100000,54.1,https://www.edmunds.com/gmc/hummer-ev/2026/trims/,,,model-specific,5.0,,50.0,92.30996181557474,58.97435897435898,50.975935828877006,50.0,91.66666666666667,56.57981349424026,50.28776978417266,73.72881355932203,50.0
GMC,Hummer EV SUV,2X,2026,no,SUV,4,5,AWD,EV,99895.0,,99895.0,59.0,46.0,53.0,315.0,,,45.6,39.0,,42.5,38.4,,no,47.2,93.1,,,,570.0,7400.0,4.4,,5.0,3,36000,8,100000,65.2,https://www.edmunds.com/gmc/hummer-ev-suv/2026/trims/,,,model-specific,,,50.0,90.46278146887627,98.68523208672751,61.34838998211091,50.0,91.66666666666667,83.88370646766168,55.729166666666664,68.05555555555556,50.0
GMC,Hummer EV SUV,3X,2026,no,SUV,4,5,AWD,EV,107995.0,,107995.0,58.0,46.0,52.0,312.0,,,45.6,39.0,,42.5,38.4,,no,47.2,93.1,,,,830.0,11500.0,3.5,,5.0,3,36000,8,100000,65.2,https://www.edmunds.com/gmc/hummer-ev-suv/2026/trims/,,,model-specific,,,50.0,90.46278146887627,98.68523208672751,60.769230769230774,50.0,91.66666666666667,82.20460199004975,55.729166666666664,71.18055555555556,50.0
Nissan,Sentra,S,2026,no,Sedan,4,5,FWD,Gas,22600.0,1245.0,23845.0,30.0,38.0,33.0,409.0,5.0,,44.0,34.8,,38.9,36.7,,,14.3,,,,4.0,149.0,146.0,8.3,,1.0,3,36000,5,60000,33.3,https://www.edmunds.com/nissan/sentra/2026/trims/,IIHS,12.4,model-specific,,,100.0,70.57845757566974,68.40490797546012,84.6588119783996,90.0,60.0,99.93170753199833,78.26975476839237,53.082191780821915,50.0
Nissan,Sentra,SV,2026,no,Sedan,4,5,FWD,Gas,23370.0,1245.0,24615.0,30.0,38.0,33.0,409.0,5.0,,44.0,34.8,,38.9,36.7,,,14.3,,,,4.0,149.0,146.0,8.3,,2.0,3,36000,5,60000,33.3,https://www.edmunds.com/nissan/sentra/2026/trims/,IIHS,12.4,model-specific,,,100.0,70.57845757566974,68.40490797546012,84.6588119783996,90.0,70.0,99.76207785341353,78.26975476839237,53.082191780821915,50.0
Nissan,Sentra,SR,2026,no,Sedan,4,5,FWD,Gas,25000.0,1245.0,26245.0,29.0,36.0,32.0,397.0,5.0,,44.0,34.8,,38.9,36.7,,,14.3,,,,4.0,149.0,146.0,8.3,,3.0,3,36000,5,60000,33.3,https://www.edmunds.com/nissan/sentra/2026/trims/,IIHS,12.4,model-specific,,,100.0,70.57845757566974,68.40490797546012,82.43740795287187,90.0,80.0,99.40299165069504,78.26975476839237,53.082191780821915,50.0
Nissan,Sentra,SL,2026,no,Sedan,4,5,FWD,Gas,27990.0,1245.0,29235.0,29.0,36.0,32.0,397.0,5.0,,44.0,34.8,,37.7,36.7,,,14.3,,,,4.0,149.0,146.0,9.1,,4.0,3,36000,5,60000,33.3,https://www.edmunds.com/nissan/sentra/2026/trims/,IIHS,12.4,model-specific,,,100.0,65.66674373609001,68.40490797546012,82.43740795287187,90.0,90.0,98.7442997819047,78.26975476839237,50.342465753424655,50.0
Nissan,Altima,SV,2026,no,Sedan,4,5,FWD,Gas,27580.0,1245.0,28825.0,26.0,36.0,30.0,486.0,5.0,,43.8,35.2,,39.1,36.9,,,15.4,,,,4.0,188.0,180.0,,,0.0,3,36000,5,60000,44.2,https://www.edmunds.com/nissan/altima/2026/trims/,NHTSA,16.2,model-specific,,,100.0,72.2324245584511,71.77914110429448,87.70250368188513,90.0,50.0,98.83462207829402,70.84468664850137,50.0,50.0
Nissan,Altima,SR,2026,no,Sedan,4,5,FWD,Gas,28980.0,1245.0,30225.0,26.0,36.0,30.0,486.0,5.0,,43.8,35.2,,39.1,36.9,,,15.4,,,,4.0,188.0,180.0,,,1.0,3,36000,5,60000,44.2,https://www.edmunds.com/nissan/altima/2026/trims/,NHTSA,16.2,model-specific,,,100.0,72.2324245584511,71.77914110429448,87.70250368188513,90.0,60.0,98.5262044808671,70.84468664850137,50.0,50.0
Nissan,Kicks,S,2026,no,SUV,5,5,FWD,Gas,22730.0,1545.0,24275.0,28.0,35.0,31.0,369.0,4.0,,42.7,34.5,,39.7,38.5,,,30.0,60.0,,,,141.0,140.0,,,2.0,3,36000,5,60000,35.3,https://www.edmunds.com/nissan/kicks/2026/trims/,NHTSA,11.9,model-specific,,,87.5,70.70490419717093,73.50111618818,80.53904923599322,50.0,66.66666666666666,99.55949419568822,75.1953125,50.0,50.0
Nissan,Kicks,SV,2026,no,SUV,5,5,FWD,Gas,24470.0,1545.0,26015.0,28.0,35.0,31.0,369.0,4.0,,42.7,34.5,,39.7,38.5,,,29.2,58.5,,,,141.0,140.0,,,3.0,3,36000,5,60000,35.3,https://www.edmunds.com/nissan/kicks/2026/trims/,NHTSA,11.9,model-specific,,,87.5,70.70490419717093,72.33514964464867,80.53904923599322,50.0,75.0,99.1987976782753,75.1953125,50.0,50.0
Nissan,Kicks,SR,2026,no,SUV,5,5,FWD,Gas,26960.0,1545.0,28505.0,28.0,35.0,31.0,369.0,4.0,,42.7,34.5,,39.7,38.5,,,29.2,58.5,,,,141.0,140.0,,,3.0,3,36000,5,60000,35.3,https://www.edmunds.com/nissan/kicks/2026/trims/,NHTSA,11.9,model-specific,,,87.5,70.70490419717093,72.33514964464867,80.53904923599322,50.0,75.0,98.68262852404644,75.1953125,50.0,50.0
Nissan,Rogue,S,2026,no,SUV,5,5,FWD,Gas,29335.0,1545.0,30880.0,29.0,36.0,32.0,464.0,5.0,,41.5,38.5,,41.1,39.2,,,31.6,74.1,,,4.0,201.0,225.0,,,2.0,3,36000,5,60000,50.0,https://www.edmunds.com/nissan/rogue/2026/trims/,NHTSA,14.5,model-specific,,,100.0,80.42756312654632,77.34572087538758,91.43145161290323,83.33333333333333,66.66666666666666,98.19029850746269,65.625,50.0,50.0
Nissan,Rogue,SV,2026,no,SUV,5,5,FWD,Gas,30490.0,1545.0,32035.0,29.0,36.0,32.0,464.0,5.0,,41.5,38.5,,41.1,39.2,,,31.6,74.1,,,4.0,201.0,225.0,,,2.0,3,36000,5,60000,50.0,https://www.edmunds.com/nissan/rogue/2026/trims/,NHTSA,14.5,model-specific,,,100.0,80.42756312654632,77.34572087538758,91.43145161290323,83.33333333333333,66.66666666666666,97.95087064676616,65.625,50.0,50.0
Nissan,Rogue,Dark Armor,2026,yes,SUV,5,5,FWD,Gas,33340.0,1545.0,34885.0,29.0,36.0,32.0,464.0,5.0,,41.5,38.5,,41.1,39.2,,,31.6,74.1,,,4.0,201.0,225.0,,,3.0,3,36000,5,60000,50.0,https://www.edmunds.com/nissan/rogue/2026/trims/,NHTSA,14.5,model-specific,,,100.0,80.42756312654632,77.34572087538758,91.43145161290323,83.33333333333333,75.0,97.36007462686567,65.625,50.0,50.0
Nissan,Rogue,Rock Creek,2026,yes,SUV,5,5,AWD,Gas,34390.0,1545.0,35935.0,27.0,32.0,29.0,420.0,5.0,,41.5,38.5,,41.1,39.2,,,31.6,74.1,,,4.0,201.0,225.0,8.0,,3.0,3,36000,5,60000,50.0,https://www.edmunds.com/nissan/rogue/2026/trims/,NHTSA,14.5,model-specific,,,100.0,80.42756312654632,77.34572087538758,83.04859932088286,83.33333333333333,75.0,97.14241293532339,65.625,80.55555555555556,50.0
Nissan,Rogue,SL,2026,no,SUV,5,5,FWD,Gas,35835.0,1545.0,37380.0,29.0,36.0,32.0,464.0,5.0,,41.5,38.5,,41.1,39.2,,,36.5,74.1,,,4.0,201.0,225.0,,,3.0,3,36000,5,60000,50.0,https://www.edmunds.com/nissan/rogue/2026/trims/,NHTSA,14.5,model-specific,,,100.0,80.42756312654632,83.23522358277549,91.43145161290323,83.33333333333333,75.0,96.84286898839139,65.625,50.0,50.0
Nissan,Rogue,Platinum,2026,no,SUV,5,5,AWD,Gas,39235.0,1545.0,40780.0,28.0,35.0,31.0,450.0,5.0,,41.5,38.5,,39.2,37.8,,,36.5,74.1,,,4.0,201.0,225.0,8.0,,3.0,3,36000,5,60000,50.0,https://www.edmunds.com/nissan/rogue/2026/trims/,NHTSA,14.5,model-specific,,,100.0,71.18056835509267,83.23522358277549,88.70437181663837,83.33333333333333,75.0,96.13805970149254,65.625,55.55555555555556,50.0
Nissan,Rogue Plug-In Hybrid,SL,2026,no,SUV,5,7,AWD,PHEV,45990.0,1545.0,47535.0,,,,,,,41.7,38.1,19.1,,,,yes,12.8,,,,,248.0,332.0,6.6,,4.0,3,36000,5,60000,,https://www.edmunds.com/nissan/rogue-plug-in-hybrid/2026/trims/,,,,,,50.0,67.95385226729047,50.0,50.0,50.0,83.33333333333333,94.73776948590381,50.0,60.41666666666667,50.0
Nissan,Rogue Plug-In Hybrid,Platinum,2026,no,SUV,5,7,AWD,PHEV,49990.0,1545.0,51535.0,,,,,,,41.7,38.5,19.1,,,,yes,12.8,64.7,,,,248.0,332.0,6.6,,4.0,3,36000,5,60000,,https://www.edmunds.com/nissan/rogue-plug-in-hybrid/2026/trims/,,,,,,50.0,68.93128728774,53.46826033336915,50.0,50.0,83.33333333333333,93.90858208955224,50.0,60.41666666666667,50.0
Nissan,Murano,SV,2026,no,SUV,5,5,AWD,Gas,41620.0,1545.0,43165.0,21.0,27.0,23.0,430.0,5.0,,44.3,36.3,,41.1,37.9,,,32.9,63.5,,,3.5,241.0,260.0,7.2,,3.0,3,36000,5,60000,52.7,https://www.edmunds.com/nissan/murano/2026/trims/,NHTSA,18.7,model-specific,,,100.0,78.32303950943422,77.46370876205941,76.16192699490662,75.0,75.0,95.64365671641792,63.8671875,58.33333333333333,50.0
Nissan,Murano,SL,2026,no,SUV,5,5,AWD,Gas,46710.0,1545.0,48255.0,21.0,27.0,23.0,430.0,5.0,,44.3,36.3,,41.1,37.9,,,32.9,63.5,,,3.5,241.0,260.0,7.2,,3.0,3,36000,5,60000,52.7,https://www.edmunds.com/nissan/murano/2026/trims/,NHTSA,18.7,model-specific,,,100.0,78.32303950943422,77.46370876205941,76.16192699490662,75.0,75.0,94.58851575456053,63.8671875,58.33333333333333,50.0
Nissan,Murano,Platinum,2026,no,SUV,5,5,AWD,Gas,49750.0,1545.0,51295.0,21.0,27.0,23.0,430.0,5.0,,44.3,36.3,,41.1,37.9,,,32.9,63.5,,,3.5,241.0,260.0,7.2,,3.0,3,36000,5,60000,52.7,https://www.edmunds.com/nissan/murano/2026/trims/,NHTSA,18.7,model-specific,,,100.0,78.32303950943422,77.46370876205941,76.16192699490662,75.0,75.0,93.95833333333334,63.8671875,58.33333333333333,50.0
Nissan,Pathfinder,S,2026,no,SUV,5,8,4WD,Gas,37500.0,1545.0,39045.0,21.0,27.0,23.0,426.0,5.0,,44.3,35.5,28.0,42.3,39.6,37.8,yes,16.6,80.5,,,3.5,284.0,259.0,6.8,,,3,36000,5,60000,52.9,https://www.edmunds.com/nissan/pathfinder/2026/trims/,NHTSA,18.5,model-specific,,,100.0,83.18830114110614,60.1888019675085,75.758701188455,75.0,50.0,96.49771973466002,63.73697916666667,59.72222222222222,50.0
Nissan,Pathfinder,SV,2026,no,SUV,5,8,4WD,Gas,39900.0,1545.0,41445.0,21.0,27.0,23.0,426.0,5.0,,44.3,35.5,28.0,42.3,39.6,37.8,yes,16.6,80.5,,,3.5,284.0,259.0,6.8,,,3,36000,5,60000,52.9,https://www.edmunds.com/nissan/pathfinder/2026/trims/,NHTSA,18.5,model-specific,,,100.0,83.18830114110614,60.1888019675085,75.758701188455,75.0,50.0,96.00020729684908,63.73697916666667,59.72222222222222,50.0
Nissan,Pathfinder,SL,2026,no,SUV,5,8,4WD,Gas,42590.0,1545.0,44135.0,21.0,27.0,23.0,426.0,5.0,,44.3,35.5,28.0,42.3,39.6,37.8,yes,16.6,80.5,,,3.5,284.0,259.0,6.8,,,3,36000,5,60000,52.9,https://www.edmunds.com/nissan/pathfinder/2026/trims/,NHTSA,18.5,model-specific,,,100.0,83.18830114110614,60.1888019675085,75.758701188455,75.0,50.0,95.44257877280265,63.73697916666667,59.72222222222222,50.0
Nissan,Pathfinder,Rock Creek,2026,yes,SUV,5,8,4WD,Gas,45090.0,1545.0,46635.0,20.0,23.0,21.0,388.0,5.0,,44.3,35.5,28.0,42.3,39.6,37.8,yes,16.6,80.5,,,3.5,295.0,270.0,,,,3,36000,5,60000,52.9,https://www.edmunds.com/nissan/pathfinder/2026/trims/,NHTSA,18.5,model-specific,,,100.0,83.18830114110614,60.1888019675085,69.29647707979626,75.0,50.0,94.92433665008292,63.73697916666667,50.0,50.0
Nissan,Pathfinder,Platinum,2026,no,SUV,5,8,4WD,Gas,49790.0,1545.0,51335.0,21.0,27.0,23.0,426.0,5.0,,44.3,35.5,28.0,41.1,38.4,37.8,yes,16.6,80.5,,,3.5,284.0,259.0,6.8,,,3,36000,5,60000,52.9,https://www.edmunds.com/nissan/pathfinder/2026/trims/,NHTSA,18.5,model-specific,,,100.0,78.01581705280694,60.1888019675085,75.758701188455,75.0,50.0,93.95004145936981,63.73697916666667,59.72222222222222,50.0
Nissan,Armada,SV,2026,no,SUV,4,8,RWD,Gas,58840.0,2245.0,61085.0,16.0,20.0,18.0,425.0,4.5,,43.8,39.2,32.9,41.6,40.0,,,20.4,97.1,8500.0,1755.0,3.5,425.0,516.0,,,,3,36000,5,60000,57.0,https://www.edmunds.com/nissan/armada/2026/trims/,IIHS,23.6,model-specific,,,93.75,87.29191408674367,67.01836497823487,69.07894736842105,75.0,50.0,91.92889718076285,61.067708333333336,50.0,90.49051830133358
Nissan,Armada,SL,2026,no,SUV,4,8,RWD,Gas,63530.0,2245.0,65775.0,16.0,20.0,18.0,425.0,4.5,,43.8,39.2,32.9,41.6,40.0,,,20.4,97.1,8500.0,1755.0,3.5,425.0,516.0,,,,3,36000,5,60000,57.0,https://www.edmunds.com/nissan/armada/2026/trims/,IIHS,23.6,model-specific,,,93.75,87.29191408674367,67.01836497823487,69.07894736842105,75.0,50.0,90.95667495854063,61.067708333333336,50.0,90.49051830133358
Nissan,Armada,Platinum,2026,no,SUV,4,7,RWD,Gas,70490.0,2245.0,72735.0,16.0,20.0,18.0,425.0,4.5,,43.8,39.2,32.9,40.8,37.8,,,20.4,97.1,8500.0,1755.0,3.5,425.0,516.0,,,,3,36000,5,60000,57.0,https://www.edmunds.com/nissan/armada/2026/trims/,IIHS,23.6,model-specific,,,93.75,80.33093425647037,67.01836497823487,69.07894736842105,75.0,50.0,89.51388888888889,61.067708333333336,50.0,90.49051830133358
Nissan,Armada,PRO-4X,2026,no,SUV,4,8,4WD,Gas,74300.0,2245.0,76545.0,15.0,18.0,16.0,378.0,4.5,,43.8,39.2,32.9,41.6,40.0,,,20.4,97.1,8500.0,1755.0,3.5,425.0,516.0,5.9,,,3,36000,5,60000,57.0,https://www.edmunds.com/nissan/armada/2026/trims/,IIHS,23.6,model-specific,,,93.75,87.29191408674367,67.01836497823487,61.70946519524618,75.0,50.0,88.72408789386401,61.067708333333336,62.84722222222222,90.49051830133358
Nissan,Armada,Platinum Reserve,2026,no,SUV,4,7,RWD,Gas,77550.0,2245.0,79795.0,16.0,20.0,18.0,425.0,4.5,,43.8,39.2,32.9,40.8,37.8,,,20.4,97.1,8500.0,1755.0,3.5,425.0,516.0,,,,3,36000,5,60000,57.0,https://www.edmunds.com/nissan/armada/2026/trims/,IIHS,23.6,model-specific,,,93.75,80.33093425647037,67.01836497823487,69.07894736842105,75.0,50.0,88.05037313432837,61.067708333333336,50.0,90.49051830133358
Nissan,Armada,NISMO,2026,yes,SUV,4,7,4WD,Gas,79530.0,2245.0,81775.0,16.0,19.0,17.0,401.0,4.5,,43.8,39.2,32.9,40.8,37.8,,,20.4,97.1,8500.0,1755.0,3.5,460.0,,,,,3,36000,5,60000,57.0,https://www.edmunds.com/nissan/armada/2026/trims/,IIHS,23.6,model-specific,,,93.75,80.33093425647037,67.01836497823487,65.34380305602717,75.0,50.0,87.63992537313433,61.067708333333336,50.0,90.49051830133358
Nissan,Frontier,King Cab S,2026,no,Truck,2,4,RWD,Gas,32150.0,1695.0,33845.0,18.0,24.0,21.0,441.0,,,42.3,26.2,,39.7,36.6,,,,,7150.0,,4.0,310.0,281.0,,,,3,36000,5,60000,35.3,https://www.edmunds.com/nissan/frontier/2026/king-cab/trims/,,21.0,model-specific,6.1,,50.0,50.0,73.07692307692308,71.22297637003518,100.0,50.0,97.25452550740538,63.81294964028777,50.0,57.37890648027499
Nissan,Frontier,King Cab SV,2026,no,Truck,2,4,RWD,Gas,33895.0,1695.0,35590.0,18.0,24.0,21.0,441.0,,,42.3,26.2,,39.7,36.6,,,,,7150.0,,4.0,310.0,281.0,,,,3,36000,5,60000,35.3,https://www.edmunds.com/nissan/frontier/2026/king-cab/trims/,,21.0,model-specific,6.1,,50.0,50.0,73.07692307692308,71.22297637003518,100.0,50.0,96.29731212287439,63.81294964028777,50.0,57.37890648027499
Nissan,Frontier,Crew Cab S,2026,no,Truck,4,5,RWD,Gas,33550.0,1695.0,35245.0,18.0,24.0,21.0,441.0,4.0,,42.3,33.2,,39.9,38.6,,,,,7040.0,1480.0,4.0,310.0,281.0,,,,3,36000,5,60000,35.3,https://www.edmunds.com/nissan/frontier/2026/crew-cab/trims/,NHTSA,21.0,model-specific,5.0,,87.5,64.06400579156882,58.97435897435898,71.22297637003518,100.0,50.0,96.48656061437191,63.81294964028777,50.0,54.59165160721146
Nissan,Frontier,Crew Cab SV,2026,no,Truck,4,5,RWD,Gas,36190.0,1695.0,37885.0,18.0,24.0,21.0,441.0,4.0,,42.3,33.2,,39.9,38.6,,,,,7040.0,,4.0,310.0,281.0,,,,3,36000,5,60000,35.3,https://www.edmunds.com/nissan/frontier/2026/crew-cab/trims/,NHTSA,21.0,model-specific,5.0,,87.5,64.06400579156882,58.97435897435898,71.22297637003518,100.0,50.0,95.03839824465167,63.81294964028777,50.0,57.22035658892668
Nissan,Frontier,Crew Cab PRO-X,2026,no,Truck,4,5,RWD,Gas,38570.0,1695.0,40265.0,18.0,24.0,21.0,441.0,4.0,,42.3,33.2,,39.9,38.6,,,,,7040.0,,4.0,310.0,281.0,,,,3,36000,5,60000,35.3,https://www.edmunds.com/nissan/frontier/2026/crew-cab/trims/,NHTSA,21.0,model-specific,5.0,,87.5,64.06400579156882,58.97435897435898,71.22297637003518,100.0,50.0,93.73285792649479,63.81294964028777,50.0,57.22035658892668
Nissan,Frontier,Crew Cab PRO-4X,2026,no,Truck,4,5,4WD,Gas,41870.0,1695.0,43565.0,18.0,24.0,21.0,441.0,4.0,,42.3,33.2,,39.9,38.6,,,,,7040.0,,4.0,310.0,281.0,7.3,,,3,36000,5,60000,35.3,https://www.edmunds.com/nissan/frontier/2026/crew-cab/trims/,NHTSA,21.0,model-specific,6.1,,87.5,64.06400579156882,73.07692307692308,71.22297637003518,100.0,50.0,91.92265496434449,63.81294964028777,54.66101694915255,57.22035658892668
Nissan,Frontier,Crew Cab PRO-4X R by Roush,2026,yes,Truck,4,5,4WD,Gas,46265.0,1695.0,47960.0,18.0,24.0,21.0,441.0,4.0,,42.3,33.2,,39.9,38.6,,,,,7040.0,,4.0,310.0,281.0,7.3,,,3,36000,5,60000,35.3,https://www.edmunds.com/nissan/frontier/2026/crew-cab/trims/,NHTSA,21.0,model-specific,6.1,,87.5,64.06400579156882,73.07692307692308,71.22297637003518,100.0,50.0,89.51179374657158,63.81294964028777,79.66101694915254,57.22035658892668
Nissan,LEAF,S+,2026,no,Hatchback,5,5,FWD,EV,29990.0,1545.0,31535.0,131.0,111.0,121.0,303.0,3.5,,42.4,31.8,,39.9,37.2,,,20.0,55.5,,,4.0,214.0,261.0,6.9,,,3,36000,5,60000,62.9,https://www.edmunds.com/nissan/leaf/2026/trims/,IIHS,,model-specific,,,81.25,67.62938029692856,90.52631745750034,100.0,83.33333333333333,50.0,89.83835662569456,50.0,59.09090909090909,50.0
Nissan,LEAF,SV+,2026,no,Hatchback,5,5,FWD,EV,34230.0,1545.0,35775.0,122.0,105.0,114.0,288.0,3.5,,42.4,31.8,,39.9,37.2,,,20.0,55.5,,,4.0,214.0,261.0,6.9,,,3,36000,5,60000,62.9,https://www.edmunds.com/nissan/leaf/2026/trims/,IIHS,,model-specific,,,81.25,67.62938029692856,90.52631745750034,87.11124401913875,83.33333333333333,50.0,82.69910759387102,50.0,59.09090909090909,50.0
Nissan,LEAF,Platinum+,2026,no,Hatchback,5,5,FWD,EV,38990.0,1545.0,40535.0,110.0,96.0,103.0,259.0,3.5,,42.4,31.8,,39.9,36.6,,,20.0,55.5,,,4.0,214.0,261.0,6.9,,,3,36000,5,60000,62.9,https://www.edmunds.com/nissan/leaf/2026/trims/,IIHS,,model-specific,,,81.25,61.13782532908578,90.52631745750034,65.07177033492823,83.33333333333333,50.0,74.6842902845597,50.0,59.09090909090909,50.0
Nissan,Z,Sport,2026,no,Coupe,2,2,RWD,Gas,43020.0,1245.0,44265.0,19.0,28.0,22.0,361.0,,,42.9,,,38.2,,,,,,,,,400.0,350.0,4.5,,1.0,3,36000,5,60000,28.0,https://www.edmunds.com/nissan/z/2026/trims/,,16.4,model-specific,,,50.0,74.67849157077065,50.0,75.46296296296296,50.0,62.5,97.47536058928829,73.39527027027027,60.84598698481562,50.0
Nissan,Z,Performance,2026,no,Coupe,2,2,RWD,Gas,53020.0,1245.0,54265.0,18.0,24.0,20.0,328.0,,,42.9,,,38.2,,,,,,,,,400.0,350.0,4.5,,2.0,3,36000,5,60000,28.0,https://www.edmunds.com/nissan/z/2026/trims/,,16.4,model-specific,,,50.0,74.67849157077065,50.0,68.51851851851852,50.0,75.0,95.4177897574124,73.39527027027027,60.84598698481562,50.0
Nissan,Z,Heritage Edition,2026,no,Coupe,2,2,RWD,Gas,55960.0,1245.0,57205.0,18.0,24.0,20.0,328.0,,,42.9,,,38.2,,,,,,,,,400.0,350.0,4.5,,2.0,3,36000,5,60000,28.0,https://www.edmunds.com/nissan/z/2026/trims/,,16.4,model-specific,,,50.0,74.67849157077065,50.0,68.51851851851852,50.0,75.0,94.81286393284088,73.39527027027027,60.84598698481562,50.0
Nissan,Z,Nismo,2026,yes,Coupe,2,2,RWD,Gas,65800.0,1245.0,67045.0,17.0,24.0,19.0,312.0,,,42.9,,,38.2,,,,,,,,,420.0,384.0,3.9,,2.0,3,36000,5,60000,28.0,https://www.edmunds.com/nissan/z/2026/trims/,,16.4,model-specific,,,50.0,74.67849157077065,50.0,65.10416666666667,50.0,75.0,92.78821423427502,73.39527027027027,89.0997830802603,50.0
Subaru,Impreza,Sport,2026,no,Hatchback,4,5,AWD,Gas,26595.0,1195.0,27790.0,27.0,33.0,29.0,481.0,5.0,,42.9,36.5,,39.8,38.0,,,20.4,56.0,,,3.5,152.0,145.0,,,1.0,3,36000,5,60000,29.2,https://www.edmunds.com/subaru/impreza/2026/trims/,NHTSA,16.6,model-specific,,"3.5/5.0 (RepairPal, rank 33 of 36 compact cars)",100.0,100.0,91.46457411609599,87.5,66.66666666666666,62.5,96.14413200875569,76.04327666151468,50.0,50.0
Subaru,Impreza,RS,2026,no,Hatchback,4,5,AWD,Gas,29495.0,1195.0,30690.0,26.0,33.0,29.0,481.0,5.0,,42.9,36.5,,39.8,38.0,,,20.4,56.0,,,3.5,180.0,178.0,8.4,,2.0,3,36000,5,60000,29.2,https://www.edmunds.com/subaru/impreza/2026/trims/,NHTSA,16.6,model-specific,,"3.5/5.0 (RepairPal, rank 33 of 36 compact cars)",100.0,100.0,91.46457411609599,87.5,66.66666666666666,75.0,91.26115507661223,76.04327666151468,52.27272727272727,50.0
Subaru,Crosstrek,Base,2026,no,SUV,4,5,AWD,Gas,26995.0,1420.0,28415.0,26.0,33.0,29.0,481.0,5.0,,42.9,36.5,,39.8,38.0,,,19.9,54.7,,,4.5,180.0,178.0,,,0.0,3,36000,5,60000,29.1,https://www.edmunds.com/subaru/crosstrek/2026/trims/,NHTSA,16.6,model-specific,,"4.5/5.0 (RepairPal, rank 1 of 26 compact SUVs)",100.0,72.94682367109525,60.63926235510369,89.19779286926995,91.66666666666667,50.0,98.70128524046434,79.23177083333333,50.0,50.0
Subaru,Crosstrek,Premium,2026,no,SUV,4,5,AWD,Gas,27995.0,1420.0,29415.0,26.0,33.0,29.0,481.0,5.0,,42.9,36.5,,39.8,38.0,,,19.9,54.7,,,4.5,180.0,178.0,,,1.0,3,36000,5,60000,29.1,https://www.edmunds.com/subaru/crosstrek/2026/trims/,NHTSA,16.6,model-specific,,"4.5/5.0 (RepairPal, rank 1 of 26 compact SUVs)",100.0,72.94682367109525,60.63926235510369,89.19779286926995,91.66666666666667,58.33333333333333,98.49398839137646,79.23177083333333,50.0,50.0
Subaru,Crosstrek,Sport,2026,no,SUV,4,5,AWD,Gas,30625.0,1420.0,32045.0,26.0,33.0,29.0,481.0,5.0,,42.9,36.5,,39.8,38.0,,,19.9,54.7,,,4.5,180.0,178.0,,,2.0,3,36000,5,60000,29.1,https://www.edmunds.com/subaru/crosstrek/2026/trims/,NHTSA,16.6,model-specific,,"4.5/5.0 (RepairPal, rank 1 of 26 compact SUVs)",100.0,72.94682367109525,60.63926235510369,89.19779286926995,91.66666666666667,66.66666666666666,97.9487976782753,79.23177083333333,50.0,50.0
Subaru,Crosstrek,Limited,2026,no,SUV,4,5,AWD,Gas,32995.0,1420.0,34415.0,26.0,33.0,29.0,481.0,5.0,,42.9,36.5,,39.8,38.0,,,19.9,54.7,,,4.5,180.0,178.0,,,1.0,3,36000,5,60000,29.1,https://www.edmunds.com/subaru/crosstrek/2026/trims/,NHTSA,16.6,model-specific,,"4.5/5.0 (RepairPal, rank 1 of 26 compact SUVs)",100.0,72.94682367109525,60.63926235510369,89.19779286926995,91.66666666666667,58.33333333333333,97.45750414593698,79.23177083333333,50.0,50.0
Subaru,Crosstrek,Wilderness,2026,no,SUV,4,5,AWD,Gas,33795.0,1420.0,35215.0,24.0,29.0,26.0,432.0,5.0,,42.9,36.5,,39.8,38.0,,,20.0,54.9,,,4.5,180.0,178.0,,,1.0,3,36000,5,60000,29.1,https://www.edmunds.com/subaru/crosstrek/2026/trims/,NHTSA,16.6,model-specific,,"4.5/5.0 (RepairPal, rank 1 of 26 compact SUVs)",100.0,72.94682367109525,60.78671163205428,80.31090831918506,91.66666666666667,58.33333333333333,97.29166666666666,79.23177083333333,50.0,50.0
Subaru,Crosstrek,Sport Hybrid,2026,no,SUV,4,5,AWD,Hybrid,33995.0,1420.0,35415.0,36.0,36.0,36.0,597.0,5.0,,42.9,36.7,,38.7,37.6,,,18.6,50.6,,,4.5,194.0,,8.4,,2.0,3,36000,5,60000,32.1,https://www.edmunds.com/subaru/crosstrek/2026/trims/,NHTSA,,model-specific,,"4.5/5.0 (RepairPal, rank 1 of 26 compact SUVs)",100.0,69.29248175092866,58.51800667364537,81.61531634334982,91.66666666666667,66.66666666666666,97.25020729684908,77.27864583333333,54.166666666666664,50.0
Subaru,Crosstrek,Limited Hybrid,2026,no,SUV,4,5,AWD,Hybrid,34995.0,1420.0,36415.0,36.0,36.0,36.0,597.0,5.0,,42.9,36.7,,39.8,37.6,,,18.6,50.6,,,4.5,194.0,,8.4,,2.0,3,36000,5,60000,32.1,https://www.edmunds.com/subaru/crosstrek/2026/trims/,NHTSA,,model-specific,,"4.5/5.0 (RepairPal, rank 1 of 26 compact SUVs)",100.0,71.93448025705825,58.51800667364537,81.61531634334982,91.66666666666667,66.66666666666666,97.04291044776119,77.27864583333333,54.166666666666664,50.0
Subaru,Forester,Base,2026,no,SUV,4,5,AWD,Gas,29995.0,1195.0,31190.0,26.0,33.0,29.0,481.0,5.0,,43.3,39.4,,40.0,37.7,,,27.5,69.1,,,3.5,180.0,178.0,9.2,,0.0,3,36000,5,60000,32.5,https://www.edmunds.com/subaru/forester/2026/trims/,NHTSA,16.6,model-specific,,"3.5/5.0 (RepairPal, rank 21 of 26 compact SUVs)",100.0,77.98046981794681,71.73638602676148,89.19779286926995,75.0,50.0,98.12603648424545,77.01822916666667,51.38888888888889,50.0
Subaru,Forester,Premium,2026,no,SUV,4,5,AWD,Gas,31995.0,1195.0,33190.0,26.0,33.0,29.0,481.0,5.0,,43.3,39.4,,40.0,37.7,,,27.5,69.1,,,3.5,180.0,178.0,9.2,,2.0,3,36000,5,60000,32.5,https://www.edmunds.com/subaru/forester/2026/trims/,NHTSA,16.6,model-specific,,"3.5/5.0 (RepairPal, rank 21 of 26 compact SUVs)",100.0,77.98046981794681,71.73638602676148,89.19779286926995,75.0,66.66666666666666,97.71144278606965,77.01822916666667,51.38888888888889,50.0
Subaru,Forester,Sport,2026,no,SUV,4,5,AWD,Gas,34795.0,1195.0,35990.0,25.0,32.0,28.0,465.0,5.0,,43.3,39.4,,40.0,37.7,,,27.5,69.1,,,3.5,180.0,178.0,9.2,,2.0,3,36000,5,60000,32.5,https://www.edmunds.com/subaru/forester/2026/trims/,NHTSA,16.6,model-specific,,"3.5/5.0 (RepairPal, rank 21 of 26 compact SUVs)",100.0,77.98046981794681,71.73638602676148,86.26910016977928,75.0,66.66666666666666,97.13101160862354,77.01822916666667,51.38888888888889,50.0
Subaru,Forester,Sport Onyx Edition,2026,no,SUV,4,5,AWD,Gas,36495.0,1195.0,37690.0,25.0,32.0,28.0,465.0,5.0,,43.3,39.4,,40.0,37.7,,,27.5,69.1,,,3.5,180.0,178.0,9.2,,2.0,3,36000,5,60000,32.5,https://media.subaru.com/newsrelease.do?id=2421,NHTSA,16.6,model-specific,,"3.5/5.0 (RepairPal, rank 21 of 26 compact SUVs)",100.0,77.98046981794681,71.73638602676148,86.26910016977928,75.0,66.66666666666666,96.77860696517413,77.01822916666667,51.38888888888889,50.0
Subaru,Forester,Limited,2026,no,SUV,4,5,AWD,Gas,35995.0,1195.0,37190.0,26.0,33.0,29.0,481.0,5.0,,43.3,39.4,,40.0,37.7,,,27.5,69.1,,,3.5,180.0,178.0,9.2,,2.0,3,36000,5,60000,32.5,https://www.edmunds.com/subaru/forester/2026/trims/,NHTSA,16.6,model-specific,,"3.5/5.0 (RepairPal, rank 21 of 26 compact SUVs)",100.0,77.98046981794681,71.73638602676148,89.19779286926995,75.0,66.66666666666666,96.88225538971807,77.01822916666667,51.38888888888889,50.0
Subaru,Forester,Touring,2026,no,SUV,4,5,AWD,Gas,39995.0,1195.0,41190.0,25.0,32.0,28.0,465.0,5.0,,43.3,39.4,,40.0,37.7,,,27.5,69.1,,,3.5,180.0,178.0,9.2,,3.0,3,36000,5,60000,32.5,https://www.edmunds.com/subaru/forester/2026/trims/,NHTSA,16.6,model-specific,,"3.5/5.0 (RepairPal, rank 21 of 26 compact SUVs)",100.0,77.98046981794681,71.73638602676148,86.26910016977928,75.0,75.0,96.05306799336651,77.01822916666667,51.38888888888889,50.0
Subaru,Forester,Wilderness,2026,no,SUV,4,5,AWD,Gas,36995.0,1195.0,38190.0,24.0,28.0,26.0,432.0,5.0,,43.3,39.4,,40.0,37.7,,,27.5,69.1,,,3.5,180.0,178.0,9.2,,2.0,3,36000,5,60000,32.5,https://www.edmunds.com/subaru/forester/2026/trims/,NHTSA,16.6,model-specific,,"3.5/5.0 (RepairPal, rank 21 of 26 compact SUVs)",100.0,77.98046981794681,71.73638602676148,80.31090831918506,75.0,66.66666666666666,96.67495854063019,77.01822916666667,51.38888888888889,50.0
Subaru,Forester,Premium Hybrid,2026,no,SUV,4,5,AWD,Hybrid,34730.0,1195.0,35925.0,35.0,34.0,35.0,,5.0,,43.3,39.4,,40.0,37.7,,,27.5,69.1,,,3.5,194.0,,8.8,,2.0,3,36000,5,60000,32.5,https://www.edmunds.com/subaru/forester/2026/trims/,NHTSA,,model-specific,,"3.5/5.0 (RepairPal, rank 21 of 26 compact SUVs)",100.0,77.98046981794681,71.73638602676148,72.72727272727272,75.0,66.66666666666666,97.14448590381426,77.01822916666667,52.77777777777777,50.0
Subaru,Forester,Sport Hybrid,2026,no,SUV,4,5,AWD,Hybrid,37930.0,1195.0,39125.0,35.0,34.0,35.0,,5.0,,43.3,39.4,,40.0,37.7,,,27.5,69.1,,,3.5,194.0,,8.8,,2.0,3,36000,5,60000,32.5,https://www.edmunds.com/subaru/forester/2026/trims/,NHTSA,,model-specific,,"3.5/5.0 (RepairPal, rank 21 of 26 compact SUVs)",100.0,77.98046981794681,71.73638602676148,72.72727272727272,75.0,66.66666666666666,96.481135986733,77.01822916666667,52.77777777777777,50.0
Subaru,Forester,Limited Hybrid,2026,no,SUV,4,5,AWD,Hybrid,38995.0,1195.0,40190.0,35.0,34.0,35.0,,5.0,,43.3,39.4,,40.0,37.7,,,27.5,69.1,,,3.5,194.0,,8.8,,2.0,3,36000,5,60000,32.5,https://www.edmunds.com/subaru/forester/2026/trims/,NHTSA,,model-specific,,"3.5/5.0 (RepairPal, rank 21 of 26 compact SUVs)",100.0,77.98046981794681,71.73638602676148,72.72727272727272,75.0,66.66666666666666,96.2603648424544,77.01822916666667,52.77777777777777,50.0
Subaru,Forester,Touring Hybrid,2026,no,SUV,4,5,AWD,Hybrid,41545.0,1195.0,42740.0,35.0,34.0,35.0,,5.0,,43.3,39.4,,40.0,37.7,,,27.5,69.1,,,3.5,194.0,,8.8,,3.0,3,36000,5,60000,32.5,https://www.edmunds.com/subaru/forester/2026/trims/,NHTSA,,model-specific,,"3.5/5.0 (RepairPal, rank 21 of 26 compact SUVs)",100.0,77.98046981794681,71.73638602676148,72.72727272727272,75.0,75.0,95.73175787728027,77.01822916666667,52.77777777777777,50.0
Subaru,Outback,Premium,2026,no,SUV,4,5,AWD,Gas,34995.0,1450.0,36445.0,25.0,31.0,27.0,486.0,5.0,,43.0,39.5,,40.2,40.5,,,34.6,80.5,,,3.5,180.0,178.0,,,2.0,3,36000,5,60000,38.6,https://www.edmunds.com/subaru/outback/2026/trims/,IIHS,18.0,model-specific,,"3.5/5.0 (RepairPal, rank 10 of 26 midsize SUVs)",100.0,87.36635225790448,81.82370987219878,87.07024617996603,75.0,66.66666666666666,97.03669154228857,73.046875,50.0,50.0
Subaru,Outback,Limited,2026,no,SUV,4,5,AWD,Gas,41715.0,1450.0,43165.0,25.0,31.0,27.0,486.0,5.0,,43.0,39.5,,40.2,40.5,,,34.6,80.5,,,3.5,180.0,178.0,,,2.0,3,36000,5,60000,38.6,https://www.edmunds.com/subaru/outback/2026/trims/,IIHS,18.0,model-specific,,"3.5/5.0 (RepairPal, rank 10 of 26 midsize SUVs)",100.0,87.36635225790448,81.82370987219878,87.07024617996603,75.0,66.66666666666666,95.64365671641792,73.046875,50.0,50.0
Subaru,Outback,Touring,2026,no,SUV,4,5,AWD,Gas,45395.0,1450.0,46845.0,25.0,31.0,27.0,486.0,5.0,,43.0,39.5,,40.2,40.5,,,34.6,80.5,,,3.5,180.0,178.0,,,3.0,3,36000,5,60000,38.6,https://www.edmunds.com/subaru/outback/2026/trims/,IIHS,18.0,model-specific,,"3.5/5.0 (RepairPal, rank 10 of 26 midsize SUVs)",100.0,87.36635225790448,81.82370987219878,87.07024617996603,75.0,75.0,94.88080431177445,73.046875,50.0,50.0
Subaru,Outback,Limited XT,2026,no,SUV,4,5,AWD,Gas,44365.0,1450.0,45815.0,21.0,29.0,24.0,432.0,5.0,,43.0,39.5,,40.2,40.5,,,34.6,80.5,,,3.5,260.0,277.0,6.5,,3.0,3,36000,5,60000,38.6,https://www.edmunds.com/subaru/outback/2026/trims/,IIHS,18.0,model-specific,,"3.5/5.0 (RepairPal, rank 10 of 26 midsize SUVs)",100.0,87.36635225790448,81.82370987219878,77.67932937181664,75.0,75.0,95.094320066335,73.046875,60.763888888888886,50.0
Subaru,Outback,Wilderness,2026,no,SUV,4,5,AWD,Gas,44995.0,1450.0,46445.0,21.0,27.0,23.0,414.0,5.0,,43.0,39.5,,40.2,40.5,,,34.6,80.5,,,3.5,260.0,277.0,6.5,,2.0,3,36000,5,60000,38.6,https://www.edmunds.com/subaru/outback/2026/trims/,IIHS,18.0,model-specific,,"3.5/5.0 (RepairPal, rank 10 of 26 midsize SUVs)",100.0,87.36635225790448,81.82370987219878,74.54902376910016,75.0,66.66666666666666,94.96372305140963,73.046875,60.763888888888886,50.0
Subaru,Outback,Touring XT,2026,no,SUV,4,5,AWD,Gas,47995.0,1450.0,49445.0,21.0,29.0,24.0,432.0,5.0,,43.0,39.5,,40.2,40.5,,,34.6,80.5,,,3.5,260.0,277.0,6.5,,3.0,3,36000,5,60000,38.6,https://www.edmunds.com/subaru/outback/2026/trims/,IIHS,18.0,model-specific,,"3.5/5.0 (RepairPal, rank 10 of 26 midsize SUVs)",100.0,87.36635225790448,81.82370987219878,77.67932937181664,75.0,75.0,94.34183250414594,73.046875,60.763888888888886,50.0
Subaru,Ascent,Premium,2026,no,SUV,4,8,AWD,Gas,40795.0,1450.0,42245.0,19.0,26.0,22.0,425.0,5.0,,42.2,38.6,31.7,41.2,40.0,36.0,yes,17.8,75.6,5000.0,,,260.0,277.0,,,1.0,3,36000,5,60000,46.2,https://www.edmunds.com/subaru/ascent/2026/trims/,NHTSA,19.3,model-specific,,,100.0,81.69714883010114,60.963373229559025,74.34210526315789,50.0,58.33333333333333,95.83436981757878,68.09895833333333,50.0,74.08256880733944
Subaru,Ascent,Limited,2026,no,SUV,4,8,AWD,Gas,47885.0,1450.0,49335.0,19.0,25.0,21.0,405.0,5.0,,42.2,38.6,31.7,41.2,40.0,36.0,yes,17.6,75.6,5000.0,,,260.0,277.0,,,2.0,3,36000,5,60000,46.2,https://www.edmunds.com/subaru/ascent/2026/trims/,NHTSA,19.3,model-specific,,,100.0,81.69714883010114,60.72298536395136,71.01018675721562,50.0,66.66666666666666,94.3646351575456,68.09895833333333,50.0,74.08256880733944
Subaru,Ascent,Limited Bronze Edition,2026,no,SUV,4,7,AWD,Gas,48995.0,1450.0,50445.0,19.0,25.0,21.0,405.0,5.0,,42.2,38.6,31.7,41.2,40.0,36.0,yes,17.6,75.6,5000.0,,,260.0,277.0,,,2.0,3,36000,5,60000,46.2,https://www.edmunds.com/subaru/ascent/2026/trims/,NHTSA,19.3,model-specific,,,100.0,81.69714883010114,60.72298536395136,71.01018675721562,50.0,66.66666666666666,94.13453565505804,68.09895833333333,50.0,74.08256880733944
Subaru,Ascent,Touring,2026,no,SUV,4,7,AWD,Gas,51165.0,1450.0,52615.0,19.0,25.0,21.0,405.0,5.0,,42.2,38.6,31.7,41.2,40.0,36.0,yes,17.6,75.6,5000.0,,,260.0,277.0,,,2.0,3,36000,5,60000,46.2,https://www.edmunds.com/subaru/ascent/2026/trims/,NHTSA,19.3,model-specific,,,100.0,81.69714883010114,60.72298536395136,71.01018675721562,50.0,66.66666666666666,93.68470149253731,68.09895833333333,50.0,74.08256880733944
Subaru,Ascent,Onyx Edition Touring,2026,no,SUV,4,7,AWD,Gas,51995.0,1450.0,53445.0,19.0,25.0,21.0,405.0,5.0,,42.2,38.6,31.7,41.2,40.0,36.0,yes,17.6,75.6,5000.0,,,260.0,277.0,,,2.0,3,36000,5,60000,46.2,https://www.edmunds.com/subaru/ascent/2026/trims/,NHTSA,19.3,model-specific,,,100.0,81.69714883010114,60.72298536395136,71.01018675721562,50.0,66.66666666666666,93.51264510779436,68.09895833333333,50.0,74.08256880733944
Subaru,WRX,Base,2026,no,Sedan,4,5,AWD,Gas,32495.0,1195.0,33690.0,19.0,26.0,22.0,365.0,5.0,,43.1,36.5,,39.8,36.7,,,12.5,,,,3.5,271.0,258.0,5.6,,1.0,3,36000,5,60000,29.8,https://www.edmunds.com/subaru/wrx/2026/trims/,NHTSA,16.6,model-specific,,"3.5/5.0 (RepairPal, rank 32 of 36 compact cars)",100.0,72.61617201607784,62.88343558282209,67.78350515463917,80.0,60.0,97.76287092723548,80.65395095367847,62.328767123287676,50.0
Subaru,WRX,Premium,2026,no,Sedan,4,5,AWD,Gas,33995.0,1195.0,35190.0,19.0,26.0,22.0,365.0,5.0,,43.1,36.5,,39.8,36.7,,,12.5,,,,3.5,271.0,258.0,5.6,,1.0,3,36000,5,60000,29.8,https://www.edmunds.com/subaru/wrx/2026/trims/,NHTSA,16.6,model-specific,,"3.5/5.0 (RepairPal, rank 32 of 36 compact cars)",100.0,72.61617201607784,62.88343558282209,67.78350515463917,80.0,60.0,97.43242350142091,80.65395095367847,62.328767123287676,50.0
Subaru,WRX,Limited,2026,no,Sedan,4,5,AWD,Gas,38995.0,1195.0,40190.0,19.0,26.0,22.0,365.0,5.0,,43.1,36.5,,39.8,36.7,,,12.5,,,,3.5,271.0,258.0,5.6,,1.0,3,36000,5,60000,29.8,https://www.edmunds.com/subaru/wrx/2026/trims/,NHTSA,16.6,model-specific,,"3.5/5.0 (RepairPal, rank 32 of 36 compact cars)",100.0,72.61617201607784,62.88343558282209,67.78350515463917,80.0,60.0,96.33093208203908,80.65395095367847,62.328767123287676,50.0
Subaru,WRX,Limited SPT,2026,no,Sedan,4,5,AWD,Gas,39995.0,1195.0,41190.0,18.0,25.0,21.0,349.0,5.0,,43.1,36.5,,39.8,36.7,,,12.5,,,,3.5,271.0,258.0,5.4,,1.0,3,36000,5,60000,29.8,https://www.edmunds.com/subaru/wrx/2026/trims/,NHTSA,16.6,model-specific,,"3.5/5.0 (RepairPal, rank 32 of 36 compact cars)",100.0,72.61617201607784,62.88343558282209,65.21845851742759,80.0,60.0,96.11063379816272,80.65395095367847,63.013698630136986,50.0
Subaru,WRX,GT,2026,no,Sedan,4,5,AWD,Gas,44995.0,1195.0,46190.0,18.0,25.0,21.0,349.0,5.0,,43.1,36.5,,39.8,36.7,,,12.5,,,,3.5,271.0,258.0,5.4,,2.0,3,36000,5,60000,29.8,https://www.edmunds.com/subaru/wrx/2026/trims/,NHTSA,16.6,model-specific,,"3.5/5.0 (RepairPal, rank 32 of 36 compact cars)",100.0,72.61617201607784,62.88343558282209,65.21845851742759,80.0,70.0,95.00914237878087,80.65395095367847,63.013698630136986,50.0
Subaru,WRX,tS,2026,yes,Sedan,4,5,AWD,Gas,44995.0,1195.0,46190.0,19.0,26.0,22.0,365.0,5.0,,43.1,36.5,,39.8,36.7,,,12.5,,,,3.5,271.0,258.0,5.6,,2.0,3,36000,5,60000,29.8,https://www.edmunds.com/subaru/wrx/2026/trims/,NHTSA,16.6,model-specific,,"3.5/5.0 (RepairPal, rank 32 of 36 compact cars)",100.0,72.61617201607784,62.88343558282209,67.78350515463917,80.0,70.0,95.00914237878087,80.65395095367847,87.32876712328768,50.0
Subaru,WRX,Series.Yellow,2026,yes,Sedan,4,5,AWD,Gas,45995.0,1195.0,47190.0,19.0,26.0,22.0,365.0,5.0,,43.1,36.5,,39.8,36.7,,,12.5,,,,3.5,271.0,258.0,5.6,,2.0,3,36000,5,60000,29.8,https://www.edmunds.com/subaru/wrx/2026/trims/,NHTSA,16.6,model-specific,,"3.5/5.0 (RepairPal, rank 32 of 36 compact cars)",100.0,72.61617201607784,62.88343558282209,67.78350515463917,80.0,70.0,94.7888440949045,80.65395095367847,87.32876712328768,50.0
Subaru,BRZ,Limited,2026,no,Coupe,2,4,RWD,Gas,35860.0,1195.0,37055.0,20.0,27.0,22.0,290.0,,,41.5,29.9,,37.0,33.5,,,6.3,,,,3.0,228.0,184.0,6.1,,0.0,3,36000,5,60000,23.7,https://www.edmunds.com/subaru/brz/2026/trims/,,13.2,model-specific,,"3.0/5.0 (RepairPal, rank 20 of 21 subcompact cars)",50.0,50.0,54.91803278688525,67.24537037037037,75.0,50.0,98.9588691590708,77.02702702702703,52.16919739696313,50.0
Subaru,BRZ,tS,2026,yes,Coupe,2,4,RWD,Gas,38360.0,1195.0,39555.0,20.0,27.0,22.0,290.0,,,41.5,29.9,,37.0,33.5,,,6.3,,,,3.0,228.0,184.0,6.1,,0.0,3,36000,5,60000,23.7,https://www.edmunds.com/subaru/brz/2026/trims/,,13.2,model-specific,,"3.0/5.0 (RepairPal, rank 20 of 21 subcompact cars)",50.0,50.0,54.91803278688525,67.24537037037037,75.0,50.0,98.44447645110182,77.02702702702703,77.16919739696313,50.0
Subaru,BRZ,Series.Yellow,2026,yes,Coupe,2,4,RWD,Gas,39360.0,1195.0,40555.0,20.0,27.0,22.0,290.0,,,41.5,29.9,,37.0,33.5,,,6.3,,,,3.0,228.0,184.0,6.1,,0.0,3,36000,5,60000,23.7,https://www.edmunds.com/subaru/brz/2026/trims/,,13.2,model-specific,,"3.0/5.0 (RepairPal, rank 20 of 21 subcompact cars)",50.0,50.0,54.91803278688525,67.24537037037037,75.0,50.0,98.23871936791424,77.02702702702703,77.16919739696313,50.0
Subaru,Solterra,Premium,2026,no,SUV,4,5,AWD,EV,38495.0,1450.0,39945.0,131.0,109.0,120.0,288.0,5.0,,42.1,35.3,,38.8,38.0,,,23.8,63.5,,,,233.0,,,,2.0,3,36000,5,60000,52.3,https://www.edmunds.com/subaru/solterra/2026/trims/,NHTSA,,model-specific,,,100.0,66.92487714197243,66.52606087691046,78.22898032200358,50.0,66.66666666666666,96.31115257048093,64.12760416666667,50.0,50.0
Subaru,Solterra,Limited,2026,no,SUV,4,5,AWD,EV,41395.0,1450.0,42845.0,131.0,109.0,120.0,288.0,5.0,,42.1,35.3,,38.8,38.0,,,23.8,63.5,,,,233.0,,,,3.0,3,36000,5,60000,52.3,https://www.edmunds.com/subaru/solterra/2026/trims/,NHTSA,,model-specific,,,100.0,66.92487714197243,66.52606087691046,78.22898032200358,50.0,75.0,95.70999170812604,64.12760416666667,50.0,50.0
Subaru,Solterra,Limited XT,2026,no,SUV,4,5,AWD,EV,42895.0,1450.0,44345.0,128.0,105.0,117.0,278.0,5.0,,42.1,35.3,,38.8,38.0,,,23.8,63.5,,,,338.0,,4.8,,3.0,3,36000,5,60000,52.3,https://www.edmunds.com/subaru/solterra/2026/trims/,NHTSA,,model-specific,,,100.0,66.92487714197243,66.52606087691046,76.3953488372093,50.0,75.0,95.3990464344942,64.12760416666667,66.66666666666667,50.0
Subaru,Solterra,Touring XT,2026,no,SUV,4,5,AWD,EV,45555.0,1450.0,47005.0,128.0,105.0,117.0,278.0,5.0,,42.1,35.3,,38.6,37.1,,,23.8,63.5,,,,338.0,,4.8,,3.0,3,36000,5,60000,52.3,https://www.edmunds.com/subaru/solterra/2026/trims/,NHTSA,,model-specific,,,100.0,63.43366483030118,66.52606087691046,76.3953488372093,50.0,75.0,94.8476368159204,64.12760416666667,66.66666666666667,50.0
Subaru,Solterra,Touring XT Leather,2026,no,SUV,4,5,AWD,EV,45855.0,1450.0,47305.0,128.0,105.0,117.0,278.0,5.0,,42.1,35.3,,38.6,37.1,,,23.8,63.5,,,,338.0,,4.8,,3.0,3,36000,5,60000,52.3,https://www.edmunds.com/subaru/solterra/2026/trims/,NHTSA,,model-specific,,,100.0,63.43366483030118,66.52606087691046,76.3953488372093,50.0,75.0,94.78544776119404,64.12760416666667,66.66666666666667,50.0
Mazda,Mazda3,2.5 S,2026,no,Sedan,4,5,FWD,Gas,24650.0,1235.0,25885.0,27.0,36.0,30.0,396.0,5.0,106.0,42.3,34.4,,38.0,37.3,,no,13.2,,,,4.0,186.0,186.0,7.0,,0.0,3,36000,5,60000,34.0,https://www.edmunds.com/mazda/3/2026/trims/,NHTSA,13.2,model-specific,,,100.0,62.66793371297144,65.03067484662576,79.97054491899853,90.0,50.0,99.48229903289054,77.79291553133515,57.534246575342465,50.0
Mazda,Mazda3,2.5 S Select Sport,2026,no,Sedan,4,5,FWD,Gas,25540.0,1235.0,26775.0,27.0,36.0,30.0,396.0,5.0,106.0,42.3,34.4,,38.0,37.3,,no,13.2,,,,4.0,186.0,186.0,7.0,,0.0,3,36000,5,60000,34.0,https://www.edmunds.com/mazda/3/2026/trims/,NHTSA,13.2,model-specific,,,100.0,62.66793371297144,65.03067484662576,79.97054491899853,90.0,50.0,99.28623356024056,77.79291553133515,57.534246575342465,50.0
Mazda,Mazda3,2.5 S Preferred,2026,no,Sedan,4,5,FWD,Gas,27290.0,1235.0,28525.0,27.0,36.0,30.0,396.0,5.0,106.0,42.3,34.4,,37.6,36.7,,no,13.2,,,,4.0,186.0,186.0,7.0,,0.0,3,36000,5,60000,34.0,https://www.edmunds.com/mazda/3/2026/trims/,NHTSA,13.2,model-specific,,,100.0,57.51284666512424,65.03067484662576,79.97054491899853,90.0,50.0,98.90071156345692,77.79291553133515,57.534246575342465,50.0
Mazda,Mazda3,2.5 S Carbon Edition,2026,no,Sedan,4,5,AWD,Gas,29815.0,1235.0,31050.0,26.0,34.0,29.0,383.0,5.0,106.0,42.3,34.4,,37.6,36.7,,no,13.2,,,,4.0,186.0,186.0,7.5,,1.0,3,36000,5,60000,34.0,https://www.edmunds.com/mazda/3/2026/trims/,NHTSA,13.2,model-specific,,,100.0,57.51284666512424,65.03067484662576,77.66323024054982,90.0,60.0,98.3444583966691,77.79291553133515,55.821917808219176,50.0
Mazda,Mazda3,2.5 Turbo Premium Plus,2026,no,Sedan,4,5,AWD,Gas,36940.0,1235.0,38175.0,23.0,32.0,27.0,356.0,5.0,106.0,42.3,34.4,,37.6,36.7,,no,13.2,,,,4.0,227.0,310.0,5.6,,3.0,3,36000,5,60000,34.0,https://www.edmunds.com/mazda/3/2026/trims/,NHTSA,13.2,model-specific,,,100.0,57.51284666512424,65.03067484662576,72.96269023073147,90.0,80.0,96.77483312404996,77.79291553133515,62.328767123287676,50.0
Mazda,Mazda3,2.5 S,2026,no,Hatchback,4,5,FWD,Gas,25550.0,1185.0,26735.0,26.0,34.0,29.0,383.0,5.0,112.8,42.3,34.4,,38.0,37.2,,no,20.1,,,,4.0,186.0,186.0,7.0,,0.0,3,36000,5,60000,35.3,https://www.edmunds.com/mazda/3/2026/hatchback/features-specs/,NHTSA,13.2,model-specific,,,100.0,63.331730480254855,89.00523560209425,74.1120218579235,83.33333333333333,50.0,97.92052534096649,71.32921174652242,58.63636363636364,50.0
Mazda,Mazda3,2.5 S Select Sport,2026,no,Hatchback,4,5,FWD,Gas,26740.0,1185.0,27925.0,26.0,34.0,29.0,383.0,5.0,112.8,42.3,34.4,,38.0,37.2,,no,20.1,,,,4.0,186.0,186.0,7.0,,0.0,3,36000,5,60000,35.3,https://www.edmunds.com/mazda/3/2026/hatchback/features-specs/,NHTSA,13.2,model-specific,,,100.0,63.331730480254855,89.00523560209425,74.1120218579235,83.33333333333333,50.0,95.91682101363867,71.32921174652242,58.63636363636364,50.0
Mazda,Mazda3,2.5 S Preferred,2026,no,Hatchback,4,5,FWD,Gas,28440.0,1185.0,29625.0,26.0,34.0,29.0,383.0,5.0,112.8,42.3,34.4,,37.2,36.5,,no,20.1,,,,4.0,186.0,186.0,7.0,,0.0,3,36000,5,60000,35.3,https://www.edmunds.com/mazda/3/2026/hatchback/features-specs/,NHTSA,13.2,model-specific,,,100.0,50.75734807958164,89.00523560209425,74.1120218579235,83.33333333333333,50.0,93.05438626031318,71.32921174652242,58.63636363636364,50.0
Mazda,Mazda3,2.5 S Carbon Edition,2026,no,Hatchback,4,5,AWD,Gas,30765.0,1185.0,31950.0,,,,,5.0,112.8,42.3,34.4,,37.2,36.5,,no,20.1,,,,4.0,186.0,186.0,7.5,,1.0,3,36000,5,60000,35.3,https://www.edmunds.com/mazda/3/2026/hatchback/features-specs/,NHTSA,13.2,model-specific,,,100.0,50.75734807958164,89.00523560209425,50.0,83.33333333333333,62.5,89.13958578885334,71.32921174652242,56.36363636363637,50.0
Mazda,Mazda3,2.5 S Premium,2026,no,Hatchback,4,5,FWD,Gas,31450.0,1185.0,32635.0,26.0,34.0,29.0,383.0,5.0,112.8,42.3,34.4,,37.2,36.5,,no,20.1,,,,4.0,186.0,186.0,7.0,,2.0,3,36000,5,60000,35.3,https://www.edmunds.com/mazda/3/2026/hatchback/features-specs/,NHTSA,13.2,model-specific,,,100.0,50.75734807958164,89.00523560209425,74.1120218579235,83.33333333333333,75.0,87.98619296177807,71.32921174652242,58.63636363636364,50.0
Mazda,Mazda3,2.5 Turbo Premium Plus,2026,no,Hatchback,4,5,AWD,Gas,37890.0,1185.0,39075.0,,,,,5.0,112.8,42.3,34.4,,37.2,36.5,,no,20.1,,,,4.0,227.0,310.0,5.6,,4.0,3,36000,5,60000,35.3,https://www.edmunds.com/mazda/3/2026/hatchback/features-specs/,NHTSA,13.2,model-specific,,,100.0,50.75734807958164,89.00523560209425,50.0,83.33333333333333,100.0,77.14261660212156,71.32921174652242,65.0,50.0
Mazda,CX-30,2.5 S,2026,no,SUV,4,5,AWD,Gas,26375.0,1495.0,27870.0,24.0,31.0,27.0,343.0,5.0,,41.7,36.3,,38.1,38.3,,no,20.2,,,,,186.0,186.0,8.1,,0.0,3,36000,5,60000,35.6,https://www.edmunds.com/mazda/cx-30/2026/trims/,NHTSA,12.7,model-specific,,,100.0,67.04365021616574,61.8591347033117,72.65492359932088,50.0,50.0,98.81426202321725,75.0,55.208333333333336,50.0
Mazda,CX-30,Select Sport,2026,no,SUV,4,5,AWD,Gas,28060.0,1495.0,29555.0,24.0,31.0,27.0,343.0,5.0,,41.7,36.3,,38.1,38.3,,no,20.2,,,,,186.0,186.0,8.1,,1.0,3,36000,5,60000,35.6,https://www.edmunds.com/mazda/cx-30/2026/trims/,NHTSA,12.7,model-specific,,,100.0,67.04365021616574,61.8591347033117,72.65492359932088,50.0,58.33333333333333,98.46496683250415,75.0,55.208333333333336,50.0
Mazda,CX-30,Preferred,2026,no,SUV,4,5,AWD,Gas,29690.0,1495.0,31185.0,24.0,31.0,27.0,343.0,5.0,,41.7,36.3,,37.8,38.3,,no,20.2,,,,,186.0,186.0,8.1,,2.0,3,36000,5,60000,35.6,https://www.edmunds.com/mazda/cx-30/2026/trims/,NHTSA,12.7,model-specific,,,100.0,66.32310516903948,61.8591347033117,72.65492359932088,50.0,66.66666666666666,98.12707296849088,75.0,55.208333333333336,50.0
Mazda,CX-30,Aire Edition,2026,no,SUV,4,5,AWD,Gas,30250.0,1495.0,31745.0,24.0,31.0,27.0,343.0,5.0,,41.7,36.3,,37.8,38.3,,no,20.2,,,,,186.0,186.0,8.1,,2.0,3,36000,5,60000,35.6,https://www.edmunds.com/mazda/cx-30/2026/trims/,NHTSA,12.7,model-specific,,,100.0,66.32310516903948,61.8591347033117,72.65492359932088,50.0,66.66666666666666,98.01098673300166,75.0,55.208333333333336,50.0
Mazda,CX-30,Carbon Edition,2026,no,SUV,4,5,AWD,Gas,31430.0,1495.0,32925.0,24.0,31.0,27.0,343.0,5.0,,41.7,36.3,,37.8,38.3,,no,20.2,,,,,186.0,186.0,8.1,,2.0,3,36000,5,60000,35.6,https://www.edmunds.com/mazda/cx-30/2026/trims/,NHTSA,12.7,model-specific,,,100.0,66.32310516903948,61.8591347033117,72.65492359932088,50.0,66.66666666666666,97.76637645107795,75.0,55.208333333333336,50.0
Mazda,CX-30,Premium,2026,no,SUV,4,5,AWD,Gas,33640.0,1495.0,35135.0,24.0,31.0,27.0,343.0,5.0,,41.7,36.3,,37.8,38.3,,no,20.2,,,,,186.0,186.0,8.1,,4.0,3,36000,5,60000,35.6,https://www.edmunds.com/mazda/cx-30/2026/trims/,NHTSA,12.7,model-specific,,,100.0,66.32310516903948,61.8591347033117,72.65492359932088,50.0,83.33333333333333,97.3082504145937,75.0,55.208333333333336,50.0
Mazda,CX-30,2.5 Turbo Aire Edition,2026,no,SUV,4,5,AWD,Gas,34410.0,1495.0,35905.0,22.0,30.0,25.0,318.0,5.0,,41.7,36.3,,37.8,38.3,,no,20.2,,,,,227.0,310.0,6.9,,2.0,3,36000,5,60000,35.6,https://www.edmunds.com/mazda/cx-30/2026/trims/,NHTSA,12.7,model-specific,,,100.0,66.32310516903948,61.8591347033117,67.50318336162988,50.0,66.66666666666666,97.14863184079601,75.0,59.375,50.0
Mazda,CX-30,2.5 Turbo Premium Plus,2026,no,SUV,4,5,AWD,Gas,37900.0,1495.0,39395.0,22.0,30.0,25.0,318.0,5.0,,41.7,36.3,,37.8,38.3,,no,20.2,,,,,227.0,310.0,6.9,,4.0,3,36000,5,60000,35.6,https://www.edmunds.com/mazda/cx-30/2026/trims/,NHTSA,12.7,model-specific,,,100.0,66.32310516903948,61.8591347033117,67.50318336162988,50.0,83.33333333333333,96.42516583747927,75.0,59.375,50.0
Mazda,CX-5,2.5 S,2026,no,SUV,4,5,AWD,Gas,29990.0,1495.0,31485.0,23.0,29.0,25.0,382.0,5.0,,41.7,39.9,,39.7,40.2,,no,33.7,66.5,,,4.5,187.0,186.0,9.6,,1.0,3,36000,5,60000,37.9,https://www.edmunds.com/mazda/cx-5/2026/trims/,IIHS,15.3,model-specific,,,100.0,83.10740392259056,78.83409038669143,73.95479626485569,91.66666666666667,58.33333333333333,98.0648839137645,73.50260416666667,50.0,50.0
Mazda,CX-5,2.5 S Select,2026,no,SUV,4,5,AWD,Gas,31990.0,1495.0,33485.0,23.0,29.0,25.0,382.0,5.0,,41.7,39.9,,39.7,40.2,,no,33.7,66.5,,,4.5,187.0,186.0,9.6,,3.0,3,36000,5,60000,37.9,https://www.edmunds.com/mazda/cx-5/2026/trims/,IIHS,15.3,model-specific,,,100.0,83.10740392259056,78.83409038669143,73.95479626485569,91.66666666666667,75.0,97.65029021558873,73.50260416666667,50.0,50.0
Mazda,CX-5,2.5 S Preferred,2026,no,SUV,4,5,AWD,Gas,34250.0,1495.0,35745.0,26.0,30.0,28.0,428.0,5.0,,41.7,39.9,,39.7,40.2,,no,33.7,66.5,,,4.5,187.0,186.0,9.6,,4.0,3,36000,5,60000,37.9,https://www.edmunds.com/mazda/cx-5/2026/trims/,IIHS,15.3,model-specific,,,100.0,83.10740392259056,78.83409038669143,82.53926146010187,91.66666666666667,83.33333333333333,97.18179933665007,73.50260416666667,50.0,50.0
Mazda,CX-5,2.5 S Premium,2026,no,SUV,4,5,AWD,Gas,36900.0,1495.0,38395.0,26.0,30.0,28.0,428.0,5.0,,41.7,39.9,,39.2,39.1,,no,33.7,66.5,,,4.5,187.0,186.0,9.6,,4.0,3,36000,5,60000,37.9,https://www.edmunds.com/mazda/cx-5/2026/trims/,IIHS,15.3,model-specific,,,100.0,78.22656902003294,78.83409038669143,82.53926146010187,91.66666666666667,83.33333333333333,96.63246268656717,73.50260416666667,50.0,50.0
Mazda,CX-5,2.5 S Premium Plus,2026,no,SUV,4,5,AWD,Gas,38990.0,1495.0,40485.0,26.0,30.0,28.0,428.0,5.0,,41.7,39.9,,39.2,39.1,,no,33.7,66.5,,,4.5,187.0,186.0,9.6,,6.0,3,36000,5,60000,37.9,https://www.edmunds.com/mazda/cx-5/2026/trims/,IIHS,15.3,model-specific,,,100.0,78.22656902003294,78.83409038669143,82.53926146010187,91.66666666666667,100.0,96.19921227197347,73.50260416666667,50.0,50.0
Mazda,CX-50,2.5 S Select,2026,no,SUV,4,5,AWD,Gas,29900.0,1495.0,31395.0,24.0,30.0,26.0,413.0,5.0,,41.7,37.8,,38.6,36.7,,no,29.2,56.3,,,,187.0,185.0,8.4,,1.0,3,36000,5,60000,39.3,https://www.edmunds.com/mazda/cx-50/2026/trims/,NHTSA,15.9,model-specific,,,100.0,65.33552582908592,72.03534085903436,78.39558573853989,50.0,58.33333333333333,98.08354063018243,72.59114583333334,54.166666666666664,50.0
Mazda,CX-50,2.5 S Preferred,2026,no,SUV,4,5,AWD,Gas,32400.0,1495.0,33895.0,24.0,30.0,26.0,413.0,5.0,,41.7,37.8,,38.6,36.7,,no,29.2,56.3,,,,187.0,185.0,8.4,,2.0,3,36000,5,60000,39.3,https://www.edmunds.com/mazda/cx-50/2026/trims/,NHTSA,15.9,model-specific,,,100.0,65.33552582908592,72.03534085903436,78.39558573853989,50.0,66.66666666666666,97.56529850746269,72.59114583333334,54.166666666666664,50.0
Mazda,CX-50,2.5 S Meridian Edition,2026,no,SUV,4,5,AWD,Gas,33150.0,1495.0,34645.0,24.0,30.0,26.0,413.0,5.0,,41.7,37.8,,38.6,36.7,,no,29.2,56.3,,,,187.0,185.0,8.4,,2.0,3,36000,5,60000,39.3,https://www.edmunds.com/mazda/cx-50/2026/trims/,NHTSA,15.9,model-specific,,,100.0,65.33552582908592,72.03534085903436,78.39558573853989,50.0,66.66666666666666,97.40982587064676,72.59114583333334,54.166666666666664,50.0
Mazda,CX-50,2.5 S Premium,2026,no,SUV,4,5,AWD,Gas,34900.0,1495.0,36395.0,24.0,30.0,26.0,413.0,5.0,,41.7,37.8,,38.6,36.7,,no,29.2,56.3,,,,187.0,185.0,8.4,,2.0,3,36000,5,60000,39.3,https://www.edmunds.com/mazda/cx-50/2026/trims/,NHTSA,15.9,model-specific,,,100.0,65.33552582908592,72.03534085903436,78.39558573853989,50.0,66.66666666666666,97.04705638474294,72.59114583333334,54.166666666666664,50.0
Mazda,CX-50,2.5 Turbo,2026,no,SUV,4,5,AWD,Gas,37900.0,1495.0,39395.0,23.0,29.0,25.0,398.0,5.0,,41.7,37.8,,38.6,36.7,,no,29.2,56.3,,,,227.0,310.0,6.4,,3.0,3,36000,5,60000,39.3,https://www.edmunds.com/mazda/cx-50/2026/trims/,NHTSA,15.9,model-specific,,,100.0,65.33552582908592,72.03534085903436,75.56769949066214,50.0,75.0,96.42516583747927,72.59114583333334,61.11111111111111,50.0
Mazda,CX-50,2.5 Turbo Meridian Edition,2026,no,SUV,4,5,AWD,Gas,40400.0,1495.0,41895.0,23.0,29.0,25.0,398.0,5.0,,41.7,37.8,,38.6,36.7,,no,29.2,56.3,,,,227.0,310.0,6.4,,3.0,3,36000,5,60000,39.3,https://www.edmunds.com/mazda/cx-50/2026/trims/,NHTSA,15.9,model-specific,,,100.0,65.33552582908592,72.03534085903436,75.56769949066214,50.0,75.0,95.90692371475953,72.59114583333334,61.11111111111111,50.0
Mazda,CX-50,2.5 Turbo Premium Plus,2026,no,SUV,4,5,AWD,Gas,42900.0,1495.0,44395.0,23.0,29.0,25.0,398.0,5.0,,41.7,37.8,,38.6,36.7,,no,29.2,56.3,,,,227.0,310.0,6.4,,4.0,3,36000,5,60000,39.3,https://www.edmunds.com/mazda/cx-50/2026/trims/,NHTSA,15.9,model-specific,,,100.0,65.33552582908592,72.03534085903436,75.56769949066214,50.0,83.33333333333333,95.3886815920398,72.59114583333334,61.11111111111111,50.0
Mazda,CX-50,Hybrid Preferred,2026,no,SUV,4,5,AWD,Hybrid,34750.0,1495.0,36245.0,39.0,37.0,38.0,,5.0,,41.7,37.8,,38.6,36.7,,no,29.2,56.3,,,,219.0,,7.6,,2.0,3,36000,5,60000,39.3,https://www.edmunds.com/mazda/cx-50/2026/trims/,NHTSA,,model-specific,,,100.0,65.33552582908592,72.03534085903436,77.27272727272727,50.0,66.66666666666666,97.07815091210614,72.59114583333334,56.94444444444444,50.0
Mazda,CX-50,Hybrid Premium,2026,no,SUV,4,5,AWD,Hybrid,38150.0,1495.0,39645.0,39.0,37.0,38.0,,5.0,,41.7,37.8,,38.6,36.7,,no,29.2,56.3,,,,219.0,,7.6,,2.0,3,36000,5,60000,39.3,https://www.edmunds.com/mazda/cx-50/2026/trims/,NHTSA,,model-specific,,,100.0,65.33552582908592,72.03534085903436,77.27272727272727,50.0,66.66666666666666,96.3733416252073,72.59114583333334,56.94444444444444,50.0
Mazda,CX-50,Hybrid Premium Plus,2026,no,SUV,4,5,AWD,Hybrid,40450.0,1495.0,41945.0,39.0,37.0,38.0,,5.0,,41.7,37.8,,38.6,36.7,,no,29.2,56.3,,,,219.0,,7.6,,3.0,3,36000,5,60000,39.3,https://www.edmunds.com/mazda/cx-50/2026/trims/,NHTSA,,model-specific,,,100.0,65.33552582908592,72.03534085903436,77.27272727272727,50.0,75.0,95.89655887230515,72.59114583333334,56.94444444444444,50.0
Mazda,CX-70,3.3 Turbo Preferred,2026,no,SUV,4,5,AWD,Gas,42750.0,1645.0,44395.0,24.0,28.0,25.0,462.0,5.0,,41.7,39.4,,39.7,39.3,,no,39.6,75.3,,,,280.0,332.0,7.1,,2.0,3,36000,5,60000,43.0,https://www.edmunds.com/mazda/cx-70/2026/trims/,NHTSA,18.5,model-specific,,,100.0,79.28202579196218,87.12476756457488,82.01931239388794,50.0,66.66666666666666,95.3886815920398,70.18229166666667,58.68055555555556,50.0
Mazda,CX-70,3.3 Turbo Premium,2026,no,SUV,4,5,AWD,Gas,46780.0,1645.0,48425.0,24.0,28.0,25.0,462.0,5.0,,41.7,39.4,,39.7,39.3,,no,39.6,75.3,,,,280.0,332.0,7.1,,4.0,3,36000,5,60000,43.0,https://www.edmunds.com/mazda/cx-70/2026/trims/,NHTSA,18.5,model-specific,,,100.0,79.28202579196218,87.12476756457488,82.01931239388794,50.0,83.33333333333333,94.5532752902156,70.18229166666667,58.68055555555556,50.0
Mazda,CX-70,3.3 Turbo Premium Plus,2026,no,SUV,4,5,AWD,Gas,49570.0,1645.0,51215.0,24.0,28.0,25.0,462.0,5.0,,41.7,39.4,,39.7,39.3,,no,39.6,75.3,,,,280.0,332.0,7.1,,4.0,3,36000,5,60000,43.0,https://www.edmunds.com/mazda/cx-70/2026/trims/,NHTSA,18.5,model-specific,,,100.0,79.28202579196218,87.12476756457488,82.01931239388794,50.0,83.33333333333333,93.97491708126037,70.18229166666667,58.68055555555556,50.0
Mazda,CX-70,3.3 Turbo S Premium,2026,no,SUV,4,5,AWD,Gas,53440.0,1645.0,55085.0,23.0,28.0,25.0,462.0,5.0,,41.7,39.4,,39.6,38.4,,no,39.6,75.3,,,,340.0,369.0,6.5,,4.0,3,36000,5,60000,43.0,https://www.edmunds.com/mazda/cx-70/2026/trims/,NHTSA,18.5,model-specific,,,100.0,76.03099516266633,87.12476756457488,82.01931239388794,50.0,83.33333333333333,93.17267827529022,70.18229166666667,60.763888888888886,50.0
Mazda,CX-70,3.3 Turbo S Premium Plus,2026,no,SUV,4,5,AWD,Gas,56870.0,1645.0,58515.0,23.0,28.0,25.0,462.0,5.0,,41.7,39.4,,39.6,38.4,,no,39.6,75.3,,,,340.0,369.0,6.5,,4.0,3,36000,5,60000,43.0,https://www.edmunds.com/mazda/cx-70/2026/trims/,NHTSA,18.5,model-specific,,,100.0,76.03099516266633,87.12476756457488,82.01931239388794,50.0,83.33333333333333,92.46165008291874,70.18229166666667,60.763888888888886,50.0
Mazda,CX-70,PHEV Select Choice,2026,no,SUV,4,5,AWD,PHEV,44450.0,1645.0,46095.0,,,,,5.0,,41.7,39.4,,39.7,38.4,,no,39.6,75.3,,,,323.0,369.0,6.3,,3.0,3,36000,5,60000,43.0,https://www.edmunds.com/mazda/cx-70/2026/trims/,NHTSA,,model-specific,,,100.0,76.27117684504175,87.12476756457488,50.0,50.0,75.0,95.03627694859038,70.18229166666667,61.458333333333336,50.0
Mazda,CX-70,PHEV Select Choice Plus,2026,no,SUV,4,5,AWD,PHEV,47450.0,1645.0,49095.0,,,,,5.0,,41.7,39.4,,39.7,38.4,,no,39.6,75.3,,,,323.0,369.0,6.3,,3.0,3,36000,5,60000,43.0,https://www.edmunds.com/mazda/cx-70/2026/trims/,NHTSA,,model-specific,,,100.0,76.27117684504175,87.12476756457488,50.0,50.0,75.0,94.41438640132671,70.18229166666667,61.458333333333336,50.0
Mazda,CX-90,3.3 Turbo Select,2026,no,SUV,4,8,AWD,Gas,39300.0,1645.0,40945.0,23.0,28.0,25.0,462.0,5.0,,41.7,39.4,30.0,39.6,38.4,37.0,yes,14.9,74.2,5000.0,,,280.0,332.0,7.4,,0.0,3,36000,5,60000,43.1,https://www.edmunds.com/mazda/cx-90/2026/trims/,NHTSA,18.5,model-specific,,,100.0,75.69854119762553,57.28696176922053,82.01931239388794,50.0,50.0,96.10385572139303,70.1171875,57.638888888888886,74.08256880733944
Mazda,CX-90,3.3 Turbo Preferred,2026,no,SUV,4,7,AWD,Gas,43450.0,1645.0,45095.0,23.0,28.0,25.0,462.0,5.0,,41.7,39.4,30.0,39.6,38.4,37.0,yes,14.9,74.2,5000.0,,,280.0,332.0,7.4,,2.0,3,36000,5,60000,43.1,https://www.edmunds.com/mazda/cx-90/2026/trims/,NHTSA,18.5,model-specific,,,100.0,75.69854119762553,57.28696176922053,82.01931239388794,50.0,66.66666666666666,95.24357379767828,70.1171875,57.638888888888886,74.08256880733944
Mazda,CX-90,3.3 Turbo Premium Sport,2026,no,SUV,4,7,AWD,Gas,47480.0,1645.0,49125.0,23.0,28.0,25.0,462.0,5.0,,41.7,39.4,30.0,39.6,38.4,37.0,yes,14.9,74.2,5000.0,,,280.0,332.0,7.4,,4.0,3,36000,5,60000,43.1,https://www.edmunds.com/mazda/cx-90/2026/trims/,NHTSA,18.5,model-specific,,,100.0,75.69854119762553,57.28696176922053,82.01931239388794,50.0,83.33333333333333,94.40816749585406,70.1171875,57.638888888888886,74.08256880733944
Mazda,CX-90,3.3 Turbo Premium Plus,2026,no,SUV,4,7,AWD,Gas,50270.0,1645.0,51915.0,23.0,28.0,25.0,462.0,5.0,,41.7,39.4,30.0,39.6,38.4,37.0,yes,14.9,74.2,5000.0,,,280.0,332.0,7.4,,5.0,3,36000,5,60000,43.1,https://www.edmunds.com/mazda/cx-90/2026/trims/,NHTSA,18.5,model-specific,,,100.0,75.69854119762553,57.28696176922053,82.01931239388794,50.0,91.66666666666667,93.82980928689884,70.1171875,57.638888888888886,74.08256880733944
Mazda,CX-90,3.3 Turbo S Premium Sport,2026,no,SUV,4,7,AWD,Gas,54140.0,1645.0,55785.0,23.0,28.0,25.0,462.0,5.0,,41.7,39.4,30.0,39.6,38.4,37.0,yes,14.9,74.2,5000.0,,,340.0,369.0,6.6,,4.0,3,36000,5,60000,43.1,https://www.edmunds.com/mazda/cx-90/2026/trims/,NHTSA,18.5,model-specific,,,100.0,75.69854119762553,57.28696176922053,82.01931239388794,50.0,83.33333333333333,93.02757048092869,70.1171875,60.41666666666667,74.08256880733944
Mazda,CX-90,3.3 Turbo S Premium Plus,2026,no,SUV,4,7,AWD,Gas,57570.0,1645.0,59215.0,23.0,28.0,25.0,462.0,5.0,,41.7,39.4,30.0,39.6,38.4,37.0,yes,14.9,74.2,5000.0,,,340.0,369.0,6.6,,5.0,3,36000,5,60000,43.1,https://www.edmunds.com/mazda/cx-90/2026/trims/,NHTSA,18.5,model-specific,,,100.0,75.69854119762553,57.28696176922053,82.01931239388794,50.0,91.66666666666667,92.31654228855722,70.1171875,60.41666666666667,74.08256880733944
Mazda,CX-90,PHEV Preferred,2026,no,SUV,4,7,AWD,PHEV,50695.0,1645.0,52340.0,,,,500.0,5.0,,41.7,39.4,30.0,39.6,38.4,37.0,yes,14.9,74.2,5000.0,,,323.0,369.0,6.6,,2.0,3,36000,5,60000,43.1,https://www.edmunds.com/mazda/cx-90/2026/trims/,NHTSA,,model-specific,,,100.0,75.69854119762553,57.28696176922053,91.79755671902268,50.0,66.66666666666666,93.74170812603649,70.1171875,60.41666666666667,74.08256880733944
Mazda,CX-90,PHEV Premium Sport,2026,no,SUV,4,7,AWD,PHEV,55500.0,1645.0,57145.0,,,,500.0,5.0,,41.7,39.4,30.0,39.6,38.4,37.0,yes,14.9,74.2,5000.0,,,323.0,369.0,6.6,,4.0,3,36000,5,60000,43.1,https://www.edmunds.com/mazda/cx-90/2026/trims/,NHTSA,,model-specific,,,100.0,75.69854119762553,57.28696176922053,91.79755671902268,50.0,83.33333333333333,92.74564676616916,70.1171875,60.41666666666667,74.08256880733944
Mazda,CX-90,PHEV Premium Plus,2026,no,SUV,4,7,AWD,PHEV,58700.0,1645.0,60345.0,,,,500.0,5.0,,41.7,39.4,30.0,39.6,38.4,37.0,yes,14.9,74.2,5000.0,,,323.0,369.0,6.6,,5.0,3,36000,5,60000,43.1,https://www.edmunds.com/mazda/cx-90/2026/trims/,NHTSA,,model-specific,,,100.0,75.69854119762553,57.28696176922053,91.79755671902268,50.0,91.66666666666667,92.0822968490879,70.1171875,60.41666666666667,74.08256880733944
Mazda,MX-5 Miata,Sport,2026,no,Convertible,2,2,RWD,Gas,30350.0,1315.0,31665.0,26.0,34.0,29.0,345.0,,,43.1,,,37.4,,,no,4.6,,,,4.0,181.0,151.0,5.5,,0.0,3,36000,5,60000,30.8,https://www.edmunds.com/mazda/mx-5-miata/2026/trims/,,11.9,model-specific,,,50.0,88.2624768946395,54.95867768595041,87.35233692860811,100.0,50.0,100.0,80.35230352303523,59.69387755102041,50.0
Mazda,MX-5 Miata,Club,2026,no,Convertible,2,2,RWD,Gas,33850.0,1315.0,35165.0,26.0,34.0,29.0,345.0,,,43.1,,,37.4,,,no,4.6,,,,4.0,181.0,151.0,5.5,,1.0,3,36000,5,60000,30.8,https://www.edmunds.com/mazda/mx-5-miata/2026/trims/,,11.9,model-specific,,,50.0,88.2624768946395,54.95867768595041,87.35233692860811,100.0,62.5,99.31995259098062,80.35230352303523,59.69387755102041,50.0
Mazda,MX-5 Miata,Grand Touring,2026,no,Convertible,2,2,RWD,Gas,35650.0,1315.0,36965.0,26.0,34.0,29.0,345.0,,,43.1,,,37.4,,,no,4.6,,,,4.0,181.0,151.0,5.5,,1.0,3,36000,5,60000,30.8,https://www.edmunds.com/mazda/mx-5-miata/2026/trims/,,11.9,model-specific,,,50.0,88.2624768946395,54.95867768595041,87.35233692860811,100.0,62.5,98.97021392348495,80.35230352303523,59.69387755102041,50.0
Mazda,MX-5 Miata,Grand Touring,2026,no,Coupe,2,2,RWD,Gas,38370.0,1315.0,39685.0,,,,,,,43.1,,,36.9,,,no,4.5,,,,4.0,181.0,151.0,5.5,,1.0,3,36000,5,60000,30.8,https://www.edmunds.com/mazda/mx-5-miata-rf/2026/trims/,,11.9,model-specific,,,50.0,62.527186482526446,50.0,50.0,100.0,62.5,98.41772803028744,71.0304054054054,55.42299349240781,50.0
Mazda,MX-5 Miata,Club,2026,no,Coupe,2,2,RWD,Gas,41820.0,1315.0,43135.0,,,,,,,43.1,,,36.9,,,no,4.5,,,,4.0,181.0,151.0,5.5,,1.0,3,36000,5,60000,30.8,https://www.edmunds.com/mazda/mx-5-miata-rf/2026/trims/,,11.9,model-specific,,,50.0,62.527186482526446,50.0,50.0,100.0,62.5,97.70786609329026,71.0304054054054,55.42299349240781,50.0
Mitsubishi,Outlander,ES,2026,no,SUV,4,7,FWD,Hybrid,29995.0,1745.0,31740.0,26.0,30.0,27.0,392.0,4.0,136.4,41.7,39.9,19.0,38.8,37.4,35.0,yes,10.9,64.3,2000.0,,4.0,177.0,207.0,,,1.0,5,60000,10,100000,47.5,https://www.edmunds.com/mitsubishi/outlander/2026/st-402078859/features-specs/,NHTSA,,model-specific,,,87.5,65.56147935745103,51.130064921802784,55.303030303030305,83.33333333333333,58.33333333333333,98.0120232172471,67.25260416666667,50.0,56.88073394495413
Mitsubishi,Outlander,LE,2026,no,SUV,4,7,FWD,Hybrid,32345.0,1745.0,34090.0,26.0,30.0,27.0,392.0,4.0,136.4,41.7,39.9,19.0,38.8,37.4,35.0,yes,10.9,64.3,2000.0,,4.0,177.0,207.0,,,3.0,5,60000,10,100000,47.5,https://www.edmunds.com/mitsubishi/outlander/2026/st-402078865/features-specs/,NHTSA,,model-specific,,,87.5,65.56147935745103,51.130064921802784,55.303030303030305,83.33333333333333,75.0,97.52487562189054,67.25260416666667,50.0,56.88073394495413
Mitsubishi,Outlander,SE,2026,no,SUV,4,7,FWD,Hybrid,34345.0,1745.0,36090.0,26.0,30.0,27.0,392.0,4.0,136.4,41.7,39.9,19.0,38.8,37.4,35.0,yes,10.9,64.3,2000.0,,4.0,177.0,207.0,,,3.0,5,60000,10,100000,47.5,https://www.edmunds.com/mitsubishi/outlander/2026/st-402078860/features-specs/,NHTSA,,model-specific,,,87.5,65.56147935745103,51.130064921802784,55.303030303030305,83.33333333333333,75.0,97.11028192371475,67.25260416666667,50.0,56.88073394495413
Mitsubishi,Outlander,SEL,2026,no,SUV,4,7,FWD,Hybrid,39045.0,1745.0,40790.0,26.0,30.0,27.0,392.0,4.0,131.7,41.7,39.9,19.0,38.8,37.4,35.0,yes,10.9,64.3,2000.0,,4.0,177.0,207.0,,,4.0,5,60000,10,100000,47.5,https://www.edmunds.com/mitsubishi/outlander/2026/st-402078863/features-specs/,NHTSA,,model-specific,,,87.5,65.56147935745103,51.130064921802784,55.303030303030305,83.33333333333333,83.33333333333333,96.13598673300166,67.25260416666667,50.0,56.88073394495413
Mitsubishi,Outlander,Ralliart,2026,yes,SUV,4,7,AWD,Hybrid,39645.0,1745.0,41390.0,26.0,30.0,27.0,392.0,5.0,131.7,41.7,39.9,19.0,38.8,37.4,35.0,yes,10.9,64.3,2000.0,,4.0,177.0,207.0,9.4,,3.0,5,60000,10,100000,47.5,https://www.edmunds.com/mitsubishi/outlander/2026/st-402078867/features-specs/,NHTSA,,model-specific,,,100.0,65.56147935745103,51.130064921802784,55.303030303030305,83.33333333333333,75.0,96.01160862354892,67.25260416666667,75.69444444444444,56.88073394495413
Mitsubishi,Outlander,Trail Edition,2026,no,SUV,4,7,AWD,Hybrid,39645.0,1745.0,41390.0,26.0,30.0,27.0,392.0,5.0,131.7,41.7,39.9,19.0,38.8,37.4,35.0,yes,10.9,64.3,2000.0,,4.0,177.0,207.0,9.4,,3.0,5,60000,10,100000,47.5,https://www.edmunds.com/mitsubishi/outlander/2026/st-402078864/features-specs/,NHTSA,,model-specific,,,100.0,65.56147935745103,51.130064921802784,55.303030303030305,83.33333333333333,75.0,96.01160862354892,67.25260416666667,50.69444444444444,56.88073394495413
Mitsubishi,Outlander,Black Edition,2026,no,SUV,4,7,FWD,Hybrid,43045.0,1745.0,44790.0,26.0,30.0,27.0,392.0,4.0,131.7,41.7,39.9,19.0,38.8,37.4,35.0,yes,10.9,64.3,2000.0,,4.0,177.0,207.0,,,4.0,5,60000,10,100000,47.5,https://www.edmunds.com/mitsubishi/outlander/2026/st-402078868/features-specs/,NHTSA,,model-specific,,,87.5,65.56147935745103,51.130064921802784,55.303030303030305,83.33333333333333,83.33333333333333,95.30679933665007,67.25260416666667,50.0,56.88073394495413
Mitsubishi,Outlander PHEV,ES,2026,no,SUV,4,7,AWD,PHEV,43245.0,1745.0,44990.0,,,73.0,422.0,,130.8,41.7,37.6,19.0,38.8,37.4,33.0,yes,12.8,64.7,1500.0,,,297.0,,7.3,,2.0,5,60000,10,100000,49.6,https://www.edmunds.com/mitsubishi/outlander-phev/2026/features-specs/,,,model-specific,,,50.0,60.07504349861826,53.46826033336915,92.4956369982548,50.0,66.66666666666666,95.2653399668325,65.88541666666667,57.986111111111114,54.01376146788991
Mitsubishi,Outlander PHEV,SE,2026,no,SUV,4,7,AWD,PHEV,45445.0,1745.0,47190.0,,,73.0,422.0,,130.8,41.7,37.6,19.0,38.8,37.4,33.0,yes,12.8,64.7,1500.0,,,297.0,,7.3,,5.0,5,60000,10,100000,49.6,https://www.edmunds.com/mitsubishi/outlander-phev/2026/features-specs/,,,model-specific,,,50.0,60.07504349861826,53.46826033336915,92.4956369982548,50.0,91.66666666666667,94.80928689883913,65.88541666666667,57.986111111111114,54.01376146788991
Mitsubishi,Outlander PHEV,SEL,2026,no,SUV,4,7,AWD,PHEV,48945.0,1745.0,50690.0,,,73.0,422.0,,130.8,41.7,37.6,19.0,38.8,37.4,33.0,yes,12.8,64.7,1500.0,,,297.0,,7.3,,5.0,5,60000,10,100000,49.6,https://www.edmunds.com/mitsubishi/outlander-phev/2026/st-402101417/features-specs/,,,model-specific,,,50.0,60.07504349861826,53.46826033336915,92.4956369982548,50.0,91.66666666666667,94.08374792703151,65.88541666666667,57.986111111111114,54.01376146788991
Mitsubishi,Outlander PHEV,SEL Black Edition,2026,no,SUV,4,7,AWD,PHEV,53695.0,1745.0,55440.0,,,73.0,422.0,,130.8,41.7,37.6,19.0,38.8,37.4,33.0,yes,12.8,64.7,1500.0,,,297.0,,7.3,,5.0,5,60000,10,100000,49.6,https://www.edmunds.com/mitsubishi/outlander-phev/2026/st-402101419/features-specs/,,,model-specific,,,50.0,60.07504349861826,53.46826033336915,92.4956369982548,50.0,91.66666666666667,93.09908789386401,65.88541666666667,57.986111111111114,54.01376146788991
Mitsubishi,Outlander Sport,S,2026,no,SUV,4,5,AWD,Gas,24995.0,1745.0,26740.0,23.0,29.0,26.0,411.0,4.0,119.2,41.6,36.3,,39.4,37.9,,no,21.7,49.5,,1080.0,4.0,148.0,145.0,,,0.0,5,60000,10,100000,44.4,https://www.edmunds.com/mitsubishi/outlander-sport/2026/st-402082414/features-specs/,NHTSA,15.8,model-specific,,,87.5,68.6196995414673,62.094114197757094,78.1939728353141,83.33333333333333,50.0,99.04850746268657,69.27083333333334,50.0,51.71663671616381
Mitsubishi,Outlander Sport,ES,2026,no,SUV,4,5,AWD,Gas,26595.0,1745.0,28340.0,23.0,29.0,26.0,411.0,4.0,119.2,41.6,36.3,,39.4,37.9,,no,21.7,49.5,,,4.0,148.0,145.0,,,0.0,5,60000,10,100000,44.4,https://www.edmunds.com/mitsubishi/outlander-sport/2026/features-specs/,NHTSA,15.8,model-specific,,,87.5,68.6196995414673,62.094114197757094,78.1939728353141,83.33333333333333,50.0,98.71683250414594,69.27083333333334,50.0,50.0
Mitsubishi,Outlander Sport,LE,2026,no,SUV,4,5,AWD,Gas,27495.0,1745.0,29240.0,23.0,29.0,26.0,411.0,4.0,119.2,41.6,36.3,,39.4,37.9,,no,21.7,49.5,,,4.0,148.0,145.0,,,0.0,5,60000,10,100000,44.4,https://www.edmunds.com/mitsubishi/outlander-sport/2026/features-specs/,NHTSA,15.8,model-specific,,,87.5,68.6196995414673,62.094114197757094,78.1939728353141,83.33333333333333,50.0,98.53026533996683,69.27083333333334,50.0,50.0
Mitsubishi,Outlander Sport,SE,2026,no,SUV,4,5,AWD,Gas,28845.0,1745.0,30590.0,23.0,29.0,26.0,411.0,4.0,119.2,41.6,36.3,,39.4,37.9,,no,21.7,49.5,,1080.0,4.0,148.0,145.0,,,0.0,5,60000,10,100000,44.4,https://www.edmunds.com/mitsubishi/outlander-sport/2026/st-402082415/features-specs/,NHTSA,15.8,model-specific,,,87.5,68.6196995414673,62.094114197757094,78.1939728353141,83.33333333333333,50.0,98.25041459369817,69.27083333333334,50.0,51.71663671616381
Mitsubishi,Outlander Sport,Ralliart,2026,yes,SUV,4,5,AWD,Gas,29245.0,1745.0,30990.0,23.0,29.0,26.0,411.0,4.0,119.2,41.6,36.3,,39.4,37.9,,no,21.7,49.5,,1080.0,4.0,148.0,145.0,,,0.0,5,60000,10,100000,44.4,https://www.edmunds.com/mitsubishi/outlander-sport/2026/st-402082419/features-specs/,NHTSA,15.8,model-specific,,,87.5,68.6196995414673,62.094114197757094,78.1939728353141,83.33333333333333,50.0,98.16749585406302,69.27083333333334,50.0,51.71663671616381
Mitsubishi,Outlander Sport,Trail Edition,2026,no,SUV,4,5,AWD,Gas,29495.0,1745.0,31240.0,23.0,29.0,26.0,411.0,4.0,119.2,41.6,36.3,,39.4,37.9,,no,21.7,49.5,,,4.0,148.0,145.0,,,0.0,5,60000,10,100000,44.4,https://www.edmunds.com/mitsubishi/outlander-sport/2026/features-specs/,NHTSA,15.8,model-specific,,,87.5,68.6196995414673,62.094114197757094,78.1939728353141,83.33333333333333,50.0,98.11567164179104,69.27083333333334,50.0,50.0
Mitsubishi,Outlander Sport,SEL,2026,no,SUV,4,5,AWD,Gas,29695.0,1745.0,31440.0,23.0,28.0,25.0,395.0,4.0,119.2,41.6,36.3,,39.4,37.9,,no,21.7,49.5,,1047.0,4.0,168.0,167.0,8.0,,0.0,5,60000,10,100000,44.4,https://www.edmunds.com/mitsubishi/outlander-sport/2026/st-402082412/features-specs/,NHTSA,15.8,model-specific,,,87.5,68.6196995414673,62.094114197757094,75.26528013582343,83.33333333333333,50.0,98.07421227197347,69.27083333333334,55.55555555555556,50.0
Mitsubishi,Eclipse Cross,ES,2026,no,SUV,4,5,AWD,Gas,27695.0,1745.0,29440.0,25.0,26.0,25.0,395.0,5.0,120.1,40.9,37.1,,39.5,37.3,,no,23.4,50.1,1500.0,,,152.0,184.0,8.6,,0.0,5,60000,10,100000,45.6,https://www.edmunds.com/mitsubishi/eclipse-cross/2026/st-402075318/features-specs/,NHTSA,15.8,model-specific,,,100.0,66.69879308008427,64.21917708786255,75.26528013582343,50.0,50.0,98.48880597014926,68.48958333333334,53.47222222222222,54.01376146788991
Mitsubishi,Eclipse Cross,LE,2026,no,SUV,4,5,AWD,Gas,29295.0,1745.0,31040.0,25.0,26.0,25.0,395.0,5.0,120.1,40.9,37.1,,39.5,37.3,,no,23.4,50.1,1500.0,,,152.0,184.0,8.6,,0.0,5,60000,10,100000,45.6,https://www.edmunds.com/mitsubishi/eclipse-cross/2026/features-specs/,NHTSA,15.8,model-specific,,,100.0,66.69879308008427,64.21917708786255,75.26528013582343,50.0,50.0,98.15713101160861,68.48958333333334,53.47222222222222,54.01376146788991
Mitsubishi,Eclipse Cross,SE,2026,no,SUV,4,5,AWD,Gas,30395.0,1745.0,32140.0,25.0,26.0,25.0,395.0,5.0,120.1,40.9,37.1,,39.5,37.3,,no,23.4,50.1,1500.0,,,152.0,184.0,8.6,,0.0,5,60000,10,100000,45.6,https://www.edmunds.com/mitsubishi/eclipse-cross/2026/st-402075317/features-specs/,NHTSA,15.8,model-specific,,,100.0,66.69879308008427,64.21917708786255,75.26528013582343,50.0,50.0,97.92910447761193,68.48958333333334,53.47222222222222,54.01376146788991
Mitsubishi,Eclipse Cross,Ralliart,2026,yes,SUV,4,5,AWD,Gas,31245.0,1745.0,32990.0,25.0,26.0,25.0,395.0,5.0,120.1,40.9,37.1,,39.5,37.3,,no,23.4,50.1,1500.0,,,152.0,184.0,8.6,,0.0,5,60000,10,100000,45.6,https://www.edmunds.com/mitsubishi/eclipse-cross/2026/st-402076780/features-specs/,NHTSA,15.8,model-specific,,,100.0,66.69879308008427,64.21917708786255,75.26528013582343,50.0,50.0,97.75290215588723,68.48958333333334,78.47222222222223,54.01376146788991
Mitsubishi,Eclipse Cross,Black Edition,2026,no,SUV,4,5,AWD,Gas,31545.0,1745.0,33290.0,25.0,26.0,25.0,395.0,5.0,120.1,40.9,37.1,,39.5,37.3,,no,23.4,50.1,1500.0,,,152.0,184.0,8.6,,0.0,5,60000,10,100000,45.6,https://www.edmunds.com/mitsubishi/eclipse-cross/2026/st-402075315/features-specs/,NHTSA,15.8,model-specific,,,100.0,66.69879308008427,64.21917708786255,75.26528013582343,50.0,50.0,97.69071310116087,68.48958333333334,53.47222222222222,54.01376146788991
Mitsubishi,Eclipse Cross,SEL,2026,no,SUV,4,5,AWD,Gas,31845.0,1745.0,33590.0,25.0,26.0,25.0,395.0,5.0,120.1,40.9,37.1,,39.5,37.3,,no,23.4,50.1,1500.0,,,152.0,184.0,8.6,,0.0,5,60000,10,100000,45.6,https://www.edmunds.com/mitsubishi/eclipse-cross/2026/st-402075319/features-specs/,NHTSA,15.8,model-specific,,,100.0,66.69879308008427,64.21917708786255,75.26528013582343,50.0,50.0,97.62852404643449,68.48958333333334,53.47222222222222,54.01376146788991
Jeep,Wrangler,Sport,2026,no,SUV,4,5,4WD,Gas,38030.0,1995.0,40025.0,17.0,23.0,19.0,408.0,3.5,,41.2,38.3,,42.6,41.7,,no,31.7,72.4,3500.0,1218.0,3.5,285.0,260.0,6.1,,1.0,3,36000,5,60000,32.0,https://www.edmunds.com/jeep/wrangler/2026/trims/,IIHS,21.5,model-specific,,,81.25,91.44347361151952,77.234244382944,68.6810271646859,75.0,58.33333333333333,96.2945688225539,77.34375,62.15277777777778,62.18847536177055
Jeep,Wrangler,Sport S,2026,no,SUV,4,5,4WD,Gas,41680.0,1995.0,43675.0,17.0,23.0,19.0,408.0,3.5,,41.2,38.3,,42.6,41.7,,no,31.7,72.4,3500.0,1218.0,3.5,285.0,260.0,6.1,,1.0,3,36000,5,60000,32.0,https://www.edmunds.com/jeep/wrangler/2026/trims/,IIHS,21.5,model-specific,,,81.25,91.44347361151952,77.234244382944,68.6810271646859,75.0,58.33333333333333,95.53793532338308,77.34375,62.15277777777778,62.18847536177055
Jeep,Wrangler,Willys,2026,yes,SUV,4,5,4WD,Gas,45750.0,1995.0,47745.0,17.0,23.0,19.0,408.0,3.5,,41.2,38.3,,42.6,41.7,,no,31.7,72.4,3500.0,1218.0,3.5,285.0,260.0,6.1,,1.0,3,36000,5,60000,32.0,https://www.edmunds.com/jeep/wrangler/2026/trims/,IIHS,21.5,model-specific,,,81.25,91.44347361151952,77.234244382944,68.6810271646859,75.0,58.33333333333333,94.69423714759536,77.34375,87.15277777777777,62.18847536177055
Jeep,Wrangler,Willys 41,2026,yes,SUV,4,5,4WD,Gas,50735.0,1995.0,52730.0,,,,,3.5,,41.2,38.3,,42.6,41.7,,no,31.7,72.4,3500.0,1218.0,3.5,285.0,260.0,6.1,,1.0,3,36000,5,60000,32.0,https://www.edmunds.com/jeep/wrangler/2026/trims/,IIHS,21.5,model-specific,,,81.25,91.44347361151952,77.234244382944,50.0,75.0,58.33333333333333,93.6608623548922,77.34375,87.15277777777777,62.18847536177055
Jeep,Wrangler,California Edition,2026,no,SUV,4,5,4WD,Gas,46030.0,1995.0,48025.0,,,,,3.5,,41.2,38.3,,42.6,41.7,,no,31.7,72.4,3500.0,1218.0,3.5,285.0,260.0,6.1,,1.0,3,36000,5,60000,32.0,https://www.edmunds.com/jeep/wrangler/2026/trims/,IIHS,21.5,model-specific,,,81.25,91.44347361151952,77.234244382944,50.0,75.0,58.33333333333333,94.63619402985074,77.34375,62.15277777777778,62.18847536177055
Jeep,Wrangler,85th Anniversary Edition,2026,no,SUV,4,5,4WD,Gas,49235.0,1995.0,51230.0,20.0,22.0,21.0,452.0,3.5,,41.2,38.3,,42.6,41.7,,no,31.7,72.4,3500.0,1218.0,3.5,270.0,295.0,6.5,,1.0,3,36000,5,60000,32.0,https://www.edmunds.com/jeep/wrangler/2026/trims/,IIHS,21.5,model-specific,,,81.25,91.44347361151952,77.234244382944,75.74808998302207,75.0,58.33333333333333,93.97180762852405,77.34375,60.763888888888886,62.18847536177055
Jeep,Wrangler,Sahara,2026,no,SUV,4,5,4WD,Gas,50905.0,1995.0,52900.0,20.0,22.0,21.0,452.0,3.5,,41.2,38.3,,42.6,41.7,,no,31.7,72.4,3500.0,1218.0,3.5,270.0,295.0,6.5,,1.0,3,36000,5,60000,32.0,https://www.edmunds.com/jeep/wrangler/2026/trims/,IIHS,21.5,model-specific,,,81.25,91.44347361151952,77.234244382944,75.74808998302207,75.0,58.33333333333333,93.62562189054727,77.34375,60.763888888888886,62.18847536177055
Jeep,Wrangler,Rubicon,2026,yes,SUV,4,5,4WD,Gas,47810.0,1995.0,49805.0,17.0,23.0,19.0,408.0,3.5,,41.2,38.3,,42.6,41.7,,no,31.7,72.4,3500.0,1218.0,3.5,285.0,260.0,6.1,,1.0,3,36000,5,60000,32.0,https://www.edmunds.com/jeep/wrangler/2026/trims/,IIHS,21.5,model-specific,,,81.25,91.44347361151952,77.234244382944,68.6810271646859,75.0,58.33333333333333,94.2672056384743,77.34375,87.15277777777777,62.18847536177055
Jeep,Wrangler,Sport RHD,2026,no,SUV,4,5,4WD,Gas,51785.0,1995.0,53780.0,20.0,23.0,21.0,452.0,3.5,,41.2,38.3,,42.6,41.7,,no,31.7,72.4,3500.0,1218.0,3.5,270.0,295.0,6.5,,1.0,3,36000,5,60000,32.0,https://www.edmunds.com/jeep/wrangler/2026/trims/,IIHS,21.5,model-specific,,,81.25,91.44347361151952,77.234244382944,75.74808998302207,75.0,58.33333333333333,93.44320066334993,77.34375,60.763888888888886,62.18847536177055
Jeep,Wrangler,Rewind,2026,no,SUV,4,5,4WD,Gas,52930.0,1995.0,54925.0,,,,,3.5,,41.2,38.3,,42.6,41.7,,no,31.7,72.4,3500.0,1218.0,3.5,270.0,295.0,6.5,,1.0,3,36000,5,60000,32.0,https://www.edmunds.com/jeep/wrangler/2026/trims/,IIHS,21.5,model-specific,,,81.25,91.44347361151952,77.234244382944,50.0,75.0,58.33333333333333,93.20584577114428,77.34375,60.763888888888886,62.18847536177055
Jeep,Wrangler,Rubicon X,2026,yes,SUV,4,5,4WD,Gas,57760.0,1995.0,59755.0,17.0,23.0,19.0,408.0,3.5,,41.2,38.3,,42.6,41.7,,no,31.7,72.4,3500.0,1218.0,3.5,285.0,260.0,6.1,,1.0,3,36000,5,60000,32.0,https://www.edmunds.com/jeep/wrangler/2026/trims/,IIHS,21.5,model-specific,,,81.25,91.44347361151952,77.234244382944,68.6810271646859,75.0,58.33333333333333,92.20460199004975,77.34375,87.15277777777777,62.18847536177055
Jeep,Wrangler,Willys 392,2026,yes,SUV,4,5,4WD,Gas,71990.0,1995.0,73985.0,13.0,16.0,14.0,301.0,3.5,,41.2,38.3,,42.6,41.7,,no,31.7,72.4,3500.0,1218.0,3.5,470.0,470.0,4.0,,1.0,3,36000,5,60000,32.0,https://www.edmunds.com/jeep/wrangler/2026/trims/,IIHS,21.5,model-specific,,,81.25,91.44347361151952,77.234244382944,51.31578947368421,75.0,58.33333333333333,89.25476782752902,77.34375,94.44444444444444,62.18847536177055
Jeep,Wrangler,Moab 392,2026,yes,SUV,4,5,4WD,Gas,81990.0,1995.0,83985.0,13.0,16.0,14.0,301.0,3.5,,41.2,38.3,,42.6,41.7,,no,31.7,72.4,3500.0,1218.0,3.5,470.0,470.0,4.0,,1.0,3,36000,5,60000,32.0,https://www.edmunds.com/jeep/wrangler/2026/trims/,IIHS,21.5,model-specific,,,81.25,91.44347361151952,77.234244382944,51.31578947368421,75.0,58.33333333333333,87.18179933665009,77.34375,94.44444444444444,62.18847536177055
Jeep,Gladiator,Sport,2026,no,Truck,4,5,4WD,Gas,41815.0,1995.0,43810.0,17.0,22.0,19.0,418.0,3.5,,41.2,38.3,,42.8,42.8,,no,,,4500.0,1025.0,3.5,285.0,260.0,7.2,,,3,36000,5,60000,32.3,https://www.edmunds.com/jeep/gladiator/2026/trims/,IIHS,22.0,model-specific,5.0,"3.5/5.0 (RepairPal, brand-level only, ranks 15th of 32 brands)",81.25,87.70586051163212,58.97435897435898,65.60201478502132,87.5,50.0,91.78826110806364,65.97122302158274,55.08474576271186,51.757592150652826
Jeep,Gladiator,Sport S,2026,no,Truck,4,5,4WD,Gas,45010.0,1995.0,47005.0,17.0,22.0,19.0,418.0,3.5,,41.2,38.3,,42.8,42.8,,no,,,4500.0,1025.0,3.5,285.0,260.0,7.2,,,3,36000,5,60000,32.3,https://www.edmunds.com/jeep/gladiator/2026/trims/,IIHS,22.0,model-specific,5.0,"3.5/5.0 (RepairPal, brand-level only, ranks 15th of 32 brands)",81.25,87.70586051163212,58.97435897435898,65.60201478502132,87.5,50.0,90.03565551289084,65.97122302158274,55.08474576271186,51.757592150652826
Jeep,Gladiator,Willys,2026,yes,Truck,4,5,4WD,Gas,47745.0,1995.0,49740.0,17.0,22.0,19.0,418.0,3.5,,41.2,38.3,,42.8,42.8,,no,,,4500.0,1025.0,3.5,285.0,260.0,7.2,,,3,36000,5,60000,32.3,https://www.edmunds.com/jeep/gladiator/2026/trims/,IIHS,22.0,model-specific,5.0,"3.5/5.0 (RepairPal, brand-level only, ranks 15th of 32 brands)",81.25,87.70586051163212,58.97435897435898,65.60201478502132,87.5,50.0,88.53538123971475,65.97122302158274,80.08474576271186,51.757592150652826
Jeep,Gladiator,Texas Trail,2026,no,Truck,4,5,4WD,Gas,47815.0,1995.0,49810.0,17.0,22.0,19.0,418.0,3.5,,41.2,38.3,,42.8,42.8,,no,,,4500.0,1025.0,3.5,285.0,260.0,7.2,,,3,36000,5,60000,32.3,https://www.edmunds.com/jeep/gladiator/2026/trims/,IIHS,22.0,model-specific,5.0,"3.5/5.0 (RepairPal, brand-level only, ranks 15th of 32 brands)",81.25,87.70586051163212,58.97435897435898,65.60201478502132,87.5,50.0,88.49698299506309,65.97122302158274,55.08474576271186,51.757592150652826
Jeep,Gladiator,85th Anniversary Edition,2026,no,Truck,4,5,4WD,Gas,48805.0,1995.0,50800.0,17.0,22.0,19.0,418.0,3.5,,41.2,38.3,,42.8,42.8,,no,,,4500.0,1025.0,3.5,285.0,260.0,7.2,,,3,36000,5,60000,32.3,https://www.edmunds.com/jeep/gladiator/2026/trims/,IIHS,22.0,model-specific,5.0,"3.5/5.0 (RepairPal, brand-level only, ranks 15th of 32 brands)",81.25,87.70586051163212,58.97435897435898,65.60201478502132,87.5,50.0,87.95392210641799,65.97122302158274,55.08474576271186,51.757592150652826
Jeep,Gladiator,Sahara,2026,no,Truck,4,5,4WD,Gas,50110.0,1995.0,52105.0,17.0,22.0,19.0,418.0,3.5,,41.2,38.3,,42.8,42.8,,no,,,4500.0,1025.0,3.5,285.0,260.0,7.2,,,3,36000,5,60000,32.3,https://www.edmunds.com/jeep/gladiator/2026/trims/,IIHS,22.0,model-specific,5.0,"3.5/5.0 (RepairPal, brand-level only, ranks 15th of 32 brands)",81.25,87.70586051163212,58.97435897435898,65.60201478502132,87.5,50.0,87.23806911684036,65.97122302158274,55.08474576271186,51.757592150652826
Jeep,Gladiator,Willys '41,2026,yes,Truck,4,5,4WD,Gas,50355.0,1995.0,52350.0,17.0,22.0,19.0,418.0,3.5,,41.2,38.3,,42.8,42.8,,no,,,4500.0,1025.0,3.5,285.0,260.0,7.2,,,3,36000,5,60000,32.3,https://www.edmunds.com/jeep/gladiator/2026/trims/,IIHS,22.0,model-specific,5.0,"3.5/5.0 (RepairPal, brand-level only, ranks 15th of 32 brands)",81.25,87.70586051163212,58.97435897435898,65.60201478502132,87.5,50.0,87.10367526055951,65.97122302158274,80.08474576271186,51.757592150652826
Jeep,Gladiator,Rewind,2026,no,Truck,4,5,4WD,Gas,51240.0,1995.0,53235.0,17.0,22.0,19.0,418.0,3.5,,41.2,38.3,,42.8,42.8,,no,,,4500.0,1025.0,3.5,285.0,260.0,7.2,,,3,36000,5,60000,32.3,https://www.edmunds.com/jeep/gladiator/2026/trims/,IIHS,22.0,model-specific,5.0,"3.5/5.0 (RepairPal, brand-level only, ranks 15th of 32 brands)",81.25,87.70586051163212,58.97435897435898,65.60201478502132,87.5,50.0,86.61821173889194,65.97122302158274,55.08474576271186,51.757592150652826
Jeep,Gladiator,Rubicon,2026,yes,Truck,4,5,4WD,Gas,54515.0,1995.0,56510.0,17.0,22.0,19.0,418.0,3.5,,41.2,38.3,,42.8,42.8,,no,,,4500.0,1025.0,3.5,285.0,260.0,7.2,,,3,36000,5,60000,32.3,https://www.edmunds.com/jeep/gladiator/2026/trims/,IIHS,22.0,model-specific,5.0,"3.5/5.0 (RepairPal, brand-level only, ranks 15th of 32 brands)",81.25,87.70586051163212,58.97435897435898,65.60201478502132,87.5,50.0,84.82172243554581,65.97122302158274,80.08474576271186,51.757592150652826
Jeep,Gladiator,Mojave,2026,yes,Truck,4,5,4WD,Gas,55210.0,1995.0,57205.0,17.0,22.0,19.0,418.0,3.5,,41.2,38.3,,42.8,42.8,,no,,,4500.0,1025.0,3.5,285.0,260.0,7.2,,,3,36000,5,60000,32.3,https://www.edmunds.com/jeep/gladiator/2026/trims/,IIHS,22.0,model-specific,5.0,"3.5/5.0 (RepairPal, brand-level only, ranks 15th of 32 brands)",81.25,87.70586051163212,58.97435897435898,65.60201478502132,87.5,50.0,84.4404827207899,65.97122302158274,80.08474576271186,51.757592150652826
Jeep,Gladiator,Shadow Ops,2026,no,Truck,4,5,4WD,Gas,59510.0,1995.0,61505.0,17.0,22.0,19.0,418.0,3.5,,41.2,38.3,,42.8,42.8,,no,,,4500.0,1025.0,3.5,285.0,260.0,7.2,,,3,36000,5,60000,32.3,https://www.edmunds.com/jeep/gladiator/2026/trims/,IIHS,22.0,model-specific,5.0,"3.5/5.0 (RepairPal, brand-level only, ranks 15th of 32 brands)",81.25,87.70586051163212,58.97435897435898,65.60201478502132,87.5,50.0,82.08173340647284,65.97122302158274,55.08474576271186,51.757592150652826
Jeep,Gladiator,Rubicon X,2026,yes,Truck,4,5,4WD,Gas,62510.0,1995.0,64505.0,17.0,22.0,19.0,418.0,3.5,,41.2,38.3,,42.8,42.8,,no,,,4500.0,1025.0,3.5,285.0,260.0,7.2,,,3,36000,5,60000,32.3,https://www.edmunds.com/jeep/gladiator/2026/trims/,IIHS,22.0,model-specific,5.0,"3.5/5.0 (RepairPal, brand-level only, ranks 15th of 32 brands)",81.25,87.70586051163212,58.97435897435898,65.60201478502132,87.5,50.0,80.43609434997256,65.97122302158274,80.08474576271186,51.757592150652826
Jeep,Gladiator,Mojave X,2026,yes,Truck,4,5,4WD,Gas,63205.0,1995.0,65200.0,17.0,22.0,19.0,418.0,3.5,,41.2,38.3,,42.8,42.8,,no,,,4500.0,1025.0,3.5,285.0,260.0,7.2,,,3,36000,5,60000,32.3,https://www.edmunds.com/jeep/gladiator/2026/trims/,IIHS,22.0,model-specific,5.0,"3.5/5.0 (RepairPal, brand-level only, ranks 15th of 32 brands)",81.25,87.70586051163212,58.97435897435898,65.60201478502132,87.5,50.0,80.05485463521669,65.97122302158274,80.08474576271186,51.757592150652826
Jeep,Compass,Latitude,2026,no,SUV,4,5,AWD,Gas,31545.0,1995.0,33540.0,23.0,31.0,26.0,351.0,4.0,,41.8,38.3,,39.2,38.5,,no,27.2,59.8,2000.0,,4.0,200.0,221.0,7.5,,1.0,3,36000,5,60000,43.1,https://www.edmunds.com/jeep/compass/2026/trims/,NHTSA,13.5,model-specific,,,87.5,73.82100045894592,70.10843072552586,72.14558573853989,83.33333333333333,58.33333333333333,97.63888888888889,70.1171875,57.291666666666664,56.88073394495413
Jeep,Compass,Latitude Altitude,2026,no,SUV,4,5,AWD,Gas,33660.0,1995.0,35655.0,23.0,31.0,26.0,351.0,4.0,,41.8,38.3,,39.2,38.5,,no,27.2,59.8,2000.0,,4.0,200.0,221.0,7.5,,1.0,3,36000,5,60000,43.1,https://www.edmunds.com/jeep/compass/2026/trims/,NHTSA,13.5,model-specific,,,87.5,73.82100045894592,70.10843072552586,72.14558573853989,83.33333333333333,58.33333333333333,97.200456053068,70.1171875,57.291666666666664,56.88073394495413
Jeep,Compass,85th Anniversary Edition,2026,no,SUV,4,5,AWD,Gas,34340.0,1995.0,36335.0,23.0,31.0,26.0,351.0,4.0,,41.8,38.3,,39.2,38.5,,no,27.2,59.8,2000.0,,4.0,200.0,221.0,7.5,,1.0,3,36000,5,60000,43.1,https://www.edmunds.com/jeep/compass/2026/trims/,NHTSA,13.5,model-specific,,,87.5,73.82100045894592,70.10843072552586,72.14558573853989,83.33333333333333,58.33333333333333,97.05949419568822,70.1171875,57.291666666666664,56.88073394495413
Jeep,Compass,Limited,2026,no,SUV,4,5,AWD,Gas,35555.0,1995.0,37550.0,23.0,31.0,26.0,351.0,4.0,,41.8,38.3,,39.2,38.5,,no,27.2,59.8,2000.0,,4.0,200.0,221.0,7.5,,1.0,3,36000,5,60000,43.1,https://www.edmunds.com/jeep/compass/2026/trims/,NHTSA,13.5,model-specific,,,87.5,73.82100045894592,70.10843072552586,72.14558573853989,83.33333333333333,58.33333333333333,96.80762852404644,70.1171875,57.291666666666664,56.88073394495413
Jeep,Compass,Trailhawk,2026,yes,SUV,4,5,AWD,Gas,36055.0,1995.0,38050.0,,,,,4.0,,41.8,38.3,,39.2,38.5,,no,27.2,59.8,2000.0,,4.0,200.0,221.0,7.5,,1.0,3,36000,5,60000,43.1,https://www.edmunds.com/jeep/compass/2026/trims/,NHTSA,13.5,model-specific,,,87.5,73.82100045894592,70.10843072552586,50.0,83.33333333333333,58.33333333333333,96.70398009950249,70.1171875,82.29166666666666,56.88073394495413
Jeep,Compass,Limited Altitude,2026,no,SUV,4,5,AWD,Gas,37550.0,1995.0,39545.0,23.0,31.0,26.0,351.0,4.0,,41.8,38.3,,39.2,38.5,,no,27.2,59.8,2000.0,,4.0,200.0,221.0,7.5,,1.0,3,36000,5,60000,43.1,https://www.edmunds.com/jeep/compass/2026/trims/,NHTSA,13.5,model-specific,,,87.5,73.82100045894592,70.10843072552586,72.14558573853989,83.33333333333333,58.33333333333333,96.39407131011609,70.1171875,57.291666666666664,56.88073394495413
Jeep,Cherokee,Cherokee,2026,no,SUV,4,5,AWD,Hybrid,36995.0,1995.0,38990.0,39.0,35.0,37.0,,,,41.3,38.5,,40.3,40.2,,no,33.6,68.3,3500.0,,,177.0,221.0,,,2.0,3,36000,5,60000,49.5,https://www.edmunds.com/jeep/cherokee/2026/trims/,,,model-specific,,,50.0,81.43518247022604,78.95919455120838,75.75757575757575,50.0,66.66666666666666,96.50912106135986,65.95052083333333,50.0,65.48165137614679
Jeep,Cherokee,Laredo,2026,no,SUV,4,5,AWD,Hybrid,39995.0,1995.0,41990.0,39.0,35.0,37.0,,,,41.3,38.5,,40.3,40.2,,no,33.6,68.3,3500.0,,,177.0,221.0,,,2.0,3,36000,5,60000,49.5,https://www.edmunds.com/jeep/cherokee/2026/trims/,,,model-specific,,,50.0,81.43518247022604,78.95919455120838,75.75757575757575,50.0,66.66666666666666,95.88723051409619,65.95052083333333,50.0,65.48165137614679
Jeep,Cherokee,Limited,2026,no,SUV,4,5,AWD,Hybrid,41995.0,1995.0,43990.0,39.0,35.0,37.0,,,,41.3,38.5,,40.3,40.2,,no,33.6,68.3,3500.0,,,177.0,221.0,,,3.0,3,36000,5,60000,49.5,https://www.edmunds.com/jeep/cherokee/2026/trims/,,,model-specific,,,50.0,81.43518247022604,78.95919455120838,75.75757575757575,50.0,75.0,95.4726368159204,65.95052083333333,50.0,65.48165137614679
Jeep,Cherokee,Limited Altitude,2026,no,SUV,4,5,AWD,Hybrid,42590.0,1995.0,44585.0,39.0,35.0,37.0,,,,41.3,38.5,,40.3,40.2,,no,33.6,68.3,3500.0,,,177.0,221.0,,,3.0,3,36000,5,60000,49.5,https://www.edmunds.com/jeep/cherokee/2026/trims/,,,model-specific,,,50.0,81.43518247022604,78.95919455120838,75.75757575757575,50.0,75.0,95.3492951907131,65.95052083333333,50.0,65.48165137614679
Jeep,Cherokee,85th Anniversary Edition,2026,no,SUV,4,5,AWD,Hybrid,42900.0,1995.0,44895.0,39.0,35.0,37.0,,,,41.3,38.5,,40.3,40.2,,no,33.6,68.3,3500.0,,,177.0,221.0,,,3.0,3,36000,5,60000,49.5,https://www.edmunds.com/jeep/cherokee/2026/trims/,,,model-specific,,,50.0,81.43518247022604,78.95919455120838,75.75757575757575,50.0,75.0,95.28503316749585,65.95052083333333,50.0,65.48165137614679
Jeep,Cherokee,Overland,2026,no,SUV,4,5,AWD,Hybrid,44995.0,1995.0,46990.0,39.0,35.0,37.0,,,,41.3,38.5,,40.3,40.2,,no,33.6,68.3,3500.0,,,177.0,221.0,,,3.0,3,36000,5,60000,49.5,https://www.edmunds.com/jeep/cherokee/2026/trims/,,,model-specific,,,50.0,81.43518247022604,78.95919455120838,75.75757575757575,50.0,75.0,94.8507462686567,65.95052083333333,50.0,65.48165137614679
Jeep,Grand Cherokee,Laredo,2026,no,SUV,4,5,RWD,Gas,40915.0,1995.0,42910.0,19.0,26.0,22.0,506.0,5.0,,41.3,38.2,,39.9,39.4,,no,37.7,70.8,6200.0,,3.5,293.0,260.0,7.4,,1.0,3,36000,5,60000,50.0,https://www.edmunds.com/jeep/grand-cherokee/2026/trims/,NHTSA,23.0,model-specific,,,100.0,77.3094280554592,84.22783759800004,82.50742784380306,75.0,58.33333333333333,95.69651741293532,65.625,57.638888888888886,80.96330275229359
Jeep,Grand Cherokee,Laredo X,2026,no,SUV,4,5,RWD,Gas,43410.0,1995.0,45405.0,19.0,26.0,22.0,506.0,5.0,,41.3,38.2,,39.9,39.4,,no,37.7,70.8,6200.0,,3.5,293.0,260.0,7.4,,2.0,3,36000,5,60000,50.0,https://www.edmunds.com/jeep/grand-cherokee/2026/trims/,NHTSA,23.0,model-specific,,,100.0,77.3094280554592,84.22783759800004,82.50742784380306,75.0,66.66666666666666,95.17931177446103,65.625,57.638888888888886,80.96330275229359
Jeep,Grand Cherokee,Laredo Altitude,2026,no,SUV,4,5,RWD,Gas,46355.0,1995.0,48350.0,21.0,27.0,23.0,529.0,5.0,,41.3,38.2,,39.9,39.4,,no,37.7,70.8,6200.0,,3.5,324.0,332.0,6.3,,2.0,3,36000,5,60000,50.0,https://www.edmunds.com/jeep/grand-cherokee/2026/trims/,NHTSA,23.0,model-specific,,,100.0,77.3094280554592,84.22783759800004,86.14176570458403,75.0,66.66666666666666,94.56882255389718,65.625,61.458333333333336,80.96330275229359
Jeep,Grand Cherokee,Limited,2026,no,SUV,4,5,RWD,Gas,46315.0,1995.0,48310.0,21.0,27.0,23.0,529.0,5.0,,41.3,38.2,,39.9,39.4,,no,37.7,70.8,6200.0,,3.5,324.0,332.0,6.3,,2.0,3,36000,5,60000,50.0,https://www.edmunds.com/jeep/grand-cherokee/2026/trims/,NHTSA,23.0,model-specific,,,100.0,77.3094280554592,84.22783759800004,86.14176570458403,75.0,66.66666666666666,94.57711442786069,65.625,61.458333333333336,80.96330275229359
Jeep,Grand Cherokee,85th Anniversary Edition,2026,no,SUV,4,5,4WD,Gas,52410.0,1995.0,54405.0,21.0,26.0,23.0,529.0,5.0,,41.3,38.2,,39.9,39.4,,no,37.7,70.8,6200.0,,3.5,324.0,332.0,6.3,,2.0,3,36000,5,60000,50.0,https://www.edmunds.com/jeep/grand-cherokee/2026/trims/,NHTSA,23.0,model-specific,,,100.0,77.3094280554592,84.22783759800004,86.14176570458403,75.0,66.66666666666666,93.31364013266997,65.625,61.458333333333336,80.96330275229359
Jeep,Grand Cherokee,Limited Reserve,2026,no,SUV,4,5,4WD,Gas,53910.0,1995.0,55905.0,20.0,25.0,22.0,506.0,5.0,,41.3,38.2,,39.9,39.4,,no,37.7,70.8,6200.0,,3.5,324.0,332.0,6.3,,3.0,3,36000,5,60000,50.0,https://www.edmunds.com/jeep/grand-cherokee/2026/trims/,NHTSA,23.0,model-specific,,,100.0,77.3094280554592,84.22783759800004,82.50742784380306,75.0,75.0,93.00269485903814,65.625,61.458333333333336,80.96330275229359
Jeep,Grand Cherokee,Summit,2026,no,SUV,4,5,4WD,Gas,62595.0,1995.0,64590.0,20.0,25.0,22.0,506.0,5.0,,41.3,38.2,,39.9,39.4,,no,37.7,70.8,6200.0,,3.5,324.0,332.0,6.3,,4.0,3,36000,5,60000,50.0,https://www.edmunds.com/jeep/grand-cherokee/2026/trims/,NHTSA,23.0,model-specific,,,100.0,77.3094280554592,84.22783759800004,82.50742784380306,75.0,83.33333333333333,91.20232172470978,65.625,61.458333333333336,80.96330275229359
Jeep,Grand Cherokee L,Laredo,2026,no,SUV,4,5,RWD,Gas,42915.0,1995.0,44910.0,19.0,26.0,21.0,483.0,5.0,,41.3,39.4,30.0,39.8,39.9,37.0,yes,17.2,84.6,6200.0,,3.5,293.0,260.0,7.3,,1.0,3,36000,5,60000,47.4,https://www.edmunds.com/jeep/grand-cherokee-l/2026/trims/,NHTSA,23.0,model-specific,,,100.0,79.19790253066309,61.46870011933998,78.87308998302207,75.0,58.33333333333333,95.28192371475953,67.31770833333334,57.986111111111114,80.96330275229359
Jeep,Grand Cherokee L,Laredo X,2026,no,SUV,4,5,RWD,Gas,45410.0,1995.0,47405.0,19.0,26.0,21.0,483.0,5.0,,41.3,39.4,30.0,39.8,39.9,37.0,yes,17.2,84.6,6200.0,,3.5,293.0,260.0,7.3,,1.0,3,36000,5,60000,47.4,https://www.edmunds.com/jeep/grand-cherokee-l/2026/trims/,NHTSA,23.0,model-specific,,,100.0,79.19790253066309,61.46870011933998,78.87308998302207,75.0,58.33333333333333,94.76471807628525,67.31770833333334,57.986111111111114,80.96330275229359
Jeep,Grand Cherokee L,Limited,2026,no,SUV,4,6,RWD,Gas,48315.0,1995.0,50310.0,21.0,26.0,23.0,529.0,5.0,,41.3,39.4,30.0,39.8,39.9,37.0,yes,17.2,84.6,6200.0,,3.5,324.0,332.0,,,1.0,3,36000,5,60000,47.4,https://www.edmunds.com/jeep/grand-cherokee-l/2026/trims/,NHTSA,23.0,model-specific,,,100.0,79.19790253066309,61.46870011933998,86.14176570458403,75.0,58.33333333333333,94.1625207296849,67.31770833333334,50.0,80.96330275229359
Jeep,Grand Cherokee L,Laredo Altitude,2026,no,SUV,4,7,RWD,Gas,48355.0,1995.0,50350.0,21.0,26.0,23.0,529.0,5.0,,41.3,39.4,30.0,39.8,39.9,37.0,yes,17.2,84.6,6200.0,,3.5,324.0,332.0,,,1.0,3,36000,5,60000,47.4,https://www.edmunds.com/jeep/grand-cherokee-l/2026/trims/,NHTSA,23.0,model-specific,,,100.0,79.19790253066309,61.46870011933998,86.14176570458403,75.0,58.33333333333333,94.15422885572139,67.31770833333334,50.0,80.96330275229359
Jeep,Grand Cherokee L,85th Anniversary Edition,2026,no,SUV,4,6,AWD,Gas,54410.0,1995.0,56405.0,20.0,25.0,22.0,506.0,5.0,,41.3,39.4,30.0,39.8,39.9,37.0,yes,17.2,84.6,6200.0,,3.5,324.0,332.0,,,1.0,3,36000,5,60000,47.4,https://www.edmunds.com/jeep/grand-cherokee-l/2026/trims/,NHTSA,23.0,model-specific,,,100.0,79.19790253066309,61.46870011933998,82.50742784380306,75.0,58.33333333333333,92.8990464344942,67.31770833333334,50.0,80.96330275229359
Jeep,Grand Cherokee L,Limited Reserve,2026,no,SUV,4,6,AWD,Gas,55910.0,1995.0,57905.0,20.0,25.0,22.0,506.0,5.0,,41.3,39.4,30.0,39.8,39.9,37.0,yes,17.2,84.6,6200.0,,3.5,324.0,332.0,,,1.0,3,36000,5,60000,47.4,https://www.edmunds.com/jeep/grand-cherokee-l/2026/trims/,NHTSA,23.0,model-specific,,,100.0,79.19790253066309,61.46870011933998,82.50742784380306,75.0,58.33333333333333,92.58810116086235,67.31770833333334,50.0,80.96330275229359
Jeep,Grand Cherokee L,Summit,2026,no,SUV,4,6,AWD,Gas,64595.0,1995.0,66590.0,20.0,25.0,22.0,506.0,5.0,,41.3,39.4,30.0,39.8,39.9,37.0,yes,17.2,84.6,6200.0,,3.5,324.0,332.0,,,1.0,3,36000,5,60000,47.4,https://www.edmunds.com/jeep/grand-cherokee-l/2026/trims/,NHTSA,23.0,model-specific,,,100.0,79.19790253066309,61.46870011933998,82.50742784380306,75.0,58.33333333333333,90.787728026534,67.31770833333334,50.0,80.96330275229359
Jeep,Grand Wagoneer,Base,2026,no,SUV,4,7,RWD,Gas,66790.0,,66790.0,17.0,24.0,19.0,504.0,3.0,,40.9,42.7,37.0,41.3,40.0,39.0,yes,27.4,94.2,,,3.5,420.0,468.0,5.3,,1.0,3,36000,5,60000,44.6,https://www.edmunds.com/jeep/grand-wagoneer/2026/trims/,IIHS,26.5,model-specific,,"3.5/5.0 (RepairPal, brand-level only, ranks 15th of 32 brands)",75.0,90.85739176805478,75.03673778437536,78.35844651952462,75.0,58.33333333333333,90.74626865671641,69.140625,64.93055555555556,50.0
Jeep,Grand Wagoneer,Limited Altitude,2026,no,SUV,4,7,4WD,Gas,74855.0,,74855.0,17.0,24.0,19.0,504.0,3.0,,40.9,42.7,37.0,41.3,40.0,39.0,yes,27.4,94.2,,,3.5,420.0,468.0,5.3,,1.0,3,36000,5,60000,44.6,https://www.edmunds.com/jeep/grand-wagoneer/2026/trims/,IIHS,26.5,model-specific,,"3.5/5.0 (RepairPal, brand-level only, ranks 15th of 32 brands)",75.0,90.85739176805478,75.03673778437536,78.35844651952462,75.0,58.33333333333333,89.07441956882255,69.140625,64.93055555555556,50.0
Jeep,Grand Wagoneer,Limited,2026,no,SUV,4,7,4WD,Gas,74855.0,,74855.0,17.0,24.0,19.0,504.0,3.0,,40.9,42.7,37.0,41.3,40.0,39.0,yes,27.4,94.2,,,3.5,420.0,468.0,5.3,,1.0,3,36000,5,60000,44.6,https://www.edmunds.com/jeep/grand-wagoneer/2026/trims/,IIHS,26.5,model-specific,,"3.5/5.0 (RepairPal, brand-level only, ranks 15th of 32 brands)",75.0,90.85739176805478,75.03673778437536,78.35844651952462,75.0,58.33333333333333,89.07441956882255,69.140625,64.93055555555556,50.0
Jeep,Grand Wagoneer,Upland,2026,no,SUV,4,7,4WD,Gas,75855.0,,75855.0,17.0,24.0,19.0,504.0,3.0,,40.9,42.7,37.0,41.3,40.0,39.0,yes,27.4,94.2,,,3.5,420.0,468.0,5.3,,1.0,3,36000,5,60000,44.6,https://www.edmunds.com/jeep/grand-wagoneer/2026/trims/,IIHS,26.5,model-specific,,"3.5/5.0 (RepairPal, brand-level only, ranks 15th of 32 brands)",75.0,90.85739176805478,75.03673778437536,78.35844651952462,75.0,58.33333333333333,88.86712271973465,69.140625,64.93055555555556,50.0
Jeep,Grand Wagoneer,85th Anniversary Edition,2026,no,SUV,4,7,4WD,Gas,78785.0,,78785.0,17.0,24.0,19.0,504.0,3.0,,40.9,42.7,37.0,41.3,40.0,39.0,yes,27.4,94.2,,,3.5,420.0,468.0,5.3,,1.0,3,36000,5,60000,44.6,https://www.edmunds.com/jeep/grand-wagoneer/2026/trims/,IIHS,26.5,model-specific,,"3.5/5.0 (RepairPal, brand-level only, ranks 15th of 32 brands)",75.0,90.85739176805478,75.03673778437536,78.35844651952462,75.0,58.33333333333333,88.25974295190713,69.140625,64.93055555555556,50.0
Jeep,Grand Wagoneer,Limited Reserve,2026,no,SUV,4,7,4WD,Gas,82755.0,,82755.0,17.0,24.0,19.0,504.0,3.0,,40.9,42.7,37.0,41.3,40.0,39.0,yes,27.4,94.2,,,3.5,420.0,468.0,5.3,,1.0,3,36000,5,60000,44.6,https://www.edmunds.com/jeep/grand-wagoneer/2026/trims/,IIHS,26.5,model-specific,,"3.5/5.0 (RepairPal, brand-level only, ranks 15th of 32 brands)",75.0,90.85739176805478,75.03673778437536,78.35844651952462,75.0,58.33333333333333,87.4367744610282,69.140625,64.93055555555556,50.0
Jeep,Grand Wagoneer,Summit Obsidian,2026,no,SUV,4,7,4WD,Gas,97105.0,,97105.0,17.0,24.0,19.0,504.0,3.0,,40.9,42.7,37.0,41.3,40.0,39.0,yes,27.4,94.2,,,3.5,420.0,468.0,5.3,,4.0,3,36000,5,60000,44.6,https://www.edmunds.com/jeep/grand-wagoneer/2026/trims/,IIHS,26.5,model-specific,,"3.5/5.0 (RepairPal, brand-level only, ranks 15th of 32 brands)",75.0,90.85739176805478,75.03673778437536,78.35844651952462,75.0,83.33333333333333,84.46206467661692,69.140625,64.93055555555556,50.0
Jeep,Grand Wagoneer,Summit,2026,no,SUV,4,7,4WD,Gas,97105.0,,97105.0,17.0,24.0,19.0,504.0,3.0,,40.9,42.7,37.0,41.3,40.0,39.0,yes,27.4,94.2,,,3.5,420.0,468.0,5.3,,4.0,3,36000,5,60000,44.6,https://www.edmunds.com/jeep/grand-wagoneer/2026/trims/,IIHS,26.5,model-specific,,"3.5/5.0 (RepairPal, brand-level only, ranks 15th of 32 brands)",75.0,90.85739176805478,75.03673778437536,78.35844651952462,75.0,83.33333333333333,84.46206467661692,69.140625,64.93055555555556,50.0
Jeep,Grand Wagoneer,Summit Reserve,2026,no,SUV,4,7,4WD,Gas,103105.0,,103105.0,17.0,24.0,19.0,504.0,3.0,,40.9,42.7,37.0,41.3,40.0,39.0,yes,27.4,94.2,,,3.5,420.0,468.0,5.3,,4.0,3,36000,5,60000,44.6,https://www.edmunds.com/jeep/grand-wagoneer/2026/trims/,IIHS,26.5,model-specific,,"3.5/5.0 (RepairPal, brand-level only, ranks 15th of 32 brands)",75.0,90.85739176805478,75.03673778437536,78.35844651952462,75.0,83.33333333333333,83.21828358208955,69.140625,64.93055555555556,50.0
Jeep,Grand Wagoneer L,Base,2026,no,SUV,4,7,RWD,Gas,69790.0,,69790.0,16.0,22.0,18.0,549.0,,,40.9,42.7,37.0,41.3,40.0,39.0,yes,44.2,112.9,,,,420.0,468.0,5.3,,1.0,3,36000,5,60000,46.2,https://www.edmunds.com/jeep/grand-wagoneer-l/2026/trims/,,30.5,model-specific,,,50.0,90.85739176805478,97.77769317314119,81.57894736842105,50.0,58.33333333333333,90.12437810945273,68.09895833333333,64.93055555555556,50.0
Jeep,Grand Wagoneer L,Limited Altitude,2026,no,SUV,4,7,4WD,Gas,77855.0,,77855.0,16.0,22.0,18.0,549.0,,,40.9,42.7,37.0,41.3,40.0,39.0,yes,44.2,112.9,,,,420.0,468.0,5.3,,1.0,3,36000,5,60000,46.2,https://www.edmunds.com/jeep/grand-wagoneer-l/2026/trims/,,30.5,model-specific,,,50.0,90.85739176805478,97.77769317314119,81.57894736842105,50.0,58.33333333333333,88.45252902155887,68.09895833333333,64.93055555555556,50.0
Jeep,Grand Wagoneer L,Limited,2026,no,SUV,4,7,4WD,Gas,77855.0,,77855.0,16.0,22.0,18.0,549.0,,,40.9,42.7,37.0,41.3,40.0,39.0,yes,44.2,112.9,,,,420.0,468.0,5.3,,1.0,3,36000,5,60000,46.2,https://www.edmunds.com/jeep/grand-wagoneer-l/2026/trims/,,30.5,model-specific,,,50.0,90.85739176805478,97.77769317314119,81.57894736842105,50.0,58.33333333333333,88.45252902155887,68.09895833333333,64.93055555555556,50.0
Jeep,Grand Wagoneer L,85th Anniversary Edition,2026,no,SUV,4,7,4WD,Gas,81785.0,,81785.0,16.0,22.0,18.0,549.0,,,40.9,42.7,37.0,41.3,40.0,39.0,yes,44.2,112.9,,,,420.0,468.0,5.3,,1.0,3,36000,5,60000,46.2,https://www.edmunds.com/jeep/grand-wagoneer-l/2026/trims/,,30.5,model-specific,,,50.0,90.85739176805478,97.77769317314119,81.57894736842105,50.0,58.33333333333333,87.63785240464345,68.09895833333333,64.93055555555556,50.0
Jeep,Grand Wagoneer L,Limited Reserve,2026,no,SUV,4,7,4WD,Gas,85755.0,,85755.0,16.0,22.0,18.0,549.0,,,40.9,42.7,37.0,41.3,40.0,39.0,yes,44.2,112.9,,,,420.0,468.0,5.3,,1.0,3,36000,5,60000,46.2,https://www.edmunds.com/jeep/grand-wagoneer-l/2026/trims/,,30.5,model-specific,,,50.0,90.85739176805478,97.77769317314119,81.57894736842105,50.0,58.33333333333333,86.8148839137645,68.09895833333333,64.93055555555556,50.0
Jeep,Grand Wagoneer L,Summit,2026,no,SUV,4,7,4WD,Gas,100105.0,,100105.0,16.0,22.0,18.0,549.0,,,40.9,42.7,37.0,41.3,40.0,39.0,yes,44.2,112.9,,,,420.0,468.0,5.3,,4.0,3,36000,5,60000,46.2,https://www.edmunds.com/jeep/grand-wagoneer-l/2026/trims/,,30.5,model-specific,,,50.0,90.85739176805478,97.77769317314119,81.57894736842105,50.0,83.33333333333333,83.84017412935324,68.09895833333333,64.93055555555556,50.0
Jeep,Grand Wagoneer L,Summit Obsidian,2026,no,SUV,4,7,4WD,Gas,100105.0,,100105.0,16.0,22.0,18.0,549.0,,,40.9,42.7,37.0,41.3,40.0,39.0,yes,44.2,112.9,,,,420.0,468.0,5.3,,4.0,3,36000,5,60000,46.2,https://www.edmunds.com/jeep/grand-wagoneer-l/2026/trims/,,30.5,model-specific,,,50.0,90.85739176805478,97.77769317314119,81.57894736842105,50.0,83.33333333333333,83.84017412935324,68.09895833333333,64.93055555555556,50.0
Jeep,Grand Wagoneer L,Summit Reserve,2026,no,SUV,4,7,4WD,Gas,106105.0,,106105.0,16.0,22.0,18.0,549.0,,,40.9,42.7,37.0,41.3,40.0,39.0,yes,44.2,112.9,,,,420.0,468.0,5.3,,4.0,3,36000,5,60000,46.2,https://www.edmunds.com/jeep/grand-wagoneer-l/2026/trims/,,30.5,model-specific,,,50.0,90.85739176805478,97.77769317314119,81.57894736842105,50.0,83.33333333333333,82.59639303482587,68.09895833333333,64.93055555555556,50.0
Jeep,Recon,Moab,2026,no,SUV,4,5,AWD,EV,65000.0,1995.0,66995.0,80.0,62.0,71.0,,,,41.4,38.5,,42.3,40.6,,no,33.3,68.9,,,3.5,650.0,620.0,3.6,,3.0,3,36000,5,60000,,https://www.edmunds.com/jeep/recon/2026/trims/,,,,,"3.5/5.0 (RepairPal, brand-level only, ranks 15th of 32 brands)",50.0,87.78512866331329,78.68037878523714,61.04651162790698,75.0,75.0,90.70377280265339,50.0,70.83333333333334,50.0
Dodge,Charger,R/T,2026,no,Coupe,2,5,AWD,Gas,49995.0,1995.0,51990.0,17.0,26.0,20.0,350.0,,,42.6,37.2,,39.1,36.9,,no,22.8,37.4,,,3.5,420.0,468.0,4.7,,1.0,3,36000,5,60000,31.7,https://www.edmunds.com/dodge/charger/2026/st-402099277/features-specs/,,,model-specific,,,50.0,100.0,100.0,71.06481481481481,87.5,62.5,95.88588712166415,70.27027027027027,59.76138828633405,50.0
Dodge,Charger,R/T,2026,no,Sedan,4,5,AWD,Gas,51995.0,1995.0,53990.0,17.0,26.0,20.0,350.0,,,42.6,37.2,,39.1,36.9,,no,22.8,37.4,,,3.5,420.0,468.0,4.7,,1.0,3,36000,5,60000,41.1,https://www.edmunds.com/dodge/charger/2026/st-402099277/features-specs/,,,model-specific,,,50.0,69.69536109240991,94.47852760736197,64.11389297987236,80.0,60.0,93.29081576454519,72.95640326975477,65.41095890410959,50.0
Dodge,Charger,R/T Plus,2026,no,Coupe,2,5,AWD,Gas,54990.0,1995.0,56985.0,17.0,26.0,20.0,350.0,,,42.6,37.2,,39.1,36.9,,no,22.8,37.4,,,3.5,420.0,468.0,4.7,,2.0,3,36000,5,60000,31.7,https://www.edmunds.com/dodge/charger/2026/st-402099278/features-specs/,,,model-specific,,,50.0,100.0,100.0,71.06481481481481,87.5,75.0,94.85813049114216,70.27027027027027,59.76138828633405,50.0
Dodge,Charger,R/T Plus,2026,no,Sedan,4,5,AWD,Gas,56990.0,1995.0,58985.0,17.0,26.0,20.0,350.0,,,42.6,37.2,,39.1,36.9,,no,22.8,37.4,,,3.5,420.0,468.0,4.7,,2.0,3,36000,5,60000,41.1,https://www.edmunds.com/dodge/charger/2026/st-402099278/features-specs/,,,model-specific,,,50.0,69.69536109240991,94.47852760736197,64.11389297987236,80.0,70.0,92.19042583658273,72.95640326975477,65.41095890410959,50.0
Dodge,Charger,Scat Pack,2026,yes,Coupe,2,5,AWD,Gas,54995.0,1995.0,56990.0,16.0,23.0,19.0,332.0,,,42.6,37.2,,39.1,36.9,,no,22.8,37.4,,,3.5,550.0,531.0,3.9,,1.0,3,36000,5,60000,31.7,https://www.edmunds.com/dodge/charger/2026/st-402064969/features-specs/,,,model-specific,,,50.0,100.0,100.0,67.41898148148148,87.5,62.5,94.85710170572622,70.27027027027027,89.0997830802603,50.0
Dodge,Charger,Scat Pack,2026,yes,Sedan,4,5,AWD,Gas,56995.0,1995.0,58990.0,16.0,23.0,19.0,332.0,,,42.6,37.2,,39.1,36.9,,no,22.8,37.4,,,3.5,550.0,531.0,3.9,,1.0,3,36000,5,60000,41.1,https://www.edmunds.com/dodge/charger/2026/st-402064969/features-specs/,,,model-specific,,,50.0,69.69536109240991,94.47852760736197,61.37702503681885,80.0,60.0,92.18932434516336,72.95640326975477,93.15068493150685,50.0
Dodge,Charger,Scat Pack Plus,2026,yes,Coupe,2,5,AWD,Gas,59990.0,1995.0,61985.0,16.0,23.0,19.0,332.0,,,42.6,37.2,,39.1,36.9,,no,22.8,37.4,,,3.5,550.0,531.0,3.9,,2.0,3,36000,5,60000,31.7,https://www.edmunds.com/dodge/charger/2026/st-402091860/features-specs/,,,model-specific,,,50.0,100.0,100.0,67.41898148148148,87.5,75.0,93.8293450752042,70.27027027027027,89.0997830802603,50.0
Dodge,Charger,Scat Pack Plus,2026,yes,Sedan,4,5,AWD,Gas,61990.0,1995.0,63985.0,16.0,23.0,19.0,332.0,,,42.6,37.2,,39.1,36.9,,no,22.8,37.4,,,3.5,550.0,531.0,3.9,,2.0,3,36000,5,60000,41.1,https://www.edmunds.com/dodge/charger/2026/st-402091860/features-specs/,,,model-specific,,,50.0,69.69536109240991,94.47852760736197,61.37702503681885,80.0,70.0,91.08893441720089,72.95640326975477,93.15068493150685,50.0
Dodge,Charger,Daytona Scat Pack,2026,yes,Coupe,2,5,AWD,EV,59995.0,1995.0,61990.0,,,86.0,267.0,,,42.6,37.2,,39.1,36.9,,no,22.8,37.4,,,3.5,630.0,627.0,3.3,,1.0,3,36000,5,60000,47.9,https://www.edmunds.com/dodge/charger/2026/st-402091871/features-specs/,,,model-specific,,,50.0,100.0,100.0,50.0,87.5,62.5,93.82831628978828,56.58783783783784,92.353579175705,50.0
Dodge,Charger,Daytona Scat Pack,2026,yes,Sedan,4,5,AWD,EV,61995.0,1995.0,63990.0,,,86.0,267.0,,,42.6,37.2,,39.1,36.9,,no,22.8,37.4,,,3.5,630.0,627.0,3.3,,1.0,3,36000,5,60000,49.9,https://www.edmunds.com/dodge/charger/2026/st-402091871/features-specs/,,,model-specific,,,50.0,69.69536109240991,94.47852760736197,57.3230829883698,80.0,60.0,91.08783292578151,66.96185286103542,95.20547945205479,50.0
Dodge,Charger,Daytona Scat Pack Plus,2026,yes,Coupe,2,5,AWD,EV,64990.0,1995.0,66985.0,,,86.0,267.0,,,42.6,37.2,,39.1,36.9,,no,22.8,37.4,,,3.5,630.0,627.0,3.3,,2.0,3,36000,5,60000,47.9,https://www.edmunds.com/dodge/charger/2026/st-402091876/features-specs/,,,model-specific,,,50.0,100.0,100.0,50.0,87.5,75.0,92.80055965926627,56.58783783783784,92.353579175705,50.0
Dodge,Charger,Daytona Scat Pack Plus,2026,yes,Sedan,4,5,AWD,EV,66990.0,1995.0,68985.0,,,86.0,267.0,,,42.6,37.2,,39.1,36.9,,no,22.8,37.4,,,3.5,630.0,627.0,3.3,,2.0,3,36000,5,60000,49.9,https://www.edmunds.com/dodge/charger/2026/st-402091876/features-specs/,,,model-specific,,,50.0,69.69536109240991,94.47852760736197,57.3230829883698,80.0,70.0,89.98744299781904,66.96185286103542,95.20547945205479,50.0
Dodge,Durango,GT,2026,no,SUV,4,7,RWD,Gas,40990.0,1995.0,42985.0,18.0,25.0,20.0,492.0,4.0,,40.3,38.6,33.5,39.9,39.8,38.0,yes,17.2,85.1,,,3.5,295.0,260.0,,,0.0,3,36000,5,60000,45.5,https://www.edmunds.com/dodge/durango/2026/trims/,NHTSA,24.6,model-specific,,,87.5,79.23806583093484,61.53683847970686,78.46455857385399,75.0,50.0,95.68097014925374,68.5546875,50.0,50.0
Dodge,Durango,GT HEMI V8,2026,no,SUV,4,7,AWD,Gas,45670.0,1995.0,47665.0,14.0,21.0,16.0,394.0,4.0,,40.3,38.6,33.5,39.9,39.8,38.0,yes,17.2,85.1,,,3.5,360.0,390.0,6.2,,0.0,3,36000,5,60000,45.5,https://www.edmunds.com/dodge/durango/2026/trims/,NHTSA,24.6,model-specific,,,87.5,79.23806583093484,61.53683847970686,63.32236842105263,75.0,50.0,94.71082089552239,68.5546875,61.80555555555556,50.0
Dodge,Durango,GT Plus,2026,no,SUV,4,7,AWD,Gas,47590.0,1995.0,49585.0,17.0,24.0,20.0,492.0,4.0,,40.3,38.6,33.5,39.9,39.8,38.0,yes,17.2,85.1,,,3.5,295.0,260.0,7.4,,1.0,3,36000,5,60000,45.5,https://www.edmunds.com/dodge/durango/2026/trims/,NHTSA,24.6,model-specific,,,87.5,79.23806583093484,61.53683847970686,78.46455857385399,75.0,58.33333333333333,94.31281094527364,68.5546875,57.638888888888886,50.0
Dodge,Durango,GT Plus HEMI V8,2026,no,SUV,4,7,AWD,Gas,49270.0,1995.0,51265.0,14.0,21.0,16.0,394.0,4.0,,40.3,38.6,33.5,39.9,39.8,38.0,yes,17.2,85.1,,,3.5,360.0,390.0,6.2,,1.0,3,36000,5,60000,45.5,https://www.edmunds.com/dodge/durango/2026/trims/,NHTSA,24.6,model-specific,,,87.5,79.23806583093484,61.53683847970686,63.32236842105263,75.0,58.33333333333333,93.96455223880596,68.5546875,61.80555555555556,50.0
Dodge,Durango,GT Plus America250 Edition,2026,no,SUV,4,7,AWD,Gas,51585.0,1995.0,53580.0,17.0,24.0,20.0,492.0,4.0,,40.3,38.6,33.5,39.9,39.8,38.0,yes,17.2,85.1,,,3.5,295.0,260.0,7.4,,1.0,3,36000,5,60000,45.5,https://www.edmunds.com/dodge/durango/2026/trims/,NHTSA,24.6,model-specific,,,87.5,79.23806583093484,61.53683847970686,78.46455857385399,75.0,58.33333333333333,93.4846600331675,68.5546875,57.638888888888886,50.0
Dodge,Durango,R/T 392 Launch Edition,2026,yes,SUV,4,7,AWD,Gas,51990.0,1995.0,53985.0,13.0,19.0,15.0,369.0,4.0,,40.3,38.6,33.5,39.9,39.8,38.0,yes,17.2,85.1,,,3.5,475.0,470.0,4.6,,1.0,3,36000,5,60000,45.5,https://www.edmunds.com/dodge/durango/2026/trims/,NHTSA,24.6,model-specific,,,87.5,79.23806583093484,61.53683847970686,59.48641765704584,75.0,58.33333333333333,93.4007048092869,68.5546875,92.36111111111111,50.0
Dodge,Durango,GT Premium HEMI V8,2026,no,SUV,4,7,AWD,Gas,52270.0,1995.0,54265.0,14.0,21.0,16.0,394.0,4.0,,40.3,38.6,33.5,39.9,39.8,38.0,yes,17.2,85.1,,,3.5,360.0,390.0,6.2,,1.0,3,36000,5,60000,45.5,https://www.edmunds.com/dodge/durango/2026/trims/,NHTSA,24.6,model-specific,,,87.5,79.23806583093484,61.53683847970686,63.32236842105263,75.0,58.33333333333333,93.34266169154229,68.5546875,61.80555555555556,50.0
Dodge,Durango,GT Plus America250 HEMI V8,2026,no,SUV,4,7,AWD,Gas,53265.0,1995.0,55260.0,14.0,21.0,16.0,394.0,4.0,,40.3,38.6,33.5,39.9,39.8,38.0,yes,17.2,85.1,,,3.5,360.0,390.0,6.2,,1.0,3,36000,5,60000,45.5,https://www.edmunds.com/dodge/durango/2026/trims/,NHTSA,24.6,model-specific,,,87.5,79.23806583093484,61.53683847970686,63.32236842105263,75.0,58.33333333333333,93.13640132669983,68.5546875,61.80555555555556,50.0
Dodge,Durango,GT Premium America250 HEMI V8,2026,no,SUV,4,7,AWD,Gas,56265.0,1995.0,58260.0,14.0,21.0,16.0,394.0,4.0,,40.3,38.6,33.5,39.9,39.8,38.0,yes,17.2,85.1,,,3.5,360.0,390.0,6.2,,1.0,3,36000,5,60000,45.5,https://www.edmunds.com/dodge/durango/2026/trims/,NHTSA,24.6,model-specific,,,87.5,79.23806583093484,61.53683847970686,63.32236842105263,75.0,58.33333333333333,92.51451077943615,68.5546875,61.80555555555556,50.0
Dodge,Durango,R/T 392 Launch Edition Premium,2026,yes,SUV,4,7,AWD,Gas,59590.0,1995.0,61585.0,13.0,19.0,15.0,369.0,4.0,,40.3,38.6,33.5,39.9,39.8,38.0,yes,17.2,85.1,,,3.5,475.0,470.0,4.6,,1.0,3,36000,5,60000,45.5,https://www.edmunds.com/dodge/durango/2026/trims/,NHTSA,24.6,model-specific,,,87.5,79.23806583093484,61.53683847970686,59.48641765704584,75.0,58.33333333333333,91.82524875621891,68.5546875,92.36111111111111,50.0
Dodge,Durango,SRT Hellcat,2026,yes,SUV,4,5,AWD,Gas,81990.0,1995.0,83985.0,12.0,17.0,13.0,320.0,4.0,,40.3,38.6,,39.9,39.8,,no,17.2,85.1,,,3.5,710.0,645.0,3.5,,1.0,3,36000,5,60000,45.5,https://www.edmunds.com/dodge/durango/2026/trims/,NHTSA,24.6,model-specific,,,87.5,77.21763190935877,61.53683847970686,51.91532258064516,75.0,58.33333333333333,87.18179933665009,68.5546875,96.18055555555556,50.0
Dodge,Durango,SRT Hellcat Jailbreak,2026,yes,SUV,4,5,AWD,Gas,82985.0,1995.0,84980.0,12.0,17.0,13.0,320.0,4.0,,40.3,38.6,,39.9,39.8,,no,17.2,85.1,,,3.5,710.0,645.0,3.5,,1.0,3,36000,5,60000,45.5,https://www.edmunds.com/dodge/durango/2026/trims/,NHTSA,24.6,model-specific,,,87.5,77.21763190935877,61.53683847970686,51.91532258064516,75.0,58.33333333333333,86.97553897180762,68.5546875,96.18055555555556,50.0
Chrysler,Pacifica,Select,2026,no,Minivan,4,7,FWD,Gas,46440.0,,46440.0,19.0,28.0,22.0,418.0,5.0,,41.1,39.0,36.5,40.1,,39.0,yes,32.3,140.5,3600.0,,,287.0,262.0,7.3,,1.0,3,36000,5,60000,51.2,https://www.edmunds.com/chrysler/pacifica/2026/trims/,NHTSA,19.0,model-specific,,,100.0,75.81810313259427,56.20707806932296,90.83333333333333,50.0,50.0,84.04888416578109,50.283018867924525,65.78947368421053,100.0
Chrysler,Pacifica,Limited,2026,no,Minivan,4,7,FWD,Gas,51600.0,,51600.0,19.0,28.0,22.0,418.0,5.0,,41.1,39.0,36.5,40.1,,39.0,yes,32.3,140.5,3600.0,,,287.0,262.0,7.3,,1.0,3,36000,5,60000,51.2,https://www.edmunds.com/chrysler/pacifica/2026/trims/,NHTSA,19.0,model-specific,,,100.0,75.81810313259427,56.20707806932296,90.83333333333333,50.0,50.0,73.08182784272051,50.283018867924525,65.78947368421053,100.0
Chrysler,Pacifica,Pinnacle,2026,no,Minivan,4,7,FWD,Gas,58090.0,,58090.0,19.0,28.0,22.0,418.0,5.0,,41.1,39.0,36.5,40.1,,39.0,yes,32.3,140.5,3600.0,,,287.0,262.0,7.3,,2.0,3,36000,5,60000,51.2,https://www.edmunds.com/chrysler/pacifica/2026/trims/,NHTSA,19.0,model-specific,,,100.0,75.81810313259427,56.20707806932296,90.83333333333333,50.0,60.0,59.28799149840595,50.283018867924525,65.78947368421053,100.0
Chrysler,Pacifica,Select PHEV,2026,no,Minivan,4,7,FWD,PHEV,53760.0,,53760.0,29.0,30.0,30.0,,5.0,,41.1,39.0,36.5,40.1,,39.0,yes,,,,,,260.0,,7.5,,1.0,3,36000,5,60000,51.5,https://www.edmunds.com/chrysler/pacifica/2026/plug-in-hybrid/,NHTSA,,model-specific,,,100.0,75.81810313259427,50.0,50.0,50.0,50.0,68.49096705632306,50.0,60.52631578947369,50.0
Chrysler,Pacifica,100th Anniversary PHEV,2026,no,Minivan,4,7,FWD,PHEV,55255.0,,55255.0,29.0,30.0,30.0,,5.0,,41.1,39.0,36.5,40.1,,39.0,yes,,,,,,260.0,,7.5,,1.0,3,36000,5,60000,51.5,https://www.edmunds.com/chrysler/pacifica/2026/plug-in-hybrid/,NHTSA,,model-specific,,,100.0,75.81810313259427,50.0,50.0,50.0,50.0,65.3134962805526,50.0,60.52631578947369,50.0
Chrysler,Pacifica,Select Premium PHEV,2026,no,Minivan,4,7,FWD,PHEV,57015.0,,57015.0,29.0,30.0,30.0,,5.0,,41.1,39.0,36.5,40.1,,39.0,yes,,,,,,260.0,,7.5,,1.0,3,36000,5,60000,51.5,https://www.edmunds.com/chrysler/pacifica/2026/plug-in-hybrid/,NHTSA,,model-specific,,,100.0,75.81810313259427,50.0,50.0,50.0,50.0,61.57279489904357,50.0,60.52631578947369,50.0
Chrysler,Pacifica,Pinnacle PHEV,2026,no,Minivan,4,7,FWD,PHEV,62460.0,,62460.0,29.0,30.0,30.0,,5.0,,41.1,39.0,36.5,40.1,,39.0,yes,,,,,,260.0,,7.5,,2.0,3,36000,5,60000,51.5,https://www.edmunds.com/chrysler/pacifica/2026/plug-in-hybrid/,NHTSA,,model-specific,,,100.0,75.81810313259427,50.0,50.0,50.0,60.0,50.0,50.0,60.52631578947369,50.0
Chrysler,Voyager,LX,2026,no,Minivan,4,7,FWD,Gas,43390.0,,43390.0,19.0,28.0,22.0,418.0,5.0,,41.1,39.0,36.5,40.1,,39.0,yes,,140.5,3600.0,,,287.0,262.0,7.3,,1.0,3,36000,5,60000,50.3,https://www.edmunds.com/chrysler/voyager/2026/trims/,NHTSA,19.0,model-specific,,,100.0,75.81810313259427,94.11402656300615,90.83333333333333,50.0,50.0,90.53134962805527,51.132075471698116,65.78947368421053,100.0
Cadillac,CT4,Luxury,2026,no,Sedan,4,5,RWD,Gas,36000.0,1795.0,37795.0,22.0,32.0,26.0,442.0,,,42.4,33.4,,38.3,36.5,,no,10.7,,,,,237.0,258.0,6.2,,2.0,4,50000,6,70000,38.7,https://www.edmunds.com/cadillac/ct4/2026/luxury/features-specs/,,17.0,model-specific,,,50.0,58.347124242216594,57.36196319018404,79.16053019145804,50.0,70.0,96.85854647192298,74.59128065395095,60.273972602739725,50.0
Cadillac,CT4,Premium Luxury,2026,no,Sedan,4,5,RWD,Gas,40400.0,1795.0,42195.0,22.0,32.0,26.0,442.0,,,42.4,33.4,,38.3,36.5,,no,10.7,,,,,237.0,258.0,6.2,,2.0,4,50000,6,70000,38.7,https://www.edmunds.com/cadillac/ct4/2026/premium-luxury/features-specs/,,17.0,model-specific,,,50.0,58.347124242216594,57.36196319018404,79.16053019145804,50.0,70.0,95.88923402286696,74.59128065395095,60.273972602739725,50.0
Cadillac,CT4,Sport,2026,no,Sedan,4,5,RWD,Gas,44400.0,1795.0,46195.0,22.0,32.0,26.0,442.0,,,42.4,33.4,,38.3,36.5,,no,10.7,,,,,237.0,258.0,6.2,,2.0,4,50000,6,70000,38.7,https://www.edmunds.com/cadillac/ct4/2026/sport/features-specs/,,17.0,model-specific,,,50.0,58.347124242216594,57.36196319018404,79.16053019145804,50.0,70.0,95.00804088736149,74.59128065395095,60.273972602739725,50.0
Cadillac,CT4,V,2026,yes,Sedan,4,5,RWD,Gas,50600.0,1795.0,52395.0,20.0,29.0,23.0,391.0,,,42.4,33.4,,38.3,36.5,,no,10.7,,,,,325.0,380.0,4.8,156.0,2.0,4,50000,6,70000,38.7,https://www.edmunds.com/cadillac/ct4/2026/v/features-specs/,,17.0,model-specific,,,50.0,58.347124242216594,57.36196319018404,71.20765832106038,50.0,70.0,93.64219152732801,74.59128065395095,90.06849315068493,50.0
Cadillac,CT4,V Blackwing,2026,yes,Sedan,4,5,RWD,Gas,63600.0,1795.0,65395.0,15.0,23.0,18.0,306.0,,,42.4,33.4,,38.3,36.5,,no,10.7,,,,,472.0,445.0,4.1,189.0,2.0,4,50000,6,70000,38.7,https://www.edmunds.com/cadillac/ct4/2026/v-blackwing/features-specs/,,17.0,model-specific,,,50.0,58.347124242216594,57.36196319018404,57.952871870397644,50.0,70.0,90.77831383693521,74.59128065395095,92.46575342465754,50.0
Cadillac,CT5,Premium Luxury,2026,no,Sedan,4,5,RWD,Gas,48600.0,1795.0,50395.0,22.0,31.0,26.0,442.0,5.0,,42.4,37.9,,39.0,36.6,,no,11.9,,,,,237.0,258.0,6.6,,2.0,4,50000,6,70000,41.5,https://www.edmunds.com/cadillac/ct5/2026/premium-luxury/features-specs/,NHTSA,17.0,model-specific,,,100.0,67.57494868791038,61.04294478527607,79.16053019145804,50.0,70.0,94.08278809508073,72.68392370572207,58.9041095890411,50.0
Cadillac,CT5,Sport,2026,no,Sedan,4,5,RWD,Gas,49600.0,1795.0,51395.0,22.0,31.0,26.0,442.0,5.0,,42.4,37.9,,39.0,36.6,,no,11.9,,,,,237.0,258.0,6.6,,2.0,4,50000,6,70000,41.5,https://www.edmunds.com/cadillac/ct5/2026/sport/features-specs/,NHTSA,17.0,model-specific,,,100.0,67.57494868791038,61.04294478527607,79.16053019145804,50.0,70.0,93.86248981120437,72.68392370572207,58.9041095890411,50.0
Cadillac,CT5,V,2026,yes,Sedan,4,5,RWD,Gas,57600.0,1795.0,59395.0,18.0,27.0,21.0,357.0,5.0,,42.4,37.9,,39.0,36.6,,no,11.9,,,,,360.0,405.0,4.8,,2.0,4,50000,6,70000,41.5,https://www.edmunds.com/cadillac/ct5/2026/v/features-specs/,NHTSA,17.0,model-specific,,,100.0,67.57494868791038,61.04294478527607,65.90574374079529,50.0,70.0,92.10010354019343,72.68392370572207,90.06849315068493,50.0
Cadillac,CT5,V Blackwing,2026,yes,Sedan,4,5,RWD,Gas,97600.0,1795.0,99395.0,13.0,20.0,15.0,255.0,5.0,,42.4,37.9,,39.0,36.6,,no,11.9,,,,,668.0,659.0,3.4,200.0,2.0,4,50000,6,70000,41.5,https://www.edmunds.com/cadillac/ct5/2026/v-blackwing/features-specs/,NHTSA,17.0,model-specific,,,100.0,67.57494868791038,61.04294478527607,50.0,50.0,70.0,83.28817218513868,72.68392370572207,94.86301369863014,50.0
Cadillac,XT5,Luxury,2026,no,SUV,4,5,FWD,Gas,44800.0,1795.0,46595.0,22.0,29.0,24.0,528.0,5.0,,41.2,39.0,,39.7,38.4,,no,30.0,63.0,3500.0,,,235.0,258.0,7.6,,3.0,4,50000,6,70000,53.7,https://www.edmunds.com/cadillac/xt5/2026/luxury/features-specs/,NHTSA,22.0,model-specific,,,100.0,74.57876620778191,73.90994635038133,87.35674872665535,50.0,75.0,94.93262852404644,63.21614583333333,56.94444444444444,65.48165137614679
Cadillac,XT5,Luxury,2026,no,SUV,4,5,AWD,Gas,46800.0,1795.0,48595.0,21.0,27.0,23.0,506.0,5.0,,41.2,39.0,,39.7,38.4,,no,30.0,63.0,3500.0,,,235.0,258.0,,,3.0,4,50000,6,70000,53.7,https://www.edmunds.com/cadillac/xt5/2026/luxury/features-specs/,NHTSA,22.0,model-specific,,,100.0,74.57876620778191,73.90994635038133,83.82321731748726,50.0,75.0,94.51803482587064,63.21614583333333,50.0,65.48165137614679
Cadillac,XT5,Premium Luxury,2026,no,SUV,4,5,FWD,Gas,53500.0,1795.0,55295.0,22.0,29.0,24.0,528.0,5.0,,41.2,39.0,,37.9,36.6,,no,30.0,63.0,3500.0,,,235.0,258.0,7.6,,3.0,4,50000,6,70000,53.7,https://www.edmunds.com/cadillac/xt5/2026/premium-luxury/features-specs/,NHTSA,22.0,model-specific,,,100.0,64.23379803118351,73.90994635038133,87.35674872665535,50.0,75.0,93.12914593698176,63.21614583333333,56.94444444444444,65.48165137614679
Cadillac,XT5,Premium Luxury,2026,no,SUV,4,5,AWD,Gas,55600.0,1795.0,57395.0,21.0,27.0,23.0,506.0,5.0,,41.2,39.0,,37.9,36.6,,no,30.0,63.0,3500.0,,,235.0,258.0,,,3.0,4,50000,6,70000,53.7,https://www.edmunds.com/cadillac/xt5/2026/premium-luxury/features-specs/,NHTSA,22.0,model-specific,,,100.0,64.23379803118351,73.90994635038133,83.82321731748726,50.0,75.0,92.69382255389718,63.21614583333333,50.0,65.48165137614679
Cadillac,XT5,Sport,2026,no,SUV,4,5,AWD,Gas,62800.0,1795.0,64595.0,18.0,26.0,21.0,462.0,5.0,,41.2,39.0,,37.9,36.6,,no,30.0,63.0,3500.0,,,310.0,271.0,6.1,,3.0,4,50000,6,70000,53.7,https://www.edmunds.com/cadillac/xt5/2026/st-402079185/features-specs/,NHTSA,22.0,model-specific,,,100.0,64.23379803118351,73.90994635038133,76.75615449915111,50.0,75.0,91.20128524046434,63.21614583333333,62.15277777777778,65.48165137614679
Cadillac,Escalade,Base,2026,no,SUV,4,7,RWD,Gas,91100.0,2895.0,93995.0,14.0,18.0,16.0,384.0,5.0,,44.5,41.8,34.9,42.3,38.9,38.0,yes,25.5,121.0,7900.0,1580.0,2.5,420.0,460.0,,,4.0,4,50000,6,70000,55.0,https://www.edmunds.com/cadillac/escalade/2026/features-specs/,NHTSA,24.0,model-specific,,,100.0,92.29445620845704,76.40526917676763,62.3143039049236,58.33333333333333,83.33333333333333,85.10675787728027,62.36979166666667,50.0,84.21864655253948
Cadillac,Escalade,Base,2026,no,SUV,4,7,4WD,Gas,94100.0,2895.0,96995.0,14.0,18.0,16.0,384.0,5.0,,44.5,41.8,34.9,42.3,38.9,38.0,yes,25.5,121.0,7900.0,1580.0,2.5,420.0,460.0,6.0,,4.0,4,50000,6,70000,55.0,https://www.edmunds.com/cadillac/escalade/2026/features-specs/,NHTSA,24.0,model-specific,,,100.0,92.29445620845704,76.40526917676763,62.3143039049236,58.33333333333333,83.33333333333333,84.48486733001658,62.36979166666667,62.5,84.21864655253948
Cadillac,Escalade,Luxury,2026,no,SUV,4,7,RWD,Gas,102100.0,2895.0,104995.0,14.0,18.0,16.0,384.0,5.0,,44.5,41.8,34.9,42.3,38.9,38.0,yes,25.5,121.0,7900.0,1580.0,2.5,420.0,460.0,,,4.0,4,50000,6,70000,55.0,https://www.edmunds.com/cadillac/escalade/2026/luxury/features-specs/,NHTSA,24.0,model-specific,,,100.0,92.29445620845704,76.40526917676763,62.3143039049236,58.33333333333333,83.33333333333333,82.82649253731344,62.36979166666667,50.0,84.21864655253948
Cadillac,Escalade,Luxury,2026,no,SUV,4,7,4WD,Gas,105100.0,2895.0,107995.0,14.0,18.0,16.0,384.0,5.0,,44.5,41.8,34.9,42.3,38.9,38.0,yes,25.5,121.0,7900.0,1580.0,2.5,420.0,460.0,6.0,,4.0,4,50000,6,70000,55.0,https://www.edmunds.com/cadillac/escalade/2026/luxury/features-specs/,NHTSA,24.0,model-specific,,,100.0,92.29445620845704,76.40526917676763,62.3143039049236,58.33333333333333,83.33333333333333,82.20460199004975,62.36979166666667,62.5,84.21864655253948
Cadillac,Escalade,Sport,2026,no,SUV,4,7,RWD,Gas,102700.0,2895.0,105595.0,14.0,18.0,16.0,384.0,5.0,,44.5,41.8,34.9,42.3,38.9,38.0,yes,25.5,121.0,7900.0,1580.0,2.5,420.0,460.0,,,4.0,4,50000,6,70000,55.0,https://www.edmunds.com/cadillac/escalade/2026/sport/features-specs/,NHTSA,24.0,model-specific,,,100.0,92.29445620845704,76.40526917676763,62.3143039049236,58.33333333333333,83.33333333333333,82.70211442786069,62.36979166666667,50.0,84.21864655253948
Cadillac,Escalade,Sport,2026,no,SUV,4,7,4WD,Gas,105700.0,2895.0,108595.0,14.0,18.0,16.0,384.0,5.0,,44.5,41.8,34.9,42.3,38.9,38.0,yes,25.5,121.0,7900.0,1580.0,2.5,420.0,460.0,6.0,,4.0,4,50000,6,70000,55.0,https://www.edmunds.com/cadillac/escalade/2026/sport/features-specs/,NHTSA,24.0,model-specific,,,100.0,92.29445620845704,76.40526917676763,62.3143039049236,58.33333333333333,83.33333333333333,82.08022388059702,62.36979166666667,62.5,84.21864655253948
Cadillac,Escalade,Platinum Luxury,2026,no,SUV,4,7,RWD,Gas,119900.0,2895.0,122795.0,14.0,18.0,16.0,384.0,5.0,,44.5,41.8,34.9,42.3,38.9,38.0,yes,25.5,121.0,7900.0,1580.0,2.5,420.0,460.0,,,4.0,4,50000,6,70000,55.0,https://www.edmunds.com/cadillac/escalade/2026/platinum-luxury/features-specs/,NHTSA,24.0,model-specific,,,100.0,92.29445620845704,76.40526917676763,62.3143039049236,58.33333333333333,83.33333333333333,79.13660862354892,62.36979166666667,50.0,84.21864655253948
Cadillac,Escalade,Platinum Luxury,2026,no,SUV,4,7,4WD,Gas,122900.0,2895.0,125795.0,14.0,18.0,16.0,384.0,5.0,,44.5,41.8,34.9,42.3,38.9,38.0,yes,25.5,121.0,7900.0,1580.0,2.5,420.0,460.0,6.0,,4.0,4,50000,6,70000,55.0,https://www.edmunds.com/cadillac/escalade/2026/platinum-luxury/features-specs/,NHTSA,24.0,model-specific,,,100.0,92.29445620845704,76.40526917676763,62.3143039049236,58.33333333333333,83.33333333333333,78.51471807628523,62.36979166666667,62.5,84.21864655253948
Cadillac,Escalade,Platinum Sport,2026,no,SUV,4,7,RWD,Gas,120400.0,2895.0,123295.0,14.0,18.0,16.0,384.0,5.0,,44.5,41.8,34.9,42.3,38.9,38.0,yes,25.5,121.0,7900.0,1580.0,2.5,420.0,460.0,,,4.0,4,50000,6,70000,55.0,https://www.edmunds.com/cadillac/escalade/2026/platinum-sport/features-specs/,NHTSA,24.0,model-specific,,,100.0,92.29445620845704,76.40526917676763,62.3143039049236,58.33333333333333,83.33333333333333,79.03296019900498,62.36979166666667,50.0,84.21864655253948
Cadillac,Escalade,Platinum Sport,2026,no,SUV,4,7,4WD,Gas,123400.0,2895.0,126295.0,14.0,18.0,16.0,384.0,5.0,,44.5,41.8,34.9,42.3,38.9,38.0,yes,25.5,121.0,7900.0,1580.0,2.5,420.0,460.0,6.0,,4.0,4,50000,6,70000,55.0,https://www.edmunds.com/cadillac/escalade/2026/platinum-sport/features-specs/,NHTSA,24.0,model-specific,,,100.0,92.29445620845704,76.40526917676763,62.3143039049236,58.33333333333333,83.33333333333333,78.41106965174129,62.36979166666667,62.5,84.21864655253948
Cadillac,Escalade,V,2026,yes,SUV,4,7,AWD,Gas,168000.0,2895.0,170895.0,11.0,17.0,13.0,312.0,5.0,,44.5,41.8,34.9,42.3,38.9,38.0,yes,25.5,121.0,7200.0,1300.0,2.5,682.0,653.0,4.3,,4.0,4,50000,6,70000,55.0,https://www.edmunds.com/cadillac/escalade/2026/v/features-specs/,NHTSA,24.0,model-specific,,,100.0,92.29445620845704,76.40526917676763,51.108870967741936,58.33333333333333,83.33333333333333,69.16563018242122,62.36979166666667,93.40277777777777,74.92906459850563
Cadillac,Escalade ESV,Base,2026,no,SUV,4,7,RWD,Gas,94100.0,2895.0,96995.0,14.0,18.0,16.0,448.0,5.0,,44.5,41.8,36.7,42.3,38.9,38.0,yes,41.5,142.2,7300.0,1500.0,2.5,420.0,460.0,,,4.0,4,50000,6,70000,57.8,https://www.edmunds.com/cadillac/escalade-esv/2026/features-specs/,NHTSA,28.0,model-specific,,,100.0,92.96888637256723,98.5253649049372,68.7659168081494,58.33333333333333,83.33333333333333,84.48486733001658,60.546875,50.0,80.41769128913269
Cadillac,Escalade ESV,Base,2026,no,SUV,4,7,4WD,Gas,97100.0,2895.0,99995.0,14.0,18.0,16.0,448.0,5.0,,44.5,41.8,36.7,42.3,38.9,38.0,yes,41.5,142.2,7300.0,1500.0,2.5,420.0,460.0,6.0,,4.0,4,50000,6,70000,57.8,https://www.edmunds.com/cadillac/escalade-esv/2026/features-specs/,NHTSA,28.0,model-specific,,,100.0,92.96888637256723,98.5253649049372,68.7659168081494,58.33333333333333,83.33333333333333,83.8629767827529,60.546875,62.5,80.41769128913269
Cadillac,Escalade ESV,Luxury,2026,no,SUV,4,7,RWD,Gas,105100.0,2895.0,107995.0,14.0,18.0,16.0,448.0,5.0,,44.5,41.8,36.7,42.3,38.9,38.0,yes,41.5,142.2,7300.0,1500.0,2.5,420.0,460.0,,,4.0,4,50000,6,70000,57.8,https://www.edmunds.com/cadillac/escalade-esv/2026/luxury/features-specs/,NHTSA,28.0,model-specific,,,100.0,92.96888637256723,98.5253649049372,68.7659168081494,58.33333333333333,83.33333333333333,82.20460199004975,60.546875,50.0,80.41769128913269
Cadillac,Escalade ESV,Luxury,2026,no,SUV,4,7,4WD,Gas,108100.0,2895.0,110995.0,14.0,18.0,16.0,448.0,5.0,,44.5,41.8,36.7,42.3,38.9,38.0,yes,41.5,142.2,7300.0,1500.0,2.5,420.0,460.0,6.0,,4.0,4,50000,6,70000,57.8,https://www.edmunds.com/cadillac/escalade-esv/2026/luxury/features-specs/,NHTSA,28.0,model-specific,,,100.0,92.96888637256723,98.5253649049372,68.7659168081494,58.33333333333333,83.33333333333333,81.58271144278606,60.546875,62.5,80.41769128913269
Cadillac,Escalade ESV,Sport,2026,no,SUV,4,7,RWD,Gas,105700.0,2895.0,108595.0,14.0,18.0,16.0,448.0,5.0,,44.5,41.8,36.7,42.3,38.9,38.0,yes,41.5,142.2,7300.0,1500.0,2.5,420.0,460.0,,,4.0,4,50000,6,70000,57.8,https://www.edmunds.com/cadillac/escalade-esv/2026/sport/features-specs/,NHTSA,28.0,model-specific,,,100.0,92.96888637256723,98.5253649049372,68.7659168081494,58.33333333333333,83.33333333333333,82.08022388059702,60.546875,50.0,80.41769128913269
Cadillac,Escalade ESV,Sport,2026,no,SUV,4,7,4WD,Gas,108700.0,2895.0,111595.0,14.0,18.0,16.0,448.0,5.0,,44.5,41.8,36.7,42.3,38.9,38.0,yes,41.5,142.2,7300.0,1500.0,2.5,420.0,460.0,6.0,,4.0,4,50000,6,70000,57.8,https://www.edmunds.com/cadillac/escalade-esv/2026/sport/features-specs/,NHTSA,28.0,model-specific,,,100.0,92.96888637256723,98.5253649049372,68.7659168081494,58.33333333333333,83.33333333333333,81.45833333333333,60.546875,62.5,80.41769128913269
Cadillac,Escalade ESV,Platinum Luxury,2026,no,SUV,4,7,RWD,Gas,122900.0,2895.0,125795.0,14.0,18.0,16.0,448.0,5.0,,44.5,41.8,36.7,42.3,38.9,38.0,yes,41.5,142.2,7300.0,1500.0,2.5,420.0,460.0,,,4.0,4,50000,6,70000,57.8,https://www.edmunds.com/cadillac/escalade-esv/2026/platinum-luxury/features-specs/,NHTSA,28.0,model-specific,,,100.0,92.96888637256723,98.5253649049372,68.7659168081494,58.33333333333333,83.33333333333333,78.51471807628523,60.546875,50.0,80.41769128913269
Cadillac,Escalade ESV,Platinum Luxury,2026,no,SUV,4,7,4WD,Gas,125900.0,2895.0,128795.0,14.0,18.0,16.0,448.0,5.0,,44.5,41.8,36.7,42.3,38.9,38.0,yes,41.5,142.2,7300.0,1500.0,2.5,420.0,460.0,6.0,,4.0,4,50000,6,70000,57.8,https://www.edmunds.com/cadillac/escalade-esv/2026/platinum-luxury/features-specs/,NHTSA,28.0,model-specific,,,100.0,92.96888637256723,98.5253649049372,68.7659168081494,58.33333333333333,83.33333333333333,77.89282752902156,60.546875,62.5,80.41769128913269
Cadillac,Escalade ESV,Platinum Sport,2026,no,SUV,4,7,RWD,Gas,123400.0,2895.0,126295.0,14.0,18.0,16.0,448.0,5.0,,44.5,41.8,36.7,42.3,38.9,38.0,yes,41.5,142.2,7300.0,1500.0,2.5,420.0,460.0,,,4.0,4,50000,6,70000,57.8,https://www.edmunds.com/cadillac/escalade-esv/2026/platinum-sport/features-specs/,NHTSA,28.0,model-specific,,,100.0,92.96888637256723,98.5253649049372,68.7659168081494,58.33333333333333,83.33333333333333,78.41106965174129,60.546875,50.0,80.41769128913269
Cadillac,Escalade ESV,Platinum Sport,2026,no,SUV,4,7,4WD,Gas,126400.0,2895.0,129295.0,14.0,18.0,16.0,448.0,5.0,,44.5,41.8,36.7,42.3,38.9,38.0,yes,41.5,142.2,7300.0,1500.0,2.5,420.0,460.0,6.0,,4.0,4,50000,6,70000,57.8,https://www.edmunds.com/cadillac/escalade-esv/2026/platinum-sport/features-specs/,NHTSA,28.0,model-specific,,,100.0,92.96888637256723,98.5253649049372,68.7659168081494,58.33333333333333,83.33333333333333,77.78917910447761,60.546875,62.5,80.41769128913269
Cadillac,Escalade ESV,V,2026,yes,SUV,4,7,AWD,Gas,171000.0,2895.0,173895.0,11.0,17.0,13.0,364.0,5.0,,44.5,41.8,36.7,42.3,38.9,38.0,yes,41.5,142.2,7000.0,1140.0,2.5,682.0,653.0,4.3,,4.0,4,50000,6,70000,57.8,https://www.edmunds.com/cadillac/escalade-esv/2026/v/features-specs/,NHTSA,28.0,model-specific,,,100.0,92.96888637256723,98.5253649049372,56.350806451612904,58.33333333333333,83.33333333333333,68.54373963515755,60.546875,93.40277777777777,70.19412654875626
Cadillac,Escalade IQ,Luxury,2026,no,SUV,4,7,AWD,EV,127405.0,2895.0,130300.0,,,,460.0,,,45.2,41.3,32.3,43.5,39.9,37.0,yes,23.6,119.1,8000.0,,,750.0,785.0,4.7,,4.0,4,50000,6,70000,71.5,https://www.edmunds.com/cadillac/escalade-iq/2026/luxury/features-specs/,,,model-specific,,,50.0,95.1347299147285,73.8626586841006,100.0,50.0,83.33333333333333,77.58084577114428,51.627604166666664,67.01388888888889,91.28440366972478
Cadillac,Escalade IQ,Sport,2026,no,SUV,4,7,AWD,EV,127905.0,2895.0,130800.0,,,,460.0,,,45.2,41.3,32.3,43.5,39.9,37.0,yes,23.6,119.1,8000.0,,,750.0,785.0,4.7,,4.0,4,50000,6,70000,71.5,https://www.edmunds.com/cadillac/escalade-iq/2026/sport/features-specs/,,,model-specific,,,50.0,95.1347299147285,73.8626586841006,100.0,50.0,83.33333333333333,77.47719734660033,51.627604166666664,67.01388888888889,91.28440366972478
Cadillac,Escalade IQ,Premium Luxury,2026,no,SUV,4,7,AWD,EV,147705.0,2895.0,150600.0,,,,460.0,,,45.2,41.3,32.3,43.5,39.9,37.0,yes,23.6,119.1,8000.0,,,750.0,785.0,4.7,,4.0,4,50000,6,70000,71.5,https://www.edmunds.com/cadillac/escalade-iq/2026/premium-luxury/features-specs/,,,model-specific,,,50.0,95.1347299147285,73.8626586841006,100.0,50.0,83.33333333333333,73.37271973466004,51.627604166666664,67.01388888888889,91.28440366972478
Cadillac,Escalade IQ,Premium Sport,2026,no,SUV,4,7,AWD,EV,148205.0,2895.0,151100.0,,,,460.0,,,45.2,41.3,32.3,43.5,39.9,37.0,yes,23.6,119.1,8000.0,,,750.0,785.0,4.7,,4.0,4,50000,6,70000,71.5,https://www.edmunds.com/cadillac/escalade-iq/2026/premium-sport/features-specs/,,,model-specific,,,50.0,95.1347299147285,73.8626586841006,100.0,50.0,83.33333333333333,73.26907131011609,51.627604166666664,67.01388888888889,91.28440366972478
Cadillac,Escalade IQL,Luxury,2026,no,SUV,4,7,AWD,EV,130405.0,2895.0,133300.0,,,,460.0,,,45.2,41.4,36.7,43.5,40.6,38.0,yes,24.2,125.2,7500.0,,,750.0,785.0,4.7,,4.0,4,50000,6,70000,71.5,https://www.edmunds.com/cadillac/escalade-iql/2026/luxury/features-specs/,,,model-specific,,,50.0,100.0,75.41511027739963,100.0,50.0,83.33333333333333,76.9589552238806,51.627604166666664,67.01388888888889,88.41743119266056
Cadillac,Escalade IQL,Sport,2026,no,SUV,4,7,AWD,EV,130905.0,2895.0,133800.0,,,,460.0,,,45.2,41.4,36.7,43.5,40.6,38.0,yes,24.2,125.2,7500.0,,,750.0,785.0,4.7,,4.0,4,50000,6,70000,71.5,https://www.edmunds.com/cadillac/escalade-iql/2026/sport/features-specs/,,,model-specific,,,50.0,100.0,75.41511027739963,100.0,50.0,83.33333333333333,76.85530679933665,51.627604166666664,67.01388888888889,88.41743119266056
Cadillac,Escalade IQL,Premium Luxury,2026,no,SUV,4,7,AWD,EV,150705.0,2895.0,153600.0,,,,460.0,,,45.2,41.4,36.7,43.5,40.6,38.0,yes,24.2,125.2,7500.0,,,750.0,785.0,4.7,,4.0,4,50000,6,70000,71.5,https://www.edmunds.com/cadillac/escalade-iql/2026/premium-luxury/features-specs/,,,model-specific,,,50.0,100.0,75.41511027739963,100.0,50.0,83.33333333333333,72.75082918739635,51.627604166666664,67.01388888888889,88.41743119266056
Cadillac,Escalade IQL,Premium Sport,2026,no,SUV,4,7,AWD,EV,151205.0,2895.0,154100.0,,,,460.0,,,45.2,41.4,36.7,43.5,40.6,38.0,yes,24.2,125.2,7500.0,,,750.0,785.0,4.7,,4.0,4,50000,6,70000,71.5,https://www.edmunds.com/cadillac/escalade-iql/2026/premium-sport/features-specs/,,,model-specific,,,50.0,100.0,75.41511027739963,100.0,50.0,83.33333333333333,72.6471807628524,51.627604166666664,67.01388888888889,88.41743119266056
Cadillac,Lyriq,Luxury,2026,no,SUV,4,5,RWD,EV,59200.0,1795.0,60995.0,100.0,83.0,92.0,326.0,5.0,,44.3,39.6,,38.6,37.7,,no,28.0,60.8,3500.0,,,340.0,325.0,5.7,,3.0,4,50000,6,70000,69.6,https://www.edmunds.com/cadillac/lyriq/2026/st-402053727/features-specs/,NHTSA,,model-specific,,,100.0,77.0253125187611,71.20625890869033,73.7432915921288,50.0,75.0,91.94755389718077,52.864583333333336,63.541666666666664,65.48165137614679
Cadillac,Lyriq,Sport,2026,no,SUV,4,5,RWD,EV,59700.0,1795.0,61495.0,100.0,83.0,92.0,326.0,5.0,,44.3,39.6,,38.6,37.7,,no,28.0,60.8,3500.0,,,340.0,325.0,5.7,,3.0,4,50000,6,70000,69.6,https://www.edmunds.com/cadillac/lyriq/2026/features-specs/,NHTSA,,model-specific,,,100.0,77.0253125187611,71.20625890869033,73.7432915921288,50.0,75.0,91.84390547263682,52.864583333333336,63.541666666666664,65.48165137614679
Cadillac,Lyriq,Premium Luxury,2026,no,SUV,4,5,RWD,EV,63200.0,1795.0,64995.0,100.0,83.0,92.0,326.0,5.0,,44.3,39.6,,38.6,37.7,,no,28.0,60.8,3500.0,,,340.0,325.0,5.7,,3.0,4,50000,6,70000,69.6,https://www.edmunds.com/cadillac/lyriq/2026/st-402072901/features-specs/,NHTSA,,model-specific,,,100.0,77.0253125187611,71.20625890869033,73.7432915921288,50.0,75.0,91.11836650082918,52.864583333333336,63.541666666666664,65.48165137614679
Cadillac,Lyriq,Premium Sport,2026,no,SUV,4,5,RWD,EV,63700.0,1795.0,65495.0,100.0,83.0,92.0,326.0,5.0,,44.3,39.6,,38.6,37.7,,no,28.0,60.8,3500.0,,,340.0,325.0,5.7,,3.0,4,50000,6,70000,69.6,https://www.edmunds.com/cadillac/lyriq/2026/st-402072899/features-specs/,NHTSA,,model-specific,,,100.0,77.0253125187611,71.20625890869033,73.7432915921288,50.0,75.0,91.01471807628525,52.864583333333336,63.541666666666664,65.48165137614679
Cadillac,Lyriq,Signature Luxury,2026,no,SUV,4,5,RWD,EV,67800.0,1795.0,69595.0,100.0,83.0,92.0,326.0,5.0,,44.3,39.6,,38.6,37.7,,no,28.0,60.8,3500.0,,,340.0,325.0,5.7,,3.0,4,50000,6,70000,69.6,https://www.edmunds.com/cadillac/lyriq/2026/st-402072902/features-specs/,NHTSA,,model-specific,,,100.0,77.0253125187611,71.20625890869033,73.7432915921288,50.0,75.0,90.16480099502488,52.864583333333336,63.541666666666664,65.48165137614679
Cadillac,Lyriq,Signature Sport,2026,no,SUV,4,5,RWD,EV,68300.0,1795.0,70095.0,100.0,83.0,92.0,326.0,5.0,,44.3,39.6,,38.6,37.7,,no,28.0,60.8,3500.0,,,340.0,325.0,5.7,,3.0,4,50000,6,70000,69.6,https://www.edmunds.com/cadillac/lyriq/2026/features-specs/,NHTSA,,model-specific,,,100.0,77.0253125187611,71.20625890869033,73.7432915921288,50.0,75.0,90.06115257048093,52.864583333333336,63.541666666666664,65.48165137614679
Cadillac,Lyriq,V,2026,yes,SUV,4,5,AWD,EV,78595.0,1795.0,80390.0,87.0,72.0,80.0,285.0,5.0,,44.3,39.6,,38.6,37.7,,no,28.0,60.8,3500.0,,,615.0,650.0,3.3,,3.0,4,50000,6,70000,69.6,https://www.edmunds.com/cadillac/lyriq/2026/v/features-specs/,NHTSA,,model-specific,,,100.0,77.0253125187611,71.20625890869033,66.31261180679786,50.0,75.0,87.92703150912106,52.864583333333336,96.875,65.48165137614679
Cadillac,Lyriq,V Premium,2026,yes,SUV,4,5,AWD,EV,83795.0,1795.0,85590.0,87.0,72.0,80.0,285.0,5.0,,44.3,39.6,,38.6,37.7,,no,28.0,60.8,3500.0,,,615.0,650.0,3.3,,3.0,4,50000,6,70000,69.6,https://www.edmunds.com/cadillac/lyriq/2026/v-premium/st-402072905/features-specs/,NHTSA,,model-specific,,,100.0,77.0253125187611,71.20625890869033,66.31261180679786,50.0,75.0,86.84908789386401,52.864583333333336,96.875,65.48165137614679
Cadillac,Vistiq,Luxury,2026,no,SUV,4,7,AWD,EV,77395.0,1995.0,79390.0,93.0,78.0,86.0,305.0,,,43.1,40.2,30.6,40.9,39.0,40.0,yes,15.2,80.2,5000.0,,,615.0,650.0,3.7,,3.0,4,50000,6,70000,69.6,https://www.edmunds.com/cadillac/vistiq/2026/st-402019394/features-specs/,,,model-specific,,,50.0,86.94810072157588,58.46520389203468,69.9798747763864,50.0,75.0,88.13432835820896,52.864583333333336,70.48611111111111,74.08256880733944
Cadillac,Vistiq,Sport,2026,no,SUV,4,7,AWD,EV,77895.0,1995.0,79890.0,93.0,78.0,86.0,305.0,,,43.1,40.2,30.6,40.9,39.0,40.0,yes,15.2,80.2,5000.0,,,615.0,650.0,3.7,,3.0,4,50000,6,70000,69.6,https://www.edmunds.com/cadillac/vistiq/2026/st-402070708/features-specs/,,,model-specific,,,50.0,86.94810072157588,58.46520389203468,69.9798747763864,50.0,75.0,88.030679933665,52.864583333333336,70.48611111111111,74.08256880733944
Cadillac,Vistiq,Premium Luxury,2026,no,SUV,4,7,AWD,EV,91895.0,1995.0,93890.0,93.0,78.0,86.0,305.0,,,43.1,40.2,30.6,40.9,39.0,40.0,yes,15.2,80.2,5000.0,,,615.0,650.0,3.7,,3.0,4,50000,6,70000,69.6,https://www.edmunds.com/cadillac/vistiq/2026/st-402070707/features-specs/,,,model-specific,,,50.0,86.94810072157588,58.46520389203468,69.9798747763864,50.0,75.0,85.12852404643449,52.864583333333336,70.48611111111111,74.08256880733944
Cadillac,Vistiq,Platinum,2026,no,SUV,4,7,AWD,EV,96495.0,1995.0,98490.0,93.0,78.0,86.0,305.0,,,43.1,40.2,30.6,40.9,39.0,40.0,yes,15.2,80.2,5000.0,,,615.0,650.0,3.7,,3.0,4,50000,6,70000,69.6,https://www.edmunds.com/cadillac/vistiq/2026/st-402070706/features-specs/,,,model-specific,,,50.0,86.94810072157588,58.46520389203468,69.9798747763864,50.0,75.0,84.17495854063019,52.864583333333336,70.48611111111111,74.08256880733944
Cadillac,Optiq,Luxury,2026,no,SUV,4,5,RWD,EV,50900.0,1795.0,52695.0,117.0,93.0,105.0,317.0,,,41.6,37.8,,39.6,38.7,,no,26.0,57.0,1500.0,,,315.0,332.0,,,2.0,4,50000,6,70000,65.9,https://www.edmunds.com/cadillac/optiq/2026/features-specs/,,,model-specific,,,50.0,74.21996063238237,68.2845287138253,76.65697674418604,50.0,66.66666666666666,93.66811774461027,55.2734375,50.0,54.01376146788991
Cadillac,Optiq,Sport,2026,no,SUV,4,5,RWD,EV,51500.0,1795.0,53295.0,117.0,93.0,105.0,317.0,,,41.6,37.8,,39.6,38.7,,no,26.0,57.0,1500.0,,,315.0,332.0,,,2.0,4,50000,6,70000,65.9,https://www.edmunds.com/cadillac/optiq/2026/features-specs/,,,model-specific,,,50.0,74.21996063238237,68.2845287138253,76.65697674418604,50.0,66.66666666666666,93.54373963515755,55.2734375,50.0,54.01376146788991
Cadillac,Optiq,Premium Luxury,2026,no,SUV,4,5,RWD,EV,53100.0,1795.0,54895.0,117.0,93.0,105.0,317.0,,,41.6,37.8,,39.6,38.7,,no,26.0,57.0,1500.0,,,315.0,332.0,,,2.0,4,50000,6,70000,65.9,https://www.edmunds.com/cadillac/optiq/2026/st-402077655/features-specs/,,,model-specific,,,50.0,74.21996063238237,68.2845287138253,76.65697674418604,50.0,66.66666666666666,93.21206467661692,55.2734375,50.0,54.01376146788991
Cadillac,Optiq,Premium Sport,2026,no,SUV,4,5,RWD,EV,53600.0,1795.0,55395.0,117.0,93.0,105.0,317.0,,,41.6,37.8,,39.6,38.7,,no,26.0,57.0,1500.0,,,315.0,332.0,,,2.0,4,50000,6,70000,65.9,https://www.edmunds.com/cadillac/optiq/2026/st-402077658/features-specs/,,,model-specific,,,50.0,74.21996063238237,68.2845287138253,76.65697674418604,50.0,66.66666666666666,93.10841625207297,55.2734375,50.0,54.01376146788991
Cadillac,Optiq,V,2026,yes,SUV,4,5,AWD,EV,67300.0,1795.0,69095.0,103.0,81.0,92.0,317.0,,,41.6,37.8,,39.6,38.7,,no,26.0,57.0,1500.0,,,519.0,650.0,3.5,,2.0,4,50000,6,70000,65.9,https://www.edmunds.com/cadillac/optiq/2026/v/features-specs/,,,model-specific,,,50.0,74.21996063238237,68.2845287138253,72.87790697674419,50.0,66.66666666666666,90.26844941956882,55.2734375,96.18055555555556,54.01376146788991
Lincoln,Corsair,Premiere,2026,no,SUV,4,5,FWD,Gas,39985.0,,39985.0,22.0,30.0,25.0,405.0,5.0,,43.2,38.6,,39.5,38.7,,no,27.6,57.6,3000.0,,3.0,250.0,275.0,6.1,,0.0,4,50000,6,70000,46.0,https://www.edmunds.com/lincoln/corsair/2026/features-specs/,NHTSA,,model-specific,,,100.0,78.6135449728788,70.28939767112692,76.27334465195247,66.66666666666666,50.0,96.30286069651741,68.22916666666667,62.15277777777778,62.61467889908257
Lincoln,Corsair,Premiere,2026,no,SUV,4,5,AWD,Gas,42285.0,,42285.0,,,,,5.0,,43.2,38.6,,39.5,38.7,,no,27.6,57.6,3000.0,,3.0,250.0,275.0,6.1,,0.0,4,50000,6,70000,46.0,https://www.edmunds.com/lincoln/corsair/2026/features-specs/,NHTSA,16.2,model-specific,,,100.0,78.6135449728788,70.28939767112692,50.0,66.66666666666666,50.0,95.82607794361525,68.22916666666667,62.15277777777778,62.61467889908257
Lincoln,Corsair,Reserve,2026,no,SUV,4,5,FWD,Gas,47640.0,,47640.0,22.0,30.0,25.0,405.0,5.0,,43.2,38.6,,39.5,38.7,,no,27.6,57.6,3000.0,,3.0,250.0,275.0,6.1,,0.0,4,50000,6,70000,46.0,https://www.edmunds.com/lincoln/corsair/2026/features-specs/,NHTSA,,model-specific,,,100.0,78.6135449728788,70.28939767112692,76.27334465195247,66.66666666666666,50.0,94.71600331674958,68.22916666666667,62.15277777777778,62.61467889908257
Lincoln,Corsair,Reserve,2026,no,SUV,4,5,AWD,Gas,49940.0,,49940.0,,,,,5.0,,43.2,38.6,,39.5,38.7,,no,27.6,57.6,3000.0,,3.0,250.0,275.0,6.1,,0.0,4,50000,6,70000,46.0,https://www.edmunds.com/lincoln/corsair/2026/features-specs/,NHTSA,16.2,model-specific,,,100.0,78.6135449728788,70.28939767112692,50.0,66.66666666666666,50.0,94.23922056384743,68.22916666666667,62.15277777777778,62.61467889908257
Lincoln,Corsair,Grand Touring,2026,no,SUV,4,5,AWD,PHEV,54365.0,,54365.0,,,,,5.0,,43.2,38.6,,39.5,38.7,,no,27.6,56.2,3000.0,,3.0,266.0,,6.2,,1.0,4,50000,6,70000,46.0,https://www.edmunds.com/lincoln/corsair/2026/features-specs/,NHTSA,,model-specific,,,100.0,78.6135449728788,70.09861026209964,50.0,66.66666666666666,58.33333333333333,93.3219320066335,68.22916666666667,61.80555555555556,62.61467889908257
Lincoln,Nautilus,Premiere,2026,no,SUV,4,5,AWD,Gas,53995.0,2295.0,56290.0,21.0,29.0,24.0,480.0,5.0,,43.5,43.1,,39.6,39.8,,no,36.4,71.3,1750.0,,3.0,250.0,280.0,7.3,126.0,3.0,4,50000,6,70000,55.0,https://www.edmunds.com/lincoln/nautilus/2026/features-specs/,NHTSA,,model-specific,,,100.0,90.4888881734823,82.73345483191707,82.518039049236,66.66666666666666,75.0,92.92288557213931,62.36979166666667,57.986111111111114,55.44724770642202
Lincoln,Nautilus,Premiere,2026,no,SUV,4,5,AWD,Hybrid,56995.0,2295.0,59290.0,,,30.0,,5.0,,43.5,43.1,,39.6,39.8,,no,36.4,71.3,,,3.0,310.0,295.0,6.6,126.0,3.0,4,50000,6,70000,55.0,https://www.edmunds.com/lincoln/nautilus/2026/features-specs/,NHTSA,,model-specific,,,100.0,90.4888881734823,82.73345483191707,65.15151515151516,66.66666666666666,75.0,92.30099502487562,62.36979166666667,60.41666666666667,50.0
Lincoln,Nautilus,Reserve,2026,no,SUV,4,5,AWD,Gas,63595.0,2295.0,65890.0,21.0,29.0,24.0,480.0,5.0,,43.5,43.1,,39.6,39.8,,no,36.4,71.3,1750.0,,3.0,250.0,280.0,7.3,126.0,3.0,4,50000,6,70000,55.0,https://www.edmunds.com/lincoln/nautilus/2026/features-specs/,NHTSA,,model-specific,,,100.0,90.4888881734823,82.73345483191707,82.518039049236,66.66666666666666,75.0,90.93283582089552,62.36979166666667,57.986111111111114,55.44724770642202
Lincoln,Nautilus,Reserve,2026,no,SUV,4,5,AWD,Hybrid,66595.0,2295.0,68890.0,,,30.0,,5.0,,43.5,43.1,,39.6,39.8,,no,36.4,71.3,,,3.0,310.0,295.0,6.6,126.0,3.0,4,50000,6,70000,55.0,https://www.edmunds.com/lincoln/nautilus/2026/features-specs/,NHTSA,,model-specific,,,100.0,90.4888881734823,82.73345483191707,65.15151515151516,66.66666666666666,75.0,90.31094527363184,62.36979166666667,60.41666666666667,50.0
Lincoln,Nautilus,Black Label,2026,no,SUV,4,5,AWD,Gas,77660.0,2295.0,79955.0,21.0,29.0,24.0,480.0,5.0,,43.5,43.1,,39.6,39.8,,no,36.4,71.3,1750.0,,3.0,250.0,280.0,7.3,126.0,3.0,4,50000,6,70000,55.0,https://www.edmunds.com/lincoln/nautilus/2026/features-specs/,NHTSA,,model-specific,,,100.0,90.4888881734823,82.73345483191707,82.518039049236,66.66666666666666,75.0,88.0172056384743,62.36979166666667,57.986111111111114,55.44724770642202
Lincoln,Nautilus,Black Label,2026,no,SUV,4,5,AWD,Hybrid,80660.0,2295.0,82955.0,,,30.0,,5.0,,43.5,43.1,,39.6,39.8,,no,36.4,71.3,,,3.0,310.0,295.0,6.6,126.0,3.0,4,50000,6,70000,55.0,https://www.edmunds.com/lincoln/nautilus/2026/features-specs/,NHTSA,,model-specific,,,100.0,90.4888881734823,82.73345483191707,65.15151515151516,66.66666666666666,75.0,87.39531509121062,62.36979166666667,60.41666666666667,50.0
Lincoln,Aviator,Premiere,2026,no,SUV,4,6,RWD,Gas,56910.0,,56910.0,17.0,25.0,20.0,404.0,5.0,140.6,43.0,40.2,29.0,40.2,38.4,37.0,yes,19.2,78.6,5000.0,,3.0,400.0,415.0,5.6,145.0,3.0,4,50000,6,70000,58.0,https://www.edmunds.com/lincoln/aviator/2026/features-specs/,NHTSA,,model-specific,,,100.0,79.41164558033108,63.05491845101403,69.5935908319185,66.66666666666666,75.0,92.7943615257048,60.41666666666667,63.888888888888886,74.08256880733944
Lincoln,Aviator,Premiere,2026,no,SUV,4,6,AWD,Gas,59410.0,,59410.0,17.0,25.0,20.0,404.0,5.0,140.6,43.0,40.2,29.0,40.2,38.4,37.0,yes,19.2,78.6,5000.0,,3.0,400.0,415.0,5.6,145.0,3.0,4,50000,6,70000,58.0,https://www.edmunds.com/lincoln/aviator/2026/features-specs/,NHTSA,,model-specific,,,100.0,79.41164558033108,63.05491845101403,69.5935908319185,66.66666666666666,75.0,92.27611940298507,60.41666666666667,63.888888888888886,74.08256880733944
Lincoln,Aviator,Reserve,2026,no,SUV,4,6,RWD,Gas,66730.0,,66730.0,17.0,25.0,20.0,404.0,5.0,140.6,43.0,40.2,29.0,40.2,38.4,37.0,yes,19.2,78.6,5000.0,,3.0,400.0,415.0,5.6,145.0,3.0,4,50000,6,70000,58.0,https://www.edmunds.com/lincoln/aviator/2026/features-specs/,NHTSA,,model-specific,,,100.0,79.41164558033108,63.05491845101403,69.5935908319185,66.66666666666666,75.0,90.7587064676617,60.41666666666667,63.888888888888886,74.08256880733944
Lincoln,Aviator,Reserve,2026,no,SUV,4,6,AWD,Gas,69230.0,,69230.0,17.0,25.0,20.0,404.0,5.0,140.6,43.0,40.2,29.0,40.2,38.4,37.0,yes,19.2,78.6,5000.0,,3.0,400.0,415.0,5.6,145.0,3.0,4,50000,6,70000,58.0,https://www.edmunds.com/lincoln/aviator/2026/features-specs/,NHTSA,,model-specific,,,100.0,79.41164558033108,63.05491845101403,69.5935908319185,66.66666666666666,75.0,90.24046434494196,60.41666666666667,63.888888888888886,74.08256880733944
Lincoln,Aviator,Black Label,2026,no,SUV,4,6,AWD,Gas,85910.0,,85910.0,17.0,25.0,20.0,404.0,5.0,140.6,43.0,40.2,29.0,40.2,38.4,37.0,yes,19.2,78.6,5000.0,,3.0,400.0,415.0,5.6,145.0,3.0,4,50000,6,70000,58.0,https://www.edmunds.com/lincoln/aviator/2026/features-specs/,NHTSA,,model-specific,,,100.0,79.41164558033108,63.05491845101403,69.5935908319185,66.66666666666666,75.0,86.78275290215589,60.41666666666667,63.888888888888886,74.08256880733944
Lincoln,Navigator,Premiere,2026,no,SUV,4,7,4WD,Gas,91995.0,,91995.0,15.0,22.0,17.0,401.0,5.0,195.0,43.5,42.0,44.0,38.3,37.9,37.0,yes,22.9,107.0,8700.0,,3.0,432.0,510.0,5.2,115.0,3.0,4,50000,6,70000,60.0,https://www.edmunds.com/lincoln/navigator/2026/features-specs/,NHTSA,,model-specific,,,100.0,83.33460684324753,71.37235283359509,65.34380305602717,66.66666666666666,75.0,85.52135157545605,59.114583333333336,65.27777777777777,95.29816513761467
Lincoln,Navigator L,Premiere,2026,no,SUV,4,7,4WD,Gas,94995.0,,94995.0,15.0,22.0,17.0,401.0,5.0,195.0,43.5,42.0,44.0,38.3,37.9,37.0,yes,22.9,107.0,8700.0,,3.0,432.0,510.0,5.2,115.0,3.0,4,50000,6,70000,60.0,https://www.edmunds.com/lincoln/navigator/2026/features-specs/,NHTSA,,model-specific,,,100.0,83.33460684324753,71.37235283359509,65.34380305602717,66.66666666666666,75.0,84.89946102819238,59.114583333333336,65.27777777777777,95.29816513761467
Lincoln,Navigator,Reserve,2026,no,SUV,4,7,4WD,Gas,101995.0,,101995.0,15.0,22.0,17.0,401.0,5.0,195.0,43.5,42.0,44.0,38.3,37.9,37.0,yes,22.9,107.0,8700.0,,3.0,432.0,510.0,5.2,115.0,3.0,4,50000,6,70000,60.0,https://www.edmunds.com/lincoln/navigator/2026/features-specs/,NHTSA,,model-specific,,,100.0,83.33460684324753,71.37235283359509,65.34380305602717,66.66666666666666,75.0,83.44838308457712,59.114583333333336,65.27777777777777,95.29816513761467
Lincoln,Navigator L,Reserve,2026,no,SUV,4,7,4WD,Gas,104995.0,,104995.0,15.0,22.0,17.0,401.0,5.0,195.0,43.5,42.0,44.0,38.3,37.9,37.0,yes,22.9,107.0,8700.0,,3.0,432.0,510.0,5.2,115.0,3.0,4,50000,6,70000,60.0,https://www.edmunds.com/lincoln/navigator/2026/features-specs/,NHTSA,,model-specific,,,100.0,83.33460684324753,71.37235283359509,65.34380305602717,66.66666666666666,75.0,82.82649253731344,59.114583333333336,65.27777777777777,95.29816513761467
Lincoln,Navigator,Black Label,2026,no,SUV,4,7,4WD,Gas,119525.0,,119525.0,15.0,22.0,17.0,401.0,5.0,195.0,43.5,42.0,44.0,38.3,37.9,37.0,yes,22.9,107.0,8700.0,,3.0,432.0,510.0,5.2,115.0,3.0,4,50000,6,70000,60.0,https://www.edmunds.com/lincoln/navigator/2026/features-specs/,NHTSA,,model-specific,,,100.0,83.33460684324753,71.37235283359509,65.34380305602717,66.66666666666666,75.0,79.81446932006634,59.114583333333336,65.27777777777777,95.29816513761467
Lincoln,Navigator L,Black Label,2026,no,SUV,4,7,4WD,Gas,122525.0,,122525.0,15.0,22.0,17.0,401.0,5.0,195.0,43.5,42.0,44.0,38.3,37.9,37.0,yes,22.9,107.0,8700.0,,3.0,432.0,510.0,5.2,115.0,3.0,4,50000,6,70000,60.0,https://www.edmunds.com/lincoln/navigator/2026/features-specs/,NHTSA,,model-specific,,,100.0,83.33460684324753,71.37235283359509,65.34380305602717,66.66666666666666,75.0,79.19257877280265,59.114583333333336,65.27777777777777,95.29816513761467
Infiniti,QX60,Pure FWD,2026,no,SUV,4,7,FWD,Gas,51590.0,1350.0,52940.0,,,24.0,444.0,5.0,,42.1,37.7,28.0,41.0,37.5,36.0,yes,14.5,75.4,6000.0,,3.5,268.0,286.0,7.8,,4.0,4,60000,6,70000,63.0,https://www.edmunds.com/infiniti/qx60/2026/,NHTSA,18.5,model-specific,,,100.0,72.42221317156645,56.96971810288572,78.88900679117148,75.0,83.33333333333333,93.61733001658375,57.161458333333336,56.25,79.81651376146789
Infiniti,QX60,Pure AWD,2026,no,SUV,4,7,AWD,Gas,53690.0,1350.0,55040.0,22.0,27.0,24.0,444.0,5.0,,42.1,37.7,28.0,41.0,37.5,36.0,yes,14.5,75.4,6000.0,,3.5,268.0,286.0,7.8,,4.0,4,60000,6,70000,63.0,https://www.edmunds.com/infiniti/qx60/2026/,NHTSA,18.5,model-specific,,,100.0,72.42221317156645,56.96971810288572,78.88900679117148,75.0,83.33333333333333,93.18200663349917,57.161458333333336,56.25,79.81651376146789
Infiniti,QX60,Luxe FWD,2026,no,SUV,4,7,FWD,Gas,56990.0,1350.0,58340.0,,,24.0,444.0,5.0,,42.1,37.7,28.0,41.0,37.5,36.0,yes,14.5,75.4,6000.0,,3.5,268.0,286.0,7.8,,4.0,4,60000,6,70000,63.0,https://www.edmunds.com/infiniti/qx60/2026/,NHTSA,18.5,model-specific,,,100.0,72.42221317156645,56.96971810288572,78.88900679117148,75.0,83.33333333333333,92.49792703150912,57.161458333333336,56.25,79.81651376146789
Infiniti,QX60,Luxe AWD,2026,no,SUV,4,7,AWD,Gas,59090.0,1350.0,60440.0,22.0,27.0,24.0,444.0,5.0,,42.1,37.7,28.0,41.0,37.5,36.0,yes,14.5,75.4,6000.0,,3.5,268.0,286.0,7.8,,4.0,4,60000,6,70000,63.0,https://www.edmunds.com/infiniti/qx60/2026/,NHTSA,18.5,model-specific,,,100.0,72.42221317156645,56.96971810288572,78.88900679117148,75.0,83.33333333333333,92.06260364842456,57.161458333333336,56.25,79.81651376146789
Infiniti,QX60,Sport AWD,2026,no,SUV,4,7,AWD,Gas,62190.0,1350.0,63540.0,,,24.0,444.0,5.0,,42.1,37.7,28.0,41.0,37.5,36.0,yes,14.5,75.4,6000.0,,3.5,268.0,286.0,7.8,,4.0,4,60000,6,70000,63.0,https://www.edmunds.com/infiniti/qx60/2026/,NHTSA,18.5,model-specific,,,100.0,72.42221317156645,56.96971810288572,78.88900679117148,75.0,83.33333333333333,91.41998341625208,57.161458333333336,56.25,79.81651376146789
Infiniti,QX60,Autograph AWD,2026,no,SUV,4,7,AWD,Gas,66690.0,1350.0,68040.0,,,24.0,444.0,5.0,,42.1,37.7,28.0,41.0,37.5,36.0,yes,14.5,75.4,6000.0,,3.5,268.0,286.0,7.8,,5.0,4,60000,6,70000,63.0,https://www.edmunds.com/infiniti/qx60/2026/,NHTSA,18.5,model-specific,,,100.0,72.42221317156645,56.96971810288572,78.88900679117148,75.0,91.66666666666667,90.48714759535655,57.161458333333336,56.25,79.81651376146789
Infiniti,QX80,Pure RWD,2026,no,SUV,4,7,RWD,Gas,83750.0,2190.0,85940.0,,,18.0,425.0,4.5,,43.8,39.2,33.0,39.1,37.8,36.0,yes,22.0,101.0,8500.0,,3.5,450.0,516.0,6.8,,3.0,4,60000,6,70000,69.0,https://www.edmunds.com/infiniti/qx80/2026/,IIHS,,model-specific,,,93.75,76.11245181056634,69.47294711395794,69.07894736842105,75.0,75.0,86.77653399668326,53.255208333333336,59.72222222222222,94.15137614678899
Infiniti,QX80,Pure 4WD,2026,no,SUV,4,7,4WD,Gas,86850.0,2190.0,89040.0,16.0,19.0,17.0,401.0,4.5,,43.8,39.2,33.0,39.1,37.8,36.0,yes,22.0,101.0,8500.0,,3.5,450.0,516.0,6.8,,3.0,4,60000,6,70000,69.0,https://www.edmunds.com/infiniti/qx80/2026/,IIHS,,model-specific,,,93.75,76.11245181056634,69.47294711395794,65.34380305602717,75.0,75.0,86.13391376451078,53.255208333333336,59.72222222222222,94.15137614678899
Infiniti,QX80,Luxe RWD,2026,no,SUV,4,7,RWD,Gas,90850.0,2190.0,93040.0,,,18.0,425.0,4.5,,43.8,39.2,33.0,39.1,37.8,36.0,yes,22.0,101.0,8500.0,,3.5,450.0,516.0,6.8,,4.0,4,60000,6,70000,69.0,https://www.edmunds.com/infiniti/qx80/2026/,IIHS,,model-specific,,,93.75,76.11245181056634,69.47294711395794,69.07894736842105,75.0,83.33333333333333,85.30472636815921,53.255208333333336,59.72222222222222,94.15137614678899
Infiniti,QX80,Luxe 4WD,2026,no,SUV,4,7,4WD,Gas,93950.0,2190.0,96140.0,16.0,19.0,17.0,401.0,4.5,,43.8,39.2,33.0,39.1,37.8,36.0,yes,22.0,101.0,8500.0,,3.5,450.0,516.0,6.8,,4.0,4,60000,6,70000,69.0,https://www.edmunds.com/infiniti/qx80/2026/,IIHS,,model-specific,,,93.75,76.11245181056634,69.47294711395794,65.34380305602717,75.0,83.33333333333333,84.66210613598673,53.255208333333336,59.72222222222222,94.15137614678899
Infiniti,QX80,Sport 4WD,2026,no,SUV,4,7,4WD,Gas,101950.0,2190.0,104140.0,16.0,19.0,17.0,401.0,4.5,,43.8,39.2,33.0,39.1,37.8,36.0,yes,22.0,101.0,8500.0,,3.5,450.0,516.0,6.8,,4.0,4,60000,6,70000,69.0,https://www.edmunds.com/infiniti/qx80/2026/,IIHS,,model-specific,,,93.75,76.11245181056634,69.47294711395794,65.34380305602717,75.0,83.33333333333333,83.00373134328359,53.255208333333336,59.72222222222222,94.15137614678899
Infiniti,QX80,Autograph 4WD,2026,no,SUV,4,7,4WD,Gas,111500.0,2190.0,113690.0,16.0,19.0,17.0,401.0,4.5,,43.8,39.2,33.0,39.1,37.8,36.0,yes,22.0,101.0,8500.0,,3.5,450.0,516.0,6.8,,5.0,4,60000,6,70000,69.0,https://www.edmunds.com/infiniti/qx80/2026/,IIHS,,model-specific,,,93.75,76.11245181056634,69.47294711395794,65.34380305602717,75.0,91.66666666666667,81.0240464344942,53.255208333333336,59.72222222222222,94.15137614678899
Genesis,G70,2.5T,2026,no,Sedan,4,5,RWD,Gas,43450.0,,43450.0,,,24.0,379.0,,106.4,42.6,34.8,,,38.7,,no,10.5,,,,,300.0,311.0,5.8,,4.0,5,60000,10,100000,45.0,https://www.edmunds.com/genesis/g70/2026/features-specs/,,15.8,model-specific,,,50.0,76.99822545235548,56.74846625766871,71.36720667648503,50.0,90.0,95.61275967660212,70.29972752043597,61.64383561643835,50.0
Genesis,G70,2.5T,2026,no,Sedan,4,5,AWD,Gas,45550.0,,45550.0,,,,,,106.4,42.6,34.8,,,38.7,,no,10.5,,,,,300.0,311.0,5.8,,4.0,5,60000,10,100000,45.0,https://www.edmunds.com/genesis/g70/2026/features-specs/,,15.8,model-specific,,,50.0,76.99822545235548,56.74846625766871,50.0,50.0,90.0,95.15013328046174,70.29972752043597,61.64383561643835,50.0
Genesis,G70,2.5T Prestige,2026,no,Sedan,4,5,RWD,Gas,48450.0,,48450.0,,,24.0,379.0,,106.4,42.6,34.8,,,38.7,,no,10.5,,,,,300.0,311.0,5.8,,4.0,5,60000,10,100000,45.0,https://www.edmunds.com/genesis/g70/2026/features-specs/,,15.8,model-specific,,,50.0,76.99822545235548,56.74846625766871,71.36720667648503,50.0,90.0,94.51126825722028,70.29972752043597,61.64383561643835,50.0
Genesis,G70,2.5T Prestige,2026,no,Sedan,4,5,AWD,Gas,50450.0,,50450.0,,,,,,106.4,42.6,34.8,,,38.7,,no,10.5,,,,,300.0,311.0,5.8,,4.0,5,60000,10,100000,45.0,https://www.edmunds.com/genesis/g70/2026/features-specs/,,15.8,model-specific,,,50.0,76.99822545235548,56.74846625766871,50.0,50.0,90.0,94.07067168946753,70.29972752043597,61.64383561643835,50.0
Genesis,G70,3.3T Sport Prestige,2026,no,Sedan,4,5,RWD,Gas,53600.0,,53600.0,,,,,,106.4,42.6,34.8,,,38.7,,no,10.5,,,,,368.0,376.0,4.5,168.0,4.0,5,60000,10,100000,45.0,https://www.edmunds.com/genesis/g70/2026/features-specs/,,15.8,model-specific,,,50.0,76.99822545235548,56.74846625766871,50.0,50.0,90.0,93.37673209525698,70.29972752043597,66.0958904109589,50.0
Genesis,G70,3.3T Sport Prestige,2026,no,Sedan,4,5,AWD,Gas,55600.0,,55600.0,17.0,23.0,19.0,300.0,,106.4,42.6,34.8,,,38.7,,no,10.5,,,,,368.0,376.0,4.5,168.0,4.0,5,60000,10,100000,45.0,https://www.edmunds.com/genesis/g70/2026/features-specs/,,15.8,model-specific,,,50.0,76.99822545235548,56.74846625766871,58.62788414334806,50.0,90.0,92.93613552750423,70.29972752043597,66.0958904109589,50.0
Genesis,G70,3.3T Prestige Graphite,2026,no,Sedan,4,5,RWD,Gas,56900.0,,56900.0,,,,,,106.4,42.6,34.8,,,38.7,,no,10.5,,,,,368.0,376.0,4.5,168.0,4.0,5,60000,10,100000,45.0,https://www.edmunds.com/genesis/g70/2026/features-specs/,,15.8,model-specific,,,50.0,76.99822545235548,56.74846625766871,50.0,50.0,90.0,92.64974775846497,70.29972752043597,66.0958904109589,50.0
Genesis,G70,3.3T Prestige Graphite,2026,no,Sedan,4,5,AWD,Gas,58900.0,,58900.0,17.0,23.0,19.0,300.0,,106.4,42.6,34.8,,,38.7,,no,10.5,,,,,368.0,376.0,4.5,168.0,4.0,5,60000,10,100000,45.0,https://www.edmunds.com/genesis/g70/2026/features-specs/,,15.8,model-specific,,,50.0,76.99822545235548,56.74846625766871,58.62788414334806,50.0,90.0,92.20915119071222,70.29972752043597,66.0958904109589,50.0
Genesis,G80,2.5T,2026,no,Sedan,4,5,AWD,Gas,58450.0,,58450.0,,,,,5.0,,42.2,38.7,,40.9,38.2,,no,13.1,,,,,300.0,311.0,5.7,,4.0,5,60000,10,100000,59.0,https://www.edmunds.com/genesis/g80/2026/features-specs/,NHTSA,19.3,model-specific,,,100.0,84.90894483368628,64.7239263803681,50.0,50.0,90.0,92.30828541845659,60.76294277929155,61.986301369863014,50.0
Genesis,G80,2.5T Advanced,2026,no,Sedan,4,5,AWD,Gas,64040.0,,64040.0,,,,,5.0,,42.2,38.7,,39.0,37.8,,no,13.1,,,,,300.0,311.0,5.7,,4.0,5,60000,10,100000,59.0,https://www.edmunds.com/genesis/g80/2026/features-specs/,NHTSA,19.3,model-specific,,,100.0,74.7868318534712,64.7239263803681,50.0,50.0,90.0,91.07681801158769,60.76294277929155,61.986301369863014,50.0
Genesis,G80,2.5T Sport Prestige,2026,no,Sedan,4,5,AWD,Gas,69950.0,,69950.0,,,,,5.0,,42.2,38.7,,39.0,37.8,,no,13.1,,,,,300.0,311.0,5.7,,4.0,5,60000,10,100000,59.0,https://www.edmunds.com/genesis/g80/2026/features-specs/,NHTSA,19.3,model-specific,,,100.0,74.7868318534712,64.7239263803681,50.0,50.0,90.0,89.77485515387835,60.76294277929155,61.986301369863014,50.0
Genesis,G80,3.5T Sport Prestige,2026,no,Sedan,4,5,AWD,Gas,78350.0,,78350.0,,,,,5.0,,42.2,38.7,,39.0,37.8,,no,13.1,,,,,375.0,391.0,4.7,,4.0,5,60000,10,100000,59.0,https://www.edmunds.com/genesis/g80/2026/features-specs/,NHTSA,19.3,model-specific,,,100.0,74.7868318534712,64.7239263803681,50.0,50.0,90.0,87.92434956931686,60.76294277929155,65.41095890410959,50.0
Genesis,G80,3.5T Prestige Black,2026,no,Sedan,4,5,AWD,Gas,79350.0,,79350.0,,,,,5.0,,42.2,38.7,,39.0,37.8,,no,13.1,,,,,375.0,391.0,4.7,,4.0,5,60000,10,100000,59.0,https://www.edmunds.com/genesis/g80/2026/features-specs/,NHTSA,19.3,model-specific,,,100.0,74.7868318534712,64.7239263803681,50.0,50.0,90.0,87.70405128544049,60.76294277929155,65.41095890410959,50.0
Genesis,G90,3.5T,2026,no,Sedan,4,5,AWD,Gas,92700.0,,92700.0,17.0,24.0,20.0,386.0,4.5,,42.3,37.8,,39.4,38.0,,no,10.6,,,,,409.0,405.0,4.7,,3.0,5,60000,10,100000,52.0,https://www.edmunds.com/genesis/g90/2026/features-specs/,IIHS,19.3,model-specific,,,93.75,76.86677703500946,57.055214723926376,67.206676485027,50.0,80.0,84.76306919569097,65.53133514986376,65.41095890410959,50.0
Genesis,G90,3.5T E-Supercharger,2026,no,Sedan,4,5,AWD,Gas,103000.0,,103000.0,17.0,24.0,20.0,386.0,4.5,,42.3,37.8,,39.4,38.0,,no,10.6,,,,,409.0,405.0,4.7,,3.0,5,60000,10,100000,52.0,https://www.edmunds.com/genesis/g90/2026/features-specs/,IIHS,19.3,model-specific,,,93.75,76.86677703500946,57.055214723926376,67.206676485027,50.0,80.0,82.49399687176437,65.53133514986376,65.41095890410959,50.0
Genesis,G90,3.5T E-Supercharger Prestige Black,2026,no,Sedan,4,5,AWD,Gas,105750.0,,105750.0,17.0,24.0,20.0,386.0,4.5,,42.3,37.8,,39.4,38.0,,no,10.6,,,,,409.0,405.0,4.7,,3.0,5,60000,10,100000,52.0,https://www.edmunds.com/genesis/g90/2026/features-specs/,IIHS,19.3,model-specific,,,93.75,76.86677703500946,57.055214723926376,67.206676485027,50.0,80.0,81.88817659110435,65.53133514986376,65.41095890410959,50.0
Genesis,GV60,Base,2026,no,SUV,4,5,RWD,EV,52525.0,,52525.0,119.0,101.0,110.0,,5.0,,42.3,37.6,,39.0,38.1,,no,24.0,54.7,,,,314.0,446.0,5.2,,3.0,5,60000,10,100000,61.0,https://www.edmunds.com/genesis/gv60/2026/features-specs/,NHTSA,,model-specific,,,100.0,71.90292843977726,65.56721360006091,83.72093023255815,50.0,75.0,93.70335820895522,58.46354166666667,65.27777777777777,50.0
Genesis,GV60,Base,2026,no,SUV,4,5,AWD,EV,56025.0,,56025.0,,,,,5.0,,42.3,37.6,,39.0,38.1,,no,24.0,54.7,,,,314.0,446.0,5.2,,3.0,5,60000,10,100000,61.0,https://www.edmunds.com/genesis/gv60/2026/features-specs/,NHTSA,,model-specific,,,100.0,71.90292843977726,65.56721360006091,50.0,50.0,75.0,92.9778192371476,58.46354166666667,65.27777777777777,50.0
Genesis,GV60,Advanced,2026,no,SUV,4,5,AWD,EV,59405.0,,59405.0,102.0,89.0,96.0,267.0,5.0,,42.3,37.6,,39.0,38.1,,no,24.0,54.7,,,,314.0,446.0,5.2,,3.0,5,60000,10,100000,61.0,https://www.edmunds.com/genesis/gv60/2026/features-specs/,NHTSA,,model-specific,,,100.0,71.90292843977726,65.56721360006091,69.2330053667263,50.0,75.0,92.27715588723052,58.46354166666667,65.27777777777777,50.0
Genesis,GV60,Performance,2026,yes,SUV,4,5,AWD,EV,71875.0,,71875.0,97.0,83.0,90.0,,5.0,,42.3,37.6,,39.0,38.1,,no,24.0,54.7,,,,314.0,446.0,5.2,,3.0,5,60000,10,100000,61.0,https://www.edmunds.com/genesis/gv60/2026/features-specs/,NHTSA,,model-specific,,,100.0,71.90292843977726,65.56721360006091,72.09302325581396,50.0,75.0,89.69216417910448,58.46354166666667,90.27777777777777,50.0
Genesis,GV70,2.5T,2026,no,SUV,4,5,AWD,Gas,48985.0,,48985.0,20.0,26.0,22.0,383.0,5.0,132.5,41.3,37.2,,38.6,38.3,,no,28.9,56.9,,,,300.0,311.0,5.6,,4.0,5,60000,10,100000,52.0,https://www.edmunds.com/genesis/gv70/2026/features-specs/,NHTSA,17.4,model-specific,,,100.0,68.87808132648235,71.75652509306312,70.10823429541595,50.0,83.33333333333333,94.43718905472636,64.32291666666667,63.888888888888886,50.0
Genesis,GV70,2.5T Select,2026,no,SUV,4,5,AWD,Gas,51885.0,,51885.0,20.0,26.0,22.0,383.0,5.0,132.5,41.3,37.2,,38.6,38.3,,no,28.9,56.9,,,,300.0,311.0,5.6,,4.0,5,60000,10,100000,52.0,https://www.edmunds.com/genesis/gv70/2026/features-specs/,NHTSA,17.4,model-specific,,,100.0,68.87808132648235,71.75652509306312,70.10823429541595,50.0,83.33333333333333,93.83602819237147,64.32291666666667,63.888888888888886,50.0
Genesis,GV70,2.5T Advanced,2026,no,SUV,4,5,AWD,Gas,56435.0,,56435.0,20.0,26.0,22.0,383.0,5.0,132.5,41.3,37.2,,38.6,38.3,,no,28.9,56.9,,,,300.0,311.0,5.6,,4.0,5,60000,10,100000,52.0,https://www.edmunds.com/genesis/gv70/2026/features-specs/,NHTSA,17.4,model-specific,,,100.0,68.87808132648235,71.75652509306312,70.10823429541595,50.0,83.33333333333333,92.89282752902156,64.32291666666667,63.888888888888886,50.0
Genesis,GV70,2.5T Sport Prestige,2026,no,SUV,4,5,AWD,Gas,59795.0,,59795.0,20.0,26.0,22.0,383.0,5.0,132.5,41.3,37.2,,38.6,38.3,,no,28.9,56.9,,,,300.0,311.0,5.6,,4.0,5,60000,10,100000,52.0,https://www.edmunds.com/genesis/gv70/2026/features-specs/,NHTSA,17.4,model-specific,,,100.0,68.87808132648235,71.75652509306312,70.10823429541595,50.0,83.33333333333333,92.19631011608624,64.32291666666667,63.888888888888886,50.0
Genesis,GV70,3.5T Sport Advanced,2026,no,SUV,4,5,AWD,Gas,64415.0,,64415.0,,,,,5.0,132.5,41.3,37.2,,38.6,38.3,,no,28.9,56.9,,,,375.0,391.0,4.9,,4.0,5,60000,10,100000,52.0,https://www.edmunds.com/genesis/gv70/2026/features-specs/,NHTSA,17.4,model-specific,,,100.0,68.87808132648235,71.75652509306312,50.0,50.0,83.33333333333333,91.23859867330017,64.32291666666667,66.31944444444444,50.0
Genesis,GV70,3.5T Sport Prestige,2026,no,SUV,4,5,AWD,Gas,71095.0,,71095.0,,,,,5.0,132.5,41.3,37.2,,38.6,38.3,,no,28.9,56.9,,,,375.0,391.0,4.9,,4.0,5,60000,10,100000,52.0,https://www.edmunds.com/genesis/gv70/2026/features-specs/,NHTSA,17.4,model-specific,,,100.0,68.87808132648235,71.75652509306312,50.0,50.0,83.33333333333333,89.85385572139303,64.32291666666667,66.31944444444444,50.0
Genesis,Electrified GV70,Base,2026,no,SUV,4,5,AWD,EV,64380.0,,64380.0,103.0,88.0,96.0,263.0,5.0,132.5,41.3,37.2,,38.6,38.3,,no,28.7,56.5,,,,429.0,516.0,3.7,,3.0,5,60000,10,100000,,https://www.edmunds.com/genesis/electrified-gv70/2026/features-specs/,IIHS,,,,,100.0,68.87808132648235,71.46162653916195,68.84838998211092,50.0,75.0,91.24585406301824,50.0,70.48611111111111,50.0
Genesis,Electrified GV70,Advanced,2026,no,SUV,4,5,AWD,EV,69250.0,,69250.0,98.0,83.0,91.0,,5.0,132.5,41.3,37.2,,38.6,38.3,,no,28.7,56.5,,,,429.0,516.0,3.7,,3.0,5,60000,10,100000,,https://www.edmunds.com/genesis/electrified-gv70/2026/features-specs/,IIHS,,,,,100.0,68.87808132648235,71.46162653916195,72.67441860465117,50.0,75.0,90.2363184079602,50.0,70.48611111111111,50.0
Genesis,Electrified GV70,Prestige,2026,no,SUV,4,5,AWD,EV,75350.0,,75350.0,98.0,83.0,91.0,,5.0,132.5,41.3,37.2,,38.6,38.3,,no,28.7,56.5,,,,429.0,516.0,3.7,,3.0,5,60000,10,100000,,https://www.edmunds.com/genesis/electrified-gv70/2026/features-specs/,IIHS,,,,,100.0,68.87808132648235,71.46162653916195,72.67441860465117,50.0,75.0,88.97180762852405,50.0,70.48611111111111,50.0
Genesis,GV80,2.5T,2026,no,SUV,4,7,RWD,Gas,57700.0,,57700.0,,,,,5.0,120.3,41.6,38.7,30.0,40.2,38.4,34.0,yes,11.6,71.1,6000.0,,,300.0,311.0,6.1,,4.0,5,60000,10,100000,52.0,https://www.edmunds.com/genesis/gv80/2026/features-specs/,NHTSA,21.1,model-specific,,,100.0,71.753519769317,52.898104152419286,50.0,50.0,83.33333333333333,92.63059701492537,64.32291666666667,62.15277777777778,79.81651376146789
Genesis,GV80,2.5T,2026,no,SUV,4,7,AWD,Gas,59850.0,,59850.0,,,,,5.0,120.3,41.6,38.7,30.0,40.2,38.4,34.0,yes,11.6,71.1,6000.0,,,300.0,311.0,6.1,,4.0,5,60000,10,100000,52.0,https://www.edmunds.com/genesis/gv80/2026/features-specs/,NHTSA,21.1,model-specific,,,100.0,71.753519769317,52.898104152419286,50.0,50.0,83.33333333333333,92.1849087893864,64.32291666666667,62.15277777777778,79.81651376146789
Genesis,GV80,2.5T Select,2026,no,SUV,4,7,AWD,Gas,63750.0,,63750.0,,,,,5.0,120.3,41.6,38.7,30.0,40.2,38.4,34.0,yes,11.6,71.1,6000.0,,,300.0,311.0,6.1,,4.0,5,60000,10,100000,52.0,https://www.edmunds.com/genesis/gv80/2026/features-specs/,NHTSA,21.1,model-specific,,,100.0,71.753519769317,52.898104152419286,50.0,50.0,83.33333333333333,91.37645107794361,64.32291666666667,62.15277777777778,79.81651376146789
Genesis,GV80,2.5T Advanced,2026,no,SUV,4,7,AWD,Gas,68600.0,,68600.0,,,,,5.0,120.3,41.6,38.7,30.0,40.2,38.4,34.0,yes,11.6,71.1,6000.0,,,300.0,311.0,6.1,,4.0,5,60000,10,100000,52.0,https://www.edmunds.com/genesis/gv80/2026/features-specs/,NHTSA,21.1,model-specific,,,100.0,71.753519769317,52.898104152419286,50.0,50.0,83.33333333333333,90.37106135986733,64.32291666666667,62.15277777777778,79.81651376146789
Genesis,GV80,2.5T Prestige,2026,no,SUV,4,7,AWD,Gas,73500.0,,73500.0,,,,,5.0,120.3,41.6,38.7,30.0,40.2,38.4,34.0,yes,11.6,71.1,6000.0,,,300.0,311.0,6.1,,4.0,5,60000,10,100000,52.0,https://www.edmunds.com/genesis/gv80/2026/features-specs/,NHTSA,21.1,model-specific,,,100.0,71.753519769317,52.898104152419286,50.0,50.0,83.33333333333333,89.35530679933665,64.32291666666667,62.15277777777778,79.81651376146789
Genesis,GV80,3.5T Advanced,2026,no,SUV,4,7,AWD,Gas,75950.0,,75950.0,16.0,22.0,19.0,401.0,5.0,120.3,41.6,38.7,30.0,40.2,38.4,34.0,yes,11.6,71.1,6000.0,,,375.0,391.0,5.3,,4.0,5,60000,10,100000,52.0,https://www.edmunds.com/genesis/gv80/2026/features-specs/,NHTSA,21.1,model-specific,,,100.0,71.753519769317,52.898104152419286,67.97538200339558,50.0,83.33333333333333,88.84742951907131,64.32291666666667,64.93055555555556,79.81651376146789
Genesis,GV80,3.5T Prestige,2026,no,SUV,4,7,AWD,Gas,82330.0,,82330.0,16.0,22.0,19.0,401.0,5.0,120.3,41.6,38.7,30.0,40.2,38.4,34.0,yes,11.6,71.1,6000.0,,,375.0,391.0,5.3,,4.0,5,60000,10,100000,52.0,https://www.edmunds.com/genesis/gv80/2026/features-specs/,NHTSA,21.1,model-specific,,,100.0,71.753519769317,52.898104152419286,67.97538200339558,50.0,83.33333333333333,87.52487562189054,64.32291666666667,64.93055555555556,79.81651376146789
Genesis,GV80,3.5T Prestige Black,2026,no,SUV,4,5,AWD,Gas,83250.0,,83250.0,16.0,22.0,19.0,401.0,5.0,120.3,41.6,38.7,,40.2,38.4,,no,11.6,71.1,6000.0,,,375.0,391.0,5.3,,4.0,5,60000,10,100000,52.0,https://www.edmunds.com/genesis/gv80/2026/features-specs/,NHTSA,21.1,model-specific,,,100.0,76.12358694166903,52.898104152419286,67.97538200339558,50.0,83.33333333333333,87.33416252072968,64.32291666666667,64.93055555555556,79.81651376146789
Genesis,GV80 Coupe,3.5T,2026,no,SUV,4,5,AWD,Gas,81850.0,,81850.0,16.0,22.0,19.0,401.0,5.0,,41.6,38.7,,40.2,37.6,,no,29.3,61.1,6000.0,,,375.0,391.0,5.3,,3.0,5,60000,10,100000,29.0,https://www.edmunds.com/genesis/gv80-coupe/2026/features-specs/,NHTSA,21.1,model-specific,,,100.0,73.44727676662866,72.8096630513603,67.97538200339558,50.0,75.0,87.62437810945273,79.296875,64.93055555555556,79.81651376146789
Genesis,GV80 Coupe,3.5T E-Supercharger,2026,no,SUV,4,5,AWD,Gas,87650.0,,87650.0,17.0,22.0,19.0,401.0,5.0,,41.6,38.7,,40.2,37.6,,no,29.3,61.1,6000.0,,,409.0,405.0,4.7,,3.0,5,60000,10,100000,29.0,https://www.edmunds.com/genesis/gv80-coupe/2026/features-specs/,NHTSA,21.1,model-specific,,,100.0,73.44727676662866,72.8096630513603,67.97538200339558,50.0,75.0,86.42205638474294,79.296875,67.01388888888889,79.81651376146789
Genesis,GV80 Coupe,3.5T E-Supercharger Prestige Black,2026,no,SUV,4,5,AWD,Gas,89400.0,,89400.0,17.0,22.0,19.0,401.0,5.0,,41.6,38.7,,40.2,37.6,,no,29.3,61.1,6000.0,,,409.0,405.0,4.7,,3.0,5,60000,10,100000,29.0,https://www.edmunds.com/genesis/gv80-coupe/2026/features-specs/,NHTSA,21.1,model-specific,,,100.0,73.44727676662866,72.8096630513603,67.97538200339558,50.0,75.0,86.05928689883913,79.296875,67.01388888888889,79.81651376146789
Audi,A3,Premium,2026,no,Sedan,4,5,AWD,Gas,40100.0,1295.0,41395.0,24.0,34.0,28.0,406.0,3.0,,41.2,35.2,,36.8,36.6,,no,8.3,,,,3.0,201.0,236.0,6.0,,2.0,4,50000,4,50000,49.0,https://www.edmunds.com/audi/a3/2026/trims/,IIHS,14.5,model-specific,,,75.0,50.0,50.0,78.44869906725577,70.0,70.0,96.06547264996806,67.57493188010899,60.95890410958904,50.0
Audi,A3,Premium Plus,2026,no,Sedan,4,5,AWD,Gas,43000.0,1295.0,44295.0,24.0,34.0,28.0,406.0,3.0,,41.2,35.2,,36.8,36.6,,no,8.3,,,,3.0,201.0,236.0,6.0,,4.0,4,50000,4,50000,49.0,https://www.edmunds.com/audi/a3/2026/trims/,IIHS,14.5,model-specific,,,75.0,50.0,50.0,78.44869906725577,70.0,90.0,95.4266076267266,67.57493188010899,60.95890410958904,50.0
Audi,S3,Base,2026,yes,Sedan,4,5,AWD,Gas,52000.0,1295.0,53295.0,23.0,31.0,26.0,377.0,3.0,,41.2,35.2,,36.8,36.6,,no,8.3,,,,3.0,328.0,295.0,4.4,155.0,3.0,4,50000,4,50000,49.0,https://www.edmunds.com/audi/s3/2026/trims/,IIHS,14.5,model-specific,,,75.0,50.0,50.0,73.57633775159549,70.0,80.0,93.44392307183927,67.57493188010899,91.43835616438356,50.0
Audi,RS3,Base,2026,yes,Sedan,4,5,AWD,Gas,67495.0,1295.0,68790.0,20.0,29.0,23.0,334.0,3.0,,41.2,35.2,,36.8,36.6,,no,8.3,,,,3.0,394.0,369.0,3.8,,5.0,4,50000,4,50000,49.0,https://www.edmunds.com/audi/rs3/2026/trims/,IIHS,14.5,model-specific,,,75.0,50.0,50.0,66.31075110456554,70.0,100.0,90.03040116317493,67.57493188010899,93.4931506849315,50.0
Audi,A5,Premium,2026,no,Sedan,5,5,AWD,Gas,50200.0,1295.0,51495.0,22.0,32.0,26.0,385.0,5.0,,41.3,36.1,,40.0,37.2,,no,22.6,36.6,,,3.0,268.0,295.0,5.2,,4.0,4,50000,4,50000,47.5,https://www.edmunds.com/audi/a5/2026/trims/,IIHS,14.8,model-specific,,,100.0,68.19638348372567,93.86503067484662,74.26362297496318,70.0,90.0,93.84045998281672,68.59673024523161,63.6986301369863,50.0
Audi,A5,Premium Plus,2026,no,Sedan,5,5,AWD,Gas,52700.0,1295.0,53995.0,22.0,32.0,26.0,385.0,5.0,,41.3,36.1,,40.0,37.2,,no,22.6,36.6,,,3.0,268.0,295.0,5.2,,5.0,4,50000,4,50000,47.5,https://www.edmunds.com/audi/a5/2026/trims/,IIHS,14.8,model-specific,,,100.0,68.19638348372567,93.86503067484662,74.26362297496318,70.0,100.0,93.28971427312581,68.59673024523161,63.6986301369863,50.0
Audi,A5,Prestige,2026,no,Sedan,5,5,AWD,Gas,56700.0,1295.0,57995.0,22.0,32.0,26.0,385.0,5.0,,41.3,36.1,,40.0,37.2,,no,22.6,36.6,,,3.0,268.0,295.0,5.2,,5.0,4,50000,4,50000,47.5,https://www.edmunds.com/audi/a5/2026/trims/,IIHS,14.8,model-specific,,,100.0,68.19638348372567,93.86503067484662,74.26362297496318,70.0,100.0,92.40852113762034,68.59673024523161,63.6986301369863,50.0
Audi,S5,Premium,2026,yes,Sedan,5,5,AWD,Gas,63300.0,1295.0,64595.0,20.0,29.0,23.0,340.0,5.0,,41.0,36.1,,40.0,37.2,,no,22.6,37.5,,,3.0,362.0,406.0,4.6,155.0,4.0,4,50000,4,50000,47.5,https://www.edmunds.com/audi/s5/2026/trims/,IIHS,14.8,model-specific,,,100.0,66.92030096657996,93.86503067484662,66.8262150220913,70.0,90.0,90.95455246403631,68.59673024523161,90.75342465753425,50.0
Audi,S5,Premium Plus,2026,yes,Sedan,5,5,AWD,Gas,66200.0,1295.0,67495.0,20.0,29.0,23.0,340.0,5.0,,41.0,36.1,,40.0,37.2,,no,22.6,37.5,,,3.0,362.0,406.0,4.6,155.0,4.0,4,50000,4,50000,47.5,https://www.edmunds.com/audi/s5/2026/trims/,IIHS,14.8,model-specific,,,100.0,66.92030096657996,93.86503067484662,66.8262150220913,70.0,90.0,90.31568744079483,68.59673024523161,90.75342465753425,50.0
Audi,S5,Prestige,2026,yes,Sedan,5,5,AWD,Gas,70900.0,1295.0,72195.0,20.0,29.0,23.0,340.0,5.0,,41.0,36.1,,40.0,37.2,,no,22.6,37.5,,,3.0,362.0,406.0,4.6,155.0,5.0,4,50000,4,50000,47.5,https://www.edmunds.com/audi/s5/2026/trims/,IIHS,14.8,model-specific,,,100.0,66.92030096657996,93.86503067484662,66.8262150220913,70.0,100.0,89.2802855065759,68.59673024523161,90.75342465753425,50.0
Audi,A6,Premium,2026,no,Sedan,4,5,AWD,Gas,64200.0,1295.0,65495.0,20.0,29.0,23.0,444.0,5.0,,41.3,37.2,,40.0,37.8,,no,13.5,,,,3.0,362.0,406.0,4.5,130.0,3.0,4,50000,4,50000,49.0,https://www.edmunds.com/audi/a6/2026/trims/,IIHS,19.3,model-specific,,,100.0,73.1262292164442,65.95092024539878,75.76092292587137,70.0,80.0,90.75628400854757,67.57493188010899,66.0958904109589,50.0
Audi,A6,Premium Plus,2026,no,Sedan,4,5,AWD,Gas,67600.0,1295.0,68895.0,20.0,29.0,23.0,444.0,5.0,,41.3,37.2,,40.0,37.8,,no,13.5,,,,3.0,362.0,406.0,4.5,130.0,5.0,4,50000,4,50000,49.0,https://www.edmunds.com/audi/a6/2026/trims/,IIHS,19.3,model-specific,,,100.0,73.1262292164442,65.95092024539878,75.76092292587137,70.0,100.0,90.00726984336792,67.57493188010899,66.0958904109589,50.0
Audi,A6,Prestige,2026,no,Sedan,4,5,AWD,Gas,71500.0,1295.0,72795.0,20.0,29.0,23.0,444.0,5.0,,41.3,37.2,,40.0,37.8,,no,13.5,,,,3.0,362.0,406.0,4.5,130.0,5.0,4,50000,4,50000,49.0,https://www.edmunds.com/audi/a6/2026/trims/,IIHS,19.3,model-specific,,,100.0,73.1262292164442,65.95092024539878,75.76092292587137,70.0,100.0,89.14810653625008,67.57493188010899,66.0958904109589,50.0
Audi,A6 allroad,Premium Plus,2026,no,Wagon,5,5,AWD,Gas,73200.0,1295.0,74495.0,21.0,30.0,24.0,463.0,,,41.3,37.4,,38.3,39.5,,no,29.9,69.5,,,3.0,335.0,369.0,5.1,,4.0,4,50000,4,50000,45.0,https://www.edmunds.com/audi/a6-allroad/2026/trims/,,19.3,model-specific,,,50.0,100.0,92.45283018867923,97.64705882352942,100.0,83.33333333333333,93.96769235230997,69.38775510204081,59.61538461538461,50.0
Audi,A6 allroad,Prestige,2026,no,Wagon,5,5,AWD,Gas,79300.0,1295.0,80595.0,21.0,30.0,24.0,463.0,,,41.3,37.4,,38.3,39.5,,no,29.9,69.5,,,3.0,335.0,369.0,5.1,,5.0,4,50000,4,50000,45.0,https://www.edmunds.com/audi/a6-allroad/2026/trims/,,19.3,model-specific,,,50.0,100.0,92.45283018867923,97.64705882352942,100.0,100.0,92.19860212870856,69.38775510204081,59.61538461538461,50.0
Audi,A8,L 55 TFSI quattro,2026,no,Sedan,4,5,AWD,Gas,95200.0,1295.0,96495.0,19.0,27.0,22.0,477.0,,,41.5,44.3,,38.3,38.5,,no,12.5,,,,3.0,335.0,369.0,5.2,130.0,3.0,4,50000,4,50000,49.0,https://www.edmunds.com/audi/a8/2026/trims/,,21.7,model-specific,,,50.0,80.23664334570046,62.88343558282209,77.40549828178695,70.0,80.0,83.92703720838014,67.57493188010899,63.6986301369863,50.0
Audi,S8,Base,2026,yes,Sedan,4,5,AWD,Gas,130100.0,1295.0,131395.0,15.0,24.0,18.0,391.0,,,41.5,44.3,,38.3,38.5,,no,12.5,,,,3.0,563.0,590.0,3.8,155.0,4.0,4,50000,4,50000,64.0,https://www.edmunds.com/audi/s8/2026/trims/,,21.7,model-specific,,,50.0,80.23664334570046,62.88343558282209,65.25527736867943,70.0,90.0,76.23862710109488,57.356948228882835,93.4931506849315,50.0
Audi,RS6 Avant,Performance,2026,yes,Wagon,5,5,AWD,Gas,130800.0,1295.0,132095.0,,,16.0,309.0,,,41.3,37.4,,38.3,39.5,,no,29.9,69.5,,,3.0,621.0,627.0,3.2,190.0,4.0,4,50000,4,50000,,https://www.edmunds.com/audi/rs6/2026/trims/,,19.3,,,,50.0,100.0,92.45283018867923,50.0,100.0,83.33333333333333,77.26284040486065,50.0,96.7948717948718,50.0
Audi,RS7,Performance,2026,yes,Sedan,4,5,AWD,Gas,132800.0,1295.0,134095.0,14.0,21.0,16.0,309.0,,,41.3,37.0,,37.0,37.1,,no,24.6,,,,3.0,621.0,627.0,3.4,190.0,3.0,4,50000,4,50000,,https://www.edmunds.com/audi/rs7/2026/trims/,,19.3,,,,50.0,56.48606067236658,100.0,55.82965144820815,70.0,80.0,75.64382173462869,50.0,94.86301369863014,50.0
Audi,S e-tron GT,Premium Plus,2026,yes,Sedan,4,5,AWD,EV,127700.0,1295.0,128995.0,91.0,88.0,90.0,300.0,,,41.9,32.2,,38.2,36.5,,no,11.0,,,,3.0,670.0,,3.3,,4.0,4,50000,4,50000,60.0,https://www.edmunds.com/audi/s-e-tron-gt/2026/trims/,,,model-specific,,,50.0,54.27065059881709,58.282208588957054,61.72876010250345,70.0,90.0,76.76734298239816,60.08174386920981,95.20547945205479,50.0
Audi,S e-tron GT,Prestige,2026,yes,Sedan,4,5,AWD,EV,137000.0,1295.0,138295.0,91.0,88.0,90.0,300.0,,,41.9,32.2,,38.2,36.5,,no,11.0,,,,3.0,670.0,,3.3,,5.0,4,50000,4,50000,60.0,https://www.edmunds.com/audi/s-e-tron-gt/2026/trims/,,,model-specific,,,50.0,54.27065059881709,58.282208588957054,61.72876010250345,70.0,100.0,74.71856894234794,60.08174386920981,95.20547945205479,50.0
Audi,RS e-tron GT,Performance,2026,yes,Sedan,4,5,AWD,EV,170600.0,1295.0,171895.0,85.0,82.0,84.0,278.0,,,41.9,32.2,,38.2,36.5,,no,9.2,,,,3.0,912.0,,2.4,,5.0,4,50000,4,50000,60.0,https://www.edmunds.com/audi/rs-e-tron-gt/2026/trims/,,,model-specific,,,50.0,54.27065059881709,52.760736196319016,57.69515079834417,70.0,100.0,67.31654660410196,60.08174386920981,98.2876712328767,50.0
Audi,Q3,S line,2026,no,SUV,4,5,AWD,Gas,43700.0,1295.0,44995.0,22.0,29.0,25.0,410.0,3.0,,40.0,36.1,,38.1,37.6,,no,25.0,50.0,,,3.0,255.0,273.0,5.7,149.0,3.0,4,50000,4,50000,38.0,https://www.edmunds.com/audi/q3/2026/trims/,IIHS,16.4,model-specific,,,75.0,60.83739035252441,66.12865234065053,76.77737691001698,66.66666666666666,75.0,95.26430348258707,73.4375,63.541666666666664,50.0
Audi,Q5,Premium,2026,no,SUV,4,5,AWD,Gas,52800.0,1295.0,54095.0,21.0,29.0,24.0,413.0,5.0,,40.9,38.0,,38.2,37.8,,no,27.6,,,,3.0,268.0,295.0,5.5,,3.0,4,50000,4,50000,54.0,https://www.edmunds.com/audi/q5/2026/trims/,IIHS,17.2,model-specific,,,100.0,66.71527759927837,73.7182694066234,75.76400679117147,66.66666666666666,75.0,93.37790215588723,63.020833333333336,64.23611111111111,50.0
Audi,Q5,Premium Plus,2026,no,SUV,4,5,AWD,Gas,55700.0,1295.0,56995.0,21.0,29.0,24.0,413.0,5.0,,40.9,38.0,,38.2,37.8,,no,27.6,,,,3.0,268.0,295.0,5.5,,4.0,4,50000,4,50000,54.0,https://www.edmunds.com/audi/q5/2026/trims/,IIHS,17.2,model-specific,,,100.0,66.71527759927837,73.7182694066234,75.76400679117147,66.66666666666666,83.33333333333333,92.77674129353234,63.020833333333336,64.23611111111111,50.0
Audi,Q5,Prestige,2026,no,SUV,4,5,AWD,Gas,60700.0,1295.0,61995.0,21.0,29.0,24.0,413.0,5.0,,40.9,38.0,,38.2,37.8,,no,27.6,,,,3.0,268.0,295.0,5.5,,5.0,4,50000,4,50000,54.0,https://www.edmunds.com/audi/q5/2026/trims/,IIHS,17.2,model-specific,,,100.0,66.71527759927837,73.7182694066234,75.76400679117147,66.66666666666666,91.66666666666667,91.74025704809287,63.020833333333336,64.23611111111111,50.0
Audi,Q5 Sportback,Premium,2026,no,SUV,4,5,AWD,Gas,55100.0,1295.0,56395.0,21.0,29.0,24.0,413.0,5.0,,40.9,38.0,,38.0,37.9,,no,24.5,53.1,,,3.0,268.0,295.0,5.5,,3.0,4,50000,4,50000,54.0,https://www.edmunds.com/audi/q5-sportback/2026/trims/,IIHS,17.2,model-specific,,,100.0,66.56945300640757,65.95014051090605,75.76400679117147,66.66666666666666,75.0,92.90111940298507,63.020833333333336,64.23611111111111,50.0
Audi,Q5 Sportback,Premium Plus,2026,no,SUV,4,5,AWD,Gas,57800.0,1295.0,59095.0,21.0,29.0,24.0,413.0,5.0,,40.9,38.0,,38.0,37.9,,no,24.5,53.1,,,3.0,268.0,295.0,5.5,,4.0,4,50000,4,50000,54.0,https://www.edmunds.com/audi/q5-sportback/2026/trims/,IIHS,17.2,model-specific,,,100.0,66.56945300640757,65.95014051090605,75.76400679117147,66.66666666666666,83.33333333333333,92.34141791044776,63.020833333333336,64.23611111111111,50.0
Audi,Q5 Sportback,Prestige,2026,no,SUV,4,5,AWD,Gas,62800.0,1295.0,64095.0,21.0,29.0,24.0,413.0,5.0,,40.9,38.0,,38.0,37.9,,no,24.5,53.1,,,3.0,268.0,295.0,5.5,,4.0,4,50000,4,50000,54.0,https://www.edmunds.com/audi/q5-sportback/2026/trims/,IIHS,17.2,model-specific,,,100.0,66.56945300640757,65.95014051090605,75.76400679117147,66.66666666666666,83.33333333333333,91.30493366500829,63.020833333333336,64.23611111111111,50.0
Audi,SQ5,Premium,2026,yes,SUV,4,5,AWD,Gas,65400.0,1295.0,66695.0,21.0,28.0,23.0,396.0,5.0,,40.6,38.0,,38.2,37.8,,no,27.6,57.1,,,3.0,362.0,406.0,4.3,155.0,3.0,4,50000,4,50000,46.0,https://www.edmunds.com/audi/sq5/2026/trims/,IIHS,17.2,model-specific,,,100.0,66.09080522510229,70.22125931076003,72.7345076400679,66.66666666666666,75.0,90.76596185737976,68.22916666666667,93.40277777777777,50.0
Audi,SQ5,Premium Plus,2026,yes,SUV,4,5,AWD,Gas,67300.0,1295.0,68595.0,21.0,28.0,23.0,396.0,5.0,,40.6,38.0,,38.2,37.8,,no,27.6,57.1,,,3.0,362.0,406.0,4.3,155.0,3.0,4,50000,4,50000,46.0,https://www.edmunds.com/audi/sq5/2026/trims/,IIHS,17.2,model-specific,,,100.0,66.09080522510229,70.22125931076003,72.7345076400679,66.66666666666666,75.0,90.37209784411277,68.22916666666667,93.40277777777777,50.0
Audi,SQ5,Prestige,2026,yes,SUV,4,5,AWD,Gas,71300.0,1295.0,72595.0,21.0,28.0,23.0,396.0,5.0,,40.6,38.0,,38.2,37.8,,no,27.6,57.1,,,3.0,362.0,406.0,4.3,155.0,5.0,4,50000,4,50000,46.0,https://www.edmunds.com/audi/sq5/2026/trims/,IIHS,17.2,model-specific,,,100.0,66.09080522510229,70.22125931076003,72.7345076400679,66.66666666666666,91.66666666666667,89.54291044776119,68.22916666666667,93.40277777777777,50.0
Audi,SQ5 Sportback,Premium,2026,yes,SUV,4,5,AWD,Gas,66900.0,1295.0,68195.0,21.0,28.0,23.0,396.0,5.0,,40.6,38.0,,38.0,37.9,,no,25.4,53.3,,,3.0,362.0,406.0,4.3,155.0,2.0,4,50000,4,50000,46.0,https://www.edmunds.com/audi/sq5-sportback/2026/trims/,IIHS,17.2,model-specific,,,100.0,65.94498063223148,67.05914125028733,72.7345076400679,66.66666666666666,66.66666666666666,90.45501658374792,68.22916666666667,93.40277777777777,50.0
Audi,SQ5 Sportback,Premium Plus,2026,yes,SUV,4,5,AWD,Gas,69200.0,1295.0,70495.0,21.0,28.0,23.0,396.0,5.0,,40.6,38.0,,38.0,37.9,,no,25.4,53.3,,,3.0,362.0,406.0,4.3,155.0,3.0,4,50000,4,50000,46.0,https://www.edmunds.com/audi/sq5-sportback/2026/trims/,IIHS,17.2,model-specific,,,100.0,65.94498063223148,67.05914125028733,72.7345076400679,66.66666666666666,75.0,89.97823383084577,68.22916666666667,93.40277777777777,50.0
Audi,SQ5 Sportback,Prestige,2026,yes,SUV,4,5,AWD,Gas,73200.0,1295.0,74495.0,21.0,28.0,23.0,396.0,5.0,,40.6,38.0,,38.0,37.9,,no,25.4,53.3,,,3.0,362.0,406.0,4.3,155.0,4.0,4,50000,4,50000,46.0,https://www.edmunds.com/audi/sq5-sportback/2026/trims/,IIHS,17.2,model-specific,,,100.0,65.94498063223148,67.05914125028733,72.7345076400679,66.66666666666666,83.33333333333333,89.1490464344942,68.22916666666667,93.40277777777777,50.0
Audi,Q7,Premium,2026,no,SUV,4,7,AWD,Gas,62100.0,1295.0,63395.0,20.0,26.0,22.0,495.0,5.0,,41.7,38.8,29.0,39.9,38.8,36.0,yes,13.6,,4400.0,,3.0,261.0,273.0,6.7,130.0,2.0,4,50000,4,50000,57.0,https://www.edmunds.com/audi/q7/2026/trims/,NHTSA,22.5,model-specific,,,100.0,74.79665152124736,51.282068616574236,81.39855687606112,66.66666666666666,66.66666666666666,91.45004145936983,61.067708333333336,60.06944444444444,70.64220183486239
Audi,Q7,Premium Plus,2026,no,SUV,4,7,AWD,Gas,65900.0,1295.0,67195.0,20.0,26.0,22.0,495.0,5.0,,41.7,38.8,29.0,39.9,38.8,36.0,yes,13.6,,4400.0,,3.0,261.0,273.0,6.7,130.0,2.0,4,50000,4,50000,57.0,https://www.edmunds.com/audi/q7/2026/trims/,NHTSA,22.5,model-specific,,,100.0,74.79665152124736,51.282068616574236,81.39855687606112,66.66666666666666,66.66666666666666,90.66231343283582,61.067708333333336,60.06944444444444,70.64220183486239
Audi,Q7,Prestige,2026,no,SUV,4,7,AWD,Gas,77000.0,1295.0,78295.0,18.0,23.0,20.0,450.0,5.0,,41.7,38.8,29.0,39.9,38.8,36.0,yes,13.6,,7700.0,,3.0,335.0,369.0,5.5,130.0,2.0,4,50000,4,50000,57.0,https://www.edmunds.com/audi/q7/2026/trims/,NHTSA,22.5,model-specific,,,100.0,74.79665152124736,51.282068616574236,74.23068760611206,66.66666666666666,66.66666666666666,88.3613184079602,61.067708333333336,64.23611111111111,89.56422018348624
Audi,SQ7,Premium Plus,2026,yes,SUV,4,7,AWD,Gas,93800.0,1295.0,95095.0,14.0,20.0,16.0,360.0,4.5,,41.3,38.8,29.0,39.9,38.8,36.0,yes,13.6,,,,3.0,500.0,568.0,4.1,155.0,3.0,4,50000,4,50000,50.0,https://www.edmunds.com/audi/sq7/2026/trims/,IIHS,22.5,model-specific,,,93.75,74.17217914707126,51.282068616574236,59.894949066213925,66.66666666666666,75.0,84.87873134328359,65.625,94.09722222222223,50.0
Audi,SQ7,Prestige,2026,yes,SUV,4,7,AWD,Gas,99800.0,1295.0,101095.0,14.0,20.0,16.0,360.0,4.5,,41.3,38.8,29.0,39.9,38.8,36.0,yes,13.6,,,,3.0,500.0,568.0,4.1,155.0,4.0,4,50000,4,50000,50.0,https://www.edmunds.com/audi/sq7/2026/trims/,IIHS,22.5,model-specific,,,93.75,74.17217914707126,51.282068616574236,59.894949066213925,66.66666666666666,83.33333333333333,83.63495024875621,65.625,94.09722222222223,50.0
Audi,Q4 e-tron,45 Premium,2026,no,SUV,5,5,RWD,EV,50600.0,1295.0,51895.0,125.0,104.0,115.0,288.0,5.0,,41.2,37.2,,38.5,38.3,,no,24.8,53.1,,,3.0,282.0,,6.3,,2.0,4,50000,4,50000,56.0,https://www.edmunds.com/audi/q4-e-tron/2026/trims/,NHTSA,,model-specific,,,100.0,68.42974218604824,66.31072230931755,76.77549194991056,66.66666666666666,66.66666666666666,93.8339552238806,61.71875,61.458333333333336,50.0
Audi,Q4 e-tron,45 Premium Plus,2026,no,SUV,5,5,RWD,EV,55100.0,1295.0,56395.0,125.0,104.0,115.0,288.0,5.0,,41.2,37.2,,38.5,38.3,,no,24.8,53.1,,,3.0,282.0,,6.3,,3.0,4,50000,4,50000,56.0,https://www.edmunds.com/audi/q4-e-tron/2026/trims/,NHTSA,,model-specific,,,100.0,68.42974218604824,66.31072230931755,76.77549194991056,66.66666666666666,75.0,92.90111940298507,61.71875,61.458333333333336,50.0
Audi,Q4 e-tron,55 Premium,2026,no,SUV,5,5,AWD,EV,56000.0,1295.0,57295.0,,,,258.0,5.0,,41.2,37.2,,38.5,38.3,,no,24.8,53.1,,,3.0,335.0,,5.0,,2.0,4,50000,4,50000,56.0,https://www.edmunds.com/audi/q4-e-tron/2026/trims/,NHTSA,,model-specific,,,100.0,68.42974218604824,66.31072230931755,61.15384615384615,66.66666666666666,66.66666666666666,92.71455223880596,61.71875,65.97222222222223,50.0
Audi,Q4 e-tron,55 Premium Plus,2026,no,SUV,5,5,AWD,EV,60500.0,1295.0,61795.0,,,,258.0,5.0,,41.2,37.2,,38.5,38.3,,no,24.8,53.1,,,3.0,335.0,,5.0,,3.0,4,50000,4,50000,56.0,https://www.edmunds.com/audi/q4-e-tron/2026/trims/,NHTSA,,model-specific,,,100.0,68.42974218604824,66.31072230931755,61.15384615384615,66.66666666666666,75.0,91.78171641791045,61.71875,65.97222222222223,50.0
Audi,Q4 Sportback e-tron,Premium,2026,no,SUV,4,5,AWD,EV,59000.0,1295.0,60295.0,105.0,89.0,97.0,251.0,5.0,,41.2,37.2,,38.5,37.0,,no,26.1,54.4,,,3.0,335.0,,5.0,,2.0,4,50000,4,50000,56.0,https://www.edmunds.com/audi/q4-sportback-e-tron/2026/trims/,NHTSA,,model-specific,,,100.0,64.08073815160763,68.05040317272132,67.98524150268337,66.66666666666666,66.66666666666666,92.09266169154229,61.71875,65.97222222222223,50.0
Audi,Q4 Sportback e-tron,Premium Plus,2026,no,SUV,4,5,AWD,EV,63500.0,1295.0,64795.0,105.0,89.0,97.0,251.0,5.0,,41.2,37.2,,38.5,37.0,,no,26.1,54.4,,,3.0,335.0,,5.0,,3.0,4,50000,4,50000,56.0,https://www.edmunds.com/audi/q4-sportback-e-tron/2026/trims/,NHTSA,,model-specific,,,100.0,64.08073815160763,68.05040317272132,67.98524150268337,66.66666666666666,75.0,91.15982587064676,61.71875,65.97222222222223,50.0
BMW,2 Series,230i,2026,no,Coupe,2,4,RWD,Gas,43550.0,1350.0,44900.0,26.0,35.0,30.0,411.0,,,41.8,32.2,,39.8,35.0,,no,13.8,,,,2.5,255.0,295.0,5.5,130.0,2.0,4,50000,4,50000,48.3,https://www.edmunds.com/bmw/2-series/2026/trims/,,13.7,model-specific,,,50.0,79.31463626611162,75.40983606557377,93.75,62.5,75.0,97.34470484146416,56.25000000000001,55.42299349240781,50.0
BMW,2 Series,230i xDrive,2026,no,Coupe,2,4,AWD,Gas,45550.0,1350.0,46900.0,25.0,33.0,28.0,384.0,,,41.8,32.2,,39.8,35.0,,no,13.8,,,,2.5,255.0,295.0,5.5,130.0,2.0,4,50000,4,50000,48.3,https://www.edmunds.com/bmw/2-series/2026/trims/,,13.7,model-specific,,,50.0,79.31463626611162,75.40983606557377,87.5,62.5,75.0,96.933190675089,56.25000000000001,55.42299349240781,50.0
BMW,2 Series,M240i,2026,yes,Coupe,2,4,RWD,Gas,54950.0,1350.0,56300.0,23.0,32.0,26.0,356.0,,,41.8,32.2,,38.1,34.7,,no,13.8,,,,2.5,382.0,369.0,4.5,130.0,2.0,4,50000,4,50000,48.3,https://www.edmunds.com/bmw/2-series/2026/trims/,,13.7,model-specific,,,50.0,68.46324943727457,75.40983606557377,81.13425925925927,62.5,75.0,94.99907409312566,56.25000000000001,85.84598698481562,50.0
BMW,2 Series,M240i xDrive,2026,yes,Coupe,2,4,AWD,Gas,56950.0,1350.0,58300.0,23.0,32.0,26.0,356.0,,,41.8,32.2,,38.1,34.7,,no,13.8,,,,2.5,382.0,369.0,4.5,130.0,2.0,4,50000,4,50000,48.3,https://www.edmunds.com/bmw/2-series/2026/trims/,,13.7,model-specific,,,50.0,68.46324943727457,75.40983606557377,81.13425925925927,62.5,75.0,94.58755992675049,56.25000000000001,85.84598698481562,50.0
BMW,M2,Base,2026,yes,Coupe,2,4,RWD,Gas,69375.0,1175.0,70550.0,16.0,23.0,19.0,260.0,,,41.8,32.2,,38.1,34.7,,no,13.8,,,,2.5,473.0,406.0,4.1,155.0,2.0,4,50000,4,50000,48.0,https://www.edmunds.com/bmw/m2/2026/trims/,,13.7,model-specific,,,50.0,68.46324943727457,75.40983606557377,59.08564814814815,62.5,75.0,92.06703565770252,56.50337837837838,88.01518438177874,50.0
BMW,M2,CS,2026,yes,Coupe,2,4,RWD,Gas,99775.0,1175.0,100950.0,16.0,23.0,19.0,260.0,,,41.8,32.2,,39.8,35.0,,no,13.8,,,,2.5,523.0,479.0,3.7,188.0,4.0,4,50000,4,50000,48.0,https://www.edmunds.com/bmw/m2-cs/2026/trims/,,13.7,model-specific,,,50.0,79.31463626611162,75.40983606557377,59.08564814814815,62.5,100.0,85.81202032879982,56.50337837837838,90.18438177874187,50.0
BMW,2 Series Gran Coupe,228,2026,no,Sedan,4,5,FWD,Gas,41350.0,1350.0,42700.0,27.0,39.0,31.0,400.0,,,,,,,,,no,12.0,,,,2.5,241.0,295.0,6.1,,3.0,4,50000,4,50000,48.3,https://www.edmunds.com/bmw/2-series-gran-coupe/2026/trims/,,12.9,model-specific,,,50.0,50.0,61.349693251533736,81.50466372115856,60.0,80.0,95.77798338950939,68.05177111716621,60.61643835616438,50.0
BMW,2 Series Gran Coupe,228 xDrive,2026,no,Sedan,4,5,AWD,Gas,43350.0,1350.0,44700.0,26.0,38.0,30.0,396.0,,,,,,,,,no,12.0,,,,2.5,241.0,295.0,5.8,,3.0,4,50000,4,50000,48.3,https://www.edmunds.com/bmw/2-series-gran-coupe/2026/trims/,,13.2,model-specific,,,50.0,50.0,61.349693251533736,79.97054491899853,60.0,80.0,95.33738682175667,68.05177111716621,61.64383561643835,50.0
BMW,2 Series Gran Coupe,M235 xDrive,2026,yes,Sedan,4,5,AWD,Gas,51350.0,1350.0,52700.0,24.0,33.0,27.0,356.0,,,,,,,,,no,12.0,,,,2.5,312.0,295.0,4.7,,3.0,4,50000,4,50000,48.3,https://www.edmunds.com/bmw/2-series-gran-coupe/2026/trims/,,13.2,model-specific,,,50.0,50.0,61.349693251533736,72.96269023073147,60.0,80.0,93.5750005507457,68.05177111716621,90.41095890410959,50.0
BMW,3 Series,330i,2026,no,Sedan,4,5,RWD,Gas,49350.0,1350.0,50700.0,28.0,35.0,31.0,484.0,5.0,,42.0,35.2,,38.7,37.6,,no,16.9,,,,2.5,255.0,295.0,5.6,,3.0,4,50000,4,50000,53.0,https://www.edmunds.com/bmw/3-series/2026/trims/,NHTSA,15.6,model-specific,,,100.0,67.04284879392429,76.3803680981595,88.72115856651939,60.0,80.0,94.01559711849845,64.85013623978202,62.328767123287676,50.0
BMW,3 Series,330i xDrive,2026,no,Sedan,4,5,AWD,Gas,51350.0,1350.0,52700.0,26.0,34.0,29.0,452.0,5.0,,42.0,35.2,,38.7,37.6,,no,16.9,,,,2.5,255.0,295.0,5.4,,3.0,4,50000,4,50000,53.0,https://www.edmunds.com/bmw/3-series/2026/trims/,NHTSA,15.6,model-specific,,,100.0,67.04284879392429,76.3803680981595,83.59106529209622,60.0,80.0,93.5750005507457,64.85013623978202,63.013698630136986,50.0
BMW,3 Series,M340i,2026,yes,Sedan,4,5,RWD,Gas,63650.0,1350.0,65000.0,27.0,33.0,29.0,452.0,5.0,,42.0,35.2,,38.7,37.6,,no,16.9,,,,2.5,386.0,398.0,4.4,155.0,3.0,4,50000,4,50000,53.0,https://www.edmunds.com/bmw/3-series/2026/trims/,NHTSA,15.6,model-specific,,,100.0,67.04284879392429,76.3803680981595,83.59106529209622,60.0,80.0,90.86533165906638,64.85013623978202,91.43835616438356,50.0
BMW,3 Series,M340i xDrive,2026,yes,Sedan,4,5,AWD,Gas,65650.0,1350.0,67000.0,26.0,33.0,29.0,452.0,5.0,,42.0,35.2,,38.7,37.6,,no,16.9,,,,2.5,386.0,398.0,4.1,155.0,3.0,4,50000,4,50000,53.0,https://www.edmunds.com/bmw/3-series/2026/trims/,NHTSA,15.6,model-specific,,,100.0,67.04284879392429,76.3803680981595,83.59106529209622,60.0,80.0,90.42473509131364,64.85013623978202,92.46575342465754,50.0
BMW,M3,Base,2026,yes,Sedan,4,5,RWD,Gas,80650.0,1350.0,82000.0,16.0,23.0,19.0,296.0,,,41.6,35.6,,40.6,37.8,,no,16.9,,,,2.5,473.0,406.0,4.1,155.0,3.0,4,50000,4,50000,49.0,https://www.edmunds.com/bmw/m3/2026/trims/,,15.6,model-specific,,,50.0,74.80435537134647,76.3803680981595,58.28424153166421,60.0,80.0,87.12026083316812,67.57493188010899,92.46575342465754,50.0
BMW,M3,Competition,2026,yes,Sedan,4,5,RWD,Gas,84850.0,1350.0,86200.0,16.0,23.0,19.0,296.0,,,41.6,35.6,,40.6,37.8,,no,16.9,,,,2.5,503.0,479.0,3.8,155.0,3.0,4,50000,4,50000,49.0,https://www.edmunds.com/bmw/m3/2026/trims/,,15.6,model-specific,,,50.0,74.80435537134647,76.3803680981595,58.28424153166421,60.0,80.0,86.19500804088736,67.57493188010899,93.4931506849315,50.0
BMW,M3,Competition xDrive,2026,yes,Sedan,4,5,AWD,Gas,89950.0,1350.0,91300.0,16.0,23.0,18.0,281.0,,,41.6,35.6,,40.6,37.8,,no,16.9,,,,2.5,523.0,479.0,3.4,180.0,3.0,4,50000,4,50000,49.0,https://www.edmunds.com/bmw/m3/2026/trims/,,15.6,model-specific,,,50.0,74.80435537134647,76.3803680981595,55.805105547373586,60.0,80.0,85.07148679311788,67.57493188010899,94.86301369863014,50.0
BMW,4 Series,430i,2026,no,Coupe,2,4,RWD,Gas,62650.0,1350.0,64000.0,27.0,35.0,30.0,465.0,,,41.8,32.5,,38.0,35.2,,no,10.6,,,,2.5,255.0,295.0,5.3,130.0,3.0,4,50000,4,50000,48.7,https://www.edmunds.com/bmw/4-series/2026/trims/,,15.5,model-specific,,,50.0,70.64874300828097,66.66666666666666,100.0,62.5,87.5,93.41474455258123,55.91216216216216,56.50759219088937,50.0
BMW,4 Series,430i xDrive,2026,no,Coupe,2,4,AWD,Gas,64650.0,1350.0,66000.0,24.0,33.0,28.0,434.0,,,41.8,32.5,,38.0,35.2,,no,10.6,,,,2.5,255.0,295.0,5.3,130.0,3.0,4,50000,4,50000,48.7,https://www.edmunds.com/bmw/4-series/2026/trims/,,15.5,model-specific,,,50.0,70.64874300828097,66.66666666666666,93.28703703703704,62.5,87.5,93.00323038620604,55.91216216216216,56.50759219088937,50.0
BMW,4 Series,M440i,2026,yes,Coupe,2,4,RWD,Gas,76550.0,1350.0,77900.0,27.0,33.0,29.0,450.0,,,41.8,32.5,,38.0,35.2,,no,10.6,,,,2.5,386.0,398.0,4.2,155.0,3.0,4,50000,4,50000,48.7,https://www.edmunds.com/bmw/4-series/2026/trims/,,15.5,model-specific,,,50.0,70.64874300828097,66.66666666666666,96.70138888888889,62.5,87.5,90.55472109627374,55.91216216216216,87.47288503253796,50.0
BMW,4 Series,M440i xDrive,2026,yes,Coupe,2,4,AWD,Gas,78550.0,1350.0,79900.0,25.0,32.0,28.0,434.0,,,41.8,32.5,,38.0,35.2,,no,10.6,,,,2.5,386.0,398.0,4.2,155.0,3.0,4,50000,4,50000,48.7,https://www.edmunds.com/bmw/4-series/2026/trims/,,15.5,model-specific,,,50.0,70.64874300828097,66.66666666666666,93.28703703703704,62.5,87.5,90.14320692989855,55.91216216216216,87.47288503253796,50.0
BMW,4 Series Convertible,430i,2026,no,Convertible,2,4,RWD,Gas,61300.0,1350.0,62650.0,,,,,,,41.8,32.5,,40.6,36.1,,no,10.6,,,,2.5,255.0,295.0,5.3,130.0,3.0,4,50000,4,50000,53.2,https://www.edmunds.com/bmw/4-series/2026/convertible/,,15.6,model-specific,,,50.0,97.71392845493091,79.75206611570248,50.0,62.5,87.5,93.97963743758137,50.0,60.714285714285715,50.0
BMW,4 Series Convertible,430i xDrive,2026,no,Convertible,2,4,AWD,Gas,63300.0,1350.0,64650.0,,,,,,,41.8,32.5,,40.6,36.1,,no,10.6,,,,2.5,255.0,295.0,5.3,130.0,3.0,4,50000,4,50000,53.2,https://www.edmunds.com/bmw/4-series/2026/convertible/,,15.6,model-specific,,,50.0,97.71392845493091,79.75206611570248,50.0,62.5,87.5,93.59103891814172,50.0,60.714285714285715,50.0
BMW,4 Series Convertible,M440i,2026,yes,Convertible,2,4,RWD,Gas,75200.0,1350.0,76550.0,,,,,,,41.8,32.5,,40.6,36.1,,no,10.6,,,,2.5,386.0,398.0,4.2,155.0,3.0,4,50000,4,50000,53.2,https://www.edmunds.com/bmw/4-series/2026/convertible/,,15.6,model-specific,,,50.0,97.71392845493091,79.75206611570248,50.0,62.5,87.5,91.27887772747586,50.0,91.3265306122449,50.0
BMW,4 Series Convertible,M440i xDrive,2026,yes,Convertible,2,4,AWD,Gas,77200.0,1350.0,78550.0,,,,,,,41.8,32.5,,40.6,36.1,,no,10.6,,,,2.5,386.0,398.0,4.2,155.0,3.0,4,50000,4,50000,53.2,https://www.edmunds.com/bmw/4-series/2026/convertible/,,15.6,model-specific,,,50.0,97.71392845493091,79.75206611570248,50.0,62.5,87.5,90.89027920803622,50.0,91.3265306122449,50.0
BMW,4 Series Gran Coupe,430i,2026,no,Sedan,4,5,RWD,Gas,52550.0,1350.0,53900.0,27.0,35.0,30.0,468.0,,,41.5,34.9,,38.6,36.6,,no,16.6,45.6,,,2.5,255.0,295.0,5.3,130.0,3.0,4,50000,4,50000,55.9,https://www.edmunds.com/bmw/4-series-gran-coupe/2026/trims/,,15.6,model-specific,,,50.0,58.258563286134105,75.4601226993865,86.1561119293078,60.0,80.0,93.31064261009408,62.87465940054496,63.35616438356165,50.0
BMW,4 Series Gran Coupe,430i xDrive,2026,no,Sedan,4,5,AWD,Gas,54550.0,1350.0,55900.0,25.0,34.0,29.0,452.0,,,41.5,34.9,,38.6,36.6,,no,16.6,45.6,,,2.5,255.0,295.0,5.3,130.0,3.0,4,50000,4,50000,55.9,https://www.edmunds.com/bmw/4-series-gran-coupe/2026/trims/,,15.6,model-specific,,,50.0,58.258563286134105,75.4601226993865,83.59106529209622,60.0,80.0,92.87004604234133,62.87465940054496,63.35616438356165,50.0
BMW,4 Series Gran Coupe,M440i,2026,yes,Sedan,4,5,RWD,Gas,66450.0,1350.0,67800.0,26.0,32.0,28.0,437.0,,,41.5,34.9,,38.6,36.6,,no,16.6,45.6,,,2.5,386.0,398.0,4.2,155.0,3.0,4,50000,4,50000,55.9,https://www.edmunds.com/bmw/4-series-gran-coupe/2026/trims/,,15.6,model-specific,,,50.0,58.258563286134105,75.4601226993865,81.1119293078056,60.0,80.0,90.24849646421254,62.87465940054496,92.12328767123287,50.0
BMW,4 Series Gran Coupe,M440i xDrive,2026,yes,Sedan,4,5,AWD,Gas,68450.0,1350.0,69800.0,25.0,31.0,27.0,421.0,,,41.5,34.9,,38.6,36.6,,no,16.6,45.6,,,2.5,386.0,398.0,4.2,155.0,3.0,4,50000,4,50000,55.9,https://www.edmunds.com/bmw/4-series-gran-coupe/2026/trims/,,15.6,model-specific,,,50.0,58.258563286134105,75.4601226993865,78.54688267059402,60.0,80.0,89.80789989645982,62.87465940054496,92.12328767123287,50.0
BMW,M4,Base,2026,yes,Coupe,2,4,RWD,Gas,83550.0,1350.0,84900.0,16.0,23.0,19.0,296.0,,,41.7,34.7,,40.3,35.8,,no,15.5,,,,2.5,473.0,406.0,4.1,155.0,3.0,4,50000,4,50000,39.0,https://www.edmunds.com/bmw/m4/2026/trims/,,15.6,model-specific,,,50.0,90.64691001367302,80.05464480874318,63.25231481481481,62.5,87.5,89.11442151396062,64.10472972972973,88.01518438177874,50.0
BMW,M4,Competition,2026,yes,Coupe,2,4,RWD,Gas,87750.0,1350.0,89100.0,16.0,23.0,19.0,296.0,,,41.7,34.7,,40.3,35.8,,no,15.5,,,,2.5,503.0,479.0,3.8,155.0,3.0,4,50000,4,50000,39.0,https://www.edmunds.com/bmw/m4/2026/trims/,,15.6,model-specific,,,50.0,90.64691001367302,80.05464480874318,63.25231481481481,62.5,87.5,88.25024176457275,64.10472972972973,89.64208242950109,50.0
BMW,M4,Competition xDrive,2026,yes,Coupe,2,4,AWD,Gas,92850.0,1350.0,94200.0,16.0,23.0,18.0,281.0,,,41.7,34.7,,40.3,35.8,,no,15.5,,,,2.5,523.0,479.0,3.4,180.0,3.0,4,50000,4,50000,39.0,https://www.edmunds.com/bmw/m4/2026/trims/,,15.6,model-specific,,,50.0,90.64691001367302,80.05464480874318,59.9537037037037,62.5,87.5,87.20088064031604,64.10472972972973,91.81127982646422,50.0
BMW,M4 Convertible,Competition xDrive,2026,yes,Convertible,2,4,AWD,Gas,99750.0,1350.0,101100.0,,,18.0,281.0,,,41.8,32.5,,40.6,36.1,,no,15.5,,,,2.5,523.0,,3.6,180.0,3.0,4,50000,4,50000,39.0,https://www.edmunds.com/bmw/m4/2026/convertible/,,15.6,model-specific,,,50.0,97.71392845493091,100.0,51.69491525423729,62.5,87.5,86.50883090135426,69.24119241192412,94.38775510204081,50.0
BMW,i4,eDrive40,2026,no,Sedan,4,5,RWD,EV,59075.0,1175.0,60250.0,121.0,115.0,118.0,333.0,,,41.5,34.2,,38.2,36.6,,no,16.6,45.6,,,2.5,335.0,317.0,5.5,,2.0,4,50000,4,50000,54.0,https://www.edmunds.com/bmw/i4/2026/trims/,,,model-specific,,,50.0,55.722782028717944,75.4601226993865,74.02917405874236,60.0,70.0,91.91174850747913,64.16893732970027,62.67123287671233,50.0
BMW,i4,xDrive40,2026,no,Sedan,4,5,AWD,EV,63475.0,1175.0,64650.0,99.0,103.0,101.0,287.0,,,41.5,34.2,,38.2,36.6,,no,16.6,45.6,,,2.5,396.0,443.0,4.9,,2.0,4,50000,4,50000,54.0,https://www.edmunds.com/bmw/i4/2026/trims/,,,model-specific,,,50.0,55.722782028717944,75.4601226993865,64.12995269071556,60.0,70.0,90.94243605842311,64.16893732970027,64.72602739726027,50.0
BMW,i4,M60,2026,yes,Sedan,4,5,AWD,EV,71875.0,1175.0,73050.0,99.0,96.0,98.0,278.0,,,41.5,34.2,,38.2,36.6,,no,16.6,45.6,,,2.5,593.0,586.0,3.6,,2.0,4,50000,4,50000,54.0,https://www.edmunds.com/bmw/i4/2026/trims/,,,model-specific,,,50.0,55.722782028717944,75.4601226993865,62.30041395623891,60.0,70.0,89.09193047386161,64.16893732970027,94.17808219178082,50.0
BMW,5 Series,530i,2026,no,Sedan,4,5,RWD,Gas,61950.0,1450.0,63400.0,28.0,35.0,31.0,493.0,4.5,,41.3,37.0,,38.8,37.5,,no,18.4,,,,2.5,255.0,295.0,5.9,155.0,3.0,4,50000,4,50000,55.9,https://www.edmunds.com/bmw/5-series/2026/trims/,IIHS,15.9,model-specific,,,93.75,66.19886416594996,80.98159509202453,89.49435444280805,60.0,80.0,91.21780891326857,62.87465940054496,61.3013698630137,50.0
BMW,5 Series,530i xDrive,2026,no,Sedan,4,5,AWD,Gas,64250.0,1450.0,65700.0,27.0,35.0,30.0,477.0,4.5,,41.3,37.0,,38.8,37.5,,no,18.4,,,,2.5,255.0,295.0,5.8,155.0,3.0,4,50000,4,50000,55.9,https://www.edmunds.com/bmw/5-series/2026/trims/,IIHS,15.9,model-specific,,,93.75,66.19886416594996,80.98159509202453,86.92930780559647,60.0,80.0,90.71112286035292,62.87465940054496,61.64383561643835,50.0
BMW,5 Series,540i xDrive,2026,no,Sedan,4,5,AWD,Gas,69150.0,1450.0,70600.0,26.0,32.0,28.0,445.0,4.5,,41.3,37.0,,38.8,37.5,,no,18.4,,,,2.5,375.0,398.0,4.4,155.0,3.0,4,50000,4,50000,55.9,https://www.edmunds.com/bmw/5-series/2026/trims/,IIHS,15.9,model-specific,,,93.75,66.19886416594996,80.98159509202453,81.79921453117329,60.0,80.0,89.63166126935872,62.87465940054496,66.43835616438356,50.0
BMW,5 Series,550e xDrive,2026,no,Sedan,4,5,AWD,PHEV,76950.0,1450.0,78400.0,22.0,28.0,25.0,,4.5,,41.3,36.5,,38.8,37.5,,no,18.4,,,,2.5,483.0,516.0,4.1,155.0,3.0,4,50000,4,50000,55.9,https://www.edmunds.com/bmw/5-series/2026/trims/,IIHS,,model-specific,,,93.75,65.55704751531454,80.98159509202453,100.0,60.0,80.0,87.91333465512304,62.87465940054496,67.46575342465754,50.0
BMW,M5,Base,2026,yes,Sedan,4,5,AWD,PHEV,126850.0,1450.0,128300.0,12.0,19.0,14.0,,,,41.3,36.2,,39.0,37.5,,no,16.5,,,,2.5,717.0,738.0,3.4,,3.0,4,50000,4,50000,46.0,https://www.edmunds.com/bmw/m5/2026/trims/,,,model-specific,,,50.0,65.99057649819659,75.15337423312883,50.0,60.0,80.0,76.92045028969224,69.61852861035422,94.86301369863014,50.0
BMW,M5 Touring,Base,2026,yes,Wagon,4,5,AWD,PHEV,125300.0,1450.0,126750.0,12.0,19.0,14.0,,,,,,,,,,no,17.7,,,,2.5,717.0,738.0,3.5,,3.0,4,50000,4,50000,,https://www.edmunds.com/bmw/m5/2026/trims/,,,,,,50.0,50.0,51.57232704402516,76.47058823529412,75.0,66.66666666666666,78.81296946144253,50.0,94.87179487179488,50.0
BMW,i5,eDrive40,2026,no,Sedan,4,5,RWD,EV,68275.0,1175.0,69450.0,114.0,106.0,110.0,310.0,,,41.3,36.5,,38.8,37.5,,no,17.3,,,,2.5,335.0,295.0,5.7,,3.0,4,50000,4,50000,54.0,https://www.edmunds.com/bmw/i5/2026/trims/,,,model-specific,,,50.0,65.55704751531454,77.60736196319019,69.24403705893948,60.0,80.0,89.88500429581654,64.16893732970027,61.986301369863014,50.0
BMW,i5,xDrive40,2026,no,Sedan,4,5,AWD,EV,71275.0,1175.0,72450.0,99.0,97.0,98.0,278.0,,,41.3,36.5,,38.8,37.5,,no,17.3,,,,2.5,389.0,435.0,5.2,,3.0,4,50000,4,50000,54.0,https://www.edmunds.com/bmw/i5/2026/trims/,,,model-specific,,,50.0,65.55704751531454,77.60736196319019,62.30041395623891,60.0,80.0,89.22410944418743,64.16893732970027,63.6986301369863,50.0
BMW,i5,M60,2026,yes,Sedan,4,5,AWD,EV,85275.0,1175.0,86450.0,100.0,98.0,99.0,277.0,,,41.3,36.5,,38.8,37.5,,no,17.3,,,,2.5,593.0,586.0,3.7,,3.0,4,50000,4,50000,54.0,https://www.edmunds.com/bmw/i5/2026/trims/,,,model-specific,,,50.0,65.55704751531454,77.60736196319019,62.53572836585847,60.0,80.0,86.13993346991828,64.16893732970027,93.83561643835617,50.0
BMW,7 Series,740i,2026,no,Sedan,4,5,RWD,Gas,100850.0,1550.0,102400.0,25.0,31.0,28.0,546.0,,,41.2,43.3,,39.8,38.6,,no,19.1,,,,2.5,375.0,398.0,5.2,130.0,4.0,4,50000,4,50000,61.8,https://www.edmunds.com/bmw/7-series/2026/trims/,,19.5,model-specific,,,50.0,84.40287801031205,83.12883435582822,90.47619047619048,60.0,90.0,82.62617584209019,58.85558583106267,63.6986301369863,50.0
BMW,7 Series,740i xDrive,2026,no,Sedan,4,5,AWD,Gas,103850.0,1550.0,105400.0,24.0,31.0,27.0,526.0,,,41.2,43.3,,39.8,38.6,,no,19.1,,,,2.5,375.0,398.0,4.9,130.0,4.0,4,50000,4,50000,61.8,https://www.edmunds.com/bmw/7-series/2026/trims/,,19.5,model-specific,,,50.0,84.40287801031205,83.12883435582822,87.56750122729504,60.0,90.0,81.96528099046108,58.85558583106267,64.72602739726027,50.0
BMW,7 Series,750e xDrive,2026,no,Sedan,4,5,AWD,PHEV,111550.0,1550.0,113100.0,23.0,26.0,24.0,,,,41.2,42.8,,39.8,38.6,,no,18.5,,,,2.5,483.0,516.0,4.6,130.0,4.0,4,50000,4,50000,61.8,https://www.edmunds.com/bmw/7-series/2026/trims/,,,model-specific,,,50.0,83.76106135967663,81.28834355828221,95.45454545454545,60.0,90.0,80.26898420461305,58.85558583106267,65.75342465753425,50.0
BMW,7 Series,760i xDrive,2026,no,Sedan,4,5,AWD,Gas,126250.0,1550.0,127800.0,18.0,25.0,20.0,390.0,,,41.2,43.3,,39.8,38.6,,no,19.1,,,,2.5,536.0,553.0,4.1,130.0,4.0,4,50000,4,50000,61.8,https://www.edmunds.com/bmw/7-series/2026/trims/,,19.5,model-specific,,,50.0,84.40287801031205,83.12883435582822,67.55031909671085,60.0,90.0,77.03059943163042,58.85558583106267,67.46575342465754,50.0
BMW,i7,eDrive50,2026,no,Sedan,4,5,RWD,EV,106875.0,1175.0,108050.0,85.0,93.0,88.0,314.0,,,41.2,42.8,,39.8,38.6,,no,17.7,,,,2.5,449.0,479.0,5.3,,2.0,4,50000,4,50000,55.0,https://www.edmunds.com/bmw/i7/2026/trims/,,,model-specific,,,50.0,83.76106135967663,78.83435582822085,62.38172678888232,60.0,70.0,81.3814905381887,63.48773841961853,63.35616438356165,50.0
BMW,i7,xDrive60,2026,no,Sedan,4,5,AWD,EV,125375.0,1175.0,126550.0,81.0,85.0,83.0,296.0,,,41.2,42.8,,39.8,38.6,,no,17.7,,,,2.5,536.0,549.0,4.5,,2.0,4,50000,4,50000,55.0,https://www.edmunds.com/bmw/i7/2026/trims/,,,model-specific,,,50.0,83.76106135967663,78.83435582822085,59.05159668835009,60.0,70.0,77.30597228647589,63.48773841961853,66.0958904109589,50.0
BMW,i7,M70 xDrive,2026,yes,Sedan,4,5,AWD,EV,169675.0,1175.0,170850.0,77.0,83.0,79.0,285.0,,,41.2,42.8,,39.8,38.6,,no,17.7,,,,2.5,650.0,749.0,3.5,,2.0,4,50000,4,50000,55.0,https://www.edmunds.com/bmw/i7/2026/trims/,,,model-specific,,,50.0,83.76106135967663,78.83435582822085,56.7058446678494,60.0,70.0,67.54675831075275,63.48773841961853,94.52054794520548,50.0
BMW,X1,xDrive28i,2026,no,SUV,5,5,AWD,Gas,44550.0,1350.0,45900.0,25.0,34.0,28.0,400.0,4.0,,40.4,37.0,,42.1,39.3,,no,25.7,57.2,,,2.5,241.0,295.0,6.2,130.0,2.0,4,50000,4,50000,48.0,https://www.edmunds.com/bmw/x1/2026/trims/,NHTSA,14.3,model-specific,,,87.5,78.43059913241103,67.95120225956055,79.71668081494057,58.33333333333333,66.66666666666666,95.07669983416253,66.92708333333334,61.80555555555556,50.0
BMW,X1,M35i xDrive,2026,yes,SUV,5,5,AWD,Gas,53750.0,1350.0,55100.0,24.0,32.0,27.0,386.0,4.0,,40.4,37.0,,42.1,39.3,,no,25.7,57.2,,,2.5,312.0,295.0,5.2,155.0,3.0,4,50000,4,50000,48.0,https://www.edmunds.com/bmw/x1/2026/trims/,NHTSA,14.3,model-specific,,,87.5,78.43059913241103,67.95120225956055,76.98960101867571,58.33333333333333,75.0,93.1695688225539,66.92708333333334,90.27777777777777,50.0
BMW,X2,xDrive28i,2026,no,SUV,4,5,AWD,Gas,46050.0,1350.0,47400.0,24.0,34.0,28.0,400.0,4.5,,40.3,36.7,,40.1,37.1,,no,25.3,51.7,,,2.5,241.0,295.0,6.2,130.0,3.0,4,50000,4,50000,53.0,https://www.edmunds.com/bmw/x2/2026/trims/,IIHS,14.3,model-specific,,,93.75,65.57023753525817,66.72090456430945,79.71668081494057,58.33333333333333,75.0,94.76575456053068,63.671875,61.80555555555556,50.0
BMW,X2,M35i,2026,yes,SUV,4,5,AWD,Gas,55250.0,1350.0,56600.0,23.0,31.0,26.0,372.0,4.5,,40.3,36.7,,40.1,37.1,,no,25.3,51.7,,,2.5,312.0,295.0,5.2,155.0,3.0,4,50000,4,50000,53.0,https://www.edmunds.com/bmw/x2/2026/trims/,IIHS,14.3,model-specific,,,93.75,65.57023753525817,66.72090456430945,74.26252122241087,58.33333333333333,75.0,92.85862354892205,63.671875,90.27777777777777,50.0
BMW,X3,30 xDrive,2026,no,SUV,5,5,AWD,Gas,52650.0,1350.0,54000.0,27.0,33.0,29.0,499.0,4.0,,40.2,36.3,,,,,no,31.5,67.1,,,2.5,255.0,295.0,6.0,,3.0,4,50000,4,50000,54.0,https://www.edmunds.com/bmw/x3/2026/trims/,NHTSA,17.2,model-specific,,,87.5,66.12767783741727,76.27158989744731,91.0123089983022,58.33333333333333,75.0,93.39759535655057,63.020833333333336,62.5,50.0
BMW,X3,M50 xDrive,2026,yes,SUV,5,5,AWD,Gas,67850.0,1350.0,69200.0,25.0,30.0,27.0,464.0,4.0,,40.2,36.3,,40.5,38.2,,no,31.5,67.1,,,2.5,393.0,428.0,4.4,155.0,3.0,4,50000,4,50000,54.0,https://www.edmunds.com/bmw/x3/2026/trims/,NHTSA,17.2,model-specific,,,87.5,69.35110995041532,76.27158989744731,84.85250424448216,58.33333333333333,75.0,90.24668325041459,63.020833333333336,93.05555555555556,50.0
BMW,X5,sDrive40i,2026,no,SUV,4,5,RWD,Gas,69750.0,1450.0,71200.0,23.0,27.0,25.0,548.0,5.0,,39.8,37.4,,40.7,39.4,,no,33.9,72.3,,,2.5,375.0,398.0,5.2,130.0,3.0,4,50000,4,50000,59.0,https://www.edmunds.com/bmw/x5/2026/trims/,IIHS,21.9,model-specific,,,100.0,74.8052729496494,79.86488323255497,90.68866723259762,58.33333333333333,75.0,89.83208955223881,59.765625,65.27777777777777,50.0
BMW,X5,xDrive40i,2026,no,SUV,4,5,AWD,Gas,72050.0,1450.0,73500.0,23.0,27.0,25.0,548.0,4.0,,39.8,37.4,,40.7,39.4,,no,33.9,72.3,,,2.5,375.0,398.0,5.2,130.0,3.0,4,50000,4,50000,59.0,https://www.edmunds.com/bmw/x5/2026/trims/,NHTSA,21.9,model-specific,,,87.5,74.8052729496494,79.86488323255497,90.68866723259762,58.33333333333333,75.0,89.35530679933665,59.765625,65.27777777777777,50.0
BMW,X5,xDrive50e,2026,no,SUV,4,5,AWD,PHEV,77450.0,1450.0,78900.0,21.0,23.0,22.0,,4.0,,39.8,37.4,,40.7,39.4,,no,33.1,71.2,,,2.5,483.0,516.0,4.6,,3.0,4,50000,4,50000,59.0,https://www.edmunds.com/bmw/x5/2026/trims/,NHTSA,,model-specific,,,87.5,74.8052729496494,78.75342737731715,50.0,58.33333333333333,75.0,88.23590381426203,59.765625,67.36111111111111,50.0
BMW,X5,M60i xDrive,2026,yes,SUV,4,5,AWD,Gas,95050.0,1450.0,96500.0,17.0,22.0,19.0,416.0,4.0,,39.8,37.4,,40.7,39.4,,no,33.9,72.3,,,2.5,523.0,553.0,4.2,130.0,3.0,4,50000,4,50000,59.0,https://www.edmunds.com/bmw/x5/2026/trims/,NHTSA,21.9,model-specific,,,87.5,74.8052729496494,79.86488323255497,69.48747877758913,58.33333333333333,75.0,84.5874792703151,59.765625,93.75,50.0
BMW,X5 M,Competition,2026,yes,SUV,4,5,AWD,Gas,132450.0,1450.0,133900.0,13.0,18.0,15.0,328.0,,,39.8,37.4,,40.8,39.4,,no,33.9,72.3,,,2.5,617.0,553.0,3.7,155.0,3.0,4,50000,4,50000,44.0,https://www.edmunds.com/bmw/x5-m/2026/trims/,,21.9,model-specific,,,50.0,75.04545463202481,79.86488323255497,55.35335314091681,58.33333333333333,75.0,76.83457711442786,69.53125,95.48611111111111,50.0
BMW,X6,xDrive40i,2026,no,SUV,4,5,AWD,Gas,78750.0,1450.0,80200.0,22.0,26.0,23.0,504.0,,,40.4,35.7,,39.3,37.5,,no,27.4,59.6,,,2.5,375.0,398.0,5.2,130.0,3.0,4,50000,4,50000,44.0,https://www.edmunds.com/bmw/x6/2026/trims/,,21.9,model-specific,,,50.0,63.566038254417805,70.32156324698678,83.62160441426147,58.33333333333333,75.0,87.96641791044777,69.53125,65.27777777777777,50.0
BMW,X6,M60i xDrive,2026,yes,SUV,4,5,AWD,Gas,99450.0,1450.0,100900.0,17.0,22.0,19.0,416.0,,,40.4,35.7,,39.3,37.5,,no,27.4,59.6,,,2.5,523.0,553.0,4.2,,4.0,4,50000,4,50000,44.0,https://www.edmunds.com/bmw/x6/2026/trims/,,21.9,model-specific,,,50.0,63.566038254417805,70.32156324698678,69.48747877758913,58.33333333333333,83.33333333333333,83.67537313432835,69.53125,93.75,50.0
BMW,X6 M,Competition,2026,yes,SUV,4,5,AWD,Gas,137550.0,1450.0,139000.0,13.0,18.0,15.0,328.0,,,40.4,35.7,,39.3,37.5,,no,27.4,59.6,,,2.5,617.0,553.0,3.7,155.0,3.0,4,50000,4,50000,45.0,https://www.edmunds.com/bmw/x6-m/2026/trims/,,21.9,model-specific,,,50.0,63.566038254417805,70.32156324698678,55.35335314091681,58.33333333333333,75.0,75.7773631840796,68.88020833333334,95.48611111111111,50.0
BMW,X7,xDrive40i,2026,no,SUV,4,7,AWD,Gas,89050.0,1550.0,90600.0,21.0,25.0,23.0,504.0,,,39.8,37.6,33.0,41.9,39.9,37.0,yes,,90.4,,,2.5,375.0,398.0,5.6,130.0,3.0,4,50000,4,50000,63.0,https://www.edmunds.com/bmw/x7/2026/trims/,,21.9,model-specific,,,50.0,79.56381410242113,77.88228822490854,83.62160441426147,58.33333333333333,75.0,85.81053067993366,57.161458333333336,63.888888888888886,50.0
BMW,X7,M60i,2026,yes,SUV,4,7,AWD,Gas,116550.0,1550.0,118100.0,16.0,20.0,18.0,394.0,,,39.8,37.6,33.0,41.9,39.9,37.0,yes,,90.4,,,2.5,523.0,553.0,4.5,,4.0,4,50000,4,50000,63.0,https://www.edmunds.com/bmw/x7/2026/trims/,,21.9,model-specific,,,50.0,79.56381410242113,77.88228822490854,65.95394736842105,58.33333333333333,83.33333333333333,80.10986733001658,57.161458333333336,92.70833333333334,50.0
BMW,ALPINA XB7,Base,2026,yes,SUV,4,7,AWD,Gas,157175.0,1175.0,158350.0,16.0,20.0,17.0,372.0,,,39.8,37.6,33.0,41.9,39.9,37.0,yes,48.6,90.4,,,2.5,631.0,590.0,3.9,,4.0,4,50000,4,50000,,https://www.edmunds.com/bmw/alpina-xb7/2026/trims/,,21.9,,,,50.0,79.56381410242113,100.0,62.42041595925297,58.33333333333333,83.33333333333333,71.76616915422886,50.0,94.79166666666666,50.0
BMW,iX,xDrive45,2026,no,SUV,4,5,AWD,EV,76325.0,1175.0,77500.0,94.0,93.0,94.0,312.0,,,40.2,38.9,,41.5,39.6,,no,35.5,77.9,,,2.5,402.0,516.0,4.9,,2.0,4,50000,4,50000,62.0,https://www.edmunds.com/bmw/ix/2026/trims/,,,model-specific,,,50.0,80.67202133577149,82.55113579352548,72.97853309481216,58.33333333333333,66.66666666666666,88.52611940298507,57.8125,66.31944444444444,50.0
BMW,iX,xDrive60,2026,no,SUV,4,5,AWD,EV,89675.0,1175.0,90850.0,99.0,94.0,97.0,364.0,,,40.2,38.9,,42.0,39.8,,no,35.5,77.9,,,2.5,536.0,564.0,4.4,,2.0,4,50000,4,50000,62.0,https://www.edmunds.com/bmw/ix/2026/trims/,,,model-specific,,,50.0,82.54200729140865,82.55113579352548,78.85062611806798,58.33333333333333,66.66666666666666,85.7587064676617,57.8125,68.05555555555556,50.0
BMW,iX,M70 xDrive,2026,yes,SUV,4,5,AWD,EV,112675.0,1175.0,113850.0,79.0,82.0,80.0,303.0,,,40.2,38.9,,42.0,39.8,,no,35.5,77.9,,,2.5,650.0,811.0,3.6,155.0,2.0,4,50000,4,50000,62.0,https://www.edmunds.com/bmw/ix/2026/trims/,,,model-specific,,,50.0,82.54200729140865,82.55113579352548,68.04338103756709,58.33333333333333,66.66666666666666,80.99087893864014,57.8125,95.83333333333334,50.0
BMW,Z4,sDrive30i,2026,no,Convertible,2,2,RWD,Gas,57275.0,1175.0,58450.0,25.0,33.0,28.0,384.0,,,42.2,,,38.9,,,no,9.9,,,,2.5,255.0,295.0,5.2,,3.0,4,50000,4,50000,40.0,https://www.edmunds.com/bmw/z4/2026/trims/,,13.7,model-specific,,,50.0,82.26051973469612,76.85950413223141,92.16743708269132,62.5,87.5,94.79569432840461,67.88617886178862,61.224489795918366,50.0
BMW,Z4,M40i,2026,yes,Convertible,2,2,RWD,Gas,69575.0,1175.0,70750.0,23.0,29.0,25.0,342.0,,,42.2,,,38.9,,,no,9.9,,,,2.5,382.0,369.0,3.9,,3.0,4,50000,4,50000,40.0,https://www.edmunds.com/bmw/z4/2026/trims/,,13.7,model-specific,,,50.0,82.26051973469612,76.85950413223141,78.03030303030303,62.5,87.5,92.40581343385082,67.88617886178862,92.85714285714286,50.0
BMW,8 Series,840i,2026,no,Coupe,2,4,RWD,Gas,106050.0,1550.0,107600.0,21.0,29.0,24.0,432.0,,,42.1,29.5,,38.9,34.7,,no,12.4,,,,2.5,335.0,369.0,4.7,,3.0,4,50000,4,50000,55.7,https://www.edmunds.com/bmw/8-series/2026/trims/,,18.0,model-specific,,,50.0,68.57922159612315,71.5846994535519,86.80555555555556,62.5,87.5,84.44373572560235,50.0,59.76138828633405,50.0
BMW,8 Series,840i xDrive,2026,no,Coupe,2,4,AWD,Gas,109050.0,1550.0,110600.0,21.0,29.0,24.0,432.0,,,42.1,29.5,,38.9,34.7,,no,12.4,,,,2.5,335.0,369.0,4.4,,3.0,4,50000,4,50000,55.7,https://www.edmunds.com/bmw/8-series/2026/trims/,,18.0,model-specific,,,50.0,68.57922159612315,71.5846994535519,86.80555555555556,62.5,87.5,83.82646447603959,50.0,61.388286334056396,50.0
BMW,8 Series,M850i xDrive,2026,yes,Coupe,2,4,AWD,Gas,121850.0,1550.0,123400.0,17.0,24.0,19.0,342.0,,,42.1,29.5,,38.9,34.7,,no,12.4,,,,2.5,523.0,553.0,3.9,,3.0,4,50000,4,50000,55.7,https://www.edmunds.com/bmw/8-series/2026/trims/,,18.0,model-specific,,,50.0,68.57922159612315,71.5846994535519,68.57638888888889,62.5,87.5,81.19277381123845,50.0,89.0997830802603,50.0
BMW,8 Series Gran Coupe,840i,2026,no,Sedan,4,5,RWD,Gas,96050.0,1550.0,97600.0,21.0,29.0,24.0,432.0,,,42.1,36.6,,39.1,37.0,,no,15.5,,,,2.5,335.0,369.0,4.9,,3.0,4,50000,4,50000,55.7,https://www.edmunds.com/bmw/8-series-gran-coupe/2026/trims/,,18.0,model-specific,,,50.0,67.38468509995798,72.08588957055214,75.92047128129603,60.0,80.0,83.68360760469676,63.0108991825613,64.72602739726027,50.0
BMW,8 Series Gran Coupe,840i xDrive,2026,no,Sedan,4,5,AWD,Gas,99050.0,1550.0,100600.0,21.0,29.0,24.0,432.0,,,42.1,36.6,,39.1,37.0,,no,15.5,,,,2.5,335.0,369.0,4.6,,3.0,4,50000,4,50000,55.7,https://www.edmunds.com/bmw/8-series-gran-coupe/2026/trims/,,18.0,model-specific,,,50.0,67.38468509995798,72.08588957055214,75.92047128129603,60.0,80.0,83.02271275306765,63.0108991825613,65.75342465753425,50.0
BMW,8 Series Gran Coupe,M850i xDrive,2026,yes,Sedan,4,5,AWD,Gas,112050.0,1550.0,113600.0,17.0,24.0,19.0,342.0,,,42.1,36.6,,39.1,37.0,,no,15.5,,,,2.5,523.0,553.0,3.7,,3.0,4,50000,4,50000,55.7,https://www.edmunds.com/bmw/8-series-gran-coupe/2026/trims/,,18.0,model-specific,,,50.0,67.38468509995798,72.08588957055214,62.236131566028476,60.0,80.0,80.15883506267485,63.0108991825613,93.83561643835617,50.0
Mercedes-Benz,C-Class,C 300,2026,no,Sedan,4,5,RWD,Gas,49650.0,1250.0,50900.0,25.0,35.0,29.0,505.0,4.5,,41.7,36.0,,40.0,37.5,,no,11.6,,,,3.0,255.0,295.0,6.0,130.0,3.0,4,50000,4,50000,47.8,https://www.edmunds.com/mercedes-benz/c-class/2026/features-specs/,IIHS,17.4,model-specific,,"3.0/5.0 (RepairPal, brand-level only, ranks 27th of 32 brands)",93.75,71.52838806045321,60.122699386503065,88.14432989690721,70.0,80.0,93.97153746172317,68.39237057220708,60.95890410958904,50.0
Mercedes-Benz,C-Class,C 300 4MATIC,2026,no,Sedan,4,5,AWD,Gas,51650.0,1250.0,52900.0,25.0,35.0,29.0,505.0,4.5,,41.7,36.0,,40.0,37.5,,no,11.6,,,,3.0,255.0,295.0,6.0,130.0,3.0,4,50000,4,50000,47.8,https://www.edmunds.com/mercedes-benz/c-class/2026/features-specs/,IIHS,17.4,model-specific,,"3.0/5.0 (RepairPal, brand-level only, ranks 27th of 32 brands)",93.75,71.52838806045321,60.122699386503065,88.14432989690721,70.0,80.0,93.53094089397044,68.39237057220708,60.95890410958904,50.0
Mercedes-Benz,C-Class,AMG C 43,2026,yes,Sedan,4,5,AWD,Gas,64150.0,1250.0,65400.0,,,,,4.5,,41.7,36.0,,40.0,37.5,,no,11.6,,,,3.0,,,4.3,155.0,3.0,4,50000,4,50000,47.8,https://www.edmunds.com/mercedes-benz/c-class/2026/features-specs/,IIHS,17.4,model-specific,,"3.0/5.0 (RepairPal, brand-level only, ranks 27th of 32 brands)",93.75,71.52838806045321,60.122699386503065,50.0,70.0,80.0,90.77721234551584,68.39237057220708,91.78082191780823,50.0
Mercedes-Benz,C-Class,AMG C 63 S E Performance,2026,yes,Sedan,4,5,AWD,PHEV,88000.0,1250.0,89250.0,,,,,4.5,,41.7,36.0,,40.0,37.5,,no,11.6,,,,3.0,,,3.3,155.0,3.0,4,50000,4,50000,51.0,https://www.edmunds.com/mercedes-benz/c-class/2026/features-specs/,IIHS,,model-specific,,"3.0/5.0 (RepairPal, brand-level only, ranks 27th of 32 brands)",93.75,71.52838806045321,60.122699386503065,50.0,70.0,80.0,85.52309827506443,66.21253405994551,95.20547945205479,50.0
Mercedes-Benz,E-Class,E 350,2026,no,Sedan,4,5,RWD,Gas,63900.0,1250.0,65150.0,25.0,33.0,28.0,487.0,3.0,,41.5,36.2,,37.3,37.6,,no,12.7,,,,3.0,255.0,295.0,6.1,130.0,3.0,4,50000,4,50000,52.3,https://www.edmunds.com/mercedes-benz/e-class/2026/features-specs/,IIHS,17.4,model-specific,,"3.0/5.0 (RepairPal, brand-level only, ranks 27th of 32 brands)",75.0,60.46934508710919,63.49693251533742,85.4074619538537,70.0,80.0,90.83228691648492,65.32697547683924,60.61643835616438,50.0
Mercedes-Benz,E-Class,E 350 4MATIC,2026,no,Sedan,4,5,AWD,Gas,66400.0,1250.0,67650.0,25.0,33.0,28.0,487.0,3.0,,41.5,36.2,,37.3,37.6,,no,12.7,,,,3.0,255.0,295.0,6.1,130.0,3.0,4,50000,4,50000,52.3,https://www.edmunds.com/mercedes-benz/e-class/2026/features-specs/,IIHS,17.4,model-specific,,"3.0/5.0 (RepairPal, brand-level only, ranks 27th of 32 brands)",75.0,60.46934508710919,63.49693251533742,85.4074619538537,70.0,80.0,90.281541206794,65.32697547683924,60.61643835616438,50.0
Mercedes-Benz,E-Class,E 450 4MATIC,2026,no,Sedan,4,5,AWD,Gas,72300.0,1250.0,73550.0,,,,,3.0,,41.5,36.2,,37.3,37.6,,no,12.7,,,,3.0,,,4.4,130.0,3.0,4,50000,4,50000,52.3,https://www.edmunds.com/mercedes-benz/e-class/2026/features-specs/,IIHS,17.4,model-specific,,"3.0/5.0 (RepairPal, brand-level only, ranks 27th of 32 brands)",75.0,60.46934508710919,63.49693251533742,50.0,70.0,80.0,88.98178133192343,65.32697547683924,66.43835616438356,50.0
Mercedes-Benz,E-Class,AMG E 53 Hybrid,2026,yes,Sedan,4,5,AWD,PHEV,89600.0,1250.0,90850.0,,,,,3.0,,41.5,36.2,,37.3,37.6,,no,12.7,,,,3.0,,,3.7,155.0,3.0,4,50000,4,50000,55.6,https://www.edmunds.com/mercedes-benz/e-class/2026/features-specs/,IIHS,,model-specific,,"3.0/5.0 (RepairPal, brand-level only, ranks 27th of 32 brands)",75.0,60.46934508710919,63.49693251533742,50.0,70.0,80.0,85.17062102086226,63.079019073569484,93.83561643835617,50.0
Mercedes-Benz,E-Class,E 450 4MATIC All-Terrain,2026,no,Wagon,4,5,AWD,Gas,78300.0,1250.0,79550.0,,,,,,,41.7,36.1,,37.5,38.2,,no,33.1,,,,3.0,,,4.4,130.0,3.0,4,50000,4,50000,42.0,https://www.edmunds.com/mercedes-benz/e-class/2026/features-specs/,,17.4,model-specific,,"3.0/5.0 (RepairPal, brand-level only, ranks 27th of 32 brands)",50.0,64.88517953142646,100.0,50.0,100.0,66.66666666666666,92.50166758504685,100.0,64.1025641025641,50.0
Mercedes-Benz,E-Class,AMG E 53 Hybrid All-Terrain,2026,yes,Wagon,4,5,AWD,PHEV,93350.0,1250.0,94600.0,,,,,,,41.5,36.2,,37.3,37.6,,no,33.1,,,,3.0,,,3.7,155.0,3.0,4,50000,4,50000,45.5,https://www.edmunds.com/mercedes-benz/e-class/2026/features-specs/,,,model-specific,,"3.0/5.0 (RepairPal, brand-level only, ranks 27th of 32 brands)",50.0,50.0,100.0,50.0,100.0,66.66666666666666,88.1369449841942,64.28571428571428,93.58974358974359,50.0
Mercedes-Benz,CLA,CLA 250,2026,no,Sedan,4,5,FWD,Hybrid,42750.0,1250.0,44000.0,26.0,36.0,30.0,,,,41.8,33.9,,38.5,35.7,,no,11.6,,,,3.0,221.0,258.0,6.3,130.0,3.0,4,50000,4,50000,42.0,https://www.edmunds.com/mercedes-benz/cla/2026/features-specs/,,,model-specific,,"3.0/5.0 (RepairPal, brand-level only, ranks 27th of 32 brands)",50.0,52.56492936339636,60.122699386503065,50.0,70.0,80.0,95.49159562047012,72.3433242506812,59.93150684931507,50.0
Mercedes-Benz,CLA,CLA 250 4MATIC,2026,no,Sedan,4,5,AWD,Hybrid,44750.0,1250.0,46000.0,,,,,,,41.8,33.9,,38.5,35.7,,no,11.6,,,,3.0,221.0,258.0,5.6,130.0,3.0,4,50000,4,50000,42.0,https://www.edmunds.com/mercedes-benz/cla/2026/features-specs/,,,model-specific,,"3.0/5.0 (RepairPal, brand-level only, ranks 27th of 32 brands)",50.0,52.56492936339636,60.122699386503065,50.0,70.0,80.0,95.05099905271737,72.3433242506812,62.328767123287676,50.0
Mercedes-Benz,CLA,CLA 250+ w/EQ Technology,2026,no,Sedan,4,5,RWD,EV,47250.0,1250.0,48500.0,112.0,105.0,109.0,374.0,,,41.8,33.9,,38.5,35.7,,no,11.6,,,,3.0,,,,130.0,3.0,4,50000,4,50000,62.9,https://www.edmunds.com/mercedes-benz/cla/2026/features-specs/,,,model-specific,,"3.0/5.0 (RepairPal, brand-level only, ranks 27th of 32 brands)",50.0,52.56492936339636,60.122699386503065,74.90759905381431,70.0,80.0,94.50025334302646,58.106267029972756,50.0,50.0
Mercedes-Benz,CLA,CLA 350 4MATIC w/EQ Technology,2026,no,Sedan,4,5,AWD,EV,49800.0,1250.0,51050.0,120.0,115.0,118.0,,,,41.8,33.9,,38.5,35.7,,no,11.6,,,,3.0,,,,130.0,3.0,4,50000,4,50000,62.9,https://www.edmunds.com/mercedes-benz/cla/2026/features-specs/,,,model-specific,,"3.0/5.0 (RepairPal, brand-level only, ranks 27th of 32 brands)",50.0,52.56492936339636,60.122699386503065,81.57894736842105,70.0,80.0,93.93849271914172,58.106267029972756,50.0,50.0
Mercedes-Benz,CLA,AMG CLA 35,2026,yes,Sedan,4,5,AWD,Hybrid,56600.0,1250.0,57850.0,,,,,,,41.8,33.9,,38.5,35.7,,no,11.6,,,,3.0,,,4.4,155.0,3.0,4,50000,4,50000,42.0,https://www.edmunds.com/mercedes-benz/cla/2026/features-specs/,,,model-specific,,"3.0/5.0 (RepairPal, brand-level only, ranks 27th of 32 brands)",50.0,52.56492936339636,60.122699386503065,50.0,70.0,80.0,92.4404643887824,72.3433242506812,91.43835616438356,50.0
Mercedes-Benz,CLA,AMG CLA 45 S,2026,yes,Sedan,4,5,AWD,Gas,67550.0,1250.0,68800.0,,,,,,,41.8,33.9,,38.5,35.7,,no,11.6,,,,3.0,,,4.0,155.0,3.0,4,50000,4,50000,42.0,https://www.edmunds.com/mercedes-benz/cla/2026/features-specs/,,13.5,model-specific,,"3.0/5.0 (RepairPal, brand-level only, ranks 27th of 32 brands)",50.0,52.56492936339636,60.122699386503065,50.0,70.0,80.0,90.02819818033618,72.3433242506812,92.8082191780822,50.0
Mercedes-Benz,CLE,CLE 300 4MATIC,2026,no,Coupe,2,4,AWD,Gas,59550.0,1250.0,60800.0,,,,,,,42.1,34.2,,40.3,36.0,,no,9.8,,,,3.0,255.0,295.0,,130.0,3.0,4,50000,4,50000,35.0,https://www.edmunds.com/mercedes-benz/cle/2026/features-specs/,,17.4,model-specific,,"3.0/5.0 (RepairPal, brand-level only, ranks 27th of 32 brands)",50.0,92.85846892467058,64.48087431693989,50.0,75.0,87.5,94.0731672187815,67.48310810810811,50.0,50.0
Mercedes-Benz,CLE,CLE 450 4MATIC,2026,no,Coupe,2,4,AWD,Gas,69000.0,1250.0,70250.0,,,,,,,42.1,34.2,,40.3,36.0,,no,9.8,,,,3.0,375.0,369.0,4.1,130.0,3.0,4,50000,4,50000,35.0,https://www.edmunds.com/mercedes-benz/cle/2026/features-specs/,,17.4,model-specific,,"3.0/5.0 (RepairPal, brand-level only, ranks 27th of 32 brands)",50.0,92.85846892467058,64.48087431693989,50.0,75.0,87.5,92.12876278265878,67.48310810810811,63.015184381778745,50.0
Mercedes-Benz,CLE,AMG CLE 53,2026,yes,Coupe,2,4,AWD,Hybrid,76300.0,1250.0,77550.0,20.0,27.0,23.0,,,,42.1,34.2,,40.3,36.0,,no,9.8,,,,3.0,443.0,413.0,4.0,155.0,3.0,4,50000,4,50000,35.0,https://www.edmunds.com/mercedes-benz/cle/2026/features-specs/,,,model-specific,,"3.0/5.0 (RepairPal, brand-level only, ranks 27th of 32 brands)",50.0,92.85846892467058,64.48087431693989,59.61538461538461,75.0,87.5,90.6267360753894,67.48310810810811,88.55748373101952,50.0
Mercedes-Benz,CLE,CLE 300 4MATIC Cabriolet,2026,no,Convertible,2,4,AWD,Gas,68050.0,1250.0,69300.0,23.0,32.0,26.0,452.0,,,,,,40.2,36.0,,no,9.6,,,,3.0,255.0,295.0,,130.0,3.0,4,50000,4,50000,41.5,https://www.edmunds.com/mercedes-benz/cle/2026/convertible/features-specs/,,17.4,model-specific,,"3.0/5.0 (RepairPal, brand-level only, ranks 27th of 32 brands)",50.0,100.0,75.6198347107438,100.0,75.0,87.5,92.68754736044455,65.85365853658537,50.0,50.0
Mercedes-Benz,CLE,CLE 450 4MATIC Cabriolet,2026,no,Convertible,2,4,AWD,Gas,77400.0,1250.0,78650.0,,,,,,,,,,40.2,36.0,,no,9.6,,,,3.0,375.0,369.0,,130.0,3.0,4,50000,4,50000,41.5,https://www.edmunds.com/mercedes-benz/cle/2026/convertible/features-specs/,,17.4,model-specific,,"3.0/5.0 (RepairPal, brand-level only, ranks 27th of 32 brands)",50.0,100.0,75.6198347107438,50.0,75.0,87.5,90.87084928206423,65.85365853658537,50.0,50.0
Mercedes-Benz,CLE,AMG CLE 53 Cabriolet,2026,yes,Convertible,2,4,AWD,Hybrid,84600.0,1250.0,85850.0,,,,,,,,,,40.2,36.0,,no,9.6,,,,3.0,443.0,413.0,,155.0,3.0,4,50000,4,50000,41.5,https://www.edmunds.com/mercedes-benz/cle/2026/convertible/features-specs/,,,model-specific,,"3.0/5.0 (RepairPal, brand-level only, ranks 27th of 32 brands)",50.0,100.0,75.6198347107438,50.0,75.0,87.5,89.47189461208153,65.85365853658537,50.0,50.0
Mercedes-Benz,GLE,GLE 350,2026,no,SUV,4,5,RWD,Gas,62250.0,1250.0,63500.0,,,,,5.0,,40.3,40.9,,40.5,36.9,,no,33.3,74.9,7700.0,,3.0,255.0,295.0,,130.0,3.0,4,50000,4,50000,47.5,https://www.edmunds.com/mercedes-benz/gle/2026/features-specs/,NHTSA,22.5,model-specific,,"3.0/5.0 (RepairPal, brand-level only, ranks 27th of 32 brands)",100.0,72.70393186414645,79.49803910963979,50.0,66.66666666666666,75.0,91.4282752902156,67.25260416666667,50.0,89.56422018348624
Mercedes-Benz,GLE,GLE 350 4MATIC,2026,no,SUV,4,5,AWD,Gas,64750.0,1250.0,66000.0,,,,,5.0,,40.3,40.9,,40.5,36.9,,no,33.3,74.9,7700.0,,3.0,255.0,295.0,6.6,130.0,3.0,4,50000,4,50000,47.5,https://www.edmunds.com/mercedes-benz/gle/2026/features-specs/,NHTSA,22.5,model-specific,,"3.0/5.0 (RepairPal, brand-level only, ranks 27th of 32 brands)",100.0,72.70393186414645,79.49803910963979,50.0,66.66666666666666,75.0,90.91003316749585,67.25260416666667,60.41666666666667,89.56422018348624
Mercedes-Benz,GLE,GLE 450 4MATIC,2026,no,SUV,4,5,AWD,Gas,72250.0,1250.0,73500.0,19.0,25.0,21.0,472.0,5.0,,40.3,40.9,,40.5,36.9,,no,33.3,74.9,7700.0,,3.0,375.0,369.0,5.3,130.0,3.0,4,50000,4,50000,47.5,https://www.edmunds.com/mercedes-benz/gle/2026/features-specs/,NHTSA,22.5,model-specific,,"3.0/5.0 (RepairPal, brand-level only, ranks 27th of 32 brands)",100.0,72.70393186414645,79.49803910963979,77.76421901528013,66.66666666666666,75.0,89.35530679933665,67.25260416666667,64.93055555555556,89.56422018348624
Mercedes-Benz,GLE,GLE 450e,2026,no,SUV,4,5,AWD,PHEV,72250.0,1250.0,73500.0,,,,,5.0,,40.3,40.9,,40.5,36.9,,no,33.3,74.9,7700.0,,3.0,,,,130.0,3.0,4,50000,4,50000,50.8,https://www.edmunds.com/mercedes-benz/gle/2026/features-specs/,NHTSA,,model-specific,,"3.0/5.0 (RepairPal, brand-level only, ranks 27th of 32 brands)",100.0,72.70393186414645,79.49803910963979,50.0,66.66666666666666,75.0,89.35530679933665,65.10416666666667,50.0,89.56422018348624
Mercedes-Benz,GLE,AMG GLE 53,2026,yes,SUV,4,5,AWD,Hybrid,90000.0,1250.0,91250.0,,,,,5.0,,40.3,40.9,,40.5,36.9,,no,33.3,74.9,7700.0,,3.0,,,4.4,155.0,3.0,4,50000,4,50000,47.5,https://www.edmunds.com/mercedes-benz/gle/2026/features-specs/,NHTSA,,model-specific,,"3.0/5.0 (RepairPal, brand-level only, ranks 27th of 32 brands)",100.0,72.70393186414645,79.49803910963979,50.0,66.66666666666666,75.0,85.67578772802653,67.25260416666667,93.05555555555556,89.56422018348624
Mercedes-Benz,GLE,GLE 580 4MATIC,2026,no,SUV,4,5,AWD,Gas,90000.0,1250.0,91250.0,,,,,5.0,,40.3,40.9,,40.5,36.9,,no,33.3,74.9,7700.0,,3.0,,,,130.0,3.0,4,50000,4,50000,47.5,https://www.edmunds.com/mercedes-benz/gle/2026/features-specs/,NHTSA,22.5,model-specific,,"3.0/5.0 (RepairPal, brand-level only, ranks 27th of 32 brands)",100.0,72.70393186414645,79.49803910963979,50.0,66.66666666666666,75.0,85.67578772802653,67.25260416666667,50.0,89.56422018348624
Mercedes-Benz,GLE,AMG GLE 63 S,2026,yes,SUV,4,5,AWD,Gas,131800.0,1250.0,133050.0,,,,,5.0,,40.3,40.9,,40.5,36.9,,no,33.3,74.9,7700.0,,3.0,,,3.4,155.0,3.0,4,50000,4,50000,47.5,https://www.edmunds.com/mercedes-benz/gle/2026/features-specs/,NHTSA,22.5,model-specific,,"3.0/5.0 (RepairPal, brand-level only, ranks 27th of 32 brands)",100.0,72.70393186414645,79.49803910963979,50.0,66.66666666666666,75.0,77.01077943615257,67.25260416666667,96.52777777777777,89.56422018348624
Mercedes-Benz,GLA,GLA 250,2026,no,SUV,4,5,FWD,Gas,41500.0,1250.0,42750.0,26.0,34.0,29.0,392.0,,,41.0,38.0,,39.0,38.1,,no,15.4,50.5,,,3.0,221.0,258.0,6.8,130.0,3.0,4,50000,4,50000,44.0,https://www.edmunds.com/mercedes-benz/gla/2026/features-specs/,,13.5,model-specific,,"3.0/5.0 (RepairPal, brand-level only, ranks 27th of 32 brands)",50.0,69.84850483198056,54.65817315184927,80.22601867572156,66.66666666666666,75.0,95.72968490878938,69.53125,59.72222222222222,50.0
Mercedes-Benz,GLA,GLA 250 4MATIC,2026,no,SUV,4,5,AWD,Gas,43500.0,1250.0,44750.0,26.0,34.0,29.0,392.0,,,41.0,38.0,,39.0,38.1,,no,15.4,50.5,,,3.0,221.0,258.0,6.6,130.0,3.0,4,50000,4,50000,44.0,https://www.edmunds.com/mercedes-benz/gla/2026/features-specs/,,13.5,model-specific,,"3.0/5.0 (RepairPal, brand-level only, ranks 27th of 32 brands)",50.0,69.84850483198056,54.65817315184927,80.22601867572156,66.66666666666666,75.0,95.3150912106136,69.53125,60.41666666666667,50.0
Mercedes-Benz,GLA,AMG GLA 35,2026,yes,SUV,4,5,AWD,Gas,58550.0,1250.0,59800.0,,,,,,,41.0,38.0,,39.0,38.1,,no,15.4,50.5,,,3.0,,,4.7,155.0,3.0,4,50000,4,50000,44.0,https://www.edmunds.com/mercedes-benz/gla/2026/features-specs/,,13.5,model-specific,,"3.0/5.0 (RepairPal, brand-level only, ranks 27th of 32 brands)",50.0,69.84850483198056,54.65817315184927,50.0,66.66666666666666,75.0,92.19527363184079,69.53125,92.01388888888889,50.0
Mercedes-Benz,GLB,GLB 250,2026,no,SUV,4,5,FWD,Gas,43800.0,1250.0,45050.0,25.0,33.0,28.0,445.0,4.0,,41.1,38.1,,40.7,39.3,,no,22.0,62.0,,,3.0,221.0,258.0,6.9,130.0,3.0,4,50000,4,50000,42.9,https://www.edmunds.com/mercedes-benz/glb/2026/features-specs/,NHTSA,15.9,model-specific,,"3.0/5.0 (RepairPal, brand-level only, ranks 27th of 32 brands)",87.5,78.31712198972355,64.15815500534077,84.25297113752123,66.66666666666666,75.0,95.25290215588723,70.24739583333334,59.375,50.0
Mercedes-Benz,GLB,GLB 250 4MATIC,2026,no,SUV,4,5,AWD,Gas,45800.0,1250.0,47050.0,,,,,5.0,,41.1,38.1,,40.7,39.3,,no,22.0,62.0,,,3.0,221.0,258.0,6.9,130.0,3.0,4,50000,4,50000,42.9,https://www.edmunds.com/mercedes-benz/glb/2026/features-specs/,NHTSA,15.9,model-specific,,"3.0/5.0 (RepairPal, brand-level only, ranks 27th of 32 brands)",100.0,78.31712198972355,64.15815500534077,50.0,66.66666666666666,75.0,94.83830845771145,70.24739583333334,59.375,50.0
Mercedes-Benz,GLB,AMG GLB 35,2026,yes,SUV,4,5,AWD,Gas,60600.0,1250.0,61850.0,,,,,5.0,,41.1,38.1,,40.7,39.3,,no,22.0,62.0,,,3.0,,,4.9,155.0,3.0,4,50000,4,50000,42.9,https://www.edmunds.com/mercedes-benz/glb/2026/features-specs/,NHTSA,15.9,model-specific,,"3.0/5.0 (RepairPal, brand-level only, ranks 27th of 32 brands)",100.0,78.31712198972355,64.15815500534077,50.0,66.66666666666666,75.0,91.77031509121062,70.24739583333334,91.31944444444444,50.0
Mercedes-Benz,GLC,GLC 300,2026,no,SUV,4,5,RWD,Gas,49550.0,1250.0,50800.0,23.0,31.0,26.0,452.0,4.5,,40.7,37.4,,41.3,39.7,,no,21.9,56.3,,,3.0,255.0,295.0,6.0,130.0,3.0,4,50000,4,50000,47.5,https://www.edmunds.com/mercedes-benz/glc/2026/features-specs/,IIHS,17.4,model-specific,,"3.0/5.0 (RepairPal, brand-level only, ranks 27th of 32 brands)",93.75,79.12339648207035,63.26118376435442,82.32703735144312,66.66666666666666,75.0,94.06094527363183,67.25260416666667,62.5,50.0
Mercedes-Benz,GLC,GLC 300 4MATIC,2026,no,SUV,4,5,AWD,Gas,51550.0,1250.0,52800.0,23.0,31.0,26.0,452.0,4.5,,40.7,37.4,,41.3,39.7,,no,21.9,56.3,,,3.0,255.0,295.0,6.0,130.0,3.0,4,50000,4,50000,47.5,https://www.edmunds.com/mercedes-benz/glc/2026/features-specs/,IIHS,17.4,model-specific,,"3.0/5.0 (RepairPal, brand-level only, ranks 27th of 32 brands)",93.75,79.12339648207035,63.26118376435442,82.32703735144312,66.66666666666666,75.0,93.64635157545605,67.25260416666667,62.5,50.0
Mercedes-Benz,GLC,GLC 350e 4MATIC,2026,no,SUV,4,5,AWD,PHEV,60300.0,1250.0,61550.0,,,,,4.5,,40.7,37.4,,41.3,39.7,,no,21.9,56.3,,,3.0,,,6.0,130.0,3.0,4,50000,4,50000,50.7,https://www.edmunds.com/mercedes-benz/glc/2026/features-specs/,IIHS,,model-specific,,"3.0/5.0 (RepairPal, brand-level only, ranks 27th of 32 brands)",93.75,79.12339648207035,63.26118376435442,50.0,66.66666666666666,75.0,91.83250414593698,65.16927083333333,62.5,50.0
Mercedes-Benz,GLC,AMG GLC 43,2026,yes,SUV,4,5,AWD,Gas,67550.0,1250.0,68800.0,,,,,4.5,,40.7,37.4,,41.3,39.7,,no,21.9,56.3,,,3.0,,,4.7,155.0,3.0,4,50000,4,50000,47.5,https://www.edmunds.com/mercedes-benz/glc/2026/features-specs/,IIHS,17.4,model-specific,,"3.0/5.0 (RepairPal, brand-level only, ranks 27th of 32 brands)",93.75,79.12339648207035,63.26118376435442,50.0,66.66666666666666,75.0,90.32960199004975,67.25260416666667,92.01388888888889,50.0
Mercedes-Benz,GLC,AMG GLC 63 S E Performance,2026,yes,SUV,4,5,AWD,PHEV,86750.0,1250.0,88000.0,,,,,4.5,,40.7,37.4,,41.3,39.7,,no,21.9,56.3,,,3.0,,,3.5,155.0,3.0,4,50000,4,50000,50.7,https://www.edmunds.com/mercedes-benz/glc/2026/features-specs/,IIHS,,model-specific,,"3.0/5.0 (RepairPal, brand-level only, ranks 27th of 32 brands)",93.75,79.12339648207035,63.26118376435442,50.0,66.66666666666666,75.0,86.34950248756219,65.16927083333333,96.18055555555556,50.0
Mercedes-Benz,GLC Coupe,GLC 300 4MATIC Coupe,2026,no,SUV,4,5,AWD,Gas,59650.0,1250.0,60900.0,23.0,31.0,26.0,452.0,,,40.8,37.2,,38.9,38.3,,no,19.2,52.6,,,3.0,255.0,295.0,6.1,130.0,3.0,4,50000,4,50000,47.5,https://www.edmunds.com/mercedes-benz/glc-coupe/2026/features-specs/,,17.4,model-specific,,"3.0/5.0 (RepairPal, brand-level only, ranks 27th of 32 brands)",50.0,68.55783908331512,59.51172371193592,82.32703735144312,66.66666666666666,75.0,91.96724709784411,67.25260416666667,62.15277777777778,50.0
Mercedes-Benz,GLC Coupe,AMG GLC 43 Coupe,2026,yes,SUV,4,5,AWD,Gas,73450.0,1250.0,74700.0,,,,,,,40.8,37.2,,38.9,38.3,,no,19.2,52.6,,,3.0,,,4.7,155.0,3.0,4,50000,4,50000,47.5,https://www.edmunds.com/mercedes-benz/glc-coupe/2026/features-specs/,,17.4,model-specific,,"3.0/5.0 (RepairPal, brand-level only, ranks 27th of 32 brands)",50.0,68.55783908331512,59.51172371193592,50.0,66.66666666666666,75.0,89.10655058043118,67.25260416666667,92.01388888888889,50.0
Mercedes-Benz,GLC Coupe,AMG GLC 63 S E Performance Coupe,2026,yes,SUV,4,5,AWD,PHEV,93450.0,1250.0,94700.0,,,,,,,40.8,37.2,,38.9,38.3,,no,19.2,52.6,,,3.0,,,3.5,155.0,3.0,4,50000,4,50000,50.7,https://www.edmunds.com/mercedes-benz/glc-coupe/2026/features-specs/,,,model-specific,,"3.0/5.0 (RepairPal, brand-level only, ranks 27th of 32 brands)",50.0,68.55783908331512,59.51172371193592,50.0,66.66666666666666,75.0,84.96061359867329,65.16927083333333,96.18055555555556,50.0
Mercedes-Benz,GLS,GLS 450 4MATIC,2026,no,SUV,4,7,AWD,Gas,90250.0,1250.0,91500.0,19.0,24.0,21.0,500.0,,,40.3,41.9,35.0,39.4,40.2,39.0,yes,17.4,84.7,7700.0,,3.0,375.0,369.0,5.8,130.0,3.0,4,50000,4,50000,51.6,https://www.edmunds.com/mercedes-benz/gls/2026/features-specs/,,23.8,model-specific,,"3.0/5.0 (RepairPal, brand-level only, ranks 27th of 32 brands)",50.0,85.27310052130017,61.72271565702103,80.58679966044141,66.66666666666666,75.0,85.62396351575455,64.58333333333333,63.19444444444444,89.56422018348624
Mercedes-Benz,GLS,GLS 580 4MATIC,2026,no,SUV,4,7,AWD,Gas,116150.0,1250.0,117400.0,,,,,,,40.3,41.9,35.0,39.4,40.2,39.0,yes,17.4,84.7,7700.0,,3.0,,,4.7,130.0,3.0,4,50000,4,50000,51.6,https://www.edmunds.com/mercedes-benz/gls/2026/features-specs/,,23.8,model-specific,,"3.0/5.0 (RepairPal, brand-level only, ranks 27th of 32 brands)",50.0,85.27310052130017,61.72271565702103,50.0,66.66666666666666,75.0,80.2549751243781,64.58333333333333,67.01388888888889,89.56422018348624
Mercedes-Benz,GLS,AMG GLS 63,2026,yes,SUV,4,7,AWD,Gas,151050.0,1250.0,152300.0,,,,,,,40.3,41.9,35.0,39.4,40.2,39.0,yes,17.4,84.7,7700.0,,3.0,,,4.1,155.0,3.0,4,50000,4,50000,51.6,https://www.edmunds.com/mercedes-benz/gls/2026/features-specs/,,23.8,model-specific,,"3.0/5.0 (RepairPal, brand-level only, ranks 27th of 32 brands)",50.0,85.27310052130017,61.72271565702103,50.0,66.66666666666666,75.0,73.02031509121062,64.58333333333333,94.09722222222223,89.56422018348624
Mercedes-Benz,S-Class,S 500 4MATIC,2026,no,Sedan,4,5,AWD,Gas,119500.0,1250.0,120750.0,,,,,,,41.4,43.8,,42.1,39.4,,no,12.8,,,,3.0,,,4.5,130.0,4.0,4,50000,4,50000,55.4,https://www.edmunds.com/mercedes-benz/s-class/2026/features-specs/,,20.0,model-specific,,"3.0/5.0 (RepairPal, brand-level only, ranks 27th of 32 brands)",50.0,100.0,63.80368098159509,50.0,70.0,90.0,78.58370233295882,63.21525885558583,66.0958904109589,50.0
Mercedes-Benz,S-Class,S 580 4MATIC,2026,no,Sedan,4,5,AWD,Gas,130700.0,1250.0,131950.0,17.0,27.0,20.0,400.0,,,41.4,43.8,,42.1,39.4,,no,12.8,,,,3.0,496.0,516.0,4.3,130.0,4.0,4,50000,4,50000,55.4,https://www.edmunds.com/mercedes-benz/s-class/2026/features-specs/,,20.0,model-specific,,"3.0/5.0 (RepairPal, brand-level only, ranks 27th of 32 brands)",50.0,100.0,63.80368098159509,68.40942562592048,70.0,90.0,76.1163615535435,63.21525885558583,66.78082191780823,50.0
Mercedes-Benz,S-Class,S 580e 4MATIC,2026,no,Sedan,4,5,AWD,PHEV,130400.0,1250.0,131650.0,,,,,,,41.4,43.8,,42.1,39.4,,no,12.8,,,,3.0,,,4.2,130.0,4.0,4,50000,4,50000,58.7,https://www.edmunds.com/mercedes-benz/s-class/2026/features-specs/,,,model-specific,,"3.0/5.0 (RepairPal, brand-level only, ranks 27th of 32 brands)",50.0,100.0,63.80368098159509,50.0,70.0,90.0,76.1824510387064,60.967302452316076,67.12328767123287,50.0
Mercedes-Benz,S-Class,AMG S 63 E Performance,2026,yes,Sedan,4,5,AWD,PHEV,189800.0,1250.0,191050.0,,,,,,,41.4,43.8,,42.1,39.4,,no,12.8,,,,3.0,,,2.6,155.0,4.0,4,50000,4,50000,58.7,https://www.edmunds.com/mercedes-benz/s-class/2026/features-specs/,,,model-specific,,"3.0/5.0 (RepairPal, brand-level only, ranks 27th of 32 brands)",50.0,100.0,63.80368098159509,50.0,70.0,90.0,63.09673297645011,60.967302452316076,97.6027397260274,50.0
Mercedes-Benz,EQE,EQE 320+,2026,no,Sedan,4,5,RWD,EV,64950.0,1250.0,66200.0,94.0,94.0,94.0,308.0,,,41.7,38.2,,40.1,38.0,,no,10.9,,,,3.0,315.0,416.0,5.8,130.0,3.0,4,50000,4,50000,66.9,https://www.edmunds.com/mercedes-benz/eqe/2026/features-specs/,,,model-specific,,"3.0/5.0 (RepairPal, brand-level only, ranks 27th of 32 brands)",50.0,77.69323172764791,57.97546012269939,63.79361324659965,70.0,80.0,90.60097371841474,55.38147138964577,61.64383561643835,50.0
Mercedes-Benz,EQE,EQE 320 4MATIC,2026,no,Sedan,4,5,AWD,EV,67450.0,1250.0,68700.0,87.0,85.0,86.0,308.0,,,41.7,38.2,,40.1,38.0,,no,10.9,,,,3.0,315.0,416.0,5.3,130.0,3.0,4,50000,4,50000,66.9,https://www.edmunds.com/mercedes-benz/eqe/2026/features-specs/,,,model-specific,,"3.0/5.0 (RepairPal, brand-level only, ranks 27th of 32 brands)",50.0,77.69323172764791,57.97546012269939,61.16203429923122,70.0,80.0,90.0502280087238,55.38147138964577,63.35616438356165,50.0
Mercedes-Benz,EQE,AMG EQE,2026,yes,Sedan,4,5,AWD,EV,96600.0,1250.0,97850.0,69.0,71.0,70.0,,,,41.7,38.2,,40.1,38.0,,no,10.9,,,,3.0,,,2.8,155.0,3.0,4,50000,4,50000,66.9,https://www.edmunds.com/mercedes-benz/eqe/2026/features-specs/,,,model-specific,,"3.0/5.0 (RepairPal, brand-level only, ranks 27th of 32 brands)",50.0,77.69323172764791,57.97546012269939,50.0,70.0,80.0,83.62853303372768,55.38147138964577,96.91780821917808,50.0
Mercedes-Benz,EQE SUV,EQE 320+,2026,no,SUV,4,5,RWD,EV,64950.0,1250.0,66200.0,98.0,87.0,93.0,253.0,,,40.6,40.6,,39.5,39.4,,no,14.0,55.0,,,3.0,235.0,564.0,5.7,130.0,3.0,4,50000,4,50000,63.0,https://www.edmunds.com/mercedes-benz/eqe-suv/2026/features-specs/,,,model-specific,,"3.0/5.0 (RepairPal, brand-level only, ranks 27th of 32 brands)",50.0,78.80133920134479,53.58870333589756,67.01475849731663,66.66666666666666,75.0,90.86857379767827,57.161458333333336,63.541666666666664,50.0
Mercedes-Benz,EQE SUV,EQE 320 4MATIC,2026,no,SUV,4,5,AWD,EV,67450.0,1250.0,68700.0,84.0,78.0,81.0,253.0,,,40.6,40.6,,39.5,39.4,,no,14.0,55.0,,,3.0,235.0,564.0,,130.0,3.0,4,50000,4,50000,63.0,https://www.edmunds.com/mercedes-benz/eqe-suv/2026/features-specs/,,,model-specific,,"3.0/5.0 (RepairPal, brand-level only, ranks 27th of 32 brands)",50.0,78.80133920134479,53.58870333589756,63.52638640429338,66.66666666666666,75.0,90.35033167495854,57.161458333333336,50.0,50.0
Mercedes-Benz,EQE SUV,AMG EQE,2026,yes,SUV,4,5,AWD,EV,97400.0,1250.0,98650.0,76.0,72.0,74.0,,,,40.6,40.6,,39.5,39.4,,no,14.0,55.0,,,3.0,,,3.1,155.0,3.0,4,50000,4,50000,63.0,https://www.edmunds.com/mercedes-benz/eqe-suv/2026/features-specs/,,,model-specific,,"3.0/5.0 (RepairPal, brand-level only, ranks 27th of 32 brands)",50.0,78.80133920134479,53.58870333589756,62.79069767441861,66.66666666666666,75.0,84.14179104477611,57.161458333333336,97.56944444444444,50.0
Mercedes-Benz,EQS,EQS 450+,2026,no,Sedan,4,5,RWD,EV,99900.0,1250.0,101150.0,98.0,98.0,98.0,367.0,,,41.7,40.4,,40.4,38.0,,no,22.0,63.0,,,3.0,355.0,590.0,5.4,130.0,3.0,4,50000,4,50000,70.6,https://www.edmunds.com/mercedes-benz/eqs/2026/features-specs/,,,model-specific,,"3.0/5.0 (RepairPal, brand-level only, ranks 27th of 32 brands)",50.0,81.7451534503387,92.02453987730061,70.63374728957224,70.0,80.0,82.90154869693565,52.86103542234333,63.013698630136986,50.0
Mercedes-Benz,EQS,EQS 450 4MATIC,2026,no,Sedan,4,5,AWD,EV,102900.0,1250.0,104150.0,91.0,93.0,92.0,367.0,,,41.7,40.4,,40.4,38.0,,no,22.0,63.0,,,3.0,355.0,590.0,5.4,130.0,3.0,4,50000,4,50000,70.6,https://www.edmunds.com/mercedes-benz/eqs/2026/features-specs/,,,model-specific,,"3.0/5.0 (RepairPal, brand-level only, ranks 27th of 32 brands)",50.0,81.7451534503387,92.02453987730061,68.66006307904593,70.0,80.0,82.24065384530655,52.86103542234333,63.013698630136986,50.0
Mercedes-Benz,EQS,EQS 580 4MATIC,2026,no,Sedan,4,5,AWD,EV,123900.0,1250.0,125150.0,93.0,93.0,93.0,,,,41.7,40.4,,40.4,38.0,,no,22.0,63.0,,,3.0,,,3.7,130.0,3.0,4,50000,4,50000,70.6,https://www.edmunds.com/mercedes-benz/eqs/2026/features-specs/,,,model-specific,,"3.0/5.0 (RepairPal, brand-level only, ranks 27th of 32 brands)",50.0,81.7451534503387,92.02453987730061,65.13157894736842,70.0,80.0,77.6143898839028,52.86103542234333,68.83561643835617,50.0
Mercedes-Benz,EQS SUV,EQS 400 4MATIC,2026,no,SUV,4,5,AWD,EV,89950.0,1250.0,91200.0,80.0,78.0,79.0,312.0,,,40.6,41.3,,40.7,40.6,,no,23.0,74.0,,,3.0,355.0,590.0,5.9,130.0,3.0,4,50000,4,50000,64.8,https://www.edmunds.com/mercedes-benz/eqs-suv/2026/features-specs/,,,model-specific,,"3.0/5.0 (RepairPal, brand-level only, ranks 27th of 32 brands)",50.0,86.8383255096015,66.9954149821844,68.61806797853309,66.66666666666666,75.0,85.68615257048093,55.989583333333336,62.84722222222222,50.0
Mercedes-Benz,EQS SUV,EQS 550 4MATIC,2026,no,SUV,4,5,AWD,EV,112450.0,1250.0,113700.0,82.0,78.0,80.0,,,,40.6,41.3,,40.7,40.6,,no,23.0,74.0,,,3.0,,,4.0,130.0,3.0,4,50000,4,50000,64.8,https://www.edmunds.com/mercedes-benz/eqs-suv/2026/features-specs/,,,model-specific,,"3.0/5.0 (RepairPal, brand-level only, ranks 27th of 32 brands)",50.0,86.8383255096015,66.9954149821844,66.27906976744185,66.66666666666666,75.0,81.02197346600332,55.989583333333336,69.44444444444444,50.0
Mercedes-Benz,G-Class,G 550,2026,no,SUV,4,5,4WD,Gas,153900.0,1250.0,155150.0,,,,,,,38.7,39.5,,41.9,40.5,,no,37.4,68.6,,,3.0,,,5.3,130.0,3.0,4,50000,4,50000,34.7,https://www.edmunds.com/mercedes-benz/g-class/2026/features-specs/,,26.4,model-specific,,"3.0/5.0 (RepairPal, brand-level only, ranks 27th of 32 brands)",50.0,82.49867016176266,83.56744701397423,50.0,66.66666666666666,75.0,72.42951907131012,75.5859375,64.93055555555556,50.0
Mercedes-Benz,G-Class,AMG G 63,2026,yes,SUV,4,5,4WD,Gas,195500.0,1250.0,196750.0,14.0,16.0,15.0,396.0,,,38.7,39.5,,41.9,40.5,,no,37.4,68.6,7000.0,,3.0,577.0,627.0,4.2,155.0,3.0,4,50000,4,50000,34.7,https://www.edmunds.com/mercedes-benz/g-class/2026/features-specs/,,26.4,model-specific,,"3.0/5.0 (RepairPal, brand-level only, ranks 27th of 32 brands)",50.0,82.49867016176266,83.56744701397423,62.208191850594226,66.66666666666666,75.0,63.80597014925373,75.5859375,93.75,85.55045871559633
Mercedes-Benz,G-Class,G 580 w/EQ Technology,2026,no,SUV,4,5,4WD,EV,163200.0,1250.0,164450.0,68.0,56.0,62.0,239.0,,,38.7,39.5,,41.9,40.5,,no,37.4,68.6,,,3.0,579.0,859.0,4.6,130.0,3.0,4,50000,4,50000,50.4,https://www.edmunds.com/mercedes-benz/g-class/2026/features-specs/,,,model-specific,,"3.0/5.0 (RepairPal, brand-level only, ranks 27th of 32 brands)",50.0,82.49867016176266,83.56744701397423,56.656976744186046,66.66666666666666,75.0,70.5016583747927,65.36458333333333,67.36111111111111,50.0
Mercedes-Benz,AMG GT,AMG GT 43 Sedan,2026,yes,Sedan,4,4,AWD,Gas,102100.0,1250.0,103350.0,,,,,,,41.7,,,40.8,38.2,,no,16.1,,,,3.0,,,,,,4,50000,4,50000,44.2,https://www.edmunds.com/mercedes-benz/amg-gt/2026/features-specs/,,21.1,model-specific,,"3.0/5.0 (RepairPal, brand-level only, ranks 27th of 32 brands)",50.0,85.36508466936522,73.92638036809817,50.0,70.0,50.0,82.41689247240764,70.84468664850137,50.0,50.0
Mercedes-Benz,AMG GT,AMG GT 43 Coupe,2026,yes,Coupe,2,4,AWD,Gas,106500.0,1250.0,107750.0,,,,,,,42.7,,,37.8,,,no,,,,,3.0,,,4.5,,,4,50000,4,50000,33.3,https://www.edmunds.com/mercedes-benz/amg-gt/2026/features-specs/,,18.5,model-specific,,"3.0/5.0 (RepairPal, brand-level only, ranks 27th of 32 brands)",50.0,67.58394077390757,50.0,50.0,75.0,50.0,84.4128721631242,68.91891891891892,85.84598698481562,50.0
Mercedes-Benz,AMG GT,AMG GT 53 Sedan,2026,yes,Sedan,4,4,AWD,Gas,113000.0,1250.0,114250.0,19.0,24.0,,,,,41.7,,,40.8,38.2,,no,16.1,,,,3.0,429.0,384.0,4.4,,,4,50000,4,50000,44.2,https://www.edmunds.com/mercedes-benz/amg-gt/2026/features-specs/,,21.1,model-specific,,"3.0/5.0 (RepairPal, brand-level only, ranks 27th of 32 brands)",50.0,85.36508466936522,73.92638036809817,50.0,70.0,50.0,80.01564117815522,70.84468664850137,91.43835616438356,50.0
Mercedes-Benz,AMG GT,AMG GT 55 Coupe,2026,yes,Coupe,2,4,AWD,Gas,138150.0,1250.0,139400.0,,,,,,,42.7,,,37.8,,,no,,,,,3.0,,,3.8,,,4,50000,4,50000,33.3,https://www.edmunds.com/mercedes-benz/amg-gt/2026/features-specs/,,18.5,model-specific,,"3.0/5.0 (RepairPal, brand-level only, ranks 27th of 32 brands)",50.0,67.58394077390757,50.0,50.0,75.0,50.0,77.90066048023704,68.91891891891892,89.64208242950109,50.0
Mercedes-Benz,AMG GT,AMG GT 63 Sedan,2026,yes,Sedan,4,4,AWD,Gas,158350.0,1250.0,159600.0,,,,,,,41.7,,,40.8,38.2,,no,16.1,,,,3.0,,,,,,4,50000,4,50000,44.2,https://www.edmunds.com/mercedes-benz/amg-gt/2026/features-specs/,,21.1,model-specific,,"3.0/5.0 (RepairPal, brand-level only, ranks 27th of 32 brands)",50.0,85.36508466936522,73.92638036809817,50.0,70.0,50.0,70.02511400436191,70.84468664850137,50.0,50.0
Mercedes-Benz,AMG GT,AMG GT 63 Coupe,2026,yes,Coupe,2,4,AWD,Gas,181350.0,1250.0,182600.0,,,,,,,42.7,,,37.8,,,no,,,,,3.0,,,3.1,,,4,50000,4,50000,33.3,https://www.edmunds.com/mercedes-benz/amg-gt/2026/features-specs/,,18.5,model-specific,,"3.0/5.0 (RepairPal, brand-level only, ranks 27th of 32 brands)",50.0,67.58394077390757,50.0,50.0,75.0,50.0,69.0119544865332,68.91891891891892,93.43817787418655,50.0
Mercedes-Benz,AMG GT,AMG GT 63 S E Performance Sedan,2026,yes,Sedan,4,4,AWD,PHEV,200500.0,1250.0,201750.0,,,,,,,41.7,,,40.8,38.2,,no,16.1,,,,3.0,,,2.4,,,4,50000,4,50000,47.4,https://www.edmunds.com/mercedes-benz/amg-gt/2026/features-specs/,,,model-specific,,"3.0/5.0 (RepairPal, brand-level only, ranks 27th of 32 brands)",50.0,85.36508466936522,73.92638036809817,50.0,70.0,50.0,60.73954133897297,68.66485013623978,98.2876712328767,50.0
Mercedes-Benz,AMG GT,AMG GT 63 S E Performance Coupe,2026,yes,Coupe,2,4,AWD,PHEV,202200.0,1250.0,203450.0,,,,,,,42.7,,,37.8,,,no,,,,,3.0,,,2.7,,,4,50000,4,50000,36.6,https://www.edmunds.com/mercedes-benz/amg-gt/2026/features-specs/,,,model-specific,,"3.0/5.0 (RepairPal, brand-level only, ranks 27th of 32 brands)",50.0,67.58394077390757,50.0,50.0,75.0,50.0,64.72191930207197,66.13175675675676,95.60737527114966,50.0
Mercedes-Benz,AMG GT,AMG GT 63 PRO 4MATIC+ Coupe,2026,yes,Coupe,2,4,AWD,Gas,202200.0,1250.0,203450.0,,,,,,,42.7,,,37.8,,,no,,,,,3.0,,,3.1,,,4,50000,4,50000,33.3,https://www.edmunds.com/mercedes-benz/amg-gt/2026/features-specs/,,18.5,model-specific,,"3.0/5.0 (RepairPal, brand-level only, ranks 27th of 32 brands)",50.0,67.58394077390757,50.0,50.0,75.0,50.0,64.72191930207197,68.91891891891892,93.43817787418655,50.0
Mercedes-Benz,SL,SL 43,2026,yes,Convertible,2,4,RWD,Hybrid,112550.0,1250.0,113800.0,,,,,,,41.5,,,37.7,32.7,,no,7.5,,,,3.0,,,4.6,,,4,50000,4,50000,42.1,https://www.edmunds.com/mercedes-benz/sl/2026/features-specs/,,,model-specific,,"3.0/5.0 (RepairPal, brand-level only, ranks 27th of 32 brands)",50.0,50.485665615599316,66.94214876033058,50.0,75.0,50.0,84.04123030291254,65.04065040650406,89.28571428571429,50.0
Mercedes-Benz,SL,SL 55,2026,yes,Convertible,2,4,AWD,Gas,145250.0,1250.0,146500.0,,,16.0,296.0,,,41.5,,,37.7,32.7,,no,7.5,,,,3.0,469.0,516.0,3.8,,,4,50000,4,50000,42.1,https://www.edmunds.com/mercedes-benz/sl/2026/features-specs/,,18.5,model-specific,,"3.0/5.0 (RepairPal, brand-level only, ranks 27th of 32 brands)",50.0,50.485665615599316,66.94214876033058,50.0,75.0,50.0,77.68764451007442,65.04065040650406,93.36734693877551,50.0
Mercedes-Benz,SL,SL 63,2026,yes,Convertible,2,4,AWD,Gas,187850.0,1250.0,189100.0,,,,,,,41.5,,,37.7,32.7,,no,7.5,,,,3.0,,,3.5,,,4,50000,4,50000,42.1,https://www.edmunds.com/mercedes-benz/sl/2026/features-specs/,,18.5,model-specific,,"3.0/5.0 (RepairPal, brand-level only, ranks 27th of 32 brands)",50.0,50.485665615599316,66.94214876033058,50.0,75.0,50.0,69.41049604601007,65.04065040650406,94.89795918367346,50.0
Mercedes-Benz,SL,SL 63 S E Performance,2026,yes,Convertible,2,4,AWD,PHEV,207900.0,1250.0,209150.0,,,,,,,41.5,,,37.7,32.7,,no,7.5,,,,3.0,,,2.5,,,4,50000,4,50000,45.4,https://www.edmunds.com/mercedes-benz/sl/2026/features-specs/,,,model-specific,,"3.0/5.0 (RepairPal, brand-level only, ranks 27th of 32 brands)",50.0,50.485665615599316,66.94214876033058,50.0,75.0,50.0,65.51479588862766,60.56910569105692,100.0,50.0
Mercedes-Benz,Maybach S-Class,Maybach S 580 4MATIC,2026,no,Sedan,4,5,AWD,Gas,207150.0,1250.0,208400.0,16.0,27.0,20.0,402.0,,,41.4,49.1,,39.4,38.1,,no,12.9,,,,3.0,496.0,516.0,4.7,,4.0,4,50000,4,50000,,https://www.edmunds.com/mercedes-benz/maybach/2026/features-specs/,,20.1,,,"3.0/5.0 (RepairPal, brand-level only, ranks 27th of 32 brands)",50.0,88.1298939714863,64.11042944785277,68.5812469317624,70.0,90.0,59.27455775119512,50.0,65.41095890410959,50.0
Mercedes-Benz,Maybach S-Class,Maybach S 680 4MATIC,2026,no,Sedan,4,5,AWD,Gas,244400.0,1250.0,245650.0,,,,,,,41.4,49.1,,39.4,38.1,,no,12.9,,,,3.0,,,3.7,,4.0,4,50000,4,50000,,https://www.edmunds.com/mercedes-benz/maybach/2026/features-specs/,,20.1,,,"3.0/5.0 (RepairPal, brand-level only, ranks 27th of 32 brands)",50.0,88.1298939714863,64.11042944785277,50.0,70.0,90.0,51.068446676800384,50.0,68.83561643835617,50.0
Mercedes-Benz,Maybach GLS,Maybach GLS 600 4MATIC,2026,no,SUV,4,5,AWD,Gas,180000.0,1250.0,181250.0,13.0,18.0,15.0,357.0,,,40.3,43.4,,42.5,40.2,,no,18.4,,7700.0,,3.0,550.0,568.0,4.6,,4.0,4,50000,4,50000,,https://www.edmunds.com/mercedes-benz/maybach-gls/2026/features-specs/,,23.8,,,"3.0/5.0 (RepairPal, brand-level only, ranks 27th of 32 brands)",50.0,92.61999090223611,58.974480316019665,58.276740237691,66.66666666666666,83.33333333333333,67.01907131011609,50.0,67.36111111111111,89.56422018348624
Mercedes-Benz,Maybach SL,Maybach SL 680 Monogram Series,2026,no,Convertible,2,2,AWD,Gas,224900.0,1250.0,226150.0,13.0,20.0,16.0,296.0,,,41.4,,,37.7,,,no,7.5,,,,3.0,577.0,590.0,4.0,,4.0,4,50000,4,50000,,https://www.edmunds.com/mercedes-benz/maybach-sl/2026/features-specs/,,18.5,,,"3.0/5.0 (RepairPal, brand-level only, ranks 27th of 32 brands)",50.0,50.0,66.94214876033058,50.0,75.0,100.0,62.211708473390715,50.0,67.34693877551021,50.0
Mini,Cooper 2 Door,Oxford Edition,2026,no,Hatchback,2,4,FWD,Gas,25500.0,,25500.0,26.0,36.0,30.0,348.0,,,41.4,30.8,,39.8,39.0,,no,5.2,,,,3.0,161.0,184.0,7.4,,3.0,4,50000,4,50000,34.2,https://www.edmunds.com/mini/cooper/2026/,,,model-specific,,,50.0,67.33485604375784,50.0,71.83060109289617,50.0,87.5,100.0,72.17928902627511,56.81818181818182,50.0
Mini,Cooper 2 Door,Signature,2026,no,Hatchback,2,4,FWD,Gas,29500.0,,29500.0,26.0,36.0,30.0,348.0,,,41.4,30.8,,39.8,39.0,,no,5.2,,,,3.0,161.0,184.0,7.4,,3.0,4,50000,4,50000,34.2,https://www.edmunds.com/mini/cooper/2026/,,,model-specific,,,50.0,67.33485604375784,50.0,71.83060109289617,50.0,87.5,93.26485940394005,72.17928902627511,56.81818181818182,50.0
Mini,Cooper 2 Door,Signature Plus,2026,no,Hatchback,2,4,FWD,Gas,31900.0,,31900.0,26.0,36.0,30.0,348.0,,,41.4,30.8,,39.8,39.0,,no,5.2,,,,3.0,161.0,184.0,7.4,,3.0,4,50000,4,50000,34.2,https://www.edmunds.com/mini/cooper/2026/,,,model-specific,,,50.0,67.33485604375784,50.0,71.83060109289617,50.0,87.5,89.2237750463041,72.17928902627511,56.81818181818182,50.0
Mini,Cooper 2 Door,Iconic,2026,no,Hatchback,2,4,FWD,Gas,33600.0,,33600.0,26.0,36.0,30.0,348.0,,,41.4,30.8,,39.8,39.0,,no,5.2,,,,3.0,161.0,184.0,7.4,,4.0,4,50000,4,50000,34.2,https://www.edmunds.com/mini/cooper/2026/,,,model-specific,,,50.0,67.33485604375784,50.0,71.83060109289617,50.0,100.0,86.36134029297861,72.17928902627511,56.81818181818182,50.0
Mini,Cooper 2 Door,S Signature,2026,no,Hatchback,2,4,FWD,Gas,32800.0,,32800.0,26.0,36.0,30.0,348.0,,,41.4,30.8,,39.8,39.0,,no,5.2,,,,3.0,201.0,221.0,6.4,,3.0,4,50000,4,50000,34.2,https://www.edmunds.com/mini/cooper/2026/,,,model-specific,,,50.0,67.33485604375784,50.0,71.83060109289617,50.0,87.5,87.70836841219061,72.17928902627511,61.36363636363636,50.0
Mini,Cooper 2 Door,S Signature Plus,2026,no,Hatchback,2,4,FWD,Gas,35200.0,,35200.0,26.0,36.0,30.0,348.0,,,41.4,30.8,,39.8,39.0,,no,5.2,,,,3.0,201.0,221.0,6.4,,3.0,4,50000,4,50000,34.2,https://www.edmunds.com/mini/cooper/2026/,,,model-specific,,,50.0,67.33485604375784,50.0,71.83060109289617,50.0,87.5,83.66728405455464,72.17928902627511,61.36363636363636,50.0
Mini,Cooper 2 Door,S Iconic,2026,no,Hatchback,2,4,FWD,Gas,36900.0,,36900.0,26.0,36.0,30.0,348.0,,,41.4,30.8,,39.8,39.0,,no,5.2,,,,3.0,201.0,221.0,6.4,,4.0,4,50000,4,50000,34.2,https://www.edmunds.com/mini/cooper/2026/,,,model-specific,,,50.0,67.33485604375784,50.0,71.83060109289617,50.0,100.0,80.80484930122917,72.17928902627511,61.36363636363636,50.0
Mini,Cooper 2 Door,JCW Signature,2026,yes,Hatchback,2,4,FWD,Gas,38900.0,,38900.0,26.0,36.0,30.0,348.0,,,41.4,30.8,,39.8,39.0,,no,5.2,,,,3.0,228.0,280.0,5.9,,3.0,4,50000,4,50000,34.2,https://www.edmunds.com/mini/cooper/2026/,,,model-specific,,,50.0,67.33485604375784,50.0,71.83060109289617,50.0,87.5,77.4372790031992,72.17928902627511,88.63636363636363,50.0
Mini,Cooper 2 Door,JCW Signature Plus,2026,yes,Hatchback,2,4,FWD,Gas,41300.0,,41300.0,26.0,36.0,30.0,348.0,,,41.4,30.8,,39.8,39.0,,no,5.2,,,,3.0,228.0,280.0,5.9,,3.0,4,50000,4,50000,34.2,https://www.edmunds.com/mini/cooper/2026/,,,model-specific,,,50.0,67.33485604375784,50.0,71.83060109289617,50.0,87.5,73.39619464556323,72.17928902627511,88.63636363636363,50.0
Mini,Cooper 2 Door,JCW Iconic,2026,yes,Hatchback,2,4,FWD,Gas,43300.0,,43300.0,26.0,36.0,30.0,348.0,,,41.4,30.8,,39.8,39.0,,no,5.2,,,,3.0,228.0,280.0,5.9,,4.0,4,50000,4,50000,34.2,https://www.edmunds.com/mini/cooper/2026/,,,model-specific,,,50.0,67.33485604375784,50.0,71.83060109289617,50.0,100.0,70.02862434753325,72.17928902627511,88.63636363636363,50.0
Mini,Cooper 4 Door,Oxford Edition,2026,no,Hatchback,4,4,FWD,Gas,26500.0,,26500.0,26.0,36.0,30.0,348.0,,,41.4,30.8,,39.8,39.0,,no,5.2,,,,3.0,161.0,184.0,7.4,,3.0,4,50000,4,50000,34.7,https://www.edmunds.com/mini/cooper/2026/,,,model-specific,,,50.0,67.33485604375784,50.0,71.83060109289617,50.0,87.5,98.316214850985,71.79289026275116,56.81818181818182,50.0
Mini,Cooper 4 Door,Signature,2026,no,Hatchback,4,4,FWD,Gas,30500.0,,30500.0,26.0,36.0,30.0,348.0,,,41.4,30.8,,39.8,39.0,,no,5.2,,,,3.0,161.0,184.0,7.4,,3.0,4,50000,4,50000,34.7,https://www.edmunds.com/mini/cooper/2026/,,,model-specific,,,50.0,67.33485604375784,50.0,71.83060109289617,50.0,87.5,91.58107425492507,71.79289026275116,56.81818181818182,50.0
Mini,Cooper 4 Door,Signature Plus,2026,no,Hatchback,4,4,FWD,Gas,32900.0,,32900.0,26.0,36.0,30.0,348.0,,,41.4,30.8,,39.8,39.0,,no,5.2,,,,3.0,161.0,184.0,7.4,,3.0,4,50000,4,50000,34.7,https://www.edmunds.com/mini/cooper/2026/,,,model-specific,,,50.0,67.33485604375784,50.0,71.83060109289617,50.0,87.5,87.5399898972891,71.79289026275116,56.81818181818182,50.0
Mini,Cooper 4 Door,Iconic,2026,no,Hatchback,4,4,FWD,Gas,34600.0,,34600.0,26.0,36.0,30.0,348.0,,,41.4,30.8,,39.8,39.0,,no,5.2,,,,3.0,161.0,184.0,7.4,,4.0,4,50000,4,50000,34.7,https://www.edmunds.com/mini/cooper/2026/,,,model-specific,,,50.0,67.33485604375784,50.0,71.83060109289617,50.0,100.0,84.67755514396363,71.79289026275116,56.81818181818182,50.0
Mini,Cooper 4 Door,S Signature,2026,no,Hatchback,4,4,FWD,Gas,33800.0,,33800.0,26.0,36.0,30.0,348.0,,,41.4,30.8,,39.8,39.0,,no,5.2,,,,3.0,201.0,221.0,6.4,,3.0,4,50000,4,50000,34.7,https://www.edmunds.com/mini/cooper/2026/,,,model-specific,,,50.0,67.33485604375784,50.0,71.83060109289617,50.0,87.5,86.02458326317563,71.79289026275116,61.36363636363636,50.0
Mini,Cooper 4 Door,S Signature Plus,2026,no,Hatchback,4,4,FWD,Gas,36200.0,,36200.0,26.0,36.0,30.0,348.0,,,41.4,30.8,,39.8,39.0,,no,5.2,,,,3.0,201.0,221.0,6.4,,3.0,4,50000,4,50000,34.7,https://www.edmunds.com/mini/cooper/2026/,,,model-specific,,,50.0,67.33485604375784,50.0,71.83060109289617,50.0,87.5,81.98349890553965,71.79289026275116,61.36363636363636,50.0
Mini,Cooper 4 Door,S Iconic,2026,no,Hatchback,4,4,FWD,Gas,37900.0,,37900.0,26.0,36.0,30.0,348.0,,,41.4,30.8,,39.8,39.0,,no,5.2,,,,3.0,201.0,221.0,6.4,,4.0,4,50000,4,50000,34.7,https://www.edmunds.com/mini/cooper/2026/,,,model-specific,,,50.0,67.33485604375784,50.0,71.83060109289617,50.0,100.0,79.12106415221417,71.79289026275116,61.36363636363636,50.0
Mini,Cooper Convertible,Signature,2026,no,Convertible,2,4,FWD,Gas,34600.0,,34600.0,26.0,36.0,30.0,348.0,,,41.4,30.8,,39.8,39.0,,no,5.2,,,,3.0,161.0,184.0,7.4,,3.0,4,50000,4,50000,34.9,https://www.edmunds.com/mini/cooper/2026/convertible/,,,model-specific,,,50.0,89.46703635243372,57.43801652892562,90.08731381612736,75.0,87.5,99.42973167272233,74.79674796747967,50.0,50.0
Mini,Cooper Convertible,Signature Plus,2026,no,Convertible,2,4,FWD,Gas,37000.0,,37000.0,26.0,36.0,30.0,348.0,,,41.4,30.8,,39.8,39.0,,no,5.2,,,,3.0,161.0,184.0,7.4,,3.0,4,50000,4,50000,34.9,https://www.edmunds.com/mini/cooper/2026/convertible/,,,model-specific,,,50.0,89.46703635243372,57.43801652892562,90.08731381612736,75.0,87.5,98.96341344939475,74.79674796747967,50.0,50.0
Mini,Cooper Convertible,Iconic,2026,no,Convertible,2,4,FWD,Gas,38700.0,,38700.0,26.0,36.0,30.0,348.0,,,41.4,30.8,,39.8,39.0,,no,5.2,,,,3.0,161.0,184.0,7.4,,4.0,4,50000,4,50000,34.9,https://www.edmunds.com/mini/cooper/2026/convertible/,,,model-specific,,,50.0,89.46703635243372,57.43801652892562,90.08731381612736,75.0,100.0,98.63310470787107,74.79674796747967,50.0,50.0
Mini,Cooper Convertible,S Signature,2026,no,Convertible,2,4,FWD,Gas,37900.0,,37900.0,26.0,36.0,30.0,348.0,,,41.4,30.8,,39.8,39.0,,no,5.2,,,,3.0,201.0,221.0,6.4,,3.0,4,50000,4,50000,34.9,https://www.edmunds.com/mini/cooper/2026/convertible/,,,model-specific,,,50.0,89.46703635243372,57.43801652892562,90.08731381612736,75.0,87.5,98.78854411564691,74.79674796747967,55.10204081632653,50.0
Mini,Cooper Convertible,S Signature Plus,2026,no,Convertible,2,4,FWD,Gas,40300.0,,40300.0,26.0,36.0,30.0,348.0,,,41.4,30.8,,39.8,39.0,,no,5.2,,,,3.0,201.0,221.0,6.4,,3.0,4,50000,4,50000,34.9,https://www.edmunds.com/mini/cooper/2026/convertible/,,,model-specific,,,50.0,89.46703635243372,57.43801652892562,90.08731381612736,75.0,87.5,98.32222589231935,74.79674796747967,55.10204081632653,50.0
Mini,Cooper Convertible,S Iconic,2026,no,Convertible,2,4,FWD,Gas,42000.0,,42000.0,26.0,36.0,30.0,348.0,,,41.4,30.8,,39.8,39.0,,no,5.2,,,,3.0,201.0,221.0,6.4,,4.0,4,50000,4,50000,34.9,https://www.edmunds.com/mini/cooper/2026/convertible/,,,model-specific,,,50.0,89.46703635243372,57.43801652892562,90.08731381612736,75.0,100.0,97.99191715079566,74.79674796747967,55.10204081632653,50.0
Mini,Cooper Convertible,JCW Signature,2026,yes,Convertible,2,4,FWD,Gas,44600.0,,44600.0,26.0,36.0,30.0,348.0,,,41.4,30.8,,39.8,39.0,,no,5.2,,,,3.0,228.0,280.0,5.9,,3.0,4,50000,4,50000,34.9,https://www.edmunds.com/mini/cooper/2026/convertible/,,,model-specific,,,50.0,89.46703635243372,57.43801652892562,90.08731381612736,75.0,87.5,97.48673907552413,74.79674796747967,82.65306122448979,50.0
Mini,Cooper Convertible,JCW Signature Plus,2026,yes,Convertible,2,4,FWD,Gas,47000.0,,47000.0,26.0,36.0,30.0,348.0,,,41.4,30.8,,39.8,39.0,,no,5.2,,,,3.0,228.0,280.0,5.9,,3.0,4,50000,4,50000,34.9,https://www.edmunds.com/mini/cooper/2026/convertible/,,,model-specific,,,50.0,89.46703635243372,57.43801652892562,90.08731381612736,75.0,87.5,97.02042085219655,74.79674796747967,82.65306122448979,50.0
Mini,Cooper Convertible,JCW Iconic,2026,yes,Convertible,2,4,FWD,Gas,49000.0,,49000.0,26.0,36.0,30.0,348.0,,,41.4,30.8,,39.8,39.0,,no,5.2,,,,3.0,228.0,280.0,5.9,,4.0,4,50000,4,50000,34.9,https://www.edmunds.com/mini/cooper/2026/convertible/,,,model-specific,,,50.0,89.46703635243372,57.43801652892562,90.08731381612736,75.0,100.0,96.63182233275691,74.79674796747967,82.65306122448979,50.0
Mini,Countryman,S ALL4 Signature Plus,2026,no,SUV,4,5,AWD,Gas,38900.0,,38900.0,24.0,32.0,27.0,386.0,4.5,,40.4,37.0,,40.7,37.8,,no,25.0,56.2,1587.0,,3.0,241.0,295.0,6.1,,3.0,4,50000,4,50000,42.4,https://www.edmunds.com/mini/countryman/2026/features-specs/,IIHS,14.3,model-specific,,,93.75,70.04997400095446,66.97356800919994,76.98960101867571,66.66666666666666,75.0,96.52777777777777,70.57291666666667,62.15277777777778,54.512614678899084
Mini,Countryman,S ALL4 Iconic,2026,no,SUV,4,5,AWD,Gas,42300.0,,42300.0,24.0,32.0,27.0,386.0,4.5,,40.4,37.0,,40.7,37.8,,no,25.0,56.2,1587.0,,3.0,241.0,295.0,6.1,,4.0,4,50000,4,50000,42.4,https://www.edmunds.com/mini/countryman/2026/features-specs/,IIHS,14.3,model-specific,,,93.75,70.04997400095446,66.97356800919994,76.98960101867571,66.66666666666666,83.33333333333333,95.82296849087894,70.57291666666667,62.15277777777778,54.512614678899084
Mini,Countryman,SE ALL4 Signature Plus,2026,no,SUV,4,5,AWD,EV,45200.0,,45200.0,,,,216.0,4.5,,40.4,37.0,,40.7,37.8,,no,25.0,56.2,1587.0,,3.0,308.0,364.0,5.4,,3.0,4,50000,4,50000,58.0,https://www.edmunds.com/mini/countryman/2026/features-specs/,IIHS,,model-specific,,,93.75,70.04997400095446,66.97356800919994,53.07692307692308,66.66666666666666,75.0,95.22180762852405,60.41666666666667,64.58333333333333,54.512614678899084
Mini,Countryman,SE ALL4 Iconic,2026,no,SUV,4,5,AWD,EV,48600.0,,48600.0,,,,216.0,4.5,,40.4,37.0,,40.7,37.8,,no,25.0,56.2,1587.0,,3.0,308.0,364.0,5.4,,4.0,4,50000,4,50000,58.0,https://www.edmunds.com/mini/countryman/2026/features-specs/,IIHS,,model-specific,,,93.75,70.04997400095446,66.97356800919994,53.07692307692308,66.66666666666666,83.33333333333333,94.51699834162521,60.41666666666667,64.58333333333333,54.512614678899084
Mini,Countryman,JCW ALL4 Signature Plus,2026,yes,SUV,4,5,AWD,Gas,46900.0,,46900.0,24.0,32.0,27.0,386.0,4.5,,40.4,37.0,,40.7,37.8,,no,25.0,56.2,1587.0,,3.0,312.0,295.0,5.2,,3.0,4,50000,4,50000,42.4,https://www.edmunds.com/mini/countryman/2026/features-specs/,IIHS,14.3,model-specific,,,93.75,70.04997400095446,66.97356800919994,76.98960101867571,66.66666666666666,75.0,94.86940298507463,70.57291666666667,90.27777777777777,54.512614678899084
Mini,Countryman,JCW ALL4 Iconic,2026,yes,SUV,4,5,AWD,Gas,49400.0,,49400.0,24.0,32.0,27.0,386.0,4.5,,40.4,37.0,,40.7,37.8,,no,25.0,56.2,1587.0,,3.0,312.0,295.0,5.2,,4.0,4,50000,4,50000,42.4,https://www.edmunds.com/mini/countryman/2026/features-specs/,IIHS,14.3,model-specific,,,93.75,70.04997400095446,66.97356800919994,76.98960101867571,66.66666666666666,83.33333333333333,94.3511608623549,70.57291666666667,90.27777777777777,54.512614678899084
Porsche,911,Carrera,2026,no,Coupe,2,4,RWD,Gas,137850.0,2350.0,140200.0,18.0,25.0,21.0,349.0,,,,,,,,,no,4.8,,,,2.0,388.0,331.0,3.5,183.0,2.0,4,50000,4,50000,7.8,https://www.edmunds.com/porsche/911/2026/trims/,,16.6,model-specific,,"2.0/5.0 (RepairPal, brand-level only, ranks 32nd of 32 brands)",50.0,50.0,50.81967213114754,72.51157407407408,50.0,75.0,77.73605481368696,90.4560810810811,66.26898047722342,50.0
Porsche,911,Carrera,2026,no,Convertible,2,4,RWD,Gas,151750.0,2350.0,154100.0,,,,,,,,,,,,,no,4.8,,,,2.0,388.0,331.0,3.9,181.0,2.0,4,50000,4,50000,19.3,https://www.edmunds.com/porsche/911/2026/trims/,,16.6,model-specific,,"2.0/5.0 (RepairPal, brand-level only, ranks 32nd of 32 brands)",50.0,50.0,55.78512396694215,50.0,50.0,75.0,76.21097013620378,95.9349593495935,67.85714285714286,50.0
Porsche,911,Carrera T,2026,yes,Coupe,2,4,RWD,Gas,150350.0,2350.0,152700.0,17.0,25.0,20.0,332.0,,,,,,,,,no,4.8,,,,2.0,388.0,331.0,4.3,183.0,2.0,4,50000,4,50000,7.8,https://www.edmunds.com/porsche/911/2026/trims/,,16.6,model-specific,,"2.0/5.0 (RepairPal, brand-level only, ranks 32nd of 32 brands)",50.0,50.0,50.81967213114754,68.98148148148148,50.0,75.0,75.1640912738421,90.4560810810811,86.93058568329718,50.0
Porsche,911,Carrera T,2026,yes,Convertible,2,4,RWD,Gas,164250.0,2350.0,166600.0,,,,,,,,,,,,,no,4.8,,,,2.0,388.0,331.0,4.5,182.0,2.0,4,50000,4,50000,19.3,https://www.edmunds.com/porsche/911/2026/trims/,,16.6,model-specific,,"2.0/5.0 (RepairPal, brand-level only, ranks 32nd of 32 brands)",50.0,50.0,55.78512396694215,50.0,50.0,75.0,73.78222938970603,95.9349593495935,89.79591836734694,50.0
Porsche,911,Carrera S,2026,no,Coupe,2,4,RWD,Gas,158550.0,2350.0,160900.0,17.0,24.0,20.0,332.0,,,,,,,,,no,4.8,,,,2.0,473.0,390.0,3.1,191.0,2.0,4,50000,4,50000,7.8,https://www.edmunds.com/porsche/911/2026/trims/,,16.6,model-specific,,"2.0/5.0 (RepairPal, brand-level only, ranks 32nd of 32 brands)",50.0,50.0,50.81967213114754,68.98148148148148,50.0,75.0,73.47688319170388,90.4560810810811,68.43817787418655,50.0
Porsche,911,Carrera S,2026,no,Convertible,2,4,RWD,Gas,172450.0,2350.0,174800.0,,,,,,,,,,,,,no,4.8,,,,2.0,473.0,390.0,3.3,191.0,2.0,4,50000,4,50000,19.3,https://www.edmunds.com/porsche/911/2026/trims/,,16.6,model-specific,,"2.0/5.0 (RepairPal, brand-level only, ranks 32nd of 32 brands)",50.0,50.0,55.78512396694215,50.0,50.0,75.0,72.18897546000349,95.9349593495935,70.91836734693878,50.0
Porsche,911,Carrera 4S,2026,no,Coupe,2,4,AWD,Gas,166850.0,2350.0,169200.0,17.0,24.0,20.0,332.0,,,,,,,,,no,4.8,,,,2.0,473.0,390.0,3.1,191.0,2.0,4,50000,4,50000,7.8,https://www.edmunds.com/porsche/911/2026/trims/,,16.6,model-specific,,"2.0/5.0 (RepairPal, brand-level only, ranks 32nd of 32 brands)",50.0,50.0,50.81967213114754,68.98148148148148,50.0,75.0,71.76909940124689,90.4560810810811,68.43817787418655,50.0
Porsche,911,Carrera 4S,2026,no,Convertible,2,4,AWD,Gas,180750.0,2350.0,183100.0,,,,,,,,,,,,,no,4.8,,,,2.0,473.0,390.0,3.3,191.0,2.0,4,50000,4,50000,19.3,https://www.edmunds.com/porsche/911/2026/trims/,,16.6,model-specific,,"2.0/5.0 (RepairPal, brand-level only, ranks 32nd of 32 brands)",50.0,50.0,55.78512396694215,50.0,50.0,75.0,70.57629160432899,95.9349593495935,70.91836734693878,50.0
Porsche,911,Targa 4S,2026,no,Convertible,2,4,AWD,Gas,182550.0,2350.0,184900.0,17.0,24.0,20.0,332.0,,,,,,,,,no,4.8,,,,2.0,473.0,390.0,3.3,191.0,2.0,4,50000,4,50000,,https://www.edmunds.com/porsche/911/2026/trims/,,16.6,,,"2.0/5.0 (RepairPal, brand-level only, ranks 32nd of 32 brands)",50.0,50.0,55.78512396694215,65.25423728813558,50.0,75.0,70.22655293683331,50.0,70.91836734693878,50.0
Porsche,911,Carrera GTS,2026,yes,Coupe,2,4,RWD,Hybrid,183350.0,2350.0,185700.0,17.0,24.0,20.0,,,,,,,,,,no,4.8,,,,2.0,532.0,449.0,2.9,194.0,2.0,4,50000,4,50000,11.0,https://www.edmunds.com/porsche/911/2026/trims/,,,model-specific,,"2.0/5.0 (RepairPal, brand-level only, ranks 32nd of 32 brands)",50.0,50.0,50.81967213114754,53.84615384615385,50.0,75.0,68.37410752865168,87.75337837837839,94.5227765726681,50.0
Porsche,911,Carrera GTS,2026,yes,Convertible,2,4,RWD,Hybrid,197250.0,2350.0,199600.0,,,,,,,,,,,,,no,4.8,,,,2.0,532.0,449.0,3.0,194.0,2.0,4,50000,4,50000,22.5,https://www.edmunds.com/porsche/911/2026/trims/,,,model-specific,,"2.0/5.0 (RepairPal, brand-level only, ranks 32nd of 32 brands)",50.0,50.0,55.78512396694215,50.0,50.0,75.0,67.37035381895195,91.59891598915989,97.44897959183673,50.0
Porsche,911,Carrera 4 GTS,2026,yes,Coupe,2,4,AWD,Hybrid,191650.0,2350.0,194000.0,17.0,23.0,19.0,,,,,,,,,,no,4.8,,,,2.0,532.0,449.0,2.9,194.0,2.0,4,50000,4,50000,11.0,https://www.edmunds.com/porsche/911/2026/trims/,,,model-specific,,"2.0/5.0 (RepairPal, brand-level only, ranks 32nd of 32 brands)",50.0,50.0,50.81967213114754,51.92307692307692,50.0,75.0,66.66632373819469,87.75337837837839,94.5227765726681,50.0
Porsche,911,Carrera 4 GTS,2026,yes,Convertible,2,4,AWD,Hybrid,205550.0,2350.0,207900.0,,,,,,,,,,,,,no,4.8,,,,2.0,532.0,449.0,3.0,194.0,2.0,4,50000,4,50000,22.5,https://www.edmunds.com/porsche/911/2026/trims/,,,model-specific,,"2.0/5.0 (RepairPal, brand-level only, ranks 32nd of 32 brands)",50.0,50.0,55.78512396694215,50.0,50.0,75.0,65.75766996327744,91.59891598915989,97.44897959183673,50.0
Porsche,911,Targa 4 GTS,2026,yes,Convertible,2,4,AWD,Hybrid,205650.0,2350.0,208000.0,17.0,23.0,19.0,,,,,,,,,,no,4.8,,,,2.0,532.0,449.0,3.0,194.0,2.0,4,50000,4,50000,,https://www.edmunds.com/porsche/911/2026/trims/,,,,,"2.0/5.0 (RepairPal, brand-level only, ranks 32nd of 32 brands)",50.0,50.0,55.78512396694215,78.04314329738058,50.0,75.0,65.73824003730546,50.0,97.44897959183673,50.0
Porsche,911,GT3,2026,yes,Coupe,2,4,RWD,Gas,239850.0,2350.0,242200.0,14.0,17.0,15.0,249.0,,,,,,,,,no,4.8,,,,2.0,502.0,331.0,3.2,193.0,2.0,4,50000,4,50000,7.8,https://www.edmunds.com/porsche/911/2026/trims/,,16.6,model-specific,,"2.0/5.0 (RepairPal, brand-level only, ranks 32nd of 32 brands)",50.0,50.0,50.81967213114754,51.5625,50.0,75.0,56.74883232855291,90.4560810810811,92.89587852494577,50.0
Porsche,911,GT3 w/Touring Package,2026,yes,Coupe,2,4,RWD,Gas,239850.0,2350.0,242200.0,13.0,18.0,15.0,249.0,,,,,,,,,no,4.8,,,,2.0,502.0,331.0,3.2,193.0,2.0,4,50000,4,50000,7.8,https://www.edmunds.com/porsche/911/2026/trims/,,16.6,model-specific,,"2.0/5.0 (RepairPal, brand-level only, ranks 32nd of 32 brands)",50.0,50.0,50.81967213114754,51.5625,50.0,75.0,56.74883232855291,90.4560810810811,92.89587852494577,50.0
Porsche,911,Turbo S,2026,yes,Coupe,2,4,AWD,Hybrid,272650.0,2350.0,275000.0,15.0,22.0,18.0,,,,,,,,,,no,4.8,,,,2.0,701.0,590.0,2.4,200.0,2.0,4,50000,4,50000,11.0,https://www.edmunds.com/porsche/911/2026/trims/,,,model-specific,,"2.0/5.0 (RepairPal, brand-level only, ranks 32nd of 32 brands)",50.0,50.0,50.81967213114754,50.0,50.0,75.0,50.0,87.75337837837839,97.23427331887201,50.0
Porsche,911,Turbo S,2026,yes,Convertible,2,4,AWD,Hybrid,286650.0,2350.0,289000.0,,,,,,,,,,,,,no,4.5,,,,2.0,701.0,590.0,2.5,200.0,2.0,4,50000,4,50000,22.5,https://www.edmunds.com/porsche/911/2026/trims/,,,model-specific,,"2.0/5.0 (RepairPal, brand-level only, ranks 32nd of 32 brands)",50.0,50.0,54.54545454545455,50.0,50.0,75.0,50.0,91.59891598915989,100.0,50.0
Porsche,Taycan,Taycan,2026,no,Sedan,4,4,RWD,EV,108150.0,2350.0,110500.0,94.0,88.0,91.0,274.0,,,,,,,,,no,17.3,,,,2.0,402.0,302.0,4.4,143.0,3.0,4,50000,4,50000,55.0,https://www.edmunds.com/porsche/taycan/2026/trims/,,,model-specific,,"2.0/5.0 (RepairPal, brand-level only, ranks 32nd of 32 brands)",50.0,50.0,77.60736196319019,59.62325054208555,50.0,80.0,80.84175974269161,63.48773841961853,66.43835616438356,50.0
Porsche,Taycan,Taycan Black Edition,2026,no,Sedan,4,4,RWD,EV,125150.0,2350.0,127500.0,94.0,88.0,91.0,274.0,,,,,,,,,no,17.3,,,,2.0,429.0,309.0,4.5,143.0,3.0,4,50000,4,50000,55.0,https://www.edmunds.com/porsche/taycan/2026/trims/,,,model-specific,,"2.0/5.0 (RepairPal, brand-level only, ranks 32nd of 32 brands)",50.0,50.0,77.60736196319019,59.62325054208555,50.0,80.0,77.09668891679334,63.48773841961853,66.0958904109589,50.0
Porsche,Taycan,Taycan 4,2026,no,Sedan,4,4,AWD,EV,112250.0,2350.0,114600.0,89.0,85.0,87.0,294.0,,,,,,,,,no,17.3,,,,2.0,402.0,431.0,4.5,137.0,3.0,4,50000,4,50000,55.0,https://www.edmunds.com/porsche/taycan/2026/trims/,,,model-specific,,"2.0/5.0 (RepairPal, brand-level only, ranks 32nd of 32 brands)",50.0,50.0,77.60736196319019,60.18012024443131,50.0,80.0,79.9385367787985,63.48773841961853,66.0958904109589,50.0
Porsche,Taycan,Taycan 4,2026,no,Wagon,4,4,AWD,EV,112250.0,2350.0,114600.0,89.0,85.0,87.0,294.0,,,,,,,,,no,18.6,45.7,,,2.0,402.0,431.0,4.8,137.0,3.0,4,50000,4,50000,46.9,https://www.edmunds.com/porsche/taycan/2026/trims/,,,model-specific,,"2.0/5.0 (RepairPal, brand-level only, ranks 32nd of 32 brands)",50.0,50.0,54.04299351182043,100.0,50.0,66.66666666666666,82.33664916910763,50.0,61.53846153846154,50.0
Porsche,Taycan,Taycan 4 Black Edition,2026,no,Sedan,4,4,AWD,EV,129150.0,2350.0,131500.0,89.0,85.0,87.0,294.0,,,,,,,,,no,17.3,,,,2.0,429.0,449.0,4.5,137.0,3.0,4,50000,4,50000,55.0,https://www.edmunds.com/porsche/taycan/2026/trims/,,,model-specific,,"2.0/5.0 (RepairPal, brand-level only, ranks 32nd of 32 brands)",50.0,50.0,77.60736196319019,60.18012024443131,50.0,80.0,76.21549578128787,63.48773841961853,66.0958904109589,50.0
Porsche,Taycan,Taycan 4S,2026,no,Sedan,4,4,AWD,EV,128250.0,2350.0,130600.0,90.0,85.0,88.0,252.0,,,,,,,,,no,17.3,,,,2.0,536.0,512.0,3.4,155.0,3.0,4,50000,4,50000,55.0,https://www.edmunds.com/porsche/taycan/2026/trims/,,,model-specific,,"2.0/5.0 (RepairPal, brand-level only, ranks 32nd of 32 brands)",50.0,50.0,77.60736196319019,56.57648334318944,50.0,80.0,76.41376423677659,63.48773841961853,69.86301369863014,50.0
Porsche,Taycan,Taycan 4S,2026,no,Wagon,4,4,AWD,EV,128250.0,2350.0,130600.0,90.0,85.0,88.0,252.0,,,,,,,,,no,18.6,45.7,,,2.0,536.0,512.0,3.9,149.0,3.0,4,50000,4,50000,46.9,https://www.edmunds.com/porsche/taycan/2026/trims/,,,model-specific,,"2.0/5.0 (RepairPal, brand-level only, ranks 32nd of 32 brands)",50.0,50.0,54.04299351182043,76.47058823529412,50.0,66.66666666666666,77.69641251703837,50.0,67.3076923076923,50.0
Porsche,Taycan,Taycan 4S Black Edition,2026,no,Sedan,4,4,AWD,EV,143350.0,2350.0,145700.0,,,,,,,,,,,,,no,17.3,,,,2.0,590.0,523.0,3.7,155.0,3.0,4,50000,4,50000,55.0,https://www.edmunds.com/porsche/taycan/2026/trims/,,,model-specific,,"2.0/5.0 (RepairPal, brand-level only, ranks 32nd of 32 brands)",50.0,50.0,77.60736196319019,50.0,50.0,80.0,73.08726015024342,63.48773841961853,68.83561643835617,50.0
Porsche,Taycan,Taycan GTS,2026,yes,Sedan,4,4,AWD,EV,159350.0,2350.0,161700.0,88.0,85.0,86.0,293.0,,,,,,,,,no,17.3,,,,2.0,690.0,582.0,3.1,155.0,3.0,4,50000,4,50000,55.0,https://www.edmunds.com/porsche/taycan/2026/trims/,,,model-specific,,"2.0/5.0 (RepairPal, brand-level only, ranks 32nd of 32 brands)",50.0,50.0,77.60736196319019,59.75753991720875,50.0,80.0,69.56248760822153,63.48773841961853,95.89041095890411,50.0
Porsche,Taycan,Taycan GTS,2026,yes,Wagon,4,4,AWD,EV,159350.0,2350.0,161700.0,88.0,85.0,86.0,293.0,,,,,,,,,no,17.3,58.7,,,2.0,690.0,582.0,3.1,155.0,3.0,4,50000,4,50000,46.9,https://www.edmunds.com/porsche/taycan/2026/trims/,,,model-specific,,"2.0/5.0 (RepairPal, brand-level only, ranks 32nd of 32 brands)",50.0,50.0,57.399880677157135,96.42857142857144,50.0,66.66666666666666,68.67695252457875,50.0,97.43589743589743,50.0
Porsche,Taycan,Taycan Turbo,2026,yes,Sedan,4,4,AWD,EV,186950.0,2350.0,189300.0,88.0,83.0,86.0,292.0,,,,,,,,,no,17.3,,,,2.0,871.0,656.0,3.0,161.0,3.0,4,50000,4,50000,55.0,https://www.edmunds.com/porsche/taycan/2026/trims/,,,model-specific,,"2.0/5.0 (RepairPal, brand-level only, ranks 32nd of 32 brands)",50.0,50.0,77.60736196319019,59.66390695840725,50.0,80.0,63.48225497323376,63.48773841961853,96.23287671232876,50.0
Porsche,Taycan,Taycan Turbo,2026,yes,Wagon,4,4,AWD,EV,186950.0,2350.0,189300.0,88.0,83.0,86.0,292.0,,,,,,,,,no,17.2,44.2,,,2.0,871.0,656.0,3.1,155.0,3.0,4,50000,4,50000,46.9,https://www.edmunds.com/porsche/taycan/2026/trims/,,,model-specific,,"2.0/5.0 (RepairPal, brand-level only, ranks 32nd of 32 brands)",50.0,50.0,50.0,95.7983193277311,50.0,66.66666666666666,60.67254429975929,50.0,97.43589743589743,50.0
Porsche,Taycan,Taycan Turbo S,2026,yes,Sedan,4,4,AWD,EV,223750.0,2350.0,226100.0,80.0,78.0,79.0,266.0,,,,,,,,,no,17.3,,,,2.0,938.0,818.0,2.4,162.0,3.0,4,50000,4,50000,55.0,https://www.edmunds.com/porsche/taycan/2026/trims/,,,model-specific,,"2.0/5.0 (RepairPal, brand-level only, ranks 32nd of 32 brands)",50.0,50.0,77.60736196319019,54.926818450620935,50.0,80.0,55.375278126583396,63.48773841961853,98.2876712328767,50.0
Porsche,Taycan,Taycan Turbo S,2026,yes,Wagon,4,4,AWD,EV,223750.0,2350.0,226100.0,80.0,78.0,79.0,266.0,,,,,,,,,no,17.2,44.2,,,2.0,938.0,818.0,2.7,155.0,3.0,4,50000,4,50000,46.9,https://www.edmunds.com/porsche/taycan/2026/trims/,,,model-specific,,"2.0/5.0 (RepairPal, brand-level only, ranks 32nd of 32 brands)",50.0,50.0,50.0,58.8235294117647,50.0,66.66666666666666,50.0,50.0,100.0,50.0
Porsche,Taycan,Taycan Turbo GT,2026,yes,Sedan,4,4,AWD,EV,246050.0,2350.0,248400.0,82.0,78.0,82.0,276.0,,,,,,,,,no,17.3,,,,2.0,1019.0,914.0,1.9,180.0,3.0,4,50000,4,50000,55.0,https://www.edmunds.com/porsche/taycan/2026/trims/,,,model-specific,,"2.0/5.0 (RepairPal, brand-level only, ranks 32nd of 32 brands)",50.0,50.0,77.60736196319019,56.84999014389907,50.0,80.0,50.46262639614037,63.48773841961853,100.0,50.0
Porsche,Taycan,Taycan Turbo GT w/Weissach Package,2026,yes,Sedan,4,4,AWD,EV,246050.0,2350.0,248400.0,85.0,76.0,81.0,269.0,,,,,,,,,no,17.3,,,,2.0,1019.0,914.0,2.1,180.0,3.0,4,50000,4,50000,55.0,https://www.edmunds.com/porsche/taycan/2026/trims/,,,model-specific,,"2.0/5.0 (RepairPal, brand-level only, ranks 32nd of 32 brands)",50.0,50.0,77.60736196319019,55.86561206386753,50.0,80.0,50.46262639614037,63.48773841961853,99.31506849315069,50.0
Porsche,Macan,Base,2026,no,SUV,4,5,AWD,Gas,67750.0,2350.0,70100.0,19.0,25.0,21.0,416.0,,,,,,,,,no,17.2,53.1,,,2.0,261.0,295.0,6.0,144.0,1.0,4,50000,4,50000,40.1,https://www.edmunds.com/porsche/macan/2026/trims/,,19.8,model-specific,,"2.0/5.0 (RepairPal, brand-level only, ranks 32nd of 32 brands)",50.0,50.0,57.17598341622611,72.11905772495756,50.0,58.33333333333333,90.0601160862355,72.0703125,62.5,50.0
Porsche,Macan,T,2026,no,SUV,4,5,AWD,Gas,73450.0,2350.0,75800.0,19.0,25.0,21.0,416.0,,,,,,,,,no,17.2,53.1,,,2.0,261.0,295.0,5.8,144.0,1.0,4,50000,4,50000,40.1,https://www.edmunds.com/porsche/macan/2026/trims/,,19.8,model-specific,,"2.0/5.0 (RepairPal, brand-level only, ranks 32nd of 32 brands)",50.0,50.0,57.17598341622611,72.11905772495756,50.0,58.33333333333333,88.87852404643449,72.0703125,63.19444444444444,50.0
Porsche,Macan,S,2026,no,SUV,4,5,AWD,Gas,81250.0,2350.0,83600.0,17.0,23.0,19.0,376.0,,,,,,,,,no,17.2,53.1,,,2.0,375.0,383.0,4.4,161.0,1.0,4,50000,4,50000,40.1,https://www.edmunds.com/porsche/macan/2026/trims/,,19.8,model-specific,,"2.0/5.0 (RepairPal, brand-level only, ranks 32nd of 32 brands)",50.0,50.0,57.17598341622611,65.455220713073,50.0,58.33333333333333,87.26160862354891,72.0703125,68.05555555555556,50.0
Porsche,Macan,GTS,2026,yes,SUV,4,5,AWD,Gas,96550.0,2350.0,98900.0,17.0,22.0,19.0,376.0,,,,,,,,,no,17.2,53.1,,,2.0,434.0,405.0,4.1,169.0,1.0,4,50000,4,50000,40.1,https://www.edmunds.com/porsche/macan/2026/trims/,,19.8,model-specific,,"2.0/5.0 (RepairPal, brand-level only, ranks 32nd of 32 brands)",50.0,50.0,57.17598341622611,65.455220713073,50.0,58.33333333333333,84.08996683250415,72.0703125,94.09722222222223,50.0
Porsche,Macan,Electric,2026,no,SUV,4,5,RWD,EV,82650.0,2350.0,85000.0,,,105.0,309.0,,,,,,,,,no,17.2,53.1,,,2.0,355.0,415.0,5.4,137.0,2.0,4,50000,4,50000,55.8,https://www.edmunds.com/porsche/macan/2026/trims/,,,model-specific,,"2.0/5.0 (RepairPal, brand-level only, ranks 32nd of 32 brands)",50.0,50.0,57.17598341622611,75.88774597495528,50.0,66.66666666666666,86.97139303482587,61.848958333333336,64.58333333333333,50.0
Porsche,Macan,4 Electric,2026,no,SUV,4,5,AWD,EV,86350.0,2350.0,88700.0,,,102.0,304.0,,,,,,,,,no,17.2,53.1,,,2.0,402.0,479.0,4.9,136.0,2.0,4,50000,4,50000,55.8,https://www.edmunds.com/porsche/macan/2026/trims/,,,model-specific,,"2.0/5.0 (RepairPal, brand-level only, ranks 32nd of 32 brands)",50.0,50.0,57.17598341622611,74.53488372093022,50.0,66.66666666666666,86.20439469320067,61.848958333333336,66.31944444444444,50.0
Porsche,Macan,4S Electric,2026,no,SUV,4,5,AWD,EV,92250.0,2350.0,94600.0,,,92.0,290.0,,,,,,,,,no,17.2,53.1,,,2.0,509.0,604.0,3.9,149.0,2.0,4,50000,4,50000,55.8,https://www.edmunds.com/porsche/macan/2026/trims/,,,model-specific,,"2.0/5.0 (RepairPal, brand-level only, ranks 32nd of 32 brands)",50.0,50.0,57.17598341622611,70.28175313059035,50.0,66.66666666666666,84.98134328358209,61.848958333333336,69.79166666666666,50.0
Porsche,Macan,GTS Electric,2026,yes,SUV,4,5,AWD,EV,107650.0,2350.0,110000.0,,,92.0,294.0,,,,,,,,,no,17.2,53.1,,,2.0,563.0,704.0,3.6,155.0,2.0,4,50000,4,50000,55.8,https://www.edmunds.com/porsche/macan/2026/trims/,,,model-specific,,"2.0/5.0 (RepairPal, brand-level only, ranks 32nd of 32 brands)",50.0,50.0,57.17598341622611,70.66636851520573,50.0,66.66666666666666,81.78897180762853,61.848958333333336,95.83333333333334,50.0
Porsche,Macan,Turbo Electric,2026,yes,SUV,4,5,AWD,EV,115050.0,2350.0,117400.0,,,91.0,293.0,,,,,,,,,no,17.2,53.1,,,2.0,630.0,833.0,3.1,161.0,2.0,4,50000,4,50000,55.8,https://www.edmunds.com/porsche/macan/2026/trims/,,,model-specific,,"2.0/5.0 (RepairPal, brand-level only, ranks 32nd of 32 brands)",50.0,50.0,57.17598341622611,70.27951699463327,50.0,66.66666666666666,80.2549751243781,61.848958333333336,97.56944444444444,50.0
Porsche,Cayenne,Base,2026,no,SUV,4,5,AWD,Gas,92250.0,2350.0,94600.0,17.0,23.0,19.0,450.0,,,,,,,,,no,27.3,60.3,7716.0,,2.0,348.0,368.0,5.7,154.0,1.0,4,50000,4,50000,45.2,https://www.edmunds.com/porsche/cayenne/2026/trims/,,23.7,model-specific,,"2.0/5.0 (RepairPal, brand-level only, ranks 32nd of 32 brands)",50.0,50.0,70.2967630186966,72.91489813242785,50.0,58.33333333333333,84.98134328358209,68.75,63.541666666666664,89.6559633027523
Porsche,Cayenne,S,2026,no,SUV,4,5,AWD,Gas,110650.0,2350.0,113000.0,16.0,21.0,18.0,427.0,,,,,,,,,no,27.3,60.3,7716.0,,2.0,468.0,442.0,4.4,170.0,1.0,4,50000,4,50000,45.2,https://www.edmunds.com/porsche/cayenne/2026/trims/,,23.7,model-specific,,"2.0/5.0 (RepairPal, brand-level only, ranks 32nd of 32 brands)",50.0,50.0,70.2967630186966,69.28056027164686,50.0,58.33333333333333,81.16708126036484,68.75,68.05555555555556,89.6559633027523
Porsche,Cayenne,GTS,2026,yes,SUV,4,5,AWD,Gas,134750.0,2350.0,137100.0,15.0,22.0,18.0,427.0,,,,,,,,,no,27.3,60.3,7716.0,,2.0,493.0,487.0,4.2,171.0,1.0,4,50000,4,50000,45.2,https://www.edmunds.com/porsche/cayenne/2026/trims/,,23.7,model-specific,,"2.0/5.0 (RepairPal, brand-level only, ranks 32nd of 32 brands)",50.0,50.0,70.2967630186966,69.28056027164686,50.0,58.33333333333333,76.17122719734661,68.75,93.75,89.6559633027523
Porsche,Cayenne,E-Hybrid,2026,no,SUV,4,5,AWD,Hybrid,105450.0,2350.0,107800.0,21.0,23.0,22.0,,,,,,,,,,no,27.3,60.3,7716.0,,2.0,463.0,479.0,4.6,158.0,1.0,4,50000,4,50000,48.4,https://www.edmunds.com/porsche/cayenne/2026/trims/,,,model-specific,,"2.0/5.0 (RepairPal, brand-level only, ranks 32nd of 32 brands)",50.0,50.0,70.2967630186966,53.03030303030303,50.0,58.33333333333333,82.2450248756219,66.66666666666667,67.36111111111111,89.6559633027523
Porsche,Cayenne,S E-Hybrid,2026,no,SUV,4,5,AWD,Hybrid,113950.0,2350.0,116300.0,21.0,23.0,22.0,,,,,,,,,,no,27.3,60.3,7716.0,,2.0,512.0,553.0,4.4,163.0,1.0,4,50000,4,50000,48.4,https://www.edmunds.com/porsche/cayenne/2026/trims/,,,model-specific,,"2.0/5.0 (RepairPal, brand-level only, ranks 32nd of 32 brands)",50.0,50.0,70.2967630186966,53.03030303030303,50.0,58.33333333333333,80.48300165837479,66.66666666666667,68.05555555555556,89.6559633027523
Porsche,Cayenne,Turbo E-Hybrid,2026,yes,SUV,4,5,AWD,Hybrid,166850.0,2350.0,169200.0,21.0,23.0,22.0,,,,,,,,,,no,27.3,60.3,7716.0,,2.0,729.0,700.0,3.5,183.0,1.0,4,50000,4,50000,48.4,https://www.edmunds.com/porsche/cayenne/2026/trims/,,,model-specific,,"2.0/5.0 (RepairPal, brand-level only, ranks 32nd of 32 brands)",50.0,50.0,70.2967630186966,53.03030303030303,50.0,58.33333333333333,69.51699834162521,66.66666666666667,96.18055555555556,89.6559633027523
Porsche,Cayenne,Electric,2026,no,SUV,4,5,AWD,EV,111350.0,2350.0,113700.0,,,,,,,,,,,,,no,27.3,60.3,7716.0,,2.0,435.0,615.0,4.5,143.0,2.0,4,50000,4,50000,,https://www.edmunds.com/porsche/cayenne/2026/trims/,,,,,"2.0/5.0 (RepairPal, brand-level only, ranks 32nd of 32 brands)",50.0,50.0,70.2967630186966,50.0,50.0,66.66666666666666,81.02197346600332,50.0,67.70833333333334,89.6559633027523
Porsche,Cayenne,S Electric,2026,no,SUV,4,5,AWD,EV,128650.0,2350.0,131000.0,,,,,,,,,,,,,no,27.3,60.3,7716.0,,2.0,536.0,657.0,4.5,143.0,2.0,4,50000,4,50000,,https://www.edmunds.com/porsche/cayenne/2026/trims/,,,,,"2.0/5.0 (RepairPal, brand-level only, ranks 32nd of 32 brands)",50.0,50.0,70.2967630186966,50.0,50.0,66.66666666666666,77.43573797678275,50.0,67.70833333333334,89.6559633027523
Porsche,Cayenne,Turbo Electric,2026,yes,SUV,4,5,AWD,EV,165350.0,2350.0,167700.0,,,,,,,,,,,,,no,27.3,60.3,7716.0,,2.0,1139.0,1106.0,2.4,162.0,2.0,4,50000,4,50000,,https://www.edmunds.com/porsche/cayenne/2026/trims/,,,,,"2.0/5.0 (RepairPal, brand-level only, ranks 32nd of 32 brands)",50.0,50.0,70.2967630186966,50.0,50.0,66.66666666666666,69.82794361525706,50.0,100.0,89.6559633027523
Porsche,Cayenne,Base,2026,no,Coupe,4,5,AWD,Gas,97450.0,2350.0,99800.0,17.0,23.0,19.0,450.0,,,,,,,,,no,20.9,53.0,7716.0,,2.0,348.0,368.0,5.4,154.0,1.0,4,50000,4,50000,45.2,https://www.edmunds.com/porsche/cayenne-coupe/2026/trims/,,23.7,model-specific,,"2.0/5.0 (RepairPal, brand-level only, ranks 32nd of 32 brands)",50.0,50.0,94.8087431693989,81.07638888888889,50.0,62.5,86.04864097446554,58.86824324324324,55.96529284164859,50.0
Porsche,Cayenne,S,2026,no,Coupe,4,5,AWD,Gas,117250.0,2350.0,119600.0,16.0,21.0,18.0,427.0,,,,,,,,,no,20.9,53.0,7716.0,,2.0,468.0,442.0,4.4,170.0,1.0,4,50000,4,50000,45.2,https://www.edmunds.com/porsche/cayenne-coupe/2026/trims/,,23.7,model-specific,,"2.0/5.0 (RepairPal, brand-level only, ranks 32nd of 32 brands)",50.0,50.0,94.8087431693989,76.85185185185185,50.0,62.5,81.97465072735129,58.86824324324324,61.388286334056396,50.0
Porsche,Cayenne,GTS,2026,yes,Coupe,4,5,AWD,Gas,139450.0,2350.0,141800.0,15.0,22.0,18.0,427.0,,,,,,,,,no,20.9,53.0,7716.0,,2.0,493.0,487.0,4.2,171.0,1.0,4,50000,4,50000,45.2,https://www.edmunds.com/porsche/cayenne-coupe/2026/trims/,,23.7,model-specific,,"2.0/5.0 (RepairPal, brand-level only, ranks 32nd of 32 brands)",50.0,50.0,94.8087431693989,76.85185185185185,50.0,62.5,77.40684348058682,58.86824324324324,87.47288503253796,50.0
Porsche,Cayenne,Turbo GT,2026,yes,Coupe,4,5,AWD,Gas,217150.0,2350.0,219500.0,14.0,19.0,16.0,379.0,,,,,,,,,no,20.3,52.4,7716.0,,2.0,650.0,626.0,3.1,190.0,1.0,4,50000,4,50000,45.2,https://www.edmunds.com/porsche/cayenne-coupe/2026/trims/,,23.7,model-specific,,"2.0/5.0 (RepairPal, brand-level only, ranks 32nd of 32 brands)",50.0,50.0,93.16939890710383,68.1712962962963,50.0,62.5,61.41951811691118,58.86824324324324,93.43817787418655,50.0
Porsche,Cayenne,E-Hybrid,2026,no,Coupe,4,5,AWD,Hybrid,109650.0,2350.0,112000.0,21.0,23.0,22.0,,,,,,,,,,no,15.3,47.4,7716.0,,2.0,463.0,479.0,4.6,158.0,1.0,4,50000,4,50000,48.4,https://www.edmunds.com/porsche/cayenne-coupe/2026/trims/,,,model-specific,,"2.0/5.0 (RepairPal, brand-level only, ranks 32nd of 32 brands)",50.0,50.0,79.50819672131148,57.69230769230769,50.0,62.5,83.53840455957696,56.16554054054055,60.30368763557484,50.0
Porsche,Cayenne,S E-Hybrid,2026,no,Coupe,4,5,AWD,Hybrid,119450.0,2350.0,121800.0,21.0,23.0,22.0,,,,,,,,,,no,15.3,47.4,7716.0,,2.0,512.0,553.0,4.4,163.0,1.0,4,50000,4,50000,48.4,https://www.edmunds.com/porsche/cayenne-coupe/2026/trims/,,,model-specific,,"2.0/5.0 (RepairPal, brand-level only, ranks 32nd of 32 brands)",50.0,50.0,79.50819672131148,57.69230769230769,50.0,62.5,81.5219851443386,56.16554054054055,61.388286334056396,50.0
Porsche,Cayenne,Turbo E-Hybrid,2026,yes,Coupe,4,5,AWD,Hybrid,171450.0,2350.0,173800.0,21.0,23.0,22.0,,,,,,,,,,no,15.3,47.4,7716.0,,2.0,729.0,700.0,3.5,183.0,1.0,4,50000,4,50000,48.4,https://www.edmunds.com/porsche/cayenne-coupe/2026/trims/,,,model-specific,,"2.0/5.0 (RepairPal, brand-level only, ranks 32nd of 32 brands)",50.0,50.0,79.50819672131148,57.69230769230769,50.0,62.5,70.82261681858398,56.16554054054055,91.26898047722342,50.0
Porsche,Cayenne,Electric,2026,no,Coupe,4,5,AWD,EV,116150.0,2350.0,118500.0,,,,,,,,,,,,,no,22.1,50.8,7716.0,,2.0,435.0,615.0,4.5,143.0,2.0,4,50000,4,50000,,https://www.edmunds.com/porsche/cayenne-coupe/2026/trims/,,,,,"2.0/5.0 (RepairPal, brand-level only, ranks 32nd of 32 brands)",50.0,50.0,98.08743169398907,50.0,50.0,75.0,82.20098351885764,50.0,60.84598698481562,50.0
Porsche,Cayenne,S Electric,2026,no,Coupe,4,5,AWD,EV,133550.0,2350.0,135900.0,,,,,,,,,,,,,no,22.1,50.8,7716.0,,2.0,657.0,796.0,4.5,143.0,2.0,4,50000,4,50000,,https://www.edmunds.com/porsche/cayenne-coupe/2026/trims/,,,,,"2.0/5.0 (RepairPal, brand-level only, ranks 32nd of 32 brands)",50.0,50.0,98.08743169398907,50.0,50.0,75.0,78.6208102713936,50.0,60.84598698481562,50.0
Porsche,Cayenne,Turbo Electric,2026,yes,Coupe,4,5,AWD,EV,170350.0,2350.0,172700.0,,,,,,,,,,,,,no,22.1,50.8,7716.0,,2.0,1139.0,1106.0,2.4,162.0,2.0,4,50000,4,50000,,https://www.edmunds.com/porsche/cayenne-coupe/2026/trims/,,,,,"2.0/5.0 (RepairPal, brand-level only, ranks 32nd of 32 brands)",50.0,50.0,98.08743169398907,50.0,50.0,75.0,71.04894961009033,50.0,97.23427331887201,50.0
Porsche,Panamera,Base,2026,no,Sedan,4,4,RWD,Gas,115350.0,2350.0,117700.0,18.0,25.0,21.0,498.0,,,,,,,,,no,17.4,46.9,,,2.0,348.0,368.0,5.0,169.0,2.0,4,50000,4,50000,42.4,https://www.edmunds.com/porsche/panamera/2026/trims/,,23.7,model-specific,,"2.0/5.0 (RepairPal, brand-level only, ranks 32nd of 32 brands)",50.0,50.0,77.91411042944785,78.01914580265095,50.0,70.0,79.25561209878175,72.0708446866485,64.38356164383562,50.0
Porsche,Panamera,4,2026,no,Sedan,4,4,AWD,Gas,122750.0,2350.0,125100.0,18.0,25.0,21.0,498.0,,,,,,,,,no,17.4,46.9,,,2.0,348.0,368.0,4.5,168.0,2.0,4,50000,4,50000,42.4,https://www.edmunds.com/porsche/panamera/2026/trims/,,23.7,model-specific,,"2.0/5.0 (RepairPal, brand-level only, ranks 32nd of 32 brands)",50.0,50.0,77.91411042944785,78.01914580265095,50.0,70.0,77.62540479809662,72.0708446866485,66.0958904109589,50.0
Porsche,Panamera,4 E-Hybrid,2026,no,Sedan,4,4,AWD,PHEV,129550.0,2350.0,131900.0,,,,28.0,,,,,,,,,no,17.4,46.9,,,2.0,463.0,479.0,3.9,174.0,2.0,4,50000,4,50000,45.7,https://www.edmunds.com/porsche/panamera/2026/trims/,,,model-specific,,"2.0/5.0 (RepairPal, brand-level only, ranks 32nd of 32 brands)",50.0,50.0,77.91411042944785,50.0,50.0,70.0,76.12737646773732,69.82288828337875,68.15068493150685,50.0
Porsche,Panamera,4S E-Hybrid,2026,no,Sedan,4,4,AWD,PHEV,141450.0,2350.0,143800.0,,,,28.0,,,,,,,,,no,17.4,46.9,,,2.0,536.0,553.0,3.5,180.0,2.0,4,50000,4,50000,45.7,https://www.edmunds.com/porsche/panamera/2026/trims/,,,model-specific,,"2.0/5.0 (RepairPal, brand-level only, ranks 32nd of 32 brands)",50.0,50.0,77.91411042944785,50.0,50.0,70.0,73.50582688960853,69.82288828337875,69.52054794520548,50.0
Porsche,Panamera,GTS,2026,yes,Sedan,4,4,AWD,Gas,169250.0,2350.0,171600.0,16.0,24.0,18.0,427.0,,,,,,,,,no,17.4,46.9,,,2.0,493.0,486.0,3.6,188.0,2.0,4,50000,4,50000,42.4,https://www.edmunds.com/porsche/panamera/2026/trims/,,23.7,model-specific,,"2.0/5.0 (RepairPal, brand-level only, ranks 32nd of 32 brands)",50.0,50.0,77.91411042944785,68.34806087383407,50.0,70.0,67.38153459784549,72.0708446866485,94.17808219178082,50.0
Porsche,Panamera,Turbo E-Hybrid,2026,yes,Sedan,4,4,AWD,PHEV,210250.0,2350.0,212600.0,,,,,,,,,,,,,no,17.4,46.9,,,2.0,670.0,686.0,3.0,196.0,2.0,4,50000,4,50000,45.7,https://www.edmunds.com/porsche/panamera/2026/trims/,,,model-specific,,"2.0/5.0 (RepairPal, brand-level only, ranks 32nd of 32 brands)",50.0,50.0,77.91411042944785,50.0,50.0,70.0,58.349304958914374,69.82288828337875,96.23287671232876,50.0
Porsche,Panamera,Turbo S E-Hybrid,2026,yes,Sedan,4,4,AWD,PHEV,247550.0,2350.0,249900.0,,,,,,,,,,,,,no,17.4,46.9,,,2.0,771.0,737.0,2.8,202.0,2.0,4,50000,4,50000,45.7,https://www.edmunds.com/porsche/panamera/2026/trims/,,,model-specific,,"2.0/5.0 (RepairPal, brand-level only, ranks 32nd of 32 brands)",50.0,50.0,77.91411042944785,50.0,50.0,70.0,50.132178970325825,69.82288828337875,96.91780821917808,50.0
Land Rover,Defender,90 P400 X-Dynamic SE,2026,no,SUV,2,5,AWD,Gas,68500.0,1950.0,70450.0,18.0,22.0,20.0,476.0,,,39.1,38.4,,40.6,37.2,,no,15.6,,8200.0,,2.5,395.0,406.0,6.2,119.0,3.0,4,50000,4,50000,48.0,https://www.edmunds.com/land-rover/defender/2026/features-specs/,,23.8,model-specific,,"2.5/5.0 (RepairPal, brand-level only, ranks 31st of 32 brands)",50.0,67.37719444691797,54.48724015800983,76.85165534804753,58.33333333333333,75.0,89.98756218905473,66.92708333333334,61.80555555555556,92.43119266055047
Land Rover,Defender,90 P525 V8,2026,yes,SUV,2,5,AWD,Gas,114400.0,1950.0,116350.0,,,,,,,39.1,38.4,,40.6,37.2,,no,15.6,,8200.0,,2.5,,,5.1,149.0,3.0,4,50000,4,50000,48.0,https://www.edmunds.com/land-rover/defender/2026/features-specs/,,23.8,model-specific,,"2.5/5.0 (RepairPal, brand-level only, ranks 31st of 32 brands)",50.0,67.37719444691797,54.48724015800983,50.0,58.33333333333333,75.0,80.4726368159204,66.92708333333334,90.625,92.43119266055047
Land Rover,Defender,110 P300 S,2026,no,SUV,4,5,AWD,Gas,63500.0,1950.0,65450.0,,,,,,,39.1,38.4,,40.6,40.4,,no,34.0,,8200.0,,2.5,,,7.0,119.0,3.0,4,50000,4,50000,48.0,https://www.edmunds.com/land-rover/defender/2026/features-specs/,,23.8,model-specific,,"2.5/5.0 (RepairPal, brand-level only, ranks 31st of 32 brands)",50.0,78.08243514707948,83.97481833921731,50.0,58.33333333333333,75.0,91.0240464344942,66.92708333333334,59.02777777777778,92.43119266055047
Land Rover,Defender,110 P400 X-Dynamic SE,2026,no,SUV,4,5,AWD,Gas,75200.0,1950.0,77150.0,18.0,22.0,20.0,476.0,,,39.1,38.4,,40.6,40.4,,no,34.0,,8200.0,,2.5,395.0,406.0,5.8,119.0,3.0,4,50000,4,50000,48.0,https://www.edmunds.com/land-rover/defender/2026/features-specs/,,23.8,model-specific,,"2.5/5.0 (RepairPal, brand-level only, ranks 31st of 32 brands)",50.0,78.08243514707948,83.97481833921731,76.85165534804753,58.33333333333333,75.0,88.59867330016584,66.92708333333334,63.19444444444444,92.43119266055047
Land Rover,Defender,110 P400 Trophy Edition,2026,no,SUV,4,5,AWD,Gas,87400.0,1950.0,89350.0,18.0,22.0,20.0,476.0,,,39.1,38.4,,40.6,40.4,,no,34.0,,8200.0,,2.5,395.0,406.0,5.8,119.0,3.0,4,50000,4,50000,48.0,https://www.edmunds.com/land-rover/defender/2026/features-specs/,,23.8,model-specific,,"2.5/5.0 (RepairPal, brand-level only, ranks 31st of 32 brands)",50.0,78.08243514707948,83.97481833921731,76.85165534804753,58.33333333333333,75.0,86.06965174129354,66.92708333333334,63.19444444444444,92.43119266055047
Land Rover,Defender,110 P400 X,2026,no,SUV,4,5,AWD,Gas,95600.0,1950.0,97550.0,18.0,22.0,20.0,476.0,,,39.1,38.4,,40.6,40.4,,no,34.0,,8200.0,,2.5,395.0,406.0,5.8,119.0,3.0,4,50000,4,50000,48.0,https://www.edmunds.com/land-rover/defender/2026/features-specs/,,23.8,model-specific,,"2.5/5.0 (RepairPal, brand-level only, ranks 31st of 32 brands)",50.0,78.08243514707948,83.97481833921731,76.85165534804753,58.33333333333333,75.0,84.3698175787728,66.92708333333334,63.19444444444444,92.43119266055047
Land Rover,Defender,110 P500 X-Dynamic SE,2026,yes,SUV,4,5,AWD,Gas,99100.0,1950.0,101050.0,,,,,,,39.1,38.4,,40.6,40.4,,no,34.0,,8200.0,,2.5,,,5.2,149.0,3.0,4,50000,4,50000,48.0,https://www.edmunds.com/land-rover/defender/2026/features-specs/,,23.8,model-specific,,"2.5/5.0 (RepairPal, brand-level only, ranks 31st of 32 brands)",50.0,78.08243514707948,83.97481833921731,50.0,58.33333333333333,75.0,83.64427860696517,66.92708333333334,90.27777777777777,92.43119266055047
Land Rover,Defender,110 P525 V8,2026,yes,SUV,4,5,AWD,Gas,118300.0,1950.0,120250.0,,,,,,,39.1,38.4,,40.6,40.4,,no,34.0,,8200.0,,2.5,,,5.1,149.0,3.0,4,50000,4,50000,48.0,https://www.edmunds.com/land-rover/defender/2026/features-specs/,,23.8,model-specific,,"2.5/5.0 (RepairPal, brand-level only, ranks 31st of 32 brands)",50.0,78.08243514707948,83.97481833921731,50.0,58.33333333333333,75.0,79.66417910447761,66.92708333333334,90.625,92.43119266055047
Land Rover,Defender,110 P635 OCTA,2026,yes,SUV,4,5,AWD,Gas,158300.0,1950.0,160250.0,,,,,,,39.1,38.4,,40.6,40.4,,no,34.0,,8200.0,,2.5,,,3.8,155.0,3.0,4,50000,4,50000,48.0,https://www.edmunds.com/land-rover/defender/2026/features-specs/,,23.8,model-specific,,"2.5/5.0 (RepairPal, brand-level only, ranks 31st of 32 brands)",50.0,78.08243514707948,83.97481833921731,50.0,58.33333333333333,75.0,71.37230514096186,66.92708333333334,95.13888888888889,92.43119266055047
Land Rover,Defender,110 P635 OCTA Black,2026,yes,SUV,4,5,AWD,Gas,168700.0,1950.0,170650.0,,,,,,,39.1,38.4,,40.6,40.4,,no,34.0,,8200.0,,2.5,,,3.8,155.0,3.0,4,50000,4,50000,48.0,https://www.edmunds.com/land-rover/defender/2026/features-specs/,,23.8,model-specific,,"2.5/5.0 (RepairPal, brand-level only, ranks 31st of 32 brands)",50.0,78.08243514707948,83.97481833921731,50.0,58.33333333333333,75.0,69.21641791044776,66.92708333333334,95.13888888888889,92.43119266055047
Land Rover,Defender,130 P300 S,2026,no,SUV,4,5,AWD,Gas,73000.0,1950.0,74950.0,,,,,,,39.1,38.4,,40.6,40.4,,no,15.3,,8200.0,,2.5,,,7.5,119.0,3.0,4,50000,4,50000,48.0,https://www.edmunds.com/land-rover/defender/2026/features-specs/,,23.8,model-specific,,"2.5/5.0 (RepairPal, brand-level only, ranks 31st of 32 brands)",50.0,78.08243514707948,54.006464426794494,50.0,58.33333333333333,75.0,89.05472636815921,66.92708333333334,57.291666666666664,92.43119266055047
Land Rover,Defender,130 P400 X-Dynamic SE,2026,no,SUV,4,5,AWD,Gas,84400.0,1950.0,86350.0,18.0,22.0,20.0,476.0,,,39.1,38.4,,40.6,40.4,,no,15.3,,8200.0,,2.5,395.0,406.0,6.3,119.0,3.0,4,50000,4,50000,48.0,https://www.edmunds.com/land-rover/defender/2026/features-specs/,,23.8,model-specific,,"2.5/5.0 (RepairPal, brand-level only, ranks 31st of 32 brands)",50.0,78.08243514707948,54.006464426794494,76.85165534804753,58.33333333333333,75.0,86.69154228855722,66.92708333333334,61.458333333333336,92.43119266055047
Land Rover,Defender,130 P400 Outbound,2026,no,SUV,4,5,AWD,Gas,86700.0,1950.0,88650.0,18.0,22.0,20.0,476.0,,,39.1,38.4,,40.6,40.4,,no,15.3,,8200.0,,2.5,395.0,406.0,6.3,119.0,3.0,4,50000,4,50000,48.0,https://www.edmunds.com/land-rover/defender/2026/features-specs/,,23.8,model-specific,,"2.5/5.0 (RepairPal, brand-level only, ranks 31st of 32 brands)",50.0,78.08243514707948,54.006464426794494,76.85165534804753,58.33333333333333,75.0,86.21475953565505,66.92708333333334,61.458333333333336,92.43119266055047
Land Rover,Defender,130 P400 X,2026,no,SUV,4,5,AWD,Gas,105000.0,1950.0,106950.0,18.0,22.0,20.0,476.0,,,39.1,38.4,,40.6,40.4,,no,15.3,,8200.0,,2.5,395.0,406.0,6.3,119.0,3.0,4,50000,4,50000,48.0,https://www.edmunds.com/land-rover/defender/2026/features-specs/,,23.8,model-specific,,"2.5/5.0 (RepairPal, brand-level only, ranks 31st of 32 brands)",50.0,78.08243514707948,54.006464426794494,76.85165534804753,58.33333333333333,75.0,82.42122719734661,66.92708333333334,61.458333333333336,92.43119266055047
Land Rover,Defender,130 P500 V8,2026,yes,SUV,4,5,AWD,Gas,123900.0,1950.0,125850.0,,,,,,,39.1,38.4,,40.6,40.4,,no,15.3,,8200.0,,2.5,,,5.4,149.0,3.0,4,50000,4,50000,48.0,https://www.edmunds.com/land-rover/defender/2026/features-specs/,,23.8,model-specific,,"2.5/5.0 (RepairPal, brand-level only, ranks 31st of 32 brands)",50.0,78.08243514707948,54.006464426794494,50.0,58.33333333333333,75.0,78.50331674958541,66.92708333333334,89.58333333333333,92.43119266055047
Land Rover,Range Rover,P400 SE (Standard Wheelbase),2026,no,SUV,4,5,AWD,Gas,113300.0,2450.0,115750.0,19.0,24.0,21.0,500.0,,,39.9,40.4,,39.3,39.2,,no,40.7,83.5,7715.0,,2.5,395.0,406.0,5.5,150.0,3.0,4,50000,4,50000,74.0,https://www.edmunds.com/land-rover/range-rover/2026/features-specs/,,23.8,model-specific,,"2.5/5.0 (RepairPal, brand-level only, ranks 31st of 32 brands)",50.0,75.8689844129398,89.56436993543402,80.58679966044141,58.33333333333333,75.0,80.59701492537313,50.0,64.23611111111111,89.65022935779817
Land Rover,Range Rover,"P400 SE (Long Wheelbase, 7-Seat)",2026,no,SUV,4,7,AWD,Gas,120700.0,2450.0,123150.0,19.0,24.0,21.0,500.0,,,39.9,40.4,36.0,39.3,39.6,36.0,yes,40.7,83.5,7715.0,,2.5,395.0,406.0,5.5,150.0,3.0,4,50000,4,50000,74.0,https://www.edmunds.com/land-rover/range-rover/2026/features-specs/,,23.8,model-specific,,"2.5/5.0 (RepairPal, brand-level only, ranks 31st of 32 brands)",50.0,77.4905949104845,89.56436993543402,80.58679966044141,58.33333333333333,75.0,79.06301824212272,50.0,64.23611111111111,89.65022935779817
Land Rover,Range Rover,P550e SE (Standard Wheelbase),2026,no,SUV,4,5,AWD,PHEV,125900.0,2450.0,128350.0,,,,21.0,,,39.9,40.4,,39.3,39.2,,no,40.7,83.5,7715.0,,2.5,543.0,,4.8,150.0,3.0,4,50000,4,50000,74.0,https://www.edmunds.com/land-rover/range-rover/2026/features-specs/,,,model-specific,,"2.5/5.0 (RepairPal, brand-level only, ranks 31st of 32 brands)",50.0,75.8689844129398,89.56436993543402,50.0,58.33333333333333,75.0,77.98507462686567,50.0,66.66666666666667,89.65022935779817
Land Rover,Range Rover,P530 SE (Standard Wheelbase),2026,yes,SUV,4,5,AWD,Gas,138000.0,2450.0,140450.0,,,,,,,39.9,40.4,,39.3,39.2,,no,40.7,83.5,7715.0,,2.5,607.0,,4.4,155.0,3.0,4,50000,4,50000,74.0,https://www.edmunds.com/land-rover/range-rover/2026/features-specs/,,23.8,model-specific,,"2.5/5.0 (RepairPal, brand-level only, ranks 31st of 32 brands)",50.0,75.8689844129398,89.56436993543402,50.0,58.33333333333333,75.0,75.47678275290215,50.0,93.05555555555556,89.65022935779817
Land Rover,Range Rover,"P530 SE (Long Wheelbase, 7-Seat)",2026,yes,SUV,4,7,AWD,Gas,145400.0,2450.0,147850.0,,,,,,,39.9,40.4,36.0,39.3,39.6,36.0,yes,40.7,83.5,7715.0,,2.5,607.0,,4.4,155.0,3.0,4,50000,4,50000,74.0,https://www.edmunds.com/land-rover/range-rover/2026/features-specs/,,23.8,model-specific,,"2.5/5.0 (RepairPal, brand-level only, ranks 31st of 32 brands)",50.0,77.4905949104845,89.56436993543402,50.0,58.33333333333333,75.0,73.94278606965175,50.0,93.05555555555556,89.65022935779817
Land Rover,Range Rover,P550e Autobiography (Standard Wheelbase),2026,no,SUV,4,5,AWD,PHEV,159200.0,2450.0,161650.0,,,,21.0,,,39.9,40.4,,39.3,39.2,,no,40.7,83.5,7715.0,,2.5,543.0,,4.8,150.0,4.0,4,50000,4,50000,74.0,https://www.edmunds.com/land-rover/range-rover/2026/features-specs/,,,model-specific,,"2.5/5.0 (RepairPal, brand-level only, ranks 31st of 32 brands)",50.0,75.8689844129398,89.56436993543402,50.0,58.33333333333333,83.33333333333333,71.08208955223881,50.0,66.66666666666667,89.65022935779817
Land Rover,Range Rover,P530 Autobiography (Standard Wheelbase),2026,yes,SUV,4,5,AWD,Gas,174800.0,2450.0,177250.0,,,,,,,39.9,40.4,,39.3,39.2,,no,40.7,83.5,7715.0,,2.5,607.0,,4.4,155.0,4.0,4,50000,4,50000,74.0,https://www.edmunds.com/land-rover/range-rover/2026/features-specs/,,23.8,model-specific,,"2.5/5.0 (RepairPal, brand-level only, ranks 31st of 32 brands)",50.0,75.8689844129398,89.56436993543402,50.0,58.33333333333333,83.33333333333333,67.84825870646766,50.0,93.05555555555556,89.65022935779817
Land Rover,Range Rover,"P530 Autobiography (Long Wheelbase, 7-Seat)",2026,yes,SUV,4,7,AWD,Gas,177900.0,2450.0,180350.0,,,,,,,39.9,40.4,36.0,39.3,39.6,36.0,yes,40.7,83.5,7715.0,,2.5,607.0,,4.4,155.0,4.0,4,50000,4,50000,74.0,https://www.edmunds.com/land-rover/range-rover/2026/features-specs/,,23.8,model-specific,,"2.5/5.0 (RepairPal, brand-level only, ranks 31st of 32 brands)",50.0,77.4905949104845,89.56436993543402,50.0,58.33333333333333,83.33333333333333,67.20563847429518,50.0,93.05555555555556,89.65022935779817
Land Rover,Range Rover,"P530 Autobiography (Long Wheelbase, 5-Seat)",2026,yes,SUV,4,5,AWD,Gas,179500.0,2450.0,181950.0,,,,,,,39.9,40.4,,39.3,39.2,,no,40.7,83.5,7715.0,,2.5,607.0,,4.4,155.0,4.0,4,50000,4,50000,74.0,https://www.edmunds.com/land-rover/range-rover/2026/features-specs/,,23.8,model-specific,,"2.5/5.0 (RepairPal, brand-level only, ranks 31st of 32 brands)",50.0,75.8689844129398,89.56436993543402,50.0,58.33333333333333,83.33333333333333,66.87396351575455,50.0,93.05555555555556,89.65022935779817
Land Rover,Range Rover,P615 SV (Standard Wheelbase),2026,yes,SUV,4,5,AWD,Gas,219500.0,2450.0,221950.0,,,,,,,39.9,40.4,,39.3,38.5,,no,40.7,83.5,7715.0,,2.5,,,4.3,162.0,5.0,4,50000,4,50000,74.0,https://www.edmunds.com/land-rover/range-rover/2026/features-specs/,,23.8,model-specific,,"2.5/5.0 (RepairPal, brand-level only, ranks 31st of 32 brands)",50.0,73.52721300977944,89.56436993543402,50.0,58.33333333333333,91.66666666666667,58.582089552238806,50.0,93.40277777777777,89.65022935779817
Land Rover,Range Rover,P615 SV (Long Wheelbase),2026,yes,SUV,4,5,AWD,Gas,245700.0,2450.0,248150.0,,,,,,,39.9,40.4,,39.3,38.5,,no,40.7,83.5,7715.0,,2.5,,,4.3,162.0,5.0,4,50000,4,50000,74.0,https://www.edmunds.com/land-rover/range-rover/2026/features-specs/,,23.8,model-specific,,"2.5/5.0 (RepairPal, brand-level only, ranks 31st of 32 brands)",50.0,73.52721300977944,89.56436993543402,50.0,58.33333333333333,91.66666666666667,53.15091210613599,50.0,93.40277777777777,89.65022935779817
Land Rover,Range Rover,P615 SV Black (Standard Wheelbase),2026,yes,SUV,4,5,AWD,Gas,238900.0,2450.0,241350.0,,,,,,,39.9,40.4,,39.3,38.5,,no,40.7,83.5,7715.0,,2.5,,,4.3,162.0,5.0,4,50000,4,50000,74.0,https://www.edmunds.com/land-rover/range-rover/2026/features-specs/,,23.8,model-specific,,"2.5/5.0 (RepairPal, brand-level only, ranks 31st of 32 brands)",50.0,73.52721300977944,89.56436993543402,50.0,58.33333333333333,91.66666666666667,54.56053067993366,50.0,93.40277777777777,89.65022935779817
Land Rover,Range Rover,P615 SV Black (Long Wheelbase),2026,yes,SUV,4,5,AWD,Gas,260900.0,2450.0,263350.0,,,,,,,39.9,40.4,,39.3,38.5,,no,40.7,83.5,7715.0,,2.5,,,4.3,162.0,5.0,4,50000,4,50000,74.0,https://www.edmunds.com/land-rover/range-rover/2026/features-specs/,,23.8,model-specific,,"2.5/5.0 (RepairPal, brand-level only, ranks 31st of 32 brands)",50.0,73.52721300977944,89.56436993543402,50.0,58.33333333333333,91.66666666666667,50.0,50.0,93.40277777777777,89.65022935779817
Land Rover,Range Rover Sport,P360 S,2026,no,SUV,4,5,AWD,Gas,77600.0,1850.0,79450.0,20.0,25.0,22.0,524.0,,,40.3,37.8,,38.8,39.0,,no,31.9,,7716.0,,2.5,395.0,406.0,5.7,140.0,3.0,4,50000,4,50000,64.0,https://www.edmunds.com/land-rover/range-rover-sport/2026/features-specs/,,23.8,model-specific,,"2.5/5.0 (RepairPal, brand-level only, ranks 31st of 32 brands)",50.0,70.59607653425607,80.60938822070993,84.32194397283531,58.33333333333333,75.0,88.12189054726369,56.510416666666664,63.541666666666664,89.6559633027523
Land Rover,Range Rover Sport,P360 SE,2026,no,SUV,4,5,AWD,Gas,83700.0,1850.0,85550.0,20.0,25.0,22.0,524.0,,,40.3,37.8,,38.8,39.0,,no,31.9,,7716.0,,2.5,395.0,406.0,5.7,140.0,3.0,4,50000,4,50000,64.0,https://www.edmunds.com/land-rover/range-rover-sport/2026/features-specs/,,23.8,model-specific,,"2.5/5.0 (RepairPal, brand-level only, ranks 31st of 32 brands)",50.0,70.59607653425607,80.60938822070993,84.32194397283531,58.33333333333333,75.0,86.85737976782752,56.510416666666664,63.541666666666664,89.6559633027523
Land Rover,Range Rover Sport,P400 Dynamic SE,2026,no,SUV,4,5,AWD,Gas,90800.0,1850.0,92650.0,20.0,25.0,22.0,524.0,,,40.3,37.8,,38.8,39.0,,no,31.9,,7716.0,,2.5,395.0,406.0,5.8,150.0,3.0,4,50000,4,50000,64.0,https://www.edmunds.com/land-rover/range-rover-sport/2026/features-specs/,,23.8,model-specific,,"2.5/5.0 (RepairPal, brand-level only, ranks 31st of 32 brands)",50.0,70.59607653425607,80.60938822070993,84.32194397283531,58.33333333333333,75.0,85.38557213930349,56.510416666666664,63.19444444444444,89.6559633027523
Land Rover,Range Rover Sport,P460e Dynamic SE,2026,no,SUV,4,5,AWD,PHEV,95100.0,1850.0,96950.0,,,,,,,40.3,37.8,,38.8,39.0,,no,31.9,,7716.0,,2.5,,,5.3,140.0,3.0,4,50000,4,50000,64.0,https://www.edmunds.com/land-rover/range-rover-sport/2026/features-specs/,,,model-specific,,"2.5/5.0 (RepairPal, brand-level only, ranks 31st of 32 brands)",50.0,70.59607653425607,80.60938822070993,50.0,58.33333333333333,75.0,84.49419568822555,56.510416666666664,64.93055555555556,89.6559633027523
Land Rover,Range Rover Sport,P530 Dynamic SE,2026,yes,SUV,4,5,AWD,Gas,103700.0,1850.0,105550.0,,,,,,,40.3,37.8,,38.8,39.0,,no,31.9,,7716.0,,2.5,607.0,,4.3,155.0,3.0,4,50000,4,50000,64.0,https://www.edmunds.com/land-rover/range-rover-sport/2026/features-specs/,,23.8,model-specific,,"2.5/5.0 (RepairPal, brand-level only, ranks 31st of 32 brands)",50.0,70.59607653425607,80.60938822070993,50.0,58.33333333333333,75.0,82.71144278606965,56.510416666666664,93.40277777777777,89.6559633027523
Land Rover,Range Rover Sport,P550e Autobiography,2026,no,SUV,4,5,AWD,PHEV,118700.0,1850.0,120550.0,,,,21.0,,,40.3,37.8,,38.8,39.0,,no,31.9,,7716.0,,2.5,543.0,,4.7,150.0,4.0,4,50000,4,50000,64.0,https://www.edmunds.com/land-rover/range-rover-sport/2026/features-specs/,,,model-specific,,"2.5/5.0 (RepairPal, brand-level only, ranks 31st of 32 brands)",50.0,70.59607653425607,80.60938822070993,50.0,58.33333333333333,83.33333333333333,79.60199004975124,56.510416666666664,67.01388888888889,89.6559633027523
Land Rover,Range Rover Sport,P530 Autobiography,2026,yes,SUV,4,5,AWD,Gas,120900.0,1850.0,122750.0,,,,,,,40.3,37.8,,38.8,39.0,,no,31.9,,7716.0,,2.5,607.0,,4.3,155.0,4.0,4,50000,4,50000,64.0,https://www.edmunds.com/land-rover/range-rover-sport/2026/features-specs/,,23.8,model-specific,,"2.5/5.0 (RepairPal, brand-level only, ranks 31st of 32 brands)",50.0,70.59607653425607,80.60938822070993,50.0,58.33333333333333,83.33333333333333,79.14593698175787,56.510416666666664,93.40277777777777,89.6559633027523
Land Rover,Range Rover Sport,P635 SV,2026,yes,SUV,4,5,AWD,Gas,152000.0,1850.0,153850.0,,,,,,,40.3,37.8,,38.8,39.0,,no,31.9,,7716.0,,2.5,,,3.7,180.0,5.0,4,50000,4,50000,64.0,https://www.edmunds.com/land-rover/range-rover-sport/2026/features-specs/,,23.8,model-specific,,"2.5/5.0 (RepairPal, brand-level only, ranks 31st of 32 brands)",50.0,70.59607653425607,80.60938822070993,50.0,58.33333333333333,91.66666666666667,72.69900497512438,56.510416666666664,95.48611111111111,89.6559633027523
Land Rover,Range Rover Sport,P635 SV Black,2026,yes,SUV,4,5,AWD,Gas,161600.0,1850.0,163450.0,,,,,,,40.3,37.8,,38.8,39.0,,no,31.9,,7716.0,,2.5,,,3.7,180.0,5.0,4,50000,4,50000,64.0,https://www.edmunds.com/land-rover/range-rover-sport/2026/features-specs/,,23.8,model-specific,,"2.5/5.0 (RepairPal, brand-level only, ranks 31st of 32 brands)",50.0,70.59607653425607,80.60938822070993,50.0,58.33333333333333,91.66666666666667,70.7089552238806,56.510416666666664,95.48611111111111,89.6559633027523
Land Rover,Range Rover Sport,P635 SV Carbon,2026,yes,SUV,4,5,AWD,Gas,169500.0,1850.0,171350.0,,,,,,,40.3,37.8,,38.8,39.0,,no,31.9,,7716.0,,2.5,,,3.7,180.0,5.0,4,50000,4,50000,64.0,https://www.edmunds.com/land-rover/range-rover-sport/2026/features-specs/,,23.8,model-specific,,"2.5/5.0 (RepairPal, brand-level only, ranks 31st of 32 brands)",50.0,70.59607653425607,80.60938822070993,50.0,58.33333333333333,91.66666666666667,69.07131011608624,56.510416666666664,95.48611111111111,89.6559633027523
Land Rover,Range Rover Velar,P250 S,2026,no,SUV,4,5,AWD,Gas,61600.0,1575.0,63175.0,22.0,26.0,23.0,497.0,,,40.3,37.2,,38.2,38.0,,no,30.9,62.7,5291.0,,2.5,247.0,269.0,7.1,135.0,3.0,4,50000,4,50000,62.0,https://www.edmunds.com/land-rover/range-rover-velar/2026/features-specs/,,21.6,model-specific,,"2.5/5.0 (RepairPal, brand-level only, ranks 31st of 32 brands)",50.0,64.83216370075358,74.9508087293957,82.91595925297113,58.33333333333333,75.0,91.49564676616916,57.8125,58.68055555555556,75.75114678899082
Land Rover,Range Rover Velar,P250 Belgravia Edition,2026,no,SUV,4,5,AWD,Gas,63800.0,1575.0,65375.0,22.0,26.0,23.0,497.0,,,40.3,37.2,,38.2,38.0,,no,30.9,62.7,5291.0,,2.5,247.0,269.0,7.1,135.0,3.0,4,50000,4,50000,62.0,https://www.edmunds.com/land-rover/range-rover-velar/2026/features-specs/,,21.6,model-specific,,"2.5/5.0 (RepairPal, brand-level only, ranks 31st of 32 brands)",50.0,64.83216370075358,74.9508087293957,82.91595925297113,58.33333333333333,75.0,91.03959369817579,57.8125,58.68055555555556,75.75114678899082
Land Rover,Range Rover Velar,P400 Belgravia Edition,2026,yes,SUV,4,5,AWD,Gas,70800.0,1575.0,72375.0,,,,,,,40.3,37.2,,38.2,38.0,,no,30.9,62.7,5291.0,,2.5,,,5.2,155.0,3.0,4,50000,4,50000,62.0,https://www.edmunds.com/land-rover/range-rover-velar/2026/features-specs/,,21.6,model-specific,,"2.5/5.0 (RepairPal, brand-level only, ranks 31st of 32 brands)",50.0,64.83216370075358,74.9508087293957,50.0,58.33333333333333,75.0,89.58851575456053,57.8125,90.27777777777777,75.75114678899082
Land Rover,Range Rover Velar,P400 Autobiography,2026,yes,SUV,4,5,AWD,Gas,78900.0,1575.0,80475.0,,,,,,,40.3,37.2,,38.2,38.0,,no,30.9,62.7,5291.0,,2.5,,,5.2,155.0,4.0,4,50000,4,50000,62.0,https://www.edmunds.com/land-rover/range-rover-velar/2026/features-specs/,,21.6,model-specific,,"2.5/5.0 (RepairPal, brand-level only, ranks 31st of 32 brands)",50.0,64.83216370075358,74.9508087293957,50.0,58.33333333333333,83.33333333333333,87.90941127694859,57.8125,90.27777777777777,75.75114678899082
Land Rover,Range Rover Velar,P400 Belgravia Edition Satin,2026,yes,SUV,4,5,AWD,Gas,80900.0,1575.0,82475.0,,,,,,,40.3,37.2,,38.2,38.0,,no,30.9,62.7,5291.0,,2.5,,,5.2,155.0,3.0,4,50000,4,50000,62.0,https://www.edmunds.com/land-rover/range-rover-velar/2026/features-specs/,,21.6,model-specific,,"2.5/5.0 (RepairPal, brand-level only, ranks 31st of 32 brands)",50.0,64.83216370075358,74.9508087293957,50.0,58.33333333333333,75.0,87.4948175787728,57.8125,90.27777777777777,75.75114678899082
Land Rover,Range Rover Evoque,P250 S,2026,no,SUV,4,5,AWD,Gas,49900.0,1475.0,51375.0,20.0,27.0,22.0,389.0,,,40.0,34.0,,37.4,38.1,,no,21.4,,3968.0,,2.5,246.0,269.0,7.0,137.0,3.0,4,50000,4,50000,52.0,https://www.edmunds.com/land-rover/range-rover-evoque/2026/features-specs/,,17.7,model-specific,,"2.5/5.0 (RepairPal, brand-level only, ranks 31st of 32 brands)",50.0,57.40778986372335,63.78223762817306,70.71307300509338,58.33333333333333,75.0,93.94174958540631,64.32291666666667,59.02777777777778,68.1651376146789
Land Rover,Range Rover Evoque,P250 Dynamic SE,2026,no,SUV,4,5,AWD,Gas,55100.0,1475.0,56575.0,20.0,27.0,22.0,389.0,,,40.0,34.0,,37.4,38.1,,no,21.4,,3968.0,,2.5,246.0,269.0,7.0,137.0,3.0,4,50000,4,50000,52.0,https://www.edmunds.com/land-rover/range-rover-evoque/2026/features-specs/,,17.7,model-specific,,"2.5/5.0 (RepairPal, brand-level only, ranks 31st of 32 brands)",50.0,57.40778986372335,63.78223762817306,70.71307300509338,58.33333333333333,75.0,92.86380597014926,64.32291666666667,59.02777777777778,68.1651376146789
Land Rover,Range Rover Evoque,P250 Hoxton Edition,2026,no,SUV,4,5,AWD,Gas,55100.0,1475.0,56575.0,20.0,27.0,22.0,389.0,,,40.0,34.0,,37.4,38.1,,no,21.4,,3968.0,,2.5,246.0,269.0,7.0,137.0,3.0,4,50000,4,50000,52.0,https://www.edmunds.com/land-rover/range-rover-evoque/2026/features-specs/,,17.7,model-specific,,"2.5/5.0 (RepairPal, brand-level only, ranks 31st of 32 brands)",50.0,57.40778986372335,63.78223762817306,70.71307300509338,58.33333333333333,75.0,92.86380597014926,64.32291666666667,59.02777777777778,68.1651376146789
Land Rover,Discovery,P300 S,2026,no,SUV,4,7,AWD,Gas,60200.0,1850.0,62050.0,,,,,,,39.1,37.4,34.0,39.4,39.0,38.0,yes,,70.5,8200.0,,2.5,,,6.9,125.0,3.0,4,50000,4,50000,65.0,https://www.edmunds.com/land-rover/discovery/2026/features-specs/,,23.8,model-specific,,"2.5/5.0 (RepairPal, brand-level only, ranks 31st of 32 brands)",50.0,73.17792394979702,67.03466125450015,50.0,58.33333333333333,75.0,91.72885572139303,55.859375,59.375,92.43119266055047
Land Rover,Discovery,P300 Dynamic SE,2026,no,SUV,4,7,AWD,Gas,64600.0,1850.0,66450.0,,,,,,,39.1,37.4,34.0,39.4,39.0,38.0,yes,,70.5,8200.0,,2.5,,,6.9,125.0,3.0,4,50000,4,50000,65.0,https://www.edmunds.com/land-rover/discovery/2026/features-specs/,,23.8,model-specific,,"2.5/5.0 (RepairPal, brand-level only, ranks 31st of 32 brands)",50.0,73.17792394979702,67.03466125450015,50.0,58.33333333333333,75.0,90.81674958540631,55.859375,59.375,92.43119266055047
Land Rover,Discovery,P360 Gemini Edition,2026,yes,SUV,4,7,AWD,Gas,70800.0,1850.0,72650.0,17.0,23.0,19.0,452.0,,,39.1,37.4,34.0,39.4,39.0,38.0,yes,,70.5,8200.0,,2.5,355.0,369.0,6.2,130.0,3.0,4,50000,4,50000,65.0,https://www.edmunds.com/land-rover/discovery/2026/features-specs/,,23.8,model-specific,,"2.5/5.0 (RepairPal, brand-level only, ranks 31st of 32 brands)",50.0,73.17792394979702,67.03466125450015,73.11651103565364,58.33333333333333,75.0,89.53150912106136,55.859375,86.80555555555556,92.43119266055047
Land Rover,Discovery,P360 Tempest Edition,2026,yes,SUV,4,7,AWD,Gas,83500.0,1850.0,85350.0,17.0,23.0,19.0,452.0,,,39.1,37.4,34.0,39.4,39.0,38.0,yes,,70.5,8200.0,,2.5,355.0,369.0,6.2,130.0,4.0,4,50000,4,50000,65.0,https://www.edmunds.com/land-rover/discovery/2026/features-specs/,,23.8,model-specific,,"2.5/5.0 (RepairPal, brand-level only, ranks 31st of 32 brands)",50.0,73.17792394979702,67.03466125450015,73.11651103565364,58.33333333333333,83.33333333333333,86.8988391376451,55.859375,86.80555555555556,92.43119266055047
Land Rover,Discovery Sport,P250 Landmark,2026,no,SUV,4,5,AWD,Gas,49900.0,1275.0,51175.0,19.0,23.0,20.0,354.0,,,,,,,,,no,32.4,,4409.0,,2.5,246.0,269.0,7.3,137.0,3.0,4,50000,4,50000,59.0,https://www.edmunds.com/land-rover/discovery-sport/2026/features-specs/,,17.7,model-specific,,"2.5/5.0 (RepairPal, brand-level only, ranks 31st of 32 brands)",50.0,50.0,81.41068110606884,64.55326825127335,58.33333333333333,75.0,93.98320895522389,59.765625,57.986111111111114,70.69380733944953
Alfa Romeo,Giulia,Base,2026,no,Sedan,4,5,RWD,Gas,44995.0,3250.0,48245.0,23.0,31.0,26.0,398.0,4.0,,42.4,35.1,,38.6,37.6,,no,,,,,,280.0,306.0,5.4,,2.0,4,50000,4,50000,62.0,https://www.edmunds.com/alfa-romeo/giulia/2026/features-specs/,IIHS,15.3,model-specific,,,87.5,68.20661933335984,50.0,75.3804614629357,50.0,70.0,94.55642940541493,58.71934604904632,63.013698630136986,50.0
Alfa Romeo,Giulia,Base,2026,no,Sedan,4,5,AWD,Gas,46995.0,3250.0,50245.0,23.0,31.0,26.0,398.0,4.0,,42.4,35.1,,38.6,37.6,,no,,,,905.0,,280.0,306.0,5.4,,2.0,4,50000,4,50000,62.0,https://www.edmunds.com/alfa-romeo/giulia/2026/features-specs/,IIHS,15.3,model-specific,,,87.5,68.20661933335984,50.0,75.3804614629357,50.0,70.0,94.1158328376622,58.71934604904632,63.013698630136986,50.0
Alfa Romeo,Stelvio,Base,2026,no,SUV,4,5,AWD,Gas,49995.0,3250.0,53245.0,22.0,28.0,24.0,406.0,,116.0,36.6,31.9,,40.2,38.9,,no,18.5,56.5,3000.0,,,280.0,306.0,5.4,,2.0,4,50000,4,50000,67.0,https://www.edmunds.com/alfa-romeo/stelvio/2026/features-specs/,,16.9,model-specific,,,50.0,56.31081099970643,59.20184539317079,75.05836162988115,50.0,66.66666666666666,93.55410447761193,54.557291666666664,64.58333333333333,62.61467889908257
Alfa Romeo,Tonale,Sprint,2026,no,SUV,4,5,AWD,Gas,37495.0,3250.0,40745.0,21.0,29.0,24.0,324.0,,,41.7,38.0,,38.8,38.2,,no,27.0,,,,,268.0,295.0,6.5,,2.0,4,50000,4,50000,67.0,https://www.edmunds.com/alfa-romeo/tonale/2026/features-specs/,,13.5,model-specific,,,50.0,71.15978244552065,72.75671794419273,66.7922325976231,50.0,66.66666666666666,96.14531509121062,54.557291666666664,60.763888888888886,50.0
Alfa Romeo,Tonale,Sport Speciale,2026,no,SUV,4,5,AWD,Gas,41995.0,3250.0,45245.0,21.0,29.0,24.0,324.0,,,41.7,38.0,,38.8,38.2,,no,27.0,,,,,268.0,295.0,6.5,,2.0,4,50000,4,50000,67.0,https://www.edmunds.com/alfa-romeo/tonale/2026/features-specs/,,13.5,model-specific,,,50.0,71.15978244552065,72.75671794419273,66.7922325976231,50.0,66.66666666666666,95.2124792703151,54.557291666666664,60.763888888888886,50.0
Alfa Romeo,Tonale,Veloce,2026,no,SUV,4,5,AWD,Gas,41995.0,3250.0,45245.0,21.0,29.0,24.0,324.0,,,41.7,38.0,,38.8,38.2,,no,27.0,,,,,268.0,295.0,6.5,,2.0,4,50000,4,50000,67.0,https://www.edmunds.com/alfa-romeo/tonale/2026/features-specs/,,13.5,model-specific,,,50.0,71.15978244552065,72.75671794419273,66.7922325976231,50.0,66.66666666666666,95.2124792703151,54.557291666666664,60.763888888888886,50.0
Rivian,R1T,Dual-Motor Standard Pack,2026,no,Truck,4,5,AWD,EV,70990.0,,70990.0,85.0,72.0,79.0,258.0,4.5,,41.4,36.6,,41.1,39.7,,no,21.6,,7700.0,1984.0,,533.0,610.0,4.5,,3.0,4,50000,8,120000,54.5,https://www.edmunds.com/rivian/r1t/2026/trims/,IIHS,,model-specific,4.5,,93.75,71.3353960199757,52.56410256410257,66.97860962566845,50.0,75.0,76.87877125617115,50.0,66.52542372881356,56.1789025163689
Rivian,R1T,Dual-Motor Large Pack,2026,no,Truck,4,5,AWD,EV,77990.0,,77990.0,94.0,77.0,85.0,,4.5,,41.4,36.6,,41.1,39.7,,no,21.6,,7700.0,,,533.0,610.0,4.5,,3.0,4,50000,8,120000,54.5,https://www.edmunds.com/rivian/r1t/2026/trims/,IIHS,,model-specific,4.5,,93.75,71.3353960199757,52.56410256410257,100.0,50.0,75.0,73.03894679100384,50.0,66.52542372881356,58.17165593701658
Rivian,R1T,Dual-Motor Max Pack,2026,no,Truck,4,5,AWD,EV,84990.0,,84990.0,,,,,4.5,,41.4,36.6,,41.1,39.7,,no,21.6,,7700.0,,,533.0,610.0,4.5,,3.0,4,50000,8,120000,54.5,https://www.edmunds.com/rivian/r1t/2026/trims/,IIHS,,model-specific,4.5,,93.75,71.3353960199757,52.56410256410257,50.0,50.0,75.0,69.19912232583653,50.0,66.52542372881356,58.17165593701658
Rivian,R1T,Tri-Motor Max Pack,2026,no,Truck,4,5,AWD,EV,100990.0,,100990.0,81.0,70.0,76.0,,4.5,,41.4,36.6,,41.1,39.7,,no,21.6,,11000.0,,,850.0,,2.9,,3.0,4,50000,8,120000,54.5,https://www.edmunds.com/rivian/r1t/2026/trims/,IIHS,,model-specific,4.5,,93.75,71.3353960199757,52.56410256410257,84.75935828877006,50.0,75.0,60.4223806911684,50.0,73.30508474576271,62.92815267746611
Rivian,R1T,Quad-Motor Max Pack,2026,yes,Truck,4,5,AWD,EV,115990.0,,115990.0,,,,,4.5,,41.4,36.6,,41.1,39.7,,no,21.6,,11000.0,,,1025.0,1198.0,2.5,,3.0,4,50000,8,120000,54.5,https://www.edmunds.com/rivian/r1t/2026/trims/,IIHS,,model-specific,4.5,,93.75,71.3353960199757,52.56410256410257,50.0,50.0,75.0,52.19418540866703,50.0,100.0,62.92815267746611
Rivian,R1T,Quad-Motor Max Pack Launch Edition,2026,yes,Truck,4,5,AWD,EV,119990.0,,119990.0,,,,,4.5,,41.4,36.6,,41.1,39.7,,no,21.6,,11000.0,,,1025.0,1198.0,2.5,,3.0,4,50000,8,120000,54.5,https://www.edmunds.com/rivian/r1t/2026/trims/,IIHS,,model-specific,4.5,,93.75,71.3353960199757,52.56410256410257,50.0,50.0,75.0,50.0,50.0,100.0,62.92815267746611
Rivian,R1S,Dual-Motor Standard Pack,2026,no,SUV,4,7,AWD,EV,76990.0,,76990.0,85.0,72.0,79.0,258.0,5.0,,41.4,36.6,32.8,41.1,39.7,39.0,yes,32.6,105.8,7700.0,2017.0,,533.0,610.0,4.5,,3.0,4,50000,8,120000,67.7,https://www.edmunds.com/rivian/r1s/2026/trims/,IIHS,,model-specific,,,100.0,81.49838506163024,82.86763225068654,63.425760286225405,50.0,75.0,88.6318407960199,54.1015625,67.70833333333334,95.01146788990826
Rivian,R1S,Dual-Motor Large Pack,2026,no,SUV,4,7,AWD,EV,83990.0,,83990.0,94.0,77.0,85.0,,5.0,,41.4,36.6,32.8,41.1,39.7,39.0,yes,32.6,105.8,7700.0,,,533.0,610.0,4.5,,3.0,4,50000,8,120000,67.7,https://www.edmunds.com/rivian/r1s/2026/trims/,IIHS,,model-specific,,,100.0,81.49838506163024,82.86763225068654,69.18604651162791,50.0,75.0,87.18076285240464,54.1015625,67.70833333333334,89.56422018348624
Rivian,R1S,Dual-Motor Max Pack,2026,no,SUV,4,7,AWD,EV,90990.0,,90990.0,,,,410.0,5.0,,41.4,36.6,32.8,41.1,39.7,39.0,yes,32.6,105.8,7700.0,,,533.0,610.0,4.5,,3.0,4,50000,8,120000,67.7,https://www.edmunds.com/rivian/r1s/2026/trims/,IIHS,,model-specific,,,100.0,81.49838506163024,82.86763225068654,90.38461538461539,50.0,75.0,85.72968490878938,54.1015625,67.70833333333334,89.56422018348624
Rivian,R1S,Tri-Motor Max Pack,2026,no,SUV,4,7,AWD,EV,106990.0,,106990.0,81.0,70.0,76.0,371.0,5.0,,41.4,36.6,32.8,41.1,39.7,39.0,yes,32.6,105.8,7700.0,,,850.0,,2.9,,3.0,4,50000,8,120000,67.7,https://www.edmunds.com/rivian/r1s/2026/trims/,IIHS,,model-specific,,,100.0,81.49838506163024,82.86763225068654,73.4190518783542,50.0,75.0,82.4129353233831,54.1015625,73.26388888888889,89.56422018348624
Rivian,R1S,Quad-Motor Max Pack,2026,yes,SUV,4,7,AWD,EV,121990.0,,121990.0,,,,374.0,5.0,,41.4,36.6,32.8,41.1,39.7,39.0,yes,32.6,105.8,7700.0,,,1025.0,1198.0,2.5,,3.0,4,50000,8,120000,67.7,https://www.edmunds.com/rivian/r1s/2026/trims/,IIHS,,model-specific,,,100.0,81.49838506163024,82.86763225068654,83.46153846153845,50.0,75.0,79.30348258706468,54.1015625,99.65277777777777,89.56422018348624
Rivian,R1S,Quad-Motor Max Pack Launch Edition,2026,yes,SUV,4,7,AWD,EV,125990.0,,125990.0,,,,374.0,5.0,,41.4,36.6,32.8,41.1,39.7,39.0,yes,32.6,105.8,7700.0,,,1025.0,1198.0,2.5,,3.0,4,50000,8,120000,67.7,https://www.edmunds.com/rivian/r1s/2026/trims/,IIHS,,model-specific,,,100.0,81.49838506163024,82.86763225068654,83.46153846153845,50.0,75.0,78.4742951907131,54.1015625,99.65277777777777,89.56422018348624
Lucid,Air,Pure,2026,no,Sedan,4,5,RWD,EV,70900.0,1500.0,72400.0,149.0,142.0,146.0,420.0,5.0,,45.4,37.6,,39.6,37.8,,no,22.1,32.1,,,,430.0,,4.5,124.0,,4,50000,8,100000,66.3,https://www.kbb.com/lucid/air/2026/pure/,NHTSA,,model-specific,,,100.0,89.4422389914175,92.33128834355828,91.38576779026218,50.0,50.0,89.23512435838126,55.79019073569482,66.0958904109589,50.0
Lucid,Air,Touring,2026,no,Sedan,4,5,AWD,EV,79900.0,1500.0,81400.0,136.0,132.0,134.0,431.0,5.0,,45.4,36.6,,39.6,37.8,,no,22.1,32.1,,,,620.0,,3.4,140.0,,4,50000,8,100000,66.3,https://www.kbb.com/lucid/air/2026/touring/,NHTSA,,model-specific,,,100.0,88.15860569014666,92.33128834355828,88.46836191602603,50.0,50.0,87.25243980349393,55.79019073569482,69.86301369863014,50.0
Lucid,Air,Grand Touring,2026,no,Sedan,4,5,AWD,EV,114900.0,1500.0,116400.0,126.0,121.0,123.0,512.0,5.0,,45.4,36.6,,39.6,37.8,,no,22.1,32.1,,,,819.0,,3.0,168.0,,4,50000,8,100000,66.3,https://www.kbb.com/lucid/air/2026/grand-touring/,NHTSA,,model-specific,,,100.0,88.15860569014666,92.33128834355828,92.43421052631578,50.0,50.0,79.54199986782103,55.79019073569482,71.23287671232876,50.0
Lucid,Air,Sapphire,2026,yes,Sedan,4,5,AWD,EV,249000.0,1500.0,250500.0,108.0,101.0,105.0,427.0,5.0,,45.4,36.6,,39.6,37.8,,no,22.1,32.1,,,,1234.0,,1.9,205.0,,4,50000,8,100000,66.3,https://www.kbb.com/lucid/air/2026/sapphire/,NHTSA,,model-specific,,,100.0,88.15860569014666,92.33128834355828,78.5543563966095,50.0,50.0,50.0,55.79019073569482,100.0,50.0
Lucid,Gravity,Touring,2026,no,SUV,4,7,AWD,EV,79900.0,1650.0,81550.0,,,111.0,337.0,,,40.9,42.6,,42.0,41.0,,yes,21.3,,3500.0,,,560.0,,4.0,,,4,50000,8,100000,,https://www.kbb.com/lucid/gravity/2026/touring/,,,,,,50.0,94.04109071981887,63.621979051101285,80.3242397137746,50.0,50.0,87.68656716417911,50.0,69.44444444444444,65.48165137614679
Lucid,Gravity,Grand Touring,2026,no,SUV,4,7,AWD,EV,94900.0,1650.0,96550.0,,,108.0,450.0,,,40.9,42.6,,42.0,41.0,,yes,21.3,,6000.0,,,828.0,,3.4,,,4,50000,8,100000,,https://www.kbb.com/lucid/gravity/2026/grand-touring/,,,,,,50.0,94.04109071981887,63.621979051101285,90.3175313059034,50.0,50.0,84.57711442786069,50.0,71.52777777777777,79.81651376146789
Lucid,Gravity,Dream Edition,2026,no,SUV,4,7,AWD,EV,139900.0,1650.0,141550.0,,,90.0,378.0,,,40.9,42.6,,42.0,41.0,,yes,21.3,,,,,,,3.1,,,4,50000,8,100000,,https://www.kbb.com/lucid/gravity/2026/dream-edition/,,,,,,50.0,94.04109071981887,63.621979051101285,78.1618962432916,50.0,50.0,75.24875621890547,50.0,72.56944444444444,50.0
Polestar,4,Long Range Single Motor,2026,no,SUV,4,5,RWD,EV,56400.0,1400.0,57800.0,100.0,90.0,95.0,310.0,,,,,,,,,no,18.6,54.2,,,,272.0,253.0,6.9,124.0,3.0,4,50000,4,50000,62.4,https://www.edmunds.com/polestar/4/2026/,,,model-specific,,,50.0,50.0,59.00860286828695,73.07692307692308,50.0,75.0,92.60986733001658,57.552083333333336,59.375,50.0
Polestar,4,Long Range Single Motor Plus,2026,no,SUV,4,5,RWD,EV,61900.0,1400.0,63300.0,100.0,90.0,95.0,310.0,,,,,,,,,no,18.6,54.2,,,,272.0,253.0,6.9,124.0,3.0,4,50000,4,50000,62.4,https://www.edmunds.com/polestar/4/2026/,,,model-specific,,,50.0,50.0,59.00860286828695,73.07692307692308,50.0,75.0,91.46973466003317,57.552083333333336,59.375,50.0
Polestar,4,Long Range Dual Motor,2026,no,SUV,4,5,AWD,EV,62900.0,1400.0,64300.0,,,,280.0,,,,,,,,,no,18.6,54.2,,,,544.0,506.0,3.7,124.0,3.0,4,50000,4,50000,62.4,https://www.edmunds.com/polestar/4/2026/,,,model-specific,,,50.0,50.0,59.00860286828695,65.38461538461539,50.0,75.0,91.26243781094527,57.552083333333336,70.48611111111111,50.0
Polestar,4,Long Range Dual Motor Plus,2026,no,SUV,4,5,AWD,EV,68400.0,1400.0,69800.0,,,,280.0,,,,,,,,,no,18.6,54.2,,,,544.0,506.0,3.7,124.0,3.0,4,50000,4,50000,62.4,https://www.edmunds.com/polestar/4/2026/,,,model-specific,,,50.0,50.0,59.00860286828695,65.38461538461539,50.0,75.0,90.12230514096186,57.552083333333336,70.48611111111111,50.0
