make,model,trim,model_year,is_performance_trim,body_style,doors,seating_capacity,drivetrain,fuel_type,msrp,destination_fee,true_starting_price,epa_city_mpg,epa_hwy_mpg,epa_combined_mpg,range_mi,nhtsa_overall_stars,passenger_volume_cuft,front_legroom_in,rear_legroom_in,headroom_in,has_third_row,third_row_legroom_in,cargo_volume_seats_up_cuft,max_cargo_volume_cuft,towing_capacity_lbs,payload_capacity_lbs,reliability_rating,horsepower,torque_lbft,zero_to_60_sec,top_speed_mph,tech_score,warranty_basic_years,warranty_basic_miles,warranty_powertrain_years,warranty_powertrain_miles,resale_depreciation_pct,manufacturer_link
Chevrolet,Traverse,LT,2026,no,3-row SUV,4,7,FWD,Gas,42795,1995,44790,20,26,22,426.8,5,,44.3,41.5,42.6,yes,32.1,22.9,97.6,5000,,3.0,328,326,,,3,3,36000,5,60000,28.4,https://www.chevrolet.com/suvs/previous-year/traverse
Chevrolet,Traverse,Z71,2026,yes,3-row SUV,4,7,AWD,Gas,50895,1995,52890,20,24,21,407.4,5,,44.3,41.5,42.6,yes,32.1,22.9,97.6,5000,,3.0,328,326,,,3,3,36000,5,60000,28.4,https://www.chevrolet.com/suvs/previous-year/traverse
Chevrolet,Traverse,RS,2026,yes,3-row SUV,4,7,FWD,Gas,57395,1995,59390,20,26,22,426.8,5,,44.3,41.5,42.6,yes,32.1,22.9,97.6,5000,,3.0,328,326,,,5,3,36000,5,60000,23.8,https://www.chevrolet.com/suvs/previous-year/traverse
Chevrolet,Traverse,High Country,2026,no,3-row SUV,4,7,FWD,Gas,57095,1995,59090,20,26,22,426.8,5,,44.3,41.5,42.6,yes,32.1,22.9,97.6,5000,,3.0,328,326,,,5,3,36000,5,60000,31.2,https://www.chevrolet.com/suvs/previous-year/traverse
Chevrolet,Silverado 1500,WT,2026,no,full-size truck,4,6,RWD,Gas,36900,2795,39695,20,21,20,480,5,,44.5,43.4,43.0,no,,,,13300,2260,3.5,310,430,,,1,3,36000,5,60000,30.1,https://www.chevrolet.com/trucks/silverado/1500
Chevrolet,Silverado 1500,Custom,2026,no,full-size truck,4,6,RWD,Gas,42400,2795,45195,20,21,20,480,5,,44.5,43.4,43.0,no,,,,13300,2260,3.5,310,430,,,1,3,36000,5,60000,22.3,https://www.chevrolet.com/trucks/silverado/1500
Chevrolet,Silverado 1500,Custom Trail Boss,2026,yes,full-size truck,4,6,4WD,Gas,52900,2795,55695,19,21,19,456,5,,44.5,43.4,43.0,no,,,,13300,2260,3.5,310,430,,,1,3,36000,5,60000,23.9,https://www.chevrolet.com/trucks/silverado/1500
Chevrolet,Silverado 1500,LT,2026,no,full-size truck,4,6,RWD,Gas,47900,2795,50695,20,21,20,480,5,,44.5,43.4,43.0,no,,,,13300,2260,3.5,310,430,,,1,3,36000,5,60000,25.8,https://www.chevrolet.com/trucks/silverado/1500
Chevrolet,Silverado 1500,RST,2026,no,full-size truck,4,6,RWD,Gas,51300,2795,54095,20,21,20,480,5,,44.5,43.4,43.0,no,,,,13300,2260,3.5,310,430,,,1,3,36000,5,60000,19.3,https://www.chevrolet.com/trucks/silverado/1500
Chevrolet,Silverado 1500,LT Trail Boss,2026,yes,full-size truck,4,6,4WD,Gas,59700,2795,62495,19,21,19,456,5,,44.5,43.4,43.0,no,,,,13300,2260,3.5,310,430,,,1,3,36000,5,60000,25.4,https://www.chevrolet.com/trucks/silverado/1500
Chevrolet,Silverado 1500,LTZ,2026,no,full-size truck,4,5,RWD,Gas,58000,2795,60795,20,21,20,480,5,,44.5,43.4,43.0,no,,,,13300,2260,3.5,355,383,,,2,3,36000,5,60000,26.3,https://www.chevrolet.com/trucks/silverado/1500
Chevrolet,Silverado 1500,High Country,2026,no,full-size truck,4,5,4WD,Gas,62900,2795,65695,17,19,17,408,5,,44.5,43.4,43.0,no,,,,13300,2260,3.5,355,383,,,2,3,36000,5,60000,23.7,https://www.chevrolet.com/trucks/silverado/1500
Chevrolet,Silverado 1500,ZR2,2026,yes,full-size truck,4,5,4WD,Diesel,71800,2795,74595,20,23,21,504,5,,44.5,43.4,43.0,no,,,,13300,2260,3.5,305,495,,,2,3,36000,5,60000,28.9,https://www.chevrolet.com/trucks/silverado/1500
Chevrolet,Equinox EV,LT1 FWD,2026,no,compact electric SUV,4,5,FWD,EV,34995,1800,36795,,,,319,5,,41.7,38.0,39.2,no,,26.4,57.2,1500,,,213,236,,,1,3,36000,8,100000,,https://www.chevrolet.com/electric/previous-year/equinox-ev
Chevrolet,Equinox EV,LT1 AWD,2026,no,compact electric SUV,4,5,AWD,EV,38295,1800,40095,,,,307,5,,41.7,38.0,39.2,no,,26.4,57.2,1500,,,300,355,,,1,3,36000,8,100000,,https://www.chevrolet.com/electric/previous-year/equinox-ev
Chevrolet,Equinox EV,LT2 FWD,2026,no,compact electric SUV,4,5,FWD,EV,41795,1800,43595,,,,319,5,,41.7,38.0,39.2,no,,26.4,57.2,1500,,,213,236,,,1,3,36000,8,100000,,https://www.chevrolet.com/electric/previous-year/equinox-ev
Chevrolet,Equinox EV,LT2 AWD,2026,no,compact electric SUV,4,5,AWD,EV,45095,1800,46895,,,,307,5,,41.7,38.0,39.2,no,,26.4,57.2,1500,,,300,355,,,1,3,36000,8,100000,,https://www.chevrolet.com/electric/previous-year/equinox-ev
Chevrolet,Equinox EV,RS FWD,2026,no,compact electric SUV,4,5,FWD,EV,44095,1800,45895,,,,319,5,,41.7,38.0,39.2,no,,26.4,57.2,1500,,,213,236,,,1,3,36000,8,100000,,https://www.chevrolet.com/electric/previous-year/equinox-ev
Chevrolet,Equinox EV,RS AWD,2026,no,compact electric SUV,4,5,AWD,EV,47395,1800,49195,,,,307,5,,41.7,38.0,39.2,no,,26.4,57.2,1500,,,300,355,,,1,3,36000,8,100000,,https://www.chevrolet.com/electric/previous-year/equinox-ev
Ford,Maverick,XL,2026,no,compact truck,4,5,FWD,Hybrid,27145,1695,28840,42,35,38,524,,100.3,42.8,35.9,40.2,no,,33.3,,2000,1500,,191,155,,,2,3,36000,5,60000,-6.8,https://www.ford.com/trucks/maverick/models/xl/
Ford,Maverick,XLT,2026,no,compact truck,4,5,FWD,Hybrid,29645,1695,31340,42,35,38,524,,100.3,42.8,35.9,40.2,no,,33.3,,2000,1500,,191,155,,,2,3,36000,5,60000,-7.8,https://www.ford.com/trucks/maverick/models/xlt/
Ford,Maverick,Lariat,2026,no,compact truck,4,5,FWD,Hybrid,35870,1695,37565,42,35,38,524,,100.3,42.8,35.9,40.2,no,,33.3,,2000,1500,,191,155,,,3,3,36000,5,60000,-5.0,https://www.ford.com/trucks/maverick/models/lariat/
Ford,Maverick,Lobo,2026,yes,compact truck,4,5,AWD,Gas,35930,1695,37625,21,30,24,396,,101.5,42.8,35.9,40.2,no,,33.3,,2000,1045,,250,280,,,2,3,36000,5,60000,-7.4,https://www.ford.com/trucks/maverick/models/lobo/
Ford,Maverick,Tremor,2026,yes,compact truck,4,5,AWD,Gas,40645,1695,42340,21,27,23,380,,101.5,42.8,35.9,40.2,no,,33.3,,2000,1140,,250,280,,,3,3,36000,5,60000,-7.4,https://www.ford.com/trucks/maverick/models/tremor/
Ford,F-150,XL,2026,no,full-size truck,4,6,RWD,Gas,39330,2795,42125,20,26,22,,5,,43.9,43.6,40.8,no,,52.8,,8400,1775,3.5/5.0,325,400,,,1,3,36000,5,60000,-1.3,https://www.ford.com/trucks/f150/models/xl/
Ford,F-150,STX,2026,no,full-size truck,4,6,RWD,Gas,41855,2795,44650,20,26,22,,5,,43.9,43.6,40.8,no,,52.8,,8400,1775,3.5/5.0,325,400,,,1,3,36000,5,60000,28.2,https://www.ford.com/trucks/f150/models/stx/
Ford,F-150,XLT,2026,no,full-size truck,4,6,RWD,Gas,44895,2795,47690,20,26,22,,5,,43.9,43.6,40.8,no,,52.8,,8400,1775,3.5/5.0,325,400,,,2,3,36000,5,60000,2.3,https://www.ford.com/trucks/f150/models/xlt/
Ford,F-150,Lariat,2026,no,full-size truck,4,6,RWD,Gas,59560,2795,62355,18,24,20,,5,,43.9,43.6,40.8,no,,52.8,,13500,2440,3.5/5.0,400,500,,,2,3,36000,5,60000,18.0,https://www.ford.com/trucks/f150/models/lariat/
Ford,F-150,Tremor,2026,yes,full-size truck,4,6,4WD,Gas,64915,2795,67710,17,23,19,,5,,43.9,43.6,40.8,no,,52.8,,10900,1885,3.5/5.0,400,500,,,3,3,36000,5,60000,20.3,https://www.ford.com/trucks/f150/models/tremor/
Ford,F-150,King Ranch,2026,no,full-size truck,4,6,4WD,Gas,65825,2795,68620,17,23,19,,5,,43.9,43.6,40.8,no,,52.8,,13200,2200,3.5/5.0,382,500,,,3,3,36000,5,60000,19.9,https://www.ford.com/trucks/f150/models/king-ranch/
Ford,F-150,Platinum,2026,no,full-size truck,4,6,4WD,Gas,68800,2795,71595,17,23,19,,5,,43.9,43.6,40.8,no,,52.8,,13200,2200,3.5/5.0,382,500,,,3,3,36000,5,60000,22.6,https://www.ford.com/trucks/f150/models/platinum/
Ford,F-150,Raptor,2026,yes,full-size truck,4,5,4WD,Gas,79005,2795,81800,15,18,16,,5,,43.9,43.6,40.8,no,,52.8,,8200,1405,3.5/5.0,450,510,,,3,3,36000,5,60000,3.7,https://www.ford.com/trucks/f150/models/raptor/
Ford,F-150,Raptor R,2026,yes,full-size truck,4,5,4WD,Gas,110930,2795,113725,10,15,12,,5,,43.9,43.6,40.8,no,,52.8,,8700,1410,3.5/5.0,720,640,3.6,,3,3,36000,5,60000,32.3,https://www.ford.com/trucks/f150/models/raptor/
Ford,Mustang Mach-E,Select,2026,no,mid-size SUV,4,5,RWD,EV,37795,2045,39840,,,,260,,,43.3,38.1,38.9,no,,29.7,59.7,,,,264,387,5.6,,2,3,36000,5,60000,43.5,https://www.ford.com/suvs/mach-e/models/select/
Ford,Mustang Mach-E,Premium,2026,no,mid-size SUV,4,5,RWD,EV,40595,2045,42640,,,,260,,,43.3,38.1,38.9,no,,29.7,59.7,,,,264,387,5.6,,2,3,36000,5,60000,44.9,https://www.ford.com/suvs/mach-e/models/premium/
Ford,Mustang Mach-E,GT,2026,yes,mid-size SUV,4,5,AWD,EV,53395,2045,55440,,,,280,,,43.3,38.1,38.9,no,,29.7,59.5,,,,480,600,3.8,,5,3,36000,5,60000,49.5,https://www.ford.com/suvs/mach-e/models/gt/
Ford,Mustang Mach-E,Rally,2026,yes,mid-size SUV,4,5,AWD,EV,57690,2045,59735,,,,255,,,43.3,38.1,38.9,no,,29.7,59.5,,,,480,700,3.4,,5,3,36000,5,60000,,https://www.ford.com/suvs/mach-e/models/rally/
Honda,Civic,LX,2026,no,sedan,4,5,FWD,Gas,24695,1195,25890,32,41,36,446,,99.0,42.3,37.4,39.3,no,,14.8,14.8,,,4.5,150,133,,,0,3,36000,5,60000,1.4,https://automobiles.honda.com/civic-sedan
Honda,Civic,Sport,2026,no,sedan,4,5,FWD,Gas,26695,1195,27890,31,39,34,422,,99.0,42.3,37.4,39.3,no,,14.8,14.8,,,4.5,150,133,,,0,3,36000,5,60000,3.1,https://automobiles.honda.com/civic-sedan
Honda,Civic,Sport Hybrid,2026,no,sedan,4,5,FWD,Hybrid,29395,1195,30590,50,47,49,519,,96.6,42.3,37.4,37.6,no,,14.8,14.8,,,4.5,200,232,,,0,3,36000,5,60000,6.3,https://automobiles.honda.com/civic-sedan
Honda,Civic,Sport Touring Hybrid,2026,no,sedan,4,5,FWD,Hybrid,32395,1195,33590,50,47,49,519,,96.6,42.3,37.4,37.6,no,,14.8,14.8,,,4.5,200,232,,,3,3,36000,5,60000,6.3,https://automobiles.honda.com/civic-sedan
Honda,Civic,Si,2026,no,sedan,4,5,FWD,Gas,31495,1195,32690,27,37,31,384,,96.6,42.3,37.4,37.6,no,,14.1,14.1,,,4.5,200,192,,,2,3,36000,5,60000,3.0,https://automobiles.honda.com/civic-si-sedan
Honda,Civic,Sport Hatchback,2026,no,hatchback,4,5,FWD,Gas,27895,1195,29090,30,38,34,422,,99.0,42.3,37.4,39.3,no,,24.5,24.5,,,4.5,150,133,,,0,3,36000,5,60000,4.8,https://automobiles.honda.com/civic-hatchback
Honda,Civic,Sport Hybrid Hatchback,2026,no,hatchback,4,5,FWD,Hybrid,30595,1195,31790,50,45,48,509,,96.6,42.3,37.4,37.6,no,,24.5,24.5,,,4.5,200,232,,,0,3,36000,5,60000,7.6,https://automobiles.honda.com/civic-hatchback
Honda,Civic,Sport Touring Hybrid Hatchback,2026,no,hatchback,4,5,FWD,Hybrid,33595,1195,34790,50,45,48,509,,96.6,42.3,37.4,37.6,no,,24.5,24.5,,,4.5,200,232,,,3,3,36000,5,60000,7.6,https://automobiles.honda.com/civic-hatchback
Honda,Civic,Type R,2026,yes,hatchback,4,4,FWD,Gas,47395,1195,48590,22,28,24,298,,99.0,42.3,37.4,39.3,no,,24.5,24.5,,,4.5,315,310,5.5,,3,3,36000,5,60000,-1.8,https://automobiles.honda.com/civic-type-r
Honda,Accord,LX,2026,no,sedan,4,5,FWD,Gas,28395,1195,29590,29,37,32,474,,105.7,42.3,40.8,39.5,no,,16.7,16.7,,,4.5,192,192,,,3,3,36000,5,60000,11.9,https://automobiles.honda.com/accord
Honda,Accord,SE,2026,no,sedan,4,5,FWD,Gas,30695,1195,31890,28,36,31,459,,102.8,42.3,40.8,39.5,no,,16.7,16.7,,,4.5,192,192,8.3,,3,3,36000,5,60000,12.9,https://automobiles.honda.com/accord
Honda,Accord,Sport,2026,no,sedan,4,5,FWD,Hybrid,33795,1195,34990,46,41,44,563,,102.8,42.3,40.8,37.5,no,,16.7,16.7,,,4.5,204,,,,3,3,36000,5,60000,15.1,https://automobiles.honda.com/accord
Honda,Accord,EX-L,2026,no,sedan,4,5,FWD,Hybrid,35095,1195,36290,51,44,48,614,,102.8,42.3,40.8,37.5,no,,16.7,16.7,,,4.5,204,,,,3,3,36000,5,60000,16.3,https://automobiles.honda.com/accord
Honda,Accord,Sport-L,2026,no,sedan,4,5,FWD,Hybrid,35495,1195,36690,46,41,44,563,,102.8,42.3,40.8,37.5,no,,16.7,16.7,,,4.5,204,,7.0,,3,3,36000,5,60000,17.8,https://automobiles.honda.com/accord
Honda,Accord,Touring,2026,no,sedan,4,5,FWD,Hybrid,39495,1195,40690,46,41,44,563,,102.8,42.3,40.8,37.5,no,,16.7,16.7,,,4.5,204,,,,4,3,36000,5,60000,19.3,https://automobiles.honda.com/accord
Honda,CR-V,LX,2026,no,SUV,4,5,FWD,Gas,30920,1395,32315,28,33,30,420,,106,41.3,41.0,40,no,,39.3,76.5,1500,,4.5,190,179,,,2,3,36000,5,60000,5.1,https://automobiles.honda.com/cr-v
Honda,CR-V,EX,2026,no,SUV,4,5,FWD,Gas,33150,1395,34545,28,33,30,420,,106,41.3,41.0,40,no,,39.3,76.5,1500,,4.5,190,179,,,2,3,36000,5,60000,6.7,https://automobiles.honda.com/cr-v
Honda,CR-V,EX-L,2026,no,SUV,4,5,FWD,Gas,35400,1395,36795,28,33,30,420,,106,41.3,41.0,38,no,,39.3,76.5,1500,,4.5,190,179,,,3,3,36000,5,60000,8.5,https://automobiles.honda.com/cr-v
Honda,CR-V,Sport Hybrid,2026,no,SUV,4,5,FWD,Hybrid,35630,1395,37025,43,36,40,560,,103.5,41.3,41.0,38,no,,34.7,71.8,1000,,4.5,204,247,,,2,3,36000,5,60000,8.6,https://automobiles.honda.com/cr-v
Honda,CR-V,Sport-L Hybrid,2026,no,SUV,4,5,FWD,Hybrid,38725,1395,40120,43,36,40,560,,103.5,41.3,41.0,38,no,,34.7,71.8,1000,,4.5,204,247,,,3,3,36000,5,60000,11.1,https://automobiles.honda.com/cr-v
Honda,CR-V,TrailSport Hybrid,2026,yes,SUV,4,5,AWD,Hybrid,38800,1395,40195,38,33,35,490,,103.5,41.3,41.0,38,no,,34.7,71.8,1000,,4.5,204,247,,,3,3,36000,5,60000,11.1,https://automobiles.honda.com/cr-v
Honda,CR-V,Sport Touring Hybrid,2026,no,SUV,4,5,AWD,Hybrid,42250,1395,43645,40,34,37,518,,103.5,41.3,41.0,38,no,,34.7,71.8,1000,,4.5,204,247,8.0,,3,3,36000,5,60000,13.5,https://automobiles.honda.com/cr-v
Honda,Odyssey,EX-L,2026,no,minivan,4,8,FWD,Gas,42795,1495,44290,19,28,22,429,,160.1,40.9,40.9,38.7,yes,38.1,32.8,140.7,3500,,3.5,280,262,,,3,3,36000,5,60000,20.4,https://automobiles.honda.com/odyssey
Honda,Odyssey,Sport-L,2026,no,minivan,4,8,FWD,Gas,43895,1495,45390,19,28,22,429,,160.1,40.9,40.9,38.7,yes,38.1,32.8,140.7,3500,,3.5,280,262,,,3,3,36000,5,60000,22.7,https://automobiles.honda.com/odyssey
Honda,Odyssey,Touring,2026,no,minivan,4,8,FWD,Gas,47495,1495,48990,19,28,22,429,,160.1,40.9,40.9,38.7,yes,38.1,32.8,140.7,3500,,3.5,280,262,,,3,3,36000,5,60000,23.4,https://automobiles.honda.com/odyssey
Honda,Odyssey,Elite,2026,no,minivan,4,8,FWD,Gas,51695,1495,53190,19,28,22,429,,160.1,40.9,40.9,38.7,yes,38.1,32.8,140.7,3500,,3.5,280,262,,,3,3,36000,5,60000,27.0,https://automobiles.honda.com/odyssey
Hyundai,Tucson,SE,2026,no,SUV,4,5,FWD,Gas,29750,1600,31350,25,33,28,400,,108.2,41.4,41.3,40.1 f / 39.5 r,no,,41.2,80.3,2750,,"4.0/5.0 (RepairPal, rank 5 of 26 compact SUVs)",187,178,,,1,5,60000,10,100000,16.3,https://www.hyundaiusa.com/us/en/vehicles/tucson/se
Hyundai,Tucson,SEL,2026,no,SUV,4,5,FWD,Gas,31100,1600,32700,25,33,28,400,,108.2,41.4,41.3,40.1 f / 39.5 r,no,,41.2,80.3,2750,,"4.0/5.0 (RepairPal, rank 5 of 26 compact SUVs)",187,178,,,1,5,60000,10,100000,13.8,https://www.hyundaiusa.com/us/en/vehicles/tucson/sel
Hyundai,Tucson,SEL Plus,2026,no,SUV,4,5,FWD,Gas,31600,1600,33200,25,33,28,400,,108.2,41.4,41.3,40.1 f / 39.5 r,no,,41.2,80.3,2750,,"4.0/5.0 (RepairPal, rank 5 of 26 compact SUVs)",187,178,,,1,5,60000,10,100000,17.9,https://www.hyundaiusa.com/us/en/vehicles/tucson/sel-convenience
Hyundai,Tucson,XRT,2026,no,SUV,4,5,FWD,Gas,33775,1600,35375,25,33,28,400,,108.2,41.4,41.3,40.1 f / 39.5 r,no,,41.2,80.3,2750,,"4.0/5.0 (RepairPal, rank 5 of 26 compact SUVs)",187,178,,,3,5,60000,10,100000,16.7,https://www.hyundaiusa.com/us/en/vehicles/tucson/xrt
Hyundai,Tucson,SEL Premium,2026,no,SUV,4,5,FWD,Gas,34100,1600,35700,25,33,28,400,,108.2,41.4,41.3,40.1 f / 39.5 r,no,,41.2,80.3,2750,,"4.0/5.0 (RepairPal, rank 5 of 26 compact SUVs)",187,178,,,3,5,60000,10,100000,17.9,https://www.hyundaiusa.com/us/en/vehicles/tucson/sel-premium
Hyundai,Tucson,Limited,2026,no,SUV,4,5,FWD,Gas,39725,1600,41325,25,33,28,400,,108.2,41.4,41.3,40.1 f / 39.5 r,no,,41.2,80.3,2750,,"4.0/5.0 (RepairPal, rank 5 of 26 compact SUVs)",187,178,,,5,5,60000,10,100000,21.9,https://www.hyundaiusa.com/us/en/vehicles/tucson/limited
Hyundai,Tucson,SE,2026,no,SUV,4,5,FWD,Hybrid,30950,1600,32550,40,35,38,543,,107.9,41.4,41.3,40.1 f / 39.5 r,no,,38.7,74.5,1650,,"4.0/5.0 (RepairPal, rank 5 of 26 compact SUVs)",231,271,,,1,5,60000,10,100000,24.6,https://www.hyundaiusa.com/us/en/vehicles/tucson-hybrid/se
Hyundai,Tucson,SEL FWD,2026,no,SUV,4,5,FWD,Hybrid,32400,1600,34000,40,35,38,543,,107.9,41.4,41.3,40.1 f / 39.5 r,no,,38.7,74.5,1650,,"4.0/5.0 (RepairPal, rank 5 of 26 compact SUVs)",231,271,,,1,5,60000,10,100000,25.3,https://www.hyundaiusa.com/us/en/vehicles/tucson-hybrid
Hyundai,Tucson,Blue SE,2026,no,SUV,4,5,AWD,Hybrid,32450,1600,34050,38,38,38,543,,107.9,41.4,41.3,40.1 f / 39.5 r,no,,38.7,74.5,2000,,"4.0/5.0 (RepairPal, rank 5 of 26 compact SUVs)",231,271,,,1,5,60000,10,100000,24.6,https://www.hyundaiusa.com/us/en/vehicles/tucson-hybrid/blue-se
Hyundai,Tucson,SEL,2026,no,SUV,4,5,AWD,Hybrid,33900,1600,35500,36,37,36,515,,107.9,41.4,41.3,40.1 f / 39.5 r,no,,38.7,74.5,2000,,"4.0/5.0 (RepairPal, rank 5 of 26 compact SUVs)",231,271,,,1,5,60000,10,100000,25.3,https://www.hyundaiusa.com/us/en/vehicles/tucson-hybrid/sel
Hyundai,Tucson,SEL Convenience,2026,no,SUV,4,5,AWD,Hybrid,34900,1600,36500,36,37,36,515,,107.9,41.4,41.3,40.1 f / 39.5 r,no,,38.7,74.5,2000,,"4.0/5.0 (RepairPal, rank 5 of 26 compact SUVs)",231,271,,,3,5,60000,10,100000,26.7,https://www.hyundaiusa.com/us/en/vehicles/tucson-hybrid/sel-convenience
Hyundai,Tucson,Limited,2026,no,SUV,4,5,AWD,Hybrid,42075,1600,43675,36,37,36,515,,107.9,41.4,41.3,40.1 f / 39.5 r,no,,38.7,74.5,2000,,"4.0/5.0 (RepairPal, rank 5 of 26 compact SUVs)",231,271,,,5,5,60000,10,100000,24.7,https://www.hyundaiusa.com/us/en/vehicles/tucson-hybrid/limited
Hyundai,Tucson,Night,2026,no,SUV,4,5,AWD,Hybrid,42575,1600,44175,36,37,36,515,,107.9,41.4,41.3,40.1 f / 39.5 r,no,,38.7,74.5,2000,,"4.0/5.0 (RepairPal, rank 5 of 26 compact SUVs)",231,271,,,5,5,60000,10,100000,25.3,https://www.hyundaiusa.com/us/en/vehicles/tucson-hybrid
Hyundai,Tucson,SEL,2026,no,SUV,4,5,AWD,PHEV,40075,1600,41675,,,35,388,,,41.4,39.5,40.1 f / 39.5 r,no,,31.9,71.8,2000,,"4.0/5.0 (RepairPal, rank 5 of 26 compact SUVs)",268,271,,,1,5,60000,10,100000,22.3,https://www.hyundaiusa.com/us/en/vehicles/tucson-plug-in-hybrid/sel
Hyundai,Tucson,Limited,2026,no,SUV,4,5,AWD,PHEV,48300,1600,49900,,,35,388,,,41.4,39.5,40.1 f / 39.5 r,no,,31.9,71.8,2000,,"4.0/5.0 (RepairPal, rank 5 of 26 compact SUVs)",268,271,,,5,5,60000,10,100000,23.7,https://www.hyundaiusa.com/us/en/vehicles/tucson-plug-in-hybrid/limited
Kia,Telluride,,2026,,3-row SUV,4,,,,,,,,,,,,,,,,,,,,,,,,,,,,,,,,,https://www.kia.com/us/en/telluride
Ram,1500,Tradesman,2026,no,full-size truck,4,6,RWD,Gas,42025,2595,44620,20,25,22,572,5,,40.9,45.2,40.9,no,,,53.9,8130,2360,3.5/5.0,305,269,,,1,3,36000,10,100000,29.8,https://www.ramtrucks.com/ram-1500/specs.tradesman.html
Ram,1500,Express,2026,no,full-size truck,4,6,RWD,Gas,44150,2595,46745,20,25,22,572,5,,40.9,45.2,40.9,no,,,53.9,8130,2360,3.5/5.0,305,269,,,1,3,36000,10,100000,23.6,https://www.ramtrucks.com/ram-1500/specs.express.html
Ram,1500,Warlock,2026,no,full-size truck,4,6,4WD,Gas,52865,2595,55460,19,24,21,546,5,,40.9,45.2,40.9,no,,,53.9,8130,,3.5/5.0,305,269,,,1,3,36000,10,100000,23.6,https://www.ramtrucks.com/ram-1500/specs.warlock.html
Ram,1500,Big Horn,2026,no,full-size truck,4,6,RWD,Gas,47280,2595,49875,20,25,22,572,5,,40.9,45.2,40.9,no,,,53.9,8130,,3.5/5.0,305,269,,,1,3,36000,10,100000,18.1,https://www.ramtrucks.com/ram-1500/specs.bighorn.html
Ram,1500,Laramie,2026,no,full-size truck,4,5,RWD,Gas,61480,2595,64075,18,25,21,546,5,,40.9,45.2,40.9,no,,,53.9,11610,,3.5/5.0,420,469,,,3,3,36000,10,100000,22.0,https://www.ramtrucks.com/ram-1500/specs.laramie.html
Ram,1500,Rebel,2026,no,full-size truck,4,5,4WD,Gas,65445,2595,68040,18,24,20,520,5,,40.9,45.2,40.9,no,,,53.9,11610,,3.5/5.0,420,469,,,3,3,36000,10,100000,16.9,https://www.ramtrucks.com/ram-1500/specs.rebel.html
Ram,1500,RHO,2026,yes,full-size truck,4,5,4WD,Gas,73795,2595,76390,14,16,15,495,5,,40.9,45.2,40.9,no,,,53.9,,1490,3.5/5.0,540,521,,,4,3,36000,10,100000,23.6,https://www.ramtrucks.com/ram-1500/specs.rho.html
Ram,1500,Limited,2026,no,full-size truck,4,5,4WD,Gas,76405,2595,79000,18,24,20,660,5,,40.9,45.2,40.9,no,,,53.9,10000,,3.5/5.0,540,521,,,4,3,36000,10,100000,28.1,https://www.ramtrucks.com/ram-1500/specs.limited.html
Ram,1500,Limited Longhorn,2026,no,full-size truck,4,5,4WD,Gas,76900,2595,79495,18,24,20,660,5,,40.9,45.2,40.9,no,,,53.9,10000,,3.5/5.0,540,521,,,4,3,36000,10,100000,23.2,https://www.ramtrucks.com/ram-1500/specs.longhorn.html
Ram,1500,Tungsten,2026,no,full-size truck,4,5,4WD,Gas,88800,2595,91395,18,24,20,660,5,,40.9,45.2,40.9,no,,,53.9,10000,,3.5/5.0,540,521,,,5,3,36000,10,100000,23.6,https://www.ramtrucks.com/ram-1500/specs.tungsten.html
Tesla,Model Y,Standard RWD,2026,no,mid-size SUV,4,5,RWD,EV,39990,1390,41380,,,,321,5,,41.8,40.5,41.0,no,,29.0,75.5,3500,,,,,6.8,,2,4,50000,8,100000,29.5,https://www.tesla.com/modely
Tesla,Model Y,Standard AWD,2026,no,mid-size SUV,4,5,AWD,EV,41990,1390,43380,,,,294,5,,41.8,40.5,41.0,no,,29.0,75.5,3500,,,,,4.6,,2,4,50000,8,100000,35.7,https://www.tesla.com/modely
Tesla,Model Y,Premium RWD,2026,no,mid-size SUV,4,5,RWD,EV,45990,1390,47380,,,,357,5,,41.8,40.5,41.0,no,,29.0,75.5,3500,,,,,5.4,,3,4,50000,8,100000,35.7,https://www.tesla.com/modely
Tesla,Model Y,Premium AWD,2026,no,mid-size SUV,4,5,AWD,EV,49990,1390,51380,,,,327,5,,41.8,40.5,41.0,no,,29.0,75.5,3500,,,460,,4.6,,3,4,50000,8,100000,37.5,https://www.tesla.com/modely
Tesla,Model Y,Performance AWD,2026,yes,mid-size SUV,4,5,AWD,EV,57990,1390,59380,,,,306,5,,41.8,40.5,41.0,no,,29.0,75.5,3500,,,510,,3.3,,3,4,50000,8,120000,38.5,https://www.tesla.com/modely
Tesla,Model Y,L Premium AWD,2026,no,"mid-size SUV (3-row, extended length)",4,6,AWD,EV,61990,1390,63380,,,,325,5,,41.8,40.5,41.0,yes,,,89,3500,,,,,4.4,,3,4,50000,8,100000,35.7,https://www.tesla.com/modely
Toyota,Corolla,LE,2026,no,sedan,4,5,FWD,Gas,23125,1195,24320,32,41,35,462,,89,42,35,38,no,,13.1,13.1,,,"4.5/5.0 (RepairPal, rank 1 of 36 compact cars)",169,151,,,2,3,36000,5,60000,9.6,https://www.toyota.com/corolla/
Toyota,Corolla,SE,2026,no,sedan,4,5,FWD,Gas,25565,1195,26760,31,40,34,449,,89,42,35,38,no,,13.1,13.1,,,"4.5/5.0 (RepairPal, rank 1 of 36 compact cars)",169,151,,,2,3,36000,5,60000,10.7,https://www.toyota.com/corolla/
Toyota,Corolla,XSE,2026,no,sedan,4,5,FWD,Gas,28840,1195,30035,31,40,34,449,,89,42,35,38,no,,13.1,13.1,,,"4.5/5.0 (RepairPal, rank 1 of 36 compact cars)",169,151,,,2,3,36000,5,60000,12.6,https://www.toyota.com/corolla/
Toyota,Corolla,LE Hybrid,2026,no,sedan,4,5,FWD,Hybrid,23780,1195,24975,53,46,50,565,,89,42,35,38,no,,13.1,13.1,,,"4.5/5.0 (RepairPal, rank 1 of 36 compact cars)",138,105,,,2,3,36000,5,60000,9.8,https://www.toyota.com/corolla/
Toyota,Corolla,SE Hybrid,2026,no,sedan,4,5,FWD,Hybrid,26220,1195,27415,50,43,47,531,,89,42,35,38,no,,13.1,13.1,,,"4.5/5.0 (RepairPal, rank 1 of 36 compact cars)",138,105,,,2,3,36000,5,60000,7.5,https://www.toyota.com/corolla/
Toyota,Corolla,XLE Hybrid,2026,no,sedan,4,5,FWD,Hybrid,28145,1195,29340,53,46,50,565,,89,42,35,38,no,,13.1,13.1,,,"4.5/5.0 (RepairPal, rank 1 of 36 compact cars)",138,105,,,2,3,36000,5,60000,13.3,https://www.toyota.com/corolla/
Toyota,Corolla,GR Corolla Base,2026,yes,hatchback,4,5,AWD,Gas,38725,1195,39920,21,28,24,317,,85,42,30,38,no,,18,18,,,"4.5/5.0 (RepairPal, rank 1 of 36 compact cars)",300,295,4.2,,2,3,36000,5,60000,3.8,https://www.toyota.com/grcorolla/
Toyota,Corolla,GR Corolla Premium Plus,2026,yes,hatchback,4,5,AWD,Gas,44770,1195,45965,21,28,24,317,,85,42,30,38,no,,18,18,,,"4.5/5.0 (RepairPal, rank 1 of 36 compact cars)",300,295,4.2,,4,3,36000,5,60000,3.8,https://www.toyota.com/grcorolla/
Toyota,Camry,LE,2026,no,sedan,4,5,FWD,Hybrid,29600,1295,30895,52,49,51,663,5,100,42,38,38.3,no,,15.1,15.1,,,"4.0/5.0 (RepairPal, rank 3 of 24 midsize cars)",225,163,,,3,3,36000,5,60000,14.7,https://www.toyota.com/camry/
Toyota,Camry,SE,2026,no,sedan,4,5,FWD,Hybrid,32100,1295,33395,47,45,46,598,5,100,42,38,38.3,no,,15.1,15.1,,,"4.0/5.0 (RepairPal, rank 3 of 24 midsize cars)",225,163,,,3,3,36000,5,60000,14.0,https://www.toyota.com/camry/
Toyota,Camry,Nightshade,2026,no,sedan,4,5,FWD,Hybrid,33100,1295,34395,48,47,47,611,5,100,42,38,38.3,no,,15.1,15.1,,,"4.0/5.0 (RepairPal, rank 3 of 24 midsize cars)",225,163,,,3,3,36000,5,60000,14.0,https://www.toyota.com/camry/
Toyota,Camry,XLE,2026,no,sedan,4,5,FWD,Hybrid,34800,1295,36095,47,45,46,598,5,100,42,38,38.3,no,,15.1,15.1,,,"4.0/5.0 (RepairPal, rank 3 of 24 midsize cars)",225,163,,,3,3,36000,5,60000,12.7,https://www.toyota.com/camry/
Toyota,Camry,XSE,2026,no,sedan,4,5,FWD,Hybrid,36000,1295,37295,47,45,46,598,5,100,42,38,38.3,no,,15.1,15.1,,,"4.0/5.0 (RepairPal, rank 3 of 24 midsize cars)",225,163,6.8,,3,3,36000,5,60000,11.3,https://www.toyota.com/camry/
Toyota,RAV4,LE,2026,no,SUV,4,5,FWD,Hybrid,31900,1450,33350,48,42,44,638,,,40.4,37.8,37.8,no,,37.5,69.8,1750,,"4.0/5.0 (RepairPal, rank 3 of 26 compact SUVs)",226,163,,,2,3,36000,5,60000,6.6,https://www.toyota.com/rav4/
Toyota,RAV4,SE,2026,no,SUV,4,5,FWD,Hybrid,34700,1450,36150,48,42,44,638,,,40.4,37.8,37.8,no,,37.5,69.8,1750,,"4.0/5.0 (RepairPal, rank 3 of 26 compact SUVs)",226,163,,,2,3,36000,5,60000,2.9,https://www.toyota.com/rav4/
Toyota,RAV4,XLE Premium,2026,no,SUV,4,5,FWD,Hybrid,36100,1450,37550,48,42,44,638,,,40.4,37.8,37.8,no,,37.5,69.8,1750,,"4.0/5.0 (RepairPal, rank 3 of 26 compact SUVs)",226,163,,,3,3,36000,5,60000,0.4,https://www.toyota.com/rav4/
Toyota,RAV4,Woodland,2026,yes,SUV,4,5,AWD,Hybrid,39900,1450,41350,42,35,38,551,,,40.4,37.8,37.8,no,,37.5,69.8,3500,,"4.0/5.0 (RepairPal, rank 3 of 26 compact SUVs)",236,163,,,3,3,36000,5,60000,7.1,https://www.toyota.com/rav4/
Toyota,RAV4,XSE,2026,no,SUV,4,5,AWD,Hybrid,42750,1450,44200,44,38,41,594,,,40.4,37.8,37.8,no,,37.5,69.8,3500,,"4.0/5.0 (RepairPal, rank 3 of 26 compact SUVs)",236,163,,,4,3,36000,5,60000,-0.2,https://www.toyota.com/rav4/
Toyota,RAV4,Limited,2026,no,SUV,4,5,AWD,Hybrid,43300,1450,44750,44,38,41,594,,,40.4,37.8,37.8,no,,37.5,69.8,3500,,"4.0/5.0 (RepairPal, rank 3 of 26 compact SUVs)",236,163,,,4,3,36000,5,60000,4.4,https://www.toyota.com/rav4/
Toyota,RAV4,SE,2026,no,SUV,4,5,AWD,PHEV,41500,1450,42950,44,38,41,594,,,40.4,37.8,37.8,no,,37.5,69.8,3500,,"4.0/5.0 (RepairPal, rank 3 of 26 compact SUVs)",324,172,,,3,3,36000,5,60000,17.1,https://www.toyota.com/rav4/
Toyota,RAV4,Woodland,2026,yes,SUV,4,5,AWD,PHEV,45300,1450,46750,42,35,38,551,,,40.4,37.8,37.8,no,,37.5,69.8,3500,,"4.0/5.0 (RepairPal, rank 3 of 26 compact SUVs)",324,172,,,3,3,36000,5,60000,17.6,https://www.toyota.com/rav4/
Toyota,RAV4,XSE,2026,no,SUV,4,5,AWD,PHEV,47200,1450,48650,44,38,41,594,,,40.4,37.8,37.8,no,,37.5,69.8,3500,,"4.0/5.0 (RepairPal, rank 3 of 26 compact SUVs)",324,172,,,4,3,36000,5,60000,18.0,https://www.toyota.com/rav4/
Toyota,RAV4,GR SPORT,2026,yes,SUV,4,5,AWD,PHEV,48500,1450,49950,41,34,37,536,,,40.4,37.8,37.8,no,,37.5,69.8,3500,,"4.0/5.0 (RepairPal, rank 3 of 26 compact SUVs)",324,172,5.6,,4,3,36000,5,60000,17.6,https://www.toyota.com/rav4/
Toyota,Highlander,XLE,2026,no,SUV,4,8,AWD,Gas,45870,1895,47765,21,28,24,430,,140,42,39,40,yes,28,16,84,5000,,"4.0/5.0 (RepairPal, rank 7 of 26 midsize SUVs)",265,310,,,2,3,36000,5,60000,14.7,https://www.toyota.com/highlander/
Toyota,Highlander,XSE,2026,no,SUV,4,8,AWD,Gas,47940,1895,49835,22,29,25,448,,140,42,39,40,yes,28,16,84,5000,,"4.0/5.0 (RepairPal, rank 7 of 26 midsize SUVs)",265,310,,,3,3,36000,5,60000,8.8,https://www.toyota.com/highlander/
Toyota,Highlander,Limited,2026,no,SUV,4,8,AWD,Gas,50325,1895,52220,21,28,24,430,,140,42,39,40,yes,28,16,84,5000,,"4.0/5.0 (RepairPal, rank 7 of 26 midsize SUVs)",265,310,,,3,3,36000,5,60000,15.4,https://www.toyota.com/highlander/
Toyota,Highlander,Platinum,2026,no,SUV,4,8,AWD,Gas,53525,1895,55420,21,28,24,430,,140,42,39,40,yes,28,16,84,5000,,"4.0/5.0 (RepairPal, rank 7 of 26 midsize SUVs)",265,310,,,5,3,36000,5,60000,17.5,https://www.toyota.com/highlander/
Toyota,Highlander,Hybrid XLE,2026,no,SUV,4,8,AWD,Hybrid,47620,1895,49515,35,35,35,615,,140,42,39,40,yes,28,16,84,5000,,"4.0/5.0 (RepairPal, rank 7 of 26 midsize SUVs)",243,,,,2,3,36000,5,60000,11.4,https://www.toyota.com/highlander/
Toyota,Highlander,Hybrid Limited,2026,no,SUV,4,8,AWD,Hybrid,52075,1895,53970,35,34,34,597,,140,42,39,40,yes,28,16,84,5000,,"4.0/5.0 (RepairPal, rank 7 of 26 midsize SUVs)",243,,,,3,3,36000,5,60000,10.3,https://www.toyota.com/highlander/
Toyota,Highlander,Hybrid Platinum,2026,no,SUV,4,8,AWD,Hybrid,55275,1895,57170,35,34,34,597,,140,42,39,40,yes,28,16,84,5000,,"4.0/5.0 (RepairPal, rank 7 of 26 midsize SUVs)",243,,,,5,3,36000,5,60000,9.4,https://www.toyota.com/highlander/
Toyota,Sienna,LE,2026,no,minivan,4,8,FWD,Hybrid,41420,1495,42915,36,36,36,648,,,40.3,39.9,40.0,yes,38.7,33.5,101,,,"3.5/5.0 (RepairPal, rank 6 of 8 minivans)",245,175,7.5,,1,3,36000,5,60000,-1.5,https://www.toyota.com/sienna/
Toyota,Sienna,XLE,2026,no,minivan,4,8,FWD,Hybrid,46120,1495,47615,36,36,36,648,,,40.3,39.9,40.0,yes,38.7,33.5,101,,,"3.5/5.0 (RepairPal, rank 6 of 8 minivans)",245,175,7.5,,1,3,36000,5,60000,3.8,https://www.toyota.com/sienna/
Toyota,Sienna,XSE,2026,no,minivan,4,8,FWD,Hybrid,49345,1495,50840,36,36,36,648,,,40.3,39.9,40.0,yes,38.7,33.5,101,,,"3.5/5.0 (RepairPal, rank 6 of 8 minivans)",245,175,7.5,,1,3,36000,5,60000,0.1,https://www.toyota.com/sienna/
Toyota,Sienna,Woodland Edition,2026,yes,minivan,4,8,AWD,Hybrid,52200,1495,53695,35,36,35,630,,,40.3,39.9,40.0,yes,38.7,33.5,101,,,"3.5/5.0 (RepairPal, rank 6 of 8 minivans)",245,175,7.5,,1,3,36000,5,60000,2.2,https://www.toyota.com/sienna/
Toyota,Sienna,Limited,2026,no,minivan,4,8,FWD,Hybrid,52105,1495,53600,36,36,36,648,,,40.3,39.9,40.0,yes,38.7,33.5,101,,,"3.5/5.0 (RepairPal, rank 6 of 8 minivans)",245,175,7.5,,2,3,36000,5,60000,4.3,https://www.toyota.com/sienna/
Toyota,Sienna,Platinum,2026,no,minivan,4,8,FWD,Hybrid,58810,1495,60305,36,36,36,648,,,40.3,39.9,40.0,yes,38.7,33.5,101,,,"3.5/5.0 (RepairPal, rank 6 of 8 minivans)",245,175,7.5,,4,3,36000,5,60000,7.4,https://www.toyota.com/sienna/
Toyota,Tacoma,SR,2026,no,pickup truck,4,5,RWD,Gas,32445,1745,34190,20,26,23,419,4,,41.8,33.7,39.7,no,,,,3500,,"3.5/5.0 (RepairPal, rank 7 of 7 midsize trucks)",270,310,,,2,3,36000,5,60000,-14.4,https://www.toyota.com/tacoma/
Toyota,Tacoma,SR5,2026,no,pickup truck,4,5,RWD,Gas,36535,1745,38280,21,26,23,419,4,,41.8,33.7,39.7,no,,,,6500,,"3.5/5.0 (RepairPal, rank 7 of 7 midsize trucks)",278,317,,,2,3,36000,5,60000,-15.0,https://www.toyota.com/tacoma/
Toyota,Tacoma,TRD PreRunner,2026,yes,pickup truck,4,5,RWD,Gas,39035,1745,40780,20,26,23,419,4,,41.8,33.7,39.7,no,,,,6500,,"3.5/5.0 (RepairPal, rank 7 of 7 midsize trucks)",278,317,,,2,3,36000,5,60000,-9.9,https://www.toyota.com/tacoma/
Toyota,Tacoma,TRD Sport,2026,yes,pickup truck,4,5,4WD,Gas,40315,1745,42060,18,23,20,364,4,,41.8,33.7,39.7,no,,,,6500,,"3.5/5.0 (RepairPal, rank 7 of 7 midsize trucks)",278,317,,,2,3,36000,5,60000,-8.4,https://www.toyota.com/tacoma/
Toyota,Tacoma,TRD Off-Road,2026,yes,pickup truck,4,5,4WD,Gas,42715,1745,44460,18,23,20,364,4,,41.8,33.7,39.7,no,,,,6500,,"3.5/5.0 (RepairPal, rank 7 of 7 midsize trucks)",278,317,,,2,3,36000,5,60000,-6.1,https://www.toyota.com/tacoma/
Toyota,Tacoma,Limited,2026,no,pickup truck,4,5,4WD,Gas,53470,1745,55215,19,24,21,382,4,,41.8,33.7,39.7,no,,,,6500,,"3.5/5.0 (RepairPal, rank 7 of 7 midsize trucks)",278,317,,,3,3,36000,5,60000,0.4,https://www.toyota.com/tacoma/
Toyota,Tacoma,TRD Sport Hybrid,2026,yes,pickup truck,4,5,4WD,Hybrid,46935,1745,48680,22,24,23,419,4,,41.8,33.7,39.7,no,,,,6000,,"3.5/5.0 (RepairPal, rank 7 of 7 midsize trucks)",326,465,,,2,3,36000,5,60000,-9.9,https://www.toyota.com/tacoma/
Toyota,Tacoma,TRD Off-Road Hybrid,2026,yes,pickup truck,4,5,4WD,Hybrid,47235,1745,48980,22,24,23,419,4,,41.8,33.7,39.7,no,,,,6000,1705,"3.5/5.0 (RepairPal, rank 7 of 7 midsize trucks)",326,465,,,2,3,36000,5,60000,-9.9,https://www.toyota.com/tacoma/
Toyota,Tacoma,Limited Hybrid,2026,no,pickup truck,4,5,4WD,Hybrid,56495,1745,58240,23,24,23,419,4,,41.8,33.7,39.7,no,,,,6000,,"3.5/5.0 (RepairPal, rank 7 of 7 midsize trucks)",326,465,,,3,3,36000,5,60000,-9.9,https://www.toyota.com/tacoma/
Toyota,Tacoma,Trailhunter,2026,yes,pickup truck,4,5,4WD,Hybrid,63650,1745,65395,22,24,23,419,4,,41.8,33.7,39.7,no,,,,6000,,"3.5/5.0 (RepairPal, rank 7 of 7 midsize trucks)",326,465,,,2,3,36000,5,60000,-9.9,https://www.toyota.com/tacoma/
Toyota,Tacoma,TRD Pro,2026,yes,pickup truck,4,5,4WD,Hybrid,64650,1745,66395,22,24,23,419,4,,41.8,33.7,39.7,no,,,,6000,,"3.5/5.0 (RepairPal, rank 7 of 7 midsize trucks)",326,465,,,2,3,36000,5,60000,-9.9,https://www.toyota.com/tacoma/
Toyota,Corolla Cross,L,2026,no,SUV,4,5,FWD,Gas,24635,1450,26085,31,33,32,396,5,94.9,42.9,32.0,38.6,no,,24.0,47.0,,,,169,151,,,2,3,36000,5,60000,-0.8,https://www.toyota.com/corollacross/
Toyota,Corolla Cross,L,2026,no,SUV,4,5,AWD,Gas,26085,1450,27535,29,31,30,396,5,94.9,42.9,32.0,38.6,no,,21.5,44.0,,,,169,151,,,2,3,36000,5,60000,4.4,https://www.toyota.com/corollacross/
Toyota,Corolla Cross,LE,2026,no,SUV,4,5,FWD,Gas,26965,1450,28415,31,33,32,396,5,94.9,42.9,32.0,38.6,no,,24.0,47.0,,,,169,151,,,3,3,36000,5,60000,-0.1,https://www.toyota.com/corollacross/
Toyota,Corolla Cross,LE,2026,no,SUV,4,5,AWD,Gas,28415,1450,29865,29,31,30,396,5,94.9,42.9,32.0,38.6,no,,21.5,44.0,,,,169,151,,,3,3,36000,5,60000,4.6,https://www.toyota.com/corollacross/
Toyota,Corolla Cross,XLE,2026,no,SUV,4,5,FWD,Gas,29560,1450,31010,31,33,32,396,5,94.9,42.9,32.0,38.6,no,,24.0,47.0,,,,169,151,,,3,3,36000,5,60000,-0.9,https://www.toyota.com/corollacross/
Toyota,Corolla Cross,XLE,2026,no,SUV,4,5,AWD,Gas,31010,1450,32460,29,31,30,396,5,94.9,42.9,32.0,38.6,no,,21.5,44.0,,,,169,151,,,3,3,36000,5,60000,3.6,https://www.toyota.com/corollacross/
Toyota,Corolla Cross,Hybrid S,2026,no,SUV,4,5,AWD,Hybrid,28995,1450,30445,45,38,42,445,5,94.9,42.9,32.0,38.6,no,,21.5,44.0,,,,196,,8.0,,2,3,36000,5,60000,-1.5,https://www.toyota.com/corollacross/
Toyota,Corolla Cross,Hybrid SE,2026,no,SUV,4,5,AWD,Hybrid,30315,1450,31765,45,38,42,445,5,94.9,42.9,32.0,38.6,no,,21.5,44.0,,,,196,,8.0,,3,3,36000,5,60000,5.3,https://www.toyota.com/corollacross/
Toyota,Corolla Cross,Hybrid XSE,2026,no,SUV,4,5,AWD,Hybrid,33030,1450,34480,45,38,42,445,5,94.9,42.9,32.0,38.6,no,,21.5,44.0,,,,196,,8.0,,3,3,36000,5,60000,3.5,https://www.toyota.com/corollacross/
Toyota,C-HR,SE,2026,no,SUV,4,5,AWD,EV,37000,1450,38450,,,,287,,94,42.1,32.2,39.1,no,,25.3,59.5,,,,338,323,4.9,,3,3,36000,5,60000,,https://www.toyota.com/chr/
Toyota,C-HR,XSE,2026,no,SUV,4,5,AWD,EV,39000,1450,40450,,,,273,,94,42.1,32.2,39.1,no,,25.3,59.5,,,,338,323,4.9,,5,3,36000,5,60000,,https://www.toyota.com/chr/
Toyota,Prius,LE,2026,no,hatchback,4,5,FWD,Hybrid,28550,1195,29745,57,56,56,,5,91,43,35,38,no,,24,,,,4.0,194,139,7.1,,2,3,36000,5,60000,2.5,https://www.toyota.com/prius/
Toyota,Prius,LE,2026,no,hatchback,4,5,AWD,Hybrid,29950,1195,31145,53,54,53,,5,91,43,35,38,no,,24,,,,4.0,196,139,7.1,,2,3,36000,5,60000,7.2,https://www.toyota.com/prius/
Toyota,Prius,XLE,2026,no,hatchback,4,5,FWD,Hybrid,31995,1195,33190,52,52,52,,5,91,43,35,38,no,,24,,,,4.0,194,139,7.1,,3,3,36000,5,60000,4.9,https://www.toyota.com/prius/
Toyota,Prius,XLE,2026,no,hatchback,4,5,AWD,Hybrid,33395,1195,34590,49,50,49,,5,91,43,35,38,no,,24,,,,4.0,196,139,7.1,,3,3,36000,5,60000,9.0,https://www.toyota.com/prius/
Toyota,Prius,Nightshade Edition,2026,no,hatchback,4,5,FWD,Hybrid,32800,1195,33995,52,52,52,,5,91,43,35,38,no,,24,,,,4.0,194,139,7.1,,3,3,36000,5,60000,7.4,https://www.toyota.com/prius/
Toyota,Prius,Nightshade Edition,2026,no,hatchback,4,5,AWD,Hybrid,34200,1195,35395,49,50,49,,5,91,43,35,38,no,,24,,,,4.0,196,139,7.1,,3,3,36000,5,60000,7.4,https://www.toyota.com/prius/
Toyota,Prius,Limited,2026,no,hatchback,4,5,FWD,Hybrid,35565,1195,36760,52,52,52,,5,91,43,35,38,no,,24,,,,4.0,194,139,7.1,,3,3,36000,5,60000,8.5,https://www.toyota.com/prius/
Toyota,Prius,Limited,2026,no,hatchback,4,5,AWD,Hybrid,36965,1195,38160,49,50,49,,5,91,43,35,38,no,,24,,,,4.0,196,139,7.1,,3,3,36000,5,60000,12.1,https://www.toyota.com/prius/
Toyota,Prius Prime,SE,2026,no,hatchback,4,5,FWD,PHEV,33775,1195,34970,,,52,600,5,91,42.4,35.9,38.0,no,,20.3,26.7,,,4.5,220,139,6.6,130,2,3,36000,5,60000,10.7,https://www.toyota.com/priusprime/
Toyota,Prius Prime,XSE,2026,no,hatchback,4,5,FWD,PHEV,37025,1195,38220,,,52,600,5,91,42.4,35.9,38.0,no,,20.3,26.7,,,4.5,220,139,,130,3,3,36000,5,60000,13.9,https://www.toyota.com/priusprime/
Toyota,Prius Prime,Nightshade Edition,2026,no,hatchback,4,5,FWD,PHEV,37795,1195,38990,,,52,600,5,91,42.4,35.9,38.0,no,,20.3,26.7,,,4.5,220,139,,130,2,3,36000,5,60000,14.1,https://www.toyota.com/priusprime/
Toyota,Prius Prime,XSE Premium,2026,no,hatchback,4,5,FWD,PHEV,40470,1195,41665,,,52,600,5,91,42.4,35.9,38.0,no,,20.3,26.7,,,4.5,220,139,,130,3,3,36000,5,60000,17.7,https://www.toyota.com/priusprime/
Toyota,4Runner,SR5,2026,no,SUV,4,5,RWD,Gas,41570,1450,43020,20,26,22,,,,41.8,34.8,39.7,no,,48.4,90.2,6000,,"4.0/5.0 (RepairPal, rank 9 of 26 midsize SUVs)",278,317,,,1,3,36000,5,60000,7.2,https://www.toyota.com/4runner/
Toyota,4Runner,TRD Sport,2026,yes,SUV,4,5,RWD,Gas,48050,1450,49500,20,26,22,,,,41.8,34.8,39.7,no,,48.4,90.2,6000,,"4.0/5.0 (RepairPal, rank 9 of 26 midsize SUVs)",278,317,,,3,3,36000,5,60000,8.8,https://www.toyota.com/4runner/
Toyota,4Runner,TRD Sport Premium,2026,yes,SUV,4,5,RWD,Gas,53410,1450,54860,20,26,22,,,,41.8,34.8,39.7,no,,48.4,90.2,6000,,"4.0/5.0 (RepairPal, rank 9 of 26 midsize SUVs)",278,317,,,4,3,36000,5,60000,1.8,https://www.toyota.com/4runner/
Toyota,4Runner,TRD Off-Road,2026,yes,SUV,4,5,4WD,Gas,49990,1450,51440,19,25,21,,,,41.8,34.8,39.7,no,,48.4,90.2,6000,,"4.0/5.0 (RepairPal, rank 9 of 26 midsize SUVs)",278,317,,,3,3,36000,5,60000,3.1,https://www.toyota.com/4runner/
Toyota,4Runner,TRD Off-Road Premium,2026,yes,SUV,4,5,4WD,Gas,55770,1450,57220,19,25,21,,,,41.8,34.8,39.7,no,,48.4,90.2,6000,,"4.0/5.0 (RepairPal, rank 9 of 26 midsize SUVs)",278,317,,,4,3,36000,5,60000,-2.8,https://www.toyota.com/4runner/
Toyota,4Runner,Limited,2026,no,SUV,4,5,RWD,Gas,56200,1450,57650,20,24,21,,,,41.8,34.8,39.7,no,,48.4,90.2,6000,,"4.0/5.0 (RepairPal, rank 9 of 26 midsize SUVs)",278,317,,,4,3,36000,5,60000,4.5,https://www.toyota.com/4runner/
Toyota,4Runner,TRD Off-Road i-FORCE MAX,2026,yes,SUV,4,5,4WD,Hybrid,52790,1450,54240,23,24,23,,,,41.8,34.8,39.7,no,,42.6,82.6,6000,,"4.0/5.0 (RepairPal, rank 9 of 26 midsize SUVs)",326,465,,,3,3,36000,5,60000,1.8,https://www.toyota.com/4runner/
Toyota,4Runner,TRD Off-Road Premium i-FORCE MAX,2026,yes,SUV,4,5,4WD,Hybrid,58570,1450,60020,23,24,23,,,,41.8,34.8,39.7,no,,42.6,82.6,6000,,"4.0/5.0 (RepairPal, rank 9 of 26 midsize SUVs)",326,465,,,4,3,36000,5,60000,1.8,https://www.toyota.com/4runner/
Toyota,4Runner,Limited i-FORCE MAX,2026,no,SUV,4,5,4WD,Hybrid,61000,1450,62450,23,24,23,,,,41.8,34.8,39.7,no,,42.6,82.6,6000,,"4.0/5.0 (RepairPal, rank 9 of 26 midsize SUVs)",326,465,,,4,3,36000,5,60000,1.8,https://www.toyota.com/4runner/
Toyota,4Runner,Platinum,2026,no,SUV,4,5,4WD,Hybrid,63660,1450,65110,23,24,23,,,,41.8,34.8,39.7,no,,42.6,82.6,5800,,"4.0/5.0 (RepairPal, rank 9 of 26 midsize SUVs)",326,465,,,5,3,36000,5,60000,1.8,https://www.toyota.com/4runner/
Toyota,4Runner,TRD Pro,2026,yes,SUV,4,5,4WD,Hybrid,67900,1450,69350,23,24,23,,,,41.8,34.8,39.7,no,,42.6,82.6,5800,,"4.0/5.0 (RepairPal, rank 9 of 26 midsize SUVs)",326,465,,,4,3,36000,5,60000,1.2,https://www.toyota.com/4runner/
Toyota,4Runner,Trailhunter,2026,yes,SUV,4,5,4WD,Hybrid,67700,1450,69150,23,24,23,,,,41.8,34.8,39.7,no,,42.6,82.6,5800,,"4.0/5.0 (RepairPal, rank 9 of 26 midsize SUVs)",323,465,,,4,3,36000,5,60000,1.8,https://www.toyota.com/4runner/
Toyota,Grand Highlander,LE,2026,no,SUV,4,8,FWD,Gas,41360,1450,42810,21,28,24,,,,41.7,39.5,41.5,yes,33.5,20.6,57.9,5000,,,265,310,,,1,3,36000,5,60000,,https://www.toyota.com/grandhighlander/
Toyota,Grand Highlander,XLE,2026,no,SUV,4,7,FWD,Gas,44130,1450,45580,21,28,24,,,,41.7,39.5,41.5,yes,33.5,20.6,57.9,5000,,,265,310,,,1,3,36000,5,60000,,https://www.toyota.com/grandhighlander/
Toyota,Grand Highlander,Limited,2026,no,SUV,4,7,FWD,Gas,48860,1450,50310,21,28,24,,,,41.7,39.5,41.5,yes,33.5,20.6,57.9,5000,,,265,310,,,2,3,36000,5,60000,,https://www.toyota.com/grandhighlander/
Toyota,Grand Highlander,Platinum,2026,no,SUV,4,7,AWD,Gas,54545,1450,55995,20,26,22,,,,41.7,39.5,41.5,yes,33.5,20.6,57.9,5000,,,265,310,,,5,3,36000,5,60000,,https://www.toyota.com/grandhighlander/
Toyota,Grand Highlander,Hybrid LE,2026,no,SUV,4,8,FWD,Hybrid,44710,1450,46160,36,32,34,,,,41.7,39.5,41.5,yes,33.5,20.6,57.9,3500,,,245,,,,1,3,36000,5,60000,,https://www.toyota.com/grandhighlander/
Toyota,Grand Highlander,Hybrid XLE,2026,no,SUV,4,7,FWD,Hybrid,45880,1450,47330,36,32,34,,,,41.7,39.5,41.5,yes,33.5,20.6,57.9,3500,,,245,,,,1,3,36000,5,60000,,https://www.toyota.com/grandhighlander/
Toyota,Grand Highlander,Hybrid Limited,2026,no,SUV,4,7,FWD,Hybrid,52210,1450,53660,36,32,34,,,,41.7,39.5,41.5,yes,33.5,20.6,57.9,3500,,,245,,,,2,3,36000,5,60000,,https://www.toyota.com/grandhighlander/
Toyota,Grand Highlander,Hybrid Nightshade,2026,no,SUV,4,7,FWD,Hybrid,53190,1450,54640,36,32,34,,,,41.7,39.5,41.5,yes,33.5,20.6,57.9,3500,,,245,,,,2,3,36000,5,60000,,https://www.toyota.com/grandhighlander/
Toyota,Grand Highlander,Hybrid MAX Limited,2026,no,SUV,4,7,AWD,Hybrid,55190,1450,56640,26,27,27,,,,41.7,39.5,41.5,yes,33.5,20.6,57.9,5000,,,362,400,,,2,3,36000,5,60000,,https://www.toyota.com/grandhighlander/
Toyota,Grand Highlander,Hybrid MAX Platinum,2026,no,SUV,4,7,AWD,Hybrid,59275,1450,60725,26,27,27,,,,41.7,39.5,41.5,yes,33.5,20.6,57.9,5000,,,362,400,,,5,3,36000,5,60000,,https://www.toyota.com/grandhighlander/
Toyota,Sequoia,SR5,2026,no,SUV,4,8,RWD,Hybrid,64825,2095,66920,21,24,22,,,,41.2,39.2,39.2,yes,28.1,22.3,86.9,9520,,"3.5/5.0 (RepairPal, rank 5 of 14 full-size SUVs)",437,583,,,2,3,36000,5,60000,2.1,https://www.toyota.com/sequoia/
Toyota,Sequoia,Limited,2026,no,SUV,4,8,RWD,Hybrid,70595,2095,72690,21,24,22,,,,41.2,39.2,39.2,yes,28.1,22.3,86.9,9520,,"3.5/5.0 (RepairPal, rank 5 of 14 full-size SUVs)",437,583,,,3,3,36000,5,60000,11.3,https://www.toyota.com/sequoia/
Toyota,Sequoia,Platinum,2026,no,SUV,4,7,4WD,Hybrid,80835,2095,82930,19,22,20,,,,41.2,39.2,39.2,yes,28.1,22.3,86.9,9520,,"3.5/5.0 (RepairPal, rank 5 of 14 full-size SUVs)",437,583,,,4,3,36000,5,60000,19.0,https://www.toyota.com/sequoia/
Toyota,Sequoia,TRD Pro,2026,yes,SUV,4,7,4WD,Hybrid,81565,2095,83660,19,22,20,,,,41.2,39.2,39.2,yes,28.1,22.3,86.9,9520,,"3.5/5.0 (RepairPal, rank 5 of 14 full-size SUVs)",437,583,,,3,3,36000,5,60000,12.5,https://www.toyota.com/sequoia/
Toyota,Sequoia,1794 Edition,2026,no,SUV,4,7,4WD,Hybrid,81650,2095,83745,19,22,20,,,,41.2,39.2,39.2,yes,28.1,22.3,86.9,9520,,"3.5/5.0 (RepairPal, rank 5 of 14 full-size SUVs)",437,583,,,4,3,36000,5,60000,13.4,https://www.toyota.com/sequoia/
Toyota,Sequoia,Capstone,2026,no,SUV,4,7,4WD,Hybrid,85235,2095,87330,19,22,20,,,,41.2,39.2,39.2,yes,28.1,22.3,86.9,9520,,"3.5/5.0 (RepairPal, rank 5 of 14 full-size SUVs)",437,583,,,5,3,36000,5,60000,21.5,https://www.toyota.com/sequoia/
Toyota,Land Cruiser,1958,2026,no,SUV,4,5,4WD,Hybrid,59095,1495,60590,22,25,23,,,,42,36,38,no,,37.5,82.8,6000,,"2.5/5.0 (RepairPal, rank 14 of 14 full-size SUVs)",326,465,,,2,3,36000,5,60000,,https://www.toyota.com/landcruiser/
Toyota,Land Cruiser,Land Cruiser,2026,no,SUV,4,5,4WD,Hybrid,63940,1495,65435,22,25,23,,,,42,36,38,no,,37.5,82.8,6000,,"2.5/5.0 (RepairPal, rank 14 of 14 full-size SUVs)",326,465,,,2,3,36000,5,60000,,https://www.toyota.com/landcruiser/
Toyota,Tundra,SR,2026,no,pickup truck,4,5,RWD,Gas,41260,2095,43355,18,23,20,644,,,41.2,41.6,41.0,no,,,,8300,1830,"3.5/5.0 (RepairPal, rank 6 of 17 full-size trucks)",348,405,,,1,3,36000,5,60000,12.7,https://www.toyota.com/tundra/
Toyota,Tundra,SR5,2026,no,pickup truck,4,5,RWD,Gas,46510,2095,48605,18,23,20,644,,,41.2,41.6,41.0,no,,,,11400,1830,"3.5/5.0 (RepairPal, rank 6 of 17 full-size trucks)",389,479,,,1,3,36000,5,60000,11.2,https://www.toyota.com/tundra/
Toyota,Tundra,Limited,2026,no,pickup truck,4,5,RWD,Gas,54860,2095,56955,18,23,20,644,,,41.2,41.6,41.0,no,,,,11350,1755,"3.5/5.0 (RepairPal, rank 6 of 17 full-size trucks)",389,479,,,2,3,36000,5,60000,16.1,https://www.toyota.com/tundra/
Toyota,Tundra,Limited Hybrid,2026,no,pickup truck,4,5,4WD,Hybrid,58560,2095,60655,20,24,22,708,,,41.2,41.6,39.3,no,,,,11450,1665,"3.5/5.0 (RepairPal, rank 6 of 17 full-size trucks)",437,583,,,2,3,36000,5,60000,16.1,https://www.toyota.com/tundra/
Toyota,Tundra,Platinum,2026,no,pickup truck,4,5,RWD,Gas,63695,2095,65790,18,23,20,644,,,41.2,41.6,41.0,no,,,,,,"3.5/5.0 (RepairPal, rank 6 of 17 full-size trucks)",389,479,,,4,3,36000,5,60000,22.7,https://www.toyota.com/tundra/
Toyota,Tundra,Platinum Hybrid,2026,no,pickup truck,4,5,4WD,Hybrid,70605,2095,72700,19,22,20,644,,,41.2,41.6,39.3,no,,,,11020,1565,"3.5/5.0 (RepairPal, rank 6 of 17 full-size trucks)",437,583,,,4,3,36000,5,60000,22.7,https://www.toyota.com/tundra/
Toyota,Tundra,1794 Edition,2026,no,pickup truck,4,5,RWD,Gas,64380,2095,66475,18,23,20,644,,,41.2,41.6,41.0,no,,,,,,"3.5/5.0 (RepairPal, rank 6 of 17 full-size trucks)",389,479,,,4,3,36000,5,60000,21.5,https://www.toyota.com/tundra/
Toyota,Tundra,1794 Edition Hybrid,2026,no,pickup truck,4,5,4WD,Hybrid,71305,2095,73400,19,22,20,644,,,41.2,41.6,39.3,no,,,,11020,1565,"3.5/5.0 (RepairPal, rank 6 of 17 full-size trucks)",437,583,,,4,3,36000,5,60000,21.5,https://www.toyota.com/tundra/
Toyota,Tundra,TRD Pro,2026,yes,pickup truck,4,5,4WD,Hybrid,72565,2095,74660,18,20,19,612,,,41.2,41.6,39.3,no,,,,11175,1600,"3.5/5.0 (RepairPal, rank 6 of 17 full-size trucks)",437,583,,,4,3,36000,5,60000,22.9,https://www.toyota.com/tundra/
Toyota,Tundra,Capstone,2026,no,pickup truck,4,5,4WD,Hybrid,80800,2095,82895,19,22,20,644,,,41.2,41.6,39.3,no,,,,10340,1485,"3.5/5.0 (RepairPal, rank 6 of 17 full-size trucks)",437,583,,,5,3,36000,5,60000,33.2,https://www.toyota.com/tundra/
Toyota,Crown,XLE,2026,no,sedan,4,5,AWD,Hybrid,41440,1135,42575,42,41,41,595,,,42.1,38.9,38.2,no,,15.2,15.2,,,,236,163,7.6,,3,3,36000,5,60000,20.7,https://www.toyota.com/crown/
Toyota,Crown,Limited,2026,no,sedan,4,5,AWD,Hybrid,45950,1135,47085,42,41,41,595,,,42.1,38.9,38.2,no,,15.2,15.2,,,,236,163,7.6,,3,3,36000,5,60000,23.5,https://www.toyota.com/crown/
Toyota,Crown,Nightshade,2026,no,sedan,4,5,AWD,Hybrid,48765,1135,49900,42,41,41,595,,,42.1,38.9,38.2,no,,15.2,15.2,,,,236,163,7.6,,3,3,36000,5,60000,23.5,https://www.toyota.com/crown/
Toyota,Crown,Platinum,2026,no,sedan,4,5,AWD,Hybrid,54990,1135,56125,29,32,30,435,,,42.1,38.9,38.2,no,,15.2,15.2,,,,340,400,5.7,,5,3,36000,5,60000,26.3,https://www.toyota.com/crown/
Toyota,Crown Signia,XLE,2026,no,SUV,4,5,AWD,Hybrid,44690,1495,46185,39,37,38,551,,,42.1,37.1,39.1,no,,24.8,66.1,2700,,,240,178,7.1,,3,3,36000,5,60000,,https://www.toyota.com/crownsignia/
Toyota,Crown Signia,Limited,2026,no,SUV,4,5,AWD,Hybrid,49090,1495,50585,39,37,38,551,,,42.1,37.1,37.7,no,,24.8,66.1,2700,,,240,178,7.1,,3,3,36000,5,60000,,https://www.toyota.com/crownsignia/
Toyota,bZ,XLE FWD,2026,no,SUV,4,5,FWD,EV,34900,1450,36350,131,109,120,236,,94,42.1,35.3,38.6,no,,27.7,56.9,,,,168,,8.0,,2,3,36000,5,60000,45.4,https://www.toyota.com/bz/
Toyota,bZ,XLE AWD,2026,no,SUV,4,5,AWD,EV,39900,1450,41350,143,119,131,288,,94,42.1,35.3,38.6,no,,27.7,56.9,,,,338,,4.9,,2,3,36000,5,60000,45.4,https://www.toyota.com/bz/
Toyota,bZ,XLE Plus FWD,2026,no,SUV,4,5,FWD,EV,37900,1450,39350,144,117,130,314,,94,42.1,35.3,38.6,no,,27.7,56.9,,,,221,,7.0,,2,3,36000,5,60000,45.4,https://www.toyota.com/bz/
Toyota,bZ,Limited FWD,2026,no,SUV,4,5,FWD,EV,43300,1450,44750,128,105,117,299,,94,42.1,35.3,38.6,no,,27.7,56.9,,,,221,,7.0,,4,3,36000,5,60000,46.6,https://www.toyota.com/bz/
Toyota,bZ,Limited AWD,2026,no,SUV,4,5,AWD,EV,45300,1450,46750,134,111,123,278,,94,42.1,35.3,38.6,no,,27.7,56.9,,,,338,,4.9,,4,3,36000,5,60000,46.6,https://www.toyota.com/bz/
Toyota,bZ,Woodland,2026,yes,SUV,4,5,AWD,EV,45300,1450,46750,127,107,117,281,,94,42.1,35.3,38.6,no,,33.8,74.3,3500,,,375,,4.4,,2,3,36000,5,60000,46.1,https://www.toyota.com/bzwoodland/
Toyota,bZ,Woodland Premium,2026,yes,SUV,4,5,AWD,EV,47400,1450,48850,127,107,117,281,,94,42.1,35.3,38.6,no,,33.8,74.3,3500,,,375,,4.4,,2,3,36000,5,60000,46.1,https://www.toyota.com/bzwoodland/
Toyota,Mirai,XLE,2026,no,Sedan,4,5,RWD,Hydrogen,51795,1195,52990,74,70,72,402,,,42.2,33.1,38.4,no,,9.6,,,,,182,221,9.2,,3,3,36000,5,60000,74.8,https://www.toyota.com/mirai/
Toyota,GR86,Base,2026,no,Coupe,2,4,RWD,Gas,30800,1195,31995,20,26,22,290,,,41.5,,37,no,,6.3,,,,,228,184,6.1,140,1,3,36000,5,60000,-3.5,https://www.toyota.com/gr86/
Toyota,GR86,Premium,2026,no,Coupe,2,4,RWD,Gas,33400,1195,34595,20,26,22,290,,,41.5,,37,no,,6.3,,,,,228,184,6.1,140,1,3,36000,5,60000,2.5,https://www.toyota.com/gr86/
Toyota,GR86,Yuzu Edition,2026,no,Coupe,2,4,RWD,Gas,36365,1195,37560,20,26,22,290,,,41.5,,37,no,,6.3,,,,,228,184,6.1,140,1,3,36000,5,60000,-0.4,https://www.toyota.com/gr86/
Toyota,GR Supra,3.0,2026,no,Coupe,2,2,RWD,Gas,56900,1135,58035,19,26,21,288,,,42.2,,38.3,no,,10.2,,,,,382,368,4.2,155,1,3,36000,5,60000,3.5,https://www.toyota.com/grsupra/
Toyota,GR Supra,3.0 Premium,2026,no,Coupe,2,2,RWD,Gas,60050,1135,61185,22,29,25,343,,,42.2,,38.3,no,,10.2,,,,,382,368,3.9,155,4,3,36000,5,60000,-0.9,https://www.toyota.com/grsupra/
Toyota,GR Supra,MkV Final Edition,2026,yes,Coupe,2,2,RWD,Gas,67950,1135,69085,19,26,21,288,,,42.2,,38.3,no,,10.2,,,,,382,368,4.2,155,1,3,36000,5,60000,3.5,https://www.toyota.com/grsupra/
Honda,HR-V,LX,2026,no,SUV,4,5,FWD,Gas,26200,1395,27595,26,32,28,392,5,98.7,41.9,37.7,39.4,no,,24.4,55.1,,,5.0,158,138,,,2,3,36000,5,60000,1.5,https://automobiles.honda.com/hr-v
Honda,HR-V,Sport,2026,no,SUV,4,5,FWD,Gas,28000,1395,29395,26,32,28,392,5,98.7,41.9,37.7,39.4,no,,24.4,55.1,,,5.0,158,138,,,2,3,36000,5,60000,5.8,https://automobiles.honda.com/hr-v
Honda,HR-V,EX-L,2026,no,SUV,4,5,FWD,Gas,30050,1395,31445,26,32,28,392,5,98.7,41.9,37.7,39.4,no,,24.4,55.1,,,5.0,158,138,,,3,3,36000,5,60000,8.2,https://automobiles.honda.com/hr-v
Honda,Pilot,Sport,2026,no,SUV,4,8,FWD,Gas,42395,1495,43890,19,27,22,407,,158.4,41.0,40.8,40.5,yes,32.5,21.8,111.8,3500,,3.5,285,262,,,2,3,36000,5,60000,18.3,https://automobiles.honda.com/pilot
Honda,Pilot,EX-L,2026,no,SUV,4,8,FWD,Gas,44695,1495,46190,19,27,22,407,,158.4,41.0,40.8,40.5,yes,32.5,22.4,112.4,3500,,3.5,285,262,,,3,3,36000,5,60000,14.9,https://automobiles.honda.com/pilot
Honda,Pilot,TrailSport,2026,yes,SUV,4,7,AWD,Gas,50595,1495,52090,18,23,20,370,,154.9,41.0,40.8,39.1,yes,32.5,21.8,113.7,5000,,3.5,285,262,,,4,3,36000,5,60000,17.7,https://automobiles.honda.com/pilot
Honda,Pilot,Touring,2026,no,SUV,4,8,AWD,Gas,51295,1495,52790,19,25,21,389,,154.9,41.0,40.8,39.1,yes,32.5,22.4,112.4,5000,,3.5,285,262,,,4,3,36000,5,60000,16.9,https://automobiles.honda.com/pilot
Honda,Pilot,Touring Blackout,2026,no,SUV,4,8,AWD,Gas,52495,1495,53990,19,25,21,389,,154.9,41.0,40.8,39.1,yes,32.5,22.4,112.4,5000,,3.5,285,262,,,4,3,36000,5,60000,17.0,https://automobiles.honda.com/pilot
Honda,Pilot,Elite,2026,no,SUV,4,8,AWD,Gas,53695,1495,55190,19,25,21,389,,154.9,41.0,40.8,39.1,yes,32.5,22.4,112.1,5000,,3.5,285,262,,,5,3,36000,5,60000,22.1,https://automobiles.honda.com/pilot
Honda,Pilot,Black Edition,2026,no,SUV,4,8,AWD,Gas,55195,1495,56690,19,25,21,389,,154.9,41.0,40.8,39.1,yes,32.5,22.4,112.1,5000,,3.5,285,262,,,5,3,36000,5,60000,17.0,https://automobiles.honda.com/pilot
Honda,Passport,RTL,2026,no,SUV,4,5,AWD,Gas,44950,1495,46445,19,25,21,389,,119.1,41.1,40.9,40.5,no,,44.0,104.6,5000,,,285,262,,,3,3,36000,5,60000,24.2,https://automobiles.honda.com/passport
Honda,Passport,RTL Towing,2026,no,SUV,4,5,AWD,Gas,45650,1495,47145,19,25,21,389,,119.1,41.1,40.9,40.5,no,,44.0,104.6,5000,,,285,262,,,3,3,36000,5,60000,24.2,https://automobiles.honda.com/passport
Honda,Passport,RTL Blackout,2026,no,SUV,4,5,AWD,Gas,46150,1495,47645,19,25,21,389,,119.1,41.1,40.9,40.5,no,,44.0,104.6,5000,,,285,262,,,3,3,36000,5,60000,24.2,https://automobiles.honda.com/passport
Honda,Passport,TrailSport,2026,yes,SUV,4,5,AWD,Gas,48650,1495,50145,18,23,20,370,,115.4,41.1,40.9,39.1,no,,44.0,104.4,5000,,,285,262,,,3,3,36000,5,60000,24.2,https://automobiles.honda.com/passport
Honda,Passport,TrailSport Blackout,2026,yes,SUV,4,5,AWD,Gas,49850,1495,51345,18,23,20,370,,115.4,41.1,40.9,39.1,no,,44.0,104.4,5000,,,285,262,,,3,3,36000,5,60000,24.2,https://automobiles.honda.com/passport
Honda,Passport,TrailSport Elite,2026,yes,SUV,4,5,AWD,Gas,52650,1495,54145,18,23,20,370,,115.4,41.1,40.9,39.1,no,,44.0,104.4,5000,,,285,262,,,4,3,36000,5,60000,24.2,https://automobiles.honda.com/passport
Honda,Passport,TrailSport Elite Blackout,2026,yes,SUV,4,5,AWD,Gas,53850,1495,55345,18,23,20,370,,115.4,41.1,40.9,39.1,no,,44.0,104.4,5000,,,285,262,,,4,3,36000,5,60000,24.2,https://automobiles.honda.com/passport
Honda,Ridgeline,Sport,2026,no,pickup truck,4,5,AWD,Gas,40595,1495,42090,18,24,21,410,,108.9,40.9,36.7,39.5,no,,7.3,7.3,5000,1583,3.5,280,262,,,3,3,36000,5,60000,20.6,https://automobiles.honda.com/ridgeline
Honda,Ridgeline,RTL,2026,no,pickup truck,4,5,AWD,Gas,43395,1495,44890,18,24,21,410,,108.9,40.9,36.7,39.5,no,,7.3,7.3,5000,1544,3.5,280,262,,,3,3,36000,5,60000,24.5,https://automobiles.honda.com/ridgeline
Honda,Ridgeline,TrailSport,2026,no,pickup truck,4,5,AWD,Gas,45795,1495,47290,18,23,20,390,,108.9,40.9,36.7,39.5,no,,7.3,7.3,5000,1521,3.5,280,262,,,3,3,36000,5,60000,24.4,https://automobiles.honda.com/ridgeline
Honda,Ridgeline,Black Edition,2026,no,pickup truck,4,5,AWD,Gas,47195,1495,48690,18,24,21,410,,108.9,40.9,36.7,39.5,no,,7.3,7.3,5000,1509,3.5,280,262,,,3,3,36000,5,60000,26.6,https://automobiles.honda.com/ridgeline
Honda,Prologue,EX,2026,no,SUV,4,5,FWD,EV,39900,1495,41395,,,,308,,111.7,41.4,39.4,38.2,no,,25.2,57.7,1500,,,220,243,,,3,3,36000,5,60000,,https://automobiles.honda.com/prologue
Honda,Prologue,EX AWD,2026,no,SUV,4,5,AWD,EV,42000,1495,43495,,,,294,,111.7,41.4,39.4,38.2,no,,25.2,57.7,1500,,,300,355,,,3,3,36000,5,60000,,https://automobiles.honda.com/prologue
Honda,Prologue,Touring,2026,no,SUV,4,5,FWD,EV,44200,1495,45695,,,,308,,107.8,41.4,39.4,38.2,no,,23.7,54.5,1500,,,220,243,,,3,3,36000,5,60000,,https://automobiles.honda.com/prologue
Honda,Prologue,Touring AWD,2026,no,SUV,4,5,AWD,EV,47000,1495,48495,,,,294,,107.8,41.4,39.4,38.2,no,,23.7,54.5,1500,,,300,355,,,3,3,36000,5,60000,,https://automobiles.honda.com/prologue
Honda,Prologue,Elite,2026,no,SUV,4,5,AWD,EV,50400,1495,51895,,,,283,,107.8,41.4,39.4,38.2,no,,23.7,54.5,1500,,,300,355,,,5,3,36000,5,60000,,https://automobiles.honda.com/prologue
Honda,Prelude,Hybrid,2026,no,coupe,2,4,FWD,Hybrid,42000,1195,43195,46,41,44,466,,99.7,42.3,32.0,37.2,no,,15.1,,,,,200,232,6.5,,3,3,36000,5,60000,,https://automobiles.honda.com/prelude
Honda,Prelude,Hybrid Two-Tone,2026,no,coupe,2,4,FWD,Hybrid,42500,1195,43695,46,41,44,466,,99.7,42.3,32.0,37.2,no,,15.1,,,,,200,232,6.5,,3,3,36000,5,60000,,https://automobiles.honda.com/prelude
Honda,CR-V e:FCEV,e:FCEV,2026,no,SUV,4,5,FWD,EV,50000,1450,51450,,,,270,,106.4,41.4,41.1,40.0,no,,25.2,61,,,,174,229,,,3,3,36000,5,60000,,https://automobiles.honda.com/cr-v-fcev
Hyundai,Elantra,SE,2026,no,Sedan,4,5,FWD,Gas,22625,1245,23870,31,40,35,,5,113.6,42.3,38.0,40.6,no,,,,,,4.5,147,132,,,1,5,60000,10,100000,17.1,https://www.hyundaiusa.com/us/en/vehicles/elantra
Hyundai,Elantra,SEL Sport,2026,no,Sedan,4,5,FWD,Gas,23750,1245,24995,30,40,34,,5,113.6,42.3,38.0,40.6,no,,,,,,4.5,147,132,,,3,5,60000,10,100000,17.1,https://www.hyundaiusa.com/us/en/vehicles/elantra
Hyundai,Elantra,SEL Sport Premium,2026,no,Sedan,4,5,FWD,Gas,25075,1245,26320,30,40,34,,5,113.6,42.3,38.0,40.6,no,,,,,,4.5,147,132,,,3,5,60000,10,100000,17.1,https://www.hyundaiusa.com/us/en/vehicles/elantra
Hyundai,Elantra,Limited,2026,no,Sedan,4,5,FWD,Gas,27175,1245,28420,30,40,34,,5,113.6,42.3,38.0,40.6,no,,,,,,4.5,147,132,,,4,5,60000,10,100000,17.1,https://www.hyundaiusa.com/us/en/vehicles/elantra
Hyundai,Elantra,N Line,2026,no,Sedan,4,5,FWD,Gas,29400,1245,30645,28,35,31,,5,113.6,42.3,38.0,40.6,no,,,,,,4.5,201,195,,,3,5,60000,10,100000,17.1,https://www.hyundaiusa.com/us/en/vehicles/elantra
Hyundai,Elantra,Blue,2026,no,Sedan,4,5,FWD,Hybrid,25450,1245,26695,51,58,54,,5,113.6,42.3,38.0,40.6,no,,,,,,4.5,139,,,,1,5,60000,10,100000,22.1,https://www.hyundaiusa.com/us/en/vehicles/elantra
Hyundai,Elantra,SEL Sport,2026,no,Sedan,4,5,FWD,Hybrid,27425,1245,28670,49,52,50,,5,113.6,42.3,38.0,40.6,no,,,,,,4.5,139,,,,2,5,60000,10,100000,22.1,https://www.hyundaiusa.com/us/en/vehicles/elantra
Hyundai,Elantra,Limited,2026,no,Sedan,4,5,FWD,Hybrid,29800,1245,31045,49,52,50,,5,113.6,42.3,38.0,40.6,no,,,,,,4.5,139,,,,3,5,60000,10,100000,22.1,https://www.hyundaiusa.com/us/en/vehicles/elantra
Hyundai,Elantra N,N,2026,yes,Sedan,4,5,FWD,Gas,35100,1245,36345,21,29,24,,,99,42,38,41,no,,,,,,4.5,276,289,,,2,5,60000,10,100000,16.0,https://www.hyundaiusa.com/us/en/vehicles/elantra-n
Hyundai,Sonata,SE,2026,no,Sedan,4,5,FWD,Gas,27300,1245,28545,28,38,32,,,104.4,46.1,34.8,40.0,no,,,,,,4.0,191,181,,,1,5,60000,10,100000,30.2,https://www.hyundaiusa.com/us/en/vehicles/sonata
Hyundai,Sonata,SEL Sport,2026,no,Sedan,4,5,FWD,Gas,29000,1245,30245,25,36,29,,,104.4,46.1,34.8,40.0,no,,,,,,4.0,191,181,,,2,5,60000,10,100000,30.2,https://www.hyundaiusa.com/us/en/vehicles/sonata
Hyundai,Sonata,N Line,2026,no,Sedan,4,5,FWD,Gas,35900,1245,37145,23,32,27,,,104.4,46.1,34.8,40.0,no,,,,,,4.0,290,311,6.1,,4,5,60000,10,100000,30.2,https://www.hyundaiusa.com/us/en/vehicles/sonata
Hyundai,Sonata,Blue Hybrid,2026,no,Sedan,4,5,FWD,Hybrid,29050,1245,30295,47,56,51,,,104.4,46.1,34.8,40.0,no,,,,,,4.0,192,,,,1,5,60000,10,100000,30.2,https://www.hyundaiusa.com/us/en/vehicles/sonata
Hyundai,Sonata,SEL Hybrid,2026,no,Sedan,4,5,FWD,Hybrid,32300,1245,33545,44,51,47,,,104.4,46.1,34.8,40.0,no,,,,,,4.0,192,,,,2,5,60000,10,100000,30.2,https://www.hyundaiusa.com/us/en/vehicles/sonata
Hyundai,Sonata,Limited Hybrid,2026,no,Sedan,4,5,FWD,Hybrid,38100,1245,39345,44,51,47,,,104.4,46.1,34.8,40.0,no,,,,,,4.0,192,,,,4,5,60000,10,100000,30.2,https://www.hyundaiusa.com/us/en/vehicles/sonata
Hyundai,Venue,SE,2026,no,SUV,4,5,FWD,Gas,20550,1600,22150,29,33,31,,4,110.6,41.3,34.3,38.4,no,,18.7,31.9,,,,121,113,,,0,5,60000,10,100000,11.8,https://www.hyundaiusa.com/us/en/vehicles/venue
Hyundai,Venue,SEL,2026,no,SUV,4,5,FWD,Gas,22825,1600,24425,29,33,31,,4,110.6,41.3,34.3,38.4,no,,18.7,31.9,,,,121,113,,,2,5,60000,10,100000,11.8,https://www.hyundaiusa.com/us/en/vehicles/venue
Hyundai,Kona,SE,2026,no,SUV,4,5,FWD,Gas,25350,1600,26950,29,34,31,,4,,41.7,38.2,39.9,no,,25.5,63.7,,,,147,132,,,1,5,60000,10,100000,18.4,https://www.hyundaiusa.com/us/en/vehicles/kona
Hyundai,Kona,SEL Sport,2026,no,SUV,4,5,FWD,Gas,26675,1600,28275,29,34,31,,4,,41.7,38.2,39.9,no,,25.5,63.7,,,,147,132,,,2,5,60000,10,100000,18.4,https://www.hyundaiusa.com/us/en/vehicles/kona
Hyundai,Kona,SEL Premium,2026,no,SUV,4,5,FWD,Gas,28275,1600,29875,26,31,28,,4,,41.7,38.2,39.9,no,,25.5,63.7,,,,190,195,,,2,5,60000,10,100000,18.4,https://www.hyundaiusa.com/us/en/vehicles/kona
Hyundai,Kona,Limited,2026,no,SUV,4,5,FWD,Gas,32650,1600,34250,26,31,28,,4,,41.7,38.2,39.9,no,,25.5,63.7,,,,190,195,,,4,5,60000,10,100000,18.4,https://www.hyundaiusa.com/us/en/vehicles/kona
Hyundai,Kona Electric,SE,2026,no,SUV,4,5,FWD,EV,,,,,,,200,,,41.7,38.2,39.9,no,,,,,,,133,188,,,1,5,60000,10,100000,45.5,https://www.hyundaiusa.com/us/en/vehicles/kona-electric
Hyundai,Santa Cruz,SE,2026,no,Pickup,4,5,FWD,Gas,29750,1600,31350,22,30,25,443,,102,41.4,36.5,40.2 f / 39.6 r,no,,27.0,,3500,1411,,191,181,,,1,5,60000,10,100000,12.1,https://www.hyundaiusa.com/us/en/vehicles/santa-cruz/se
Hyundai,Santa Cruz,SEL,2026,no,Pickup,4,5,FWD,Gas,31400,1600,33000,22,30,25,443,,102,41.4,36.5,40.2 f / 39.6 r,no,,27.0,,3500,,,191,181,,,1,5,60000,10,100000,14.4,https://www.hyundaiusa.com/us/en/vehicles/santa-cruz/sel
Hyundai,Santa Cruz,SEL Activity,2026,no,Pickup,4,5,FWD,Gas,34450,1600,36050,22,30,25,443,,102,41.4,36.5,40.2 f / 39.6 r,no,,27.0,,3500,,,191,181,,,2,5,60000,10,100000,,https://www.hyundaiusa.com/us/en/vehicles/santa-cruz/sel-activity
Hyundai,Santa Cruz,XRT,2026,yes,Pickup,4,5,AWD,Gas,41350,1600,42950,18,25,20,354,,102,41.4,36.5,40.2 f / 39.6 r,no,,27.0,,5000,,,281,311,,,4,5,60000,10,100000,,https://www.hyundaiusa.com/us/en/vehicles/santa-cruz/xrt
Hyundai,Santa Cruz,Limited,2026,no,Pickup,4,5,AWD,Gas,43700,1600,45300,18,25,20,354,,102,41.4,36.5,40.2 f / 39.6 r,no,,27.0,,5000,,,281,311,,,4,5,60000,10,100000,,https://www.hyundaiusa.com/us/en/vehicles/santa-cruz/limited
Hyundai,Santa Fe,SE,2026,no,SUV,4,7,FWD,Gas,35050,1600,36650,20,29,24,425,,151.0,44.4,42.3,41.1 f / 40.6 2nd / 37.7 3rd,yes,30.0,14.6,79.6,3500,,"4.0/5.0 (RepairPal, rank 2 of 26 midsize SUVs)",277,311,,,1,5,60000,10,100000,,https://www.hyundaiusa.com/us/en/vehicles/santa-fe/se
Hyundai,Santa Fe,SEL,2026,no,SUV,4,7,FWD,Gas,37590,1600,39190,20,29,24,425,,151.0,44.4,42.3,41.1 f / 40.6 2nd / 37.7 3rd,yes,30.0,14.6,79.6,3500,,"4.0/5.0 (RepairPal, rank 2 of 26 midsize SUVs)",277,311,,,2,5,60000,10,100000,,https://www.hyundaiusa.com/us/en/vehicles/santa-fe/sel
Hyundai,Santa Fe,XRT,2026,yes,SUV,4,7,AWD,Gas,42040,1600,43640,19,26,22,389,,151.0,44.4,42.3,41.1 f / 40.6 2nd / 37.7 3rd,yes,30.0,14.6,79.6,4500,,"4.0/5.0 (RepairPal, rank 2 of 26 midsize SUVs)",277,311,,,2,5,60000,10,100000,,https://www.hyundaiusa.com/us/en/vehicles/santa-fe/xrt
Hyundai,Santa Fe,Limited,2026,no,SUV,4,7,FWD,Gas,44600,1600,46200,20,29,24,425,,151.0,44.4,42.3,41.1 f / 40.6 2nd / 37.7 3rd,yes,30.0,14.6,79.6,3500,,"4.0/5.0 (RepairPal, rank 2 of 26 midsize SUVs)",277,311,,,4,5,60000,10,100000,,https://www.hyundaiusa.com/us/en/vehicles/santa-fe/limited
Hyundai,Santa Fe,Calligraphy,2026,no,SUV,4,6,FWD,Gas,47600,1600,49200,20,29,24,425,,151.0,44.4,42.3,41.1 f / 40.6 2nd / 37.7 3rd,yes,30.0,14.6,79.6,3500,,"4.0/5.0 (RepairPal, rank 2 of 26 midsize SUVs)",277,311,,,5,5,60000,10,100000,,https://www.hyundaiusa.com/us/en/vehicles/santa-fe/calligraphy
Hyundai,Santa Fe,SE,2026,no,SUV,4,7,FWD,Hybrid,36400,1600,38000,37,36,36,637,,151.0,44.4,42.3,41.1 f / 40.6 2nd / 37.7 3rd,yes,30.0,14.6,79.6,2000,,"4.0/5.0 (RepairPal, rank 2 of 26 midsize SUVs)",231,271,,,1,5,60000,10,100000,,https://www.hyundaiusa.com/us/en/vehicles/santa-fe-hybrid/se
Hyundai,Santa Fe,SEL,2026,no,SUV,4,7,FWD,Hybrid,38690,1600,40290,37,36,36,637,,151.0,44.4,42.3,41.1 f / 40.6 2nd / 37.7 3rd,yes,30.0,14.6,79.6,2000,,"4.0/5.0 (RepairPal, rank 2 of 26 midsize SUVs)",231,271,,,2,5,60000,10,100000,,https://www.hyundaiusa.com/us/en/vehicles/santa-fe-hybrid/sel
Hyundai,Santa Fe,Limited,2026,no,SUV,4,7,FWD,Hybrid,45700,1600,47300,37,36,36,637,,151.0,44.4,42.3,41.1 f / 40.6 2nd / 37.7 3rd,yes,30.0,14.6,79.6,2000,,"4.0/5.0 (RepairPal, rank 2 of 26 midsize SUVs)",231,271,,,4,5,60000,10,100000,,https://www.hyundaiusa.com/us/en/vehicles/santa-fe-hybrid/limited
Hyundai,Santa Fe,Calligraphy,2026,no,SUV,4,6,FWD,Hybrid,48700,1600,50300,37,36,36,637,,151.0,44.4,42.3,41.1 f / 40.6 2nd / 37.7 3rd,yes,30.0,14.6,79.6,2000,,"4.0/5.0 (RepairPal, rank 2 of 26 midsize SUVs)",231,271,,,5,5,60000,10,100000,,https://www.hyundaiusa.com/us/en/vehicles/santa-fe-hybrid/calligraphy
Hyundai,Palisade,SE,2027,no,SUV,4,8,FWD,Gas,39735,1600,41335,19,25,21,399,,160.0,44.2,43.0,41.5 f / 40.7 2nd / 37.8 3rd,yes,32.1,19.1,86.7,5000,,,287,260,,,1,5,60000,10,100000,,https://www.hyundaiusa.com/us/en/vehicles/palisade/se
Hyundai,Palisade,SEL,2027,no,SUV,4,8,FWD,Gas,42240,1600,43840,19,25,21,399,,160.0,44.2,43.0,41.5 f / 40.7 2nd / 37.8 3rd,yes,32.1,19.1,86.7,5000,,,287,260,,,3,5,60000,10,100000,,https://www.hyundaiusa.com/us/en/vehicles/palisade/sel
Hyundai,Palisade,SEL Premium,2027,no,SUV,4,8,FWD,Gas,45600,1600,47200,19,25,21,399,,160.0,44.2,43.0,41.5 f / 40.7 2nd / 37.8 3rd,yes,32.1,19.1,86.7,5000,,,287,260,,,4,5,60000,10,100000,,https://www.hyundaiusa.com/us/en/vehicles/palisade/sel-premium
Hyundai,Palisade,Limited,2027,no,SUV,4,7,FWD,Gas,50070,1600,51670,19,25,21,399,,160.0,44.2,43.0,41.5 f / 40.7 2nd / 37.8 3rd,yes,32.1,19.1,86.7,5000,,,287,260,,,4,5,60000,10,100000,,https://www.hyundaiusa.com/us/en/vehicles/palisade/limited
Hyundai,Palisade,XRT PRO,2027,yes,SUV,4,7,AWD,Gas,50170,1600,51770,16,22,19,361,,160.0,44.2,43.0,41.5 f / 40.7 2nd / 37.8 3rd,yes,32.1,19.1,86.7,5000,,,287,260,,,4,5,60000,10,100000,,https://www.hyundaiusa.com/us/en/vehicles/palisade/xrt-pro
Hyundai,Palisade,Calligraphy,2027,no,SUV,4,7,FWD,Gas,54860,1600,56460,19,25,21,399,,160.0,44.2,43.0,41.5 f / 40.7 2nd / 37.8 3rd,yes,32.1,19.1,86.7,5000,,,287,260,,,5,5,60000,10,100000,,https://www.hyundaiusa.com/us/en/vehicles/palisade/calligraphy
Hyundai,Palisade,SEL,2027,no,SUV,4,8,FWD,Hybrid,44560,1600,46160,33,35,34,646,,160.0,44.2,41.4,41.5 f / 40.7 2nd / 37.8 3rd,yes,32.1,19.1,86.7,4000,,,329,339,,,3,5,60000,10,100000,,https://www.hyundaiusa.com/us/en/vehicles/palisade-hybrid/sel
Hyundai,Palisade,SEL Premium,2027,no,SUV,4,8,FWD,Hybrid,47920,1600,49520,33,35,34,646,,160.0,44.2,41.4,41.5 f / 40.7 2nd / 37.8 3rd,yes,32.1,19.1,86.7,4000,,,329,339,,,4,5,60000,10,100000,,https://www.hyundaiusa.com/us/en/vehicles/palisade-hybrid/sel-premium
Hyundai,Palisade,Limited,2027,no,SUV,4,7,FWD,Hybrid,52390,1600,53990,31,32,31,589,,160.0,44.2,41.4,41.5 f / 40.7 2nd / 37.8 3rd,yes,32.1,19.1,86.7,4000,,,329,339,,,4,5,60000,10,100000,,https://www.hyundaiusa.com/us/en/vehicles/palisade-hybrid/limited
Hyundai,Palisade,Calligraphy,2027,no,SUV,4,7,FWD,Hybrid,57180,1600,58780,31,32,31,589,,160.0,44.2,41.4,41.5 f / 40.7 2nd / 37.8 3rd,yes,32.1,19.1,86.7,4000,,,329,339,,,5,5,60000,10,100000,,https://www.hyundaiusa.com/us/en/vehicles/palisade-hybrid/calligraphy
Hyundai,Palisade,Calligraphy Black Ink,2027,no,SUV,4,7,FWD,Hybrid,57680,1600,59280,31,32,31,589,,160.0,44.2,41.4,41.5 f / 40.7 2nd / 37.8 3rd,yes,32.1,19.1,86.7,4000,,,329,339,,,5,5,60000,10,100000,,https://www.hyundaiusa.com/us/en/vehicles/palisade-hybrid/calligraphy-black-ink
Hyundai,Ioniq 5,SE Standard Range,2026,no,SUV,4,5,RWD,EV,35000,1600,36600,131,100,115,245,,106.5,41.7,39.4,39.8 f / 38.7 r,no,,26.3,59.4,,,,168,258,,115,2,5,60000,10,100000,40.9,https://www.hyundaiusa.com/us/en/vehicles/ioniq-5/se-standard-range
Hyundai,Ioniq 5,SE,2026,no,SUV,4,5,RWD,EV,37500,1600,39100,129,100,114,318,,106.5,41.7,39.4,39.8 f / 38.7 r,no,,26.3,59.4,,,,225,258,,115,2,5,60000,10,100000,46.2,https://www.hyundaiusa.com/us/en/vehicles/ioniq-5/se
Hyundai,Ioniq 5,SE,2026,no,SUV,4,5,AWD,EV,41000,1600,42600,116,96,106,290,,106.5,41.7,39.4,39.8 f / 38.7 r,no,,26.3,59.4,,,,320,446,,115,2,5,60000,10,100000,50.0,https://www.hyundaiusa.com/us/en/vehicles/ioniq-5/se
Hyundai,Ioniq 5,SEL,2026,no,SUV,4,5,RWD,EV,39800,1600,41400,129,100,114,318,,106.5,41.7,39.4,39.8 f / 38.7 r,no,,26.3,59.4,,,,225,258,,115,3,5,60000,10,100000,42.8,https://www.hyundaiusa.com/us/en/vehicles/ioniq-5/sel
Hyundai,Ioniq 5,SEL,2026,no,SUV,4,5,AWD,EV,43300,1600,44900,116,96,106,290,,106.5,41.7,39.4,39.8 f / 38.7 r,no,,26.3,59.4,,,,320,446,,115,3,5,60000,10,100000,46.7,https://www.hyundaiusa.com/us/en/vehicles/ioniq-5/sel
Hyundai,Ioniq 5,XRT,2026,no,SUV,4,5,AWD,EV,46275,1600,47875,103,85,94,259,,106.5,41.7,39.4,39.8 f / 37.5 r,no,,26.3,59.4,,,,320,446,,115,3,5,60000,10,100000,42.7,https://www.hyundaiusa.com/us/en/vehicles/ioniq-5/xrt
Hyundai,Ioniq 5,Limited,2026,no,SUV,4,5,RWD,EV,45075,1600,46675,129,100,114,318,,106.5,41.7,39.4,39.8 f / 38.7 r,no,,26.3,59.4,,,,225,258,,115,5,5,60000,10,100000,40.7,https://www.hyundaiusa.com/us/en/vehicles/ioniq-5/limited
Hyundai,Ioniq 5,Limited,2026,no,SUV,4,5,AWD,EV,48975,1600,50575,108,88,98,269,,106.5,41.7,39.4,39.8 f / 38.7 r,no,,26.3,59.4,,,,320,446,,115,5,5,60000,10,100000,44.8,https://www.hyundaiusa.com/us/en/vehicles/ioniq-5/limited
Hyundai,Ioniq 5,N,2026,yes,SUV,4,5,AWD,EV,59900,1600,61500,84,72,78,221,,107.0,41.7,39.4,39.8 f / 38.7 r,no,,,,,,,641,568,3.3,162,5,5,60000,10,100000,42.7,https://www.hyundaiusa.com/us/en/vehicles/ioniq-5-n
Hyundai,Ioniq 9,S,2026,no,SUV,4,7,RWD,EV,58955,1600,60555,103,81,92,335,,163.54,41.4,42.8,41.5 f / 41.0 mid / 39.7 r,yes,32,21.9,86.9,3500,,,215,258,,,2,5,60000,10,100000,,https://www.hyundaiusa.com/us/en/vehicles/ioniq-9/s
Hyundai,Ioniq 9,SE,2026,no,SUV,4,7,AWD,EV,62765,1600,64365,98,78,88,320,,163.54,41.4,42.8,41.5 f / 41.0 mid / 39.7 r,yes,32,21.9,86.9,5000,,,303,446,,,2,5,60000,10,100000,,https://www.hyundaiusa.com/us/en/vehicles/ioniq-9/se
Hyundai,Ioniq 9,SEL,2026,no,SUV,4,7,AWD,EV,66320,1600,67920,98,78,88,320,,163.54,41.4,42.8,41.5 f / 41.0 mid / 39.7 r,yes,32,21.9,86.9,5000,,,303,446,,,3,5,60000,10,100000,,https://www.hyundaiusa.com/us/en/vehicles/ioniq-9/sel
Hyundai,Ioniq 9,Performance Limited,2026,no,SUV,4,6,AWD,EV,71250,1600,72850,91,79,85,311,,,41.4,42.8,39.5 f / 39.4 mid / 39.8 r,yes,31,21.9,86.9,5000,,,422,516,4.8,,5,5,60000,10,100000,,https://www.hyundaiusa.com/us/en/vehicles/ioniq-9/limited
Hyundai,Ioniq 9,Performance Calligraphy,2026,no,SUV,4,6,AWD,EV,74990,1600,76590,91,79,85,311,,,41.4,42.8,39.5 f / 39.4 mid / 39.8 r,yes,31,21.9,86.9,5000,,,422,516,4.8,,5,5,60000,10,100000,,https://www.hyundaiusa.com/us/en/vehicles/ioniq-9/calligraphy
Hyundai,Ioniq 9,Performance Calligraphy Design,2026,no,SUV,4,6,AWD,EV,76490,1600,78090,91,79,85,311,,,41.4,42.8,39.5 f / 39.4 mid / 39.8 r,yes,31,21.9,86.9,5000,,,422,516,4.8,,5,5,60000,10,100000,,https://www.hyundaiusa.com/us/en/vehicles/ioniq-9/calligraphy-design
Hyundai,Ioniq 6,N,2026,yes,Sedan,4,5,AWD,EV,,,,,,,245,,,45.4,34.7,40.2 f / 36.7 r,no,,10.74,,,,,641,568,3.2,159,4,5,60000,10,100000,,https://www.hyundaiusa.com/us/en/vehicles/ioniq-6-n
Hyundai,Nexo,Standard,2026,no,SUV,4,5,FWD,EV,,,,63,58,60,395,,,,,,no,,35.1,60.7,,,,201,258,,111,,5,60000,10,100000,,https://www.hyundaiusa.com/us/en/vehicles/nexo
Hyundai,Nexo,Blue,2026,no,SUV,4,5,FWD,EV,,,,71,64,68,442,,,,,,no,,35.1,60.7,,,,201,258,,111,,5,60000,10,100000,,https://www.hyundaiusa.com/us/en/vehicles/nexo
Kia,K4,LX,2026,no,Sedan,4,5,FWD,Gas,22290,1245,23535,29,39,33,409,,99,42.3,38.0,39.0,no,,14.6,,,,,147,132,,,1,5,60000,10,100000,,https://www.kia.com/us/en/k4/specs-compare
Kia,K4,LXS,2026,no,Sedan,4,5,FWD,Gas,23390,1245,24635,29,39,33,409,,99,42.3,38.0,39.0,no,,14.6,,,,,147,132,,,1,5,60000,10,100000,,https://www.kia.com/us/en/k4/specs-compare
Kia,K4,EX,2026,no,Sedan,4,5,FWD,Gas,24490,1245,25735,29,39,33,409,,99,42.3,38.0,39.0,no,,14.6,,,,,147,132,,,2,5,60000,10,100000,,https://www.kia.com/us/en/k4/specs-compare
Kia,K4,GT-Line,2026,no,Sedan,4,5,FWD,Gas,25490,1245,26735,29,39,33,409,,99,42.3,38.0,37.1,no,,14.6,,,,,147,132,,,2,5,60000,10,100000,,https://www.kia.com/us/en/k4/specs-compare
Kia,K4,GT-Line Turbo,2026,no,Sedan,4,5,FWD,Gas,28390,1245,29635,26,33,28,347,,99,42.3,38.0,37.1,no,,14.6,,,,,190,195,,,3,5,60000,10,100000,,https://www.kia.com/us/en/k4/specs-compare
Kia,K4 Hatchback,EX,2026,no,Hatchback,4,5,FWD,Gas,24990,1245,26235,28,34,30,372,,,42.3,38.0,39.0,no,,22.2,59.3,,,,147,132,,,3,5,60000,10,100000,,https://www.kia.com/us/en/k4-hatchback
Kia,K4 Hatchback,GT-Line,2026,no,Hatchback,4,5,FWD,Gas,25990,1245,27235,28,34,30,372,,,42.3,38.0,37.2,no,,22.2,59.3,,,,147,132,,,3,5,60000,10,100000,,https://www.kia.com/us/en/k4-hatchback
Kia,K4 Hatchback,GT-Line Turbo,2026,no,Hatchback,4,5,FWD,Gas,28890,1245,30135,26,33,28,347,,,42.3,38.0,37.2,no,,22.2,59.3,,,,190,195,,,3,5,60000,10,100000,,https://www.kia.com/us/en/k4-hatchback
Kia,K5,LXS,2026,no,Sedan,4,5,FWD,Gas,27490,1245,28735,26,37,30,474,,105.3,46.1,35.2,40.2,no,,15.6,,,,,191,181.5,,,1,5,60000,10,100000,,https://www.kia.com/us/en/k5
Kia,K5,GT-Line,2026,no,Sedan,4,5,FWD,Gas,28490,1245,29735,25,36,29,458,,105.3,46.1,35.2,38.4,no,,15.6,,,,,191,181.5,,,3,5,60000,10,100000,,https://www.kia.com/us/en/k5
Kia,K5,GT-Line,2026,no,Sedan,4,5,AWD,Gas,30090,1245,31335,24,33,27,427,,105.3,46.1,35.2,38.4,no,,15.6,,,,,191,181.5,,,3,5,60000,10,100000,,https://www.kia.com/us/en/k5
Kia,K5,GT,2026,yes,Sedan,4,5,FWD,Gas,33590,1245,34835,23,33,27,427,,105.3,46.1,35.2,38.4,no,,15.6,,,,,290,311,,,4,5,60000,10,100000,,https://www.kia.com/us/en/k5
Kia,K5,EX,2026,no,Sedan,4,5,FWD,Gas,34990,1245,36235,25,36,29,458,,105.3,46.1,35.2,38.4,no,,15.6,,,,,191,181.5,,,3,5,60000,10,100000,,https://www.kia.com/us/en/k5
Kia,Seltos,LX,2026,no,SUV,4,5,FWD,Gas,23790,1495,25285,28,34,31,409,5,99.6,41.4,38.0,40.0,no,,26.6,62.8,,,,147,132,,,1,5,60000,10,100000,,https://www.kia.com/us/en/seltos
Kia,Seltos,LX,2026,no,SUV,4,5,AWD,Gas,24990,1495,26485,27,31,29,383,5,99.6,41.4,38.0,40.0,no,,26.6,62.8,,,,147,132,,,1,5,60000,10,100000,,https://www.kia.com/us/en/seltos
Kia,Seltos,S,2026,no,SUV,4,5,FWD,Gas,25490,1495,26985,28,34,31,409,5,99.6,41.4,38.0,40.0,no,,26.6,62.8,,,,147,132,,,1,5,60000,10,100000,,https://www.kia.com/us/en/seltos
Kia,Seltos,S,2026,no,SUV,4,5,AWD,Gas,26990,1495,28485,27,31,29,383,5,99.6,41.4,38.0,40.0,no,,26.6,62.8,,,,147,132,,,1,5,60000,10,100000,,https://www.kia.com/us/en/seltos
Kia,Seltos,EX,2026,no,SUV,4,5,FWD,Gas,26490,1495,27985,28,34,31,409,5,99.6,41.4,38.0,38.5,no,,26.6,62.8,,,,147,132,,,3,5,60000,10,100000,,https://www.kia.com/us/en/seltos
Kia,Seltos,EX,2026,no,SUV,4,5,AWD,Gas,28690,1495,30185,27,31,29,383,5,99.6,41.4,38.0,38.5,no,,26.6,62.8,,,,147,132,,,3,5,60000,10,100000,,https://www.kia.com/us/en/seltos
Kia,Seltos,SX,2026,no,SUV,4,5,AWD,Gas,31490,1495,32985,24,27,25,330,5,99.6,41.4,38.0,38.5,no,,26.6,62.8,,,,190,195,,,4,5,60000,10,100000,,https://www.kia.com/us/en/seltos
Kia,Sportage,LX,2026,no,SUV,4,5,FWD,Gas,28790,1495,30285,25,33,28,400.4,,,41.4,41.3,39.6,no,,39.6,74.1,2500,,"4.0/5.0 (RepairPal, rank 6 of 26 compact SUVs)",187,178,,,2,5,60000,10,100000,,https://www.kia.com/us/en/sportage
Kia,Sportage,EX,2026,no,SUV,4,5,FWD,Gas,30590,1495,32085,25,33,28,400.4,,,41.4,41.3,39.6,no,,39.6,74.1,2500,,"4.0/5.0 (RepairPal, rank 6 of 26 compact SUVs)",187,178,,,3,5,60000,10,100000,,https://www.kia.com/us/en/sportage
Kia,Sportage,X-Line,2026,no,SUV,4,5,AWD,Gas,33090,1495,34585,24,30,26,371.8,,,41.4,41.3,39.6,no,,39.6,74.1,2500,,"4.0/5.0 (RepairPal, rank 6 of 26 compact SUVs)",187,178,,,3,5,60000,10,100000,,https://www.kia.com/us/en/sportage
Kia,Sportage,SX,2026,no,SUV,4,5,FWD,Gas,34390,1495,35885,25,33,28,400.4,,,41.4,41.3,39.6,no,,39.6,74.1,2500,,"4.0/5.0 (RepairPal, rank 6 of 26 compact SUVs)",187,178,,,3,5,60000,10,100000,,https://www.kia.com/us/en/sportage
Kia,Sportage,SX-Prestige,2026,no,SUV,4,5,FWD,Gas,36390,1495,37885,25,33,28,400.4,,,41.4,41.3,39.6,no,,39.6,74.1,2500,,"4.0/5.0 (RepairPal, rank 6 of 26 compact SUVs)",187,178,,,5,5,60000,10,100000,,https://www.kia.com/us/en/sportage
Kia,Sportage,X-Pro Prestige,2026,no,SUV,4,5,AWD,Gas,39690,1495,41185,23,26,24,343.2,,,41.4,41.3,39.6,no,,39.6,74.1,2500,,"4.0/5.0 (RepairPal, rank 6 of 26 compact SUVs)",187,178,,,5,5,60000,10,100000,,https://www.kia.com/us/en/sportage
Kia,Sportage,LX,2026,no,SUV,4,5,FWD,Hybrid,30490,1495,31985,41,44,42,575.4,,,41.4,41.3,39.6,no,,39.6,74.1,2500,,"4.0/5.0 (RepairPal, rank 6 of 26 compact SUVs)",232,271,,,2,5,60000,10,100000,,https://www.kia.com/us/en/sportage-hybrid
Kia,Sportage,S,2026,no,SUV,4,5,AWD,Hybrid,32790,1495,34285,35,36,35,479.5,,,41.4,41.3,39.6,no,,39.6,74.1,2500,,"4.0/5.0 (RepairPal, rank 6 of 26 compact SUVs)",232,271,,,2,5,60000,10,100000,,https://www.kia.com/us/en/sportage-hybrid
Kia,Sportage,EX,2026,no,SUV,4,5,AWD,Hybrid,33790,1495,35285,35,36,35,479.5,,,41.4,41.3,39.6,no,,39.6,74.1,2500,,"4.0/5.0 (RepairPal, rank 6 of 26 compact SUVs)",232,271,,,3,5,60000,10,100000,,https://www.kia.com/us/en/sportage-hybrid
Kia,Sportage,X-Line,2026,no,SUV,4,5,AWD,Hybrid,35690,1495,37185,35,36,35,479.5,,,41.4,41.3,39.6,no,,39.6,74.1,2500,,"4.0/5.0 (RepairPal, rank 6 of 26 compact SUVs)",232,271,,,3,5,60000,10,100000,,https://www.kia.com/us/en/sportage-hybrid
Kia,Sportage,SX-Prestige,2026,no,SUV,4,5,AWD,Hybrid,40590,1495,42085,35,36,35,479.5,,,41.4,41.3,39.6,no,,39.6,74.1,2500,,"4.0/5.0 (RepairPal, rank 6 of 26 compact SUVs)",232,271,,,5,5,60000,10,100000,,https://www.kia.com/us/en/sportage-hybrid
Kia,Sportage,X-Line,2026,no,SUV,4,5,AWD,PHEV,40490,1495,41985,,,36,470,,,41.4,39.5,39.6,no,,34.5,65.5,2000,,"4.0/5.0 (RepairPal, rank 6 of 26 compact SUVs)",268,271,,,5,5,60000,10,100000,,https://www.kia.com/us/en/sportage-plug-in-hybrid
Kia,Sportage,X-Line Prestige,2026,no,SUV,4,5,AWD,PHEV,47190,1495,48685,,,36,470,,,41.4,39.5,39.6,no,,34.5,65.5,2000,,"4.0/5.0 (RepairPal, rank 6 of 26 compact SUVs)",268,271,,,5,5,60000,10,100000,,https://www.kia.com/us/en/sportage-plug-in-hybrid
Kia,Sorento,LX,2026,no,3-row SUV,4,7,FWD,Gas,32390,1495,33885,23,31,26,460.2,,,41.4,41.7,40.3,yes,29.6,12.6,75.5,2000,,"4.0/5.0 (RepairPal, rank 12 of 26 compact SUVs)",191,181,,,1,5,60000,10,100000,,https://www.kia.com/us/en/sorento
Kia,Sorento,S,2026,no,3-row SUV,4,7,FWD,Gas,35290,1495,36785,23,31,26,460.2,,,41.4,41.7,40.3,yes,29.6,12.6,75.5,2000,,"4.0/5.0 (RepairPal, rank 12 of 26 compact SUVs)",191,181,,,2,5,60000,10,100000,,https://www.kia.com/us/en/sorento
Kia,Sorento,EX,2026,no,3-row SUV,4,7,FWD,Gas,38490,1495,39985,20,29,23,407.1,,,41.4,41.7,40.3,yes,29.6,12.6,75.5,3500,,"4.0/5.0 (RepairPal, rank 12 of 26 compact SUVs)",281,311,,,2,5,60000,10,100000,,https://www.kia.com/us/en/sorento
Kia,Sorento,SX,2026,no,3-row SUV,4,6,FWD,Gas,42290,1495,43785,20,29,23,407.1,,,41.4,41.7,40.3,yes,29.6,12.6,75.5,3500,,"4.0/5.0 (RepairPal, rank 12 of 26 compact SUVs)",281,311,,,4,5,60000,10,100000,,https://www.kia.com/us/en/sorento
Kia,Sorento,X-Line EX,2026,no,3-row SUV,4,6,AWD,Gas,42790,1495,44285,20,27,23,407.1,,,41.4,41.7,40.3,yes,29.6,12.6,75.5,3500,,"4.0/5.0 (RepairPal, rank 12 of 26 compact SUVs)",281,311,,,2,5,60000,10,100000,,https://www.kia.com/us/en/sorento
Kia,Sorento,X-Line SX,2026,no,3-row SUV,4,6,AWD,Gas,44090,1495,45585,20,27,23,407.1,,,41.4,41.7,40.3,yes,29.6,12.6,75.5,3500,,"4.0/5.0 (RepairPal, rank 12 of 26 compact SUVs)",281,311,,,4,5,60000,10,100000,,https://www.kia.com/us/en/sorento
Kia,Sorento,X-Line SX Prestige,2026,no,3-row SUV,4,6,AWD,Gas,46790,1495,48285,20,27,23,407.1,,,41.4,41.7,40.3,yes,29.6,12.6,75.5,3500,,"4.0/5.0 (RepairPal, rank 12 of 26 compact SUVs)",281,311,,,4,5,60000,10,100000,,https://www.kia.com/us/en/sorento
Kia,Sorento,X-Pro SX Prestige,2026,no,3-row SUV,4,6,AWD,Gas,47790,1495,49285,20,27,23,407.1,,,41.4,41.7,40.3,yes,29.6,12.6,75.5,4500,,"4.0/5.0 (RepairPal, rank 12 of 26 compact SUVs)",281,311,,,4,5,60000,10,100000,,https://www.kia.com/us/en/sorento
Kia,Sorento,EX,2026,no,3-row SUV,4,7,FWD,Hybrid,38890,1495,40385,37,36,37,654.9,,,41.4,41.7,40.3,yes,29.6,12.6,75.5,,,"4.0/5.0 (RepairPal, rank 12 of 26 compact SUVs)",227,258,,,2,5,60000,10,100000,,https://www.kia.com/us/en/sorento-hybrid
Kia,Sorento,SX Prestige,2026,no,3-row SUV,4,6,AWD,Hybrid,47190,1495,48685,32,35,34,601.8,,,41.4,41.7,40.3,yes,29.6,12.6,75.5,3500,,"4.0/5.0 (RepairPal, rank 12 of 26 compact SUVs)",227,258,,,4,5,60000,10,100000,,https://www.kia.com/us/en/sorento-hybrid
Kia,Sorento,EX,2026,no,3-row SUV,4,7,AWD,PHEV,48290,1495,49785,,,33,440,,,41.4,41.7,40.3,yes,29.6,12.6,75.5,2000,,"4.0/5.0 (RepairPal, rank 12 of 26 compact SUVs)",268,270,,,2,5,60000,10,100000,,https://www.kia.com/us/en/sorento-plug-in-hybrid
Kia,Sorento,SX Prestige,2026,no,3-row SUV,4,6,AWD,PHEV,53490,1495,54985,,,33,440,,,41.4,41.7,40.3,yes,29.6,12.6,75.5,2000,,"4.0/5.0 (RepairPal, rank 12 of 26 compact SUVs)",268,270,,,4,5,60000,10,100000,,https://www.kia.com/us/en/sorento-plug-in-hybrid
Kia,Carnival,LX,2026,no,Minivan,4,7,FWD,Gas,37390,1545,38935,18,25,21,399,,,41.1,40.5,40.9,yes,35.6,40.2,145.1,3500,,,287,260,,,1,5,60000,10,100000,,https://www.kia.com/us/en/carnival-mpv
Kia,Carnival,LXS,2026,no,Minivan,4,8,FWD,Gas,39390,1545,40935,18,25,21,399,,,41.1,40.5,40.9,yes,35.6,40.2,145.1,3500,,,287,260,,,1,5,60000,10,100000,,https://www.kia.com/us/en/carnival-mpv
Kia,Carnival,EX,2026,no,Minivan,4,8,FWD,Gas,41590,1545,43135,18,25,21,399,,,41.1,40.5,40.9,yes,35.6,40.2,145.1,3500,,,287,260,,,4,5,60000,10,100000,,https://www.kia.com/us/en/carnival-mpv
Kia,Carnival,SX,2026,no,Minivan,4,8,FWD,Gas,46490,1545,48035,18,25,21,399,,,41.1,40.5,40.9,yes,35.6,40.2,145.1,3500,,,287,260,,,5,5,60000,10,100000,,https://www.kia.com/us/en/carnival-mpv
Kia,Carnival,SX Prestige,2026,no,Minivan,4,7,FWD,Gas,51490,1545,53035,18,25,21,399,,,41.1,40.5,40.9,yes,35.6,40.2,145.1,3500,,,287,260,,,6,5,60000,10,100000,,https://www.kia.com/us/en/carnival-mpv
Kia,Carnival,LXS,2026,no,Minivan,4,8,FWD,Hybrid,41390,1545,42935,34,31,32,608,,,41.1,40.5,40.9,yes,35.6,40.2,145.1,2500,,,242,271,,,1,5,60000,10,100000,,https://www.kia.com/us/en/carnival-mpv-hybrid
Kia,Carnival,EX,2026,no,Minivan,4,8,FWD,Hybrid,43590,1545,45135,34,31,32,608,,,41.1,40.5,40.9,yes,35.6,40.2,145.1,2500,,,242,271,,,4,5,60000,10,100000,,https://www.kia.com/us/en/carnival-mpv-hybrid
Kia,Carnival,SX,2026,no,Minivan,4,8,FWD,Hybrid,48490,1545,50035,34,31,32,608,,,41.1,40.5,40.9,yes,35.6,40.2,145.1,2500,,,242,271,,,5,5,60000,10,100000,,https://www.kia.com/us/en/carnival-mpv-hybrid
Kia,Carnival,SX Prestige,2026,no,Minivan,4,7,FWD,Hybrid,53490,1545,55035,34,31,32,608,,,41.1,40.5,40.9,yes,35.6,40.2,145.1,2500,,,242,271,,,6,5,60000,10,100000,,https://www.kia.com/us/en/carnival-mpv-hybrid
Kia,EV6,Light,2026,no,SUV,4,5,RWD,EV,37900,1545,39445,,,,237,,127.4,42.4,39.0,39.0,no,,24.4,46.7,,,,167,258,8.3,,3,5,60000,10,100000,,https://www.kia.com/us/en/ev6
Kia,EV6,Light Long Range RWD,2026,no,SUV,4,5,RWD,EV,41200,1545,42745,,,,319,,127.4,42.4,39.0,39.0,no,,24.4,46.7,,,,225,258,7.3,,3,5,60000,10,100000,,https://www.kia.com/us/en/ev6
Kia,EV6,Light Long Range AWD,2026,no,SUV,4,5,AWD,EV,45200,1545,46745,,,,295,,127.4,42.4,39.0,39.0,no,,24.4,46.7,,,,320,446,5.0,,3,5,60000,10,100000,,https://www.kia.com/us/en/ev6
Kia,EV6,Wind RWD,2026,no,SUV,4,5,RWD,EV,44800,1545,46345,,,,319,,127.4,42.4,39.0,39.0,no,,24.4,46.7,,,,225,258,7.3,,4,5,60000,10,100000,,https://www.kia.com/us/en/ev6
Kia,EV6,Wind AWD,2026,no,SUV,4,5,AWD,EV,48800,1545,50345,,,,295,,127.4,42.4,39.0,39.0,no,,24.4,46.7,,,,320,446,5.0,,4,5,60000,10,100000,,https://www.kia.com/us/en/ev6
Kia,EV6,GT-Line RWD,2026,no,SUV,4,5,RWD,EV,48700,1545,50245,,,,319,,127.4,42.4,39.0,36.8,no,,24.4,46.7,,,,225,258,7.3,,6,5,60000,10,100000,,https://www.kia.com/us/en/ev6
Kia,EV6,GT-Line AWD,2026,no,SUV,4,5,AWD,EV,53000,1545,54545,,,,270,,127.4,42.4,39.0,36.8,no,,24.4,46.7,,,,320,446,5.0,,6,5,60000,10,100000,,https://www.kia.com/us/en/ev6
Kia,EV9,Light,2026,no,SUV,4,7,RWD,EV,54900,1645,56545,,,,230,,182.2,41.4,42.8,41.2,yes,32.0,23.4,84.9,2000,,,215,258,7.4,,3,5,60000,10,100000,,https://www.kia.com/us/en/ev9
Kia,EV9,Light Long Range,2026,no,SUV,4,7,RWD,EV,57900,1645,59545,,,,305,,182.2,41.4,42.8,39.6,yes,32.0,23.4,84.9,2000,,,201,258,8.5,,3,5,60000,10,100000,,https://www.kia.com/us/en/ev9
Kia,EV9,Wind,2026,no,SUV,4,7,AWD,EV,63900,1645,65545,,,,283,,180.8,41.4,42.8,39.6,yes,32.0,22.0,83.5,3500,,,379,443,4.7,,4,5,60000,10,100000,,https://www.kia.com/us/en/ev9
Kia,EV9,Land,2026,no,SUV,4,6,AWD,EV,68900,1645,70545,,,,283,,182.3,41.4,42.8,39.6,yes,32.0,22.0,83.5,5000,,,379,443,4.7,,4,5,60000,10,100000,,https://www.kia.com/us/en/ev9
Kia,EV9,GT-Line,2026,no,SUV,4,6,AWD,EV,71900,1645,73545,,,,280,,182.3,41.4,42.8,39.6,yes,32.0,22.0,83.5,5000,,,379,516,4.7,,6,5,60000,10,100000,,https://www.kia.com/us/en/ev9
Kia,Niro,LX,2026,no,SUV,4,5,FWD,Hybrid,27390,1495,28885,53,54,53,588,,127.9,41.5,39.8,40.5,no,,22.8,63.7,,,,139,195,,,1,5,60000,10,100000,,https://www.kia.com/us/en/niro
Kia,Niro,EX,2026,no,SUV,4,5,FWD,Hybrid,30190,1495,31685,53,54,53,588,,127.9,41.5,39.8,40.5,no,,22.8,63.7,,,,139,195,,,2,5,60000,10,100000,,https://www.kia.com/us/en/niro
Kia,Niro,SX,2026,no,SUV,4,5,FWD,Hybrid,33390,1495,34885,53,54,53,588,,127.9,41.5,39.8,40.5,no,,22.8,63.7,,,,139,195,,,2,5,60000,10,100000,,https://www.kia.com/us/en/niro
Kia,Niro,SX Touring,2026,no,SUV,4,5,FWD,Hybrid,35790,1495,37285,53,45,49,543,,127.9,41.5,39.8,40.5,no,,22.8,63.7,,,,139,195,,,2,5,60000,10,100000,,https://www.kia.com/us/en/niro
Kia,Niro EV,Wind,2026,no,SUV,4,5,FWD,EV,39700,1495,41195,,,,253,,99.7,41.5,36.9,40.5,no,,22.8,63.7,,,,201,188,7.1,,2,5,60000,10,100000,,https://www.kia.com/us/en/niro-ev
Kia,Niro EV,Wave,2026,no,SUV,4,5,FWD,EV,44700,1495,46195,,,,253,,99.7,41.5,36.9,40.5,no,,22.8,63.7,,,,201,188,7.1,,3,5,60000,10,100000,,https://www.kia.com/us/en/niro-ev
Chevrolet,Trax,LS,2026,no,subcompact SUV,4,5,FWD,Gas,21700,1795,23495,28,31,29,383,,,41.9,38.7,39.6,no,,25.6,54.1,,,4.0,137,162,,,1,3,36000,5,60000,,https://www.chevrolet.com/suvs/trax
Chevrolet,Trax,1RS,2026,no,subcompact SUV,4,5,FWD,Gas,23200,1795,24995,28,31,29,383,,,41.9,38.7,39.6,no,,25.6,54.1,,,4.0,137,162,,,1,3,36000,5,60000,,https://www.chevrolet.com/suvs/trax
Chevrolet,Trax,LT,2026,no,subcompact SUV,4,5,FWD,Gas,23200,1795,24995,28,31,29,383,,,41.9,38.7,39.6,no,,25.6,54.1,,,4.0,137,162,,,2,3,36000,5,60000,,https://www.chevrolet.com/suvs/trax
Chevrolet,Trax,2RS,2026,no,subcompact SUV,4,5,FWD,Gas,25400,1795,27195,28,31,29,383,,,41.9,38.7,39.6,no,,25.6,54.1,,,4.0,137,162,,,2,3,36000,5,60000,,https://www.chevrolet.com/suvs/trax
Chevrolet,Trax,ACTIV,2026,no,subcompact SUV,4,5,FWD,Gas,25400,1795,27195,28,31,29,383,,,41.9,38.7,39.6,no,,25.6,54.1,,,4.0,137,162,,,2,3,36000,5,60000,,https://www.chevrolet.com/suvs/trax
Chevrolet,Trailblazer,LS,2026,no,subcompact SUV,4,5,FWD,Gas,23300,1795,25095,29,33,31,409,,123.5,40.9,39.0,40.0,no,,25.3,54.4,1000,,,137,162,,,2,3,36000,5,60000,,https://www.chevrolet.com/suvs/trailblazer
Chevrolet,Trailblazer,LT,2026,no,subcompact SUV,4,5,FWD,Gas,24500,1795,26295,29,33,31,409,,123.5,40.9,39.0,40.0,no,,25.3,54.4,1000,,,137,162,,,2,3,36000,5,60000,,https://www.chevrolet.com/suvs/trailblazer
Chevrolet,Trailblazer,ACTIV,2026,no,subcompact SUV,4,5,FWD,Gas,27900,1795,29695,29,33,31,409,,123.5,40.9,39.0,40.0,no,,25.3,54.4,1000,,,155,174,,,2,3,36000,5,60000,,https://www.chevrolet.com/suvs/trailblazer
Chevrolet,Trailblazer,RS,2026,yes,subcompact SUV,4,5,FWD,Gas,27900,1795,29695,29,33,31,409,,123.5,40.9,39.0,40.0,no,,25.3,54.4,1000,,,155,174,,,2,3,36000,5,60000,,https://www.chevrolet.com/suvs/trailblazer
Chevrolet,Equinox,LT,2026,no,compact SUV,4,5,FWD,Gas,28800,1995,30795,26,29,27,400,,,40.9,39.9,40.0,no,,29.8,63.5,800,,3.5,175,184,,,2,3,36000,5,60000,,https://www.chevrolet.com/suvs/previous-year/equinox
Chevrolet,Equinox,RS,2026,yes,compact SUV,4,5,FWD,Gas,33600,1995,35595,26,29,27,400,,,40.9,39.9,40.0,no,,29.8,63.5,800,,3.5,175,184,,,3,3,36000,5,60000,,https://www.chevrolet.com/suvs/previous-year/equinox
Chevrolet,Equinox,ACTIV,2026,no,compact SUV,4,5,FWD,Gas,33600,1995,35595,26,29,27,400,,,40.9,39.9,40.0,no,,29.8,63.5,800,,3.5,175,184,,,3,3,36000,5,60000,,https://www.chevrolet.com/suvs/previous-year/equinox
Chevrolet,Blazer,2LT,2026,no,mid-size SUV,4,5,FWD,Gas,34300,1995,36295,22,29,25,485,,138.3,41.0,39.6,39.8,no,,30.5,64.2,3250,,,228,258,,,1,3,36000,5,60000,,https://www.chevrolet.com/suvs/blazer
Chevrolet,Blazer,3LT,2026,no,mid-size SUV,4,5,FWD,Gas,39700,1995,41695,22,29,25,485,,138.3,41.0,39.6,39.8,no,,30.5,64.2,3250,,,228,258,,,1,3,36000,5,60000,,https://www.chevrolet.com/suvs/blazer
Chevrolet,Blazer,RS,2026,yes,mid-size SUV,4,5,FWD,Gas,43600,1995,45595,22,29,25,485,,138.3,41.0,39.6,39.8,no,,30.5,64.2,3250,,,228,258,,,1,3,36000,5,60000,,https://www.chevrolet.com/suvs/blazer
Chevrolet,Blazer EV,LT,2026,no,mid-size electric SUV,4,5,FWD,EV,44700,1795,46495,,,,312,,,44.2,38.9,40.9,no,,25.5,59.1,1500,,,220,243,,,1,3,36000,5,60000,,https://www.chevrolet.com/electric/blazer-ev
Chevrolet,Blazer EV,RS,2026,no,mid-size electric SUV,4,5,FWD,EV,50500,1795,52295,,,,312,,,44.2,38.9,40.9,no,,25.5,59.1,1500,,,220,243,,,2,3,36000,5,60000,,https://www.chevrolet.com/electric/blazer-ev
Chevrolet,Blazer EV,SS,2026,yes,mid-size electric SUV,4,5,AWD,EV,60700,1795,62495,,,,302,,,44.2,38.9,40.9,no,,25.5,59.1,,,,615,650,3.4,,3,3,36000,5,60000,,https://www.chevrolet.com/electric/blazer-ev
Chevrolet,Colorado,WT,2026,no,mid-size truck,4,5,RWD,Gas,32400,2095,34495,19,24,21,449,,,45.2,34.7,40.3,no,,,,7700,1710,4.0,310,430,,,1,3,36000,5,60000,,https://www.chevrolet.com/trucks/colorado
Chevrolet,Colorado,Custom,2026,no,mid-size truck,4,5,RWD,Gas,33545,2095,35640,19,24,21,449,,,45.2,34.7,40.3,no,,,,7700,1710,4.0,310,430,,,1,3,36000,5,60000,,https://www.chevrolet.com/trucks/colorado
Chevrolet,Colorado,LT,2026,no,mid-size truck,4,5,RWD,Gas,36000,2095,38095,19,24,21,449,,,45.2,34.7,40.3,no,,,,7700,1710,4.0,310,430,,,1,3,36000,5,60000,,https://www.chevrolet.com/trucks/colorado
Chevrolet,Colorado,Trail Boss,2026,yes,mid-size truck,4,5,4WD,Gas,40500,2095,42595,17,22,19,407,,,45.2,34.7,40.3,no,,,,7700,1570,4.0,310,430,,,1,3,36000,5,60000,,https://www.chevrolet.com/trucks/colorado
Chevrolet,Colorado,Z71,2026,yes,mid-size truck,4,5,4WD,Gas,44600,2095,46695,17,22,19,407,,,45.2,34.7,40.3,no,,,,7700,1590,4.0,310,430,,,1,3,36000,5,60000,,https://www.chevrolet.com/trucks/colorado
Chevrolet,Colorado,ZR2,2026,yes,mid-size truck,4,5,4WD,Gas,50700,2095,52795,17,22,19,407,,,45.2,34.7,40.3,no,,,,6000,1310,4.0,310,430,,,1,3,36000,5,60000,,https://www.chevrolet.com/trucks/colorado
Chevrolet,Colorado,ZR2 Bison,2026,yes,mid-size truck,4,5,4WD,Gas,62200,2095,64295,17,22,19,407,,,45.2,34.7,40.3,no,,,,5500,1151,4.0,310,430,,,1,3,36000,5,60000,,https://www.chevrolet.com/trucks/colorado
Chevrolet,Tahoe,LS,2026,no,3-row SUV,4,8,RWD,Gas,60700,2795,63495,15,20,17,408.0,,,44.5,42.0,42.3,yes,34.9,25.5,122.7,8400,1746,3.5,355,383,,,3,3,36000,5,60000,,https://www.chevrolet.com/suvs/tahoe
Chevrolet,Tahoe,LT,2026,no,3-row SUV,4,8,RWD,Gas,63700,2795,66495,15,20,17,408.0,,,44.5,42.0,42.3,yes,34.9,25.5,122.7,8400,1746,3.5,355,383,,,3,3,36000,5,60000,,https://www.chevrolet.com/suvs/tahoe
Chevrolet,Tahoe,RST,2026,no,3-row SUV,4,8,RWD,Gas,68700,2795,71495,15,20,17,408.0,,,44.5,42.0,42.3,yes,34.9,25.5,122.7,8400,1746,3.5,355,383,,,3,3,36000,5,60000,,https://www.chevrolet.com/suvs/tahoe
Chevrolet,Tahoe,Z71,2026,yes,3-row SUV,4,8,4WD,Gas,70700,2795,73495,15,19,17,408.0,,,44.5,42.0,42.3,yes,34.9,25.5,122.7,8400,1746,3.5,355,383,,,3,3,36000,5,60000,,https://www.chevrolet.com/suvs/tahoe
Chevrolet,Tahoe,Premier,2026,no,3-row SUV,4,7,RWD,Gas,75600,2795,78395,15,20,17,408.0,,,44.5,42.0,42.3,yes,34.9,25.5,122.7,8400,1746,3.5,355,383,,,3,3,36000,5,60000,,https://www.chevrolet.com/suvs/tahoe
Chevrolet,Tahoe,High Country,2026,no,3-row SUV,4,7,RWD,Gas,80700,2795,83495,15,20,17,408.0,,,44.5,42.0,42.3,yes,34.9,25.5,122.7,8400,1720,3.5,420,460,,,3,3,36000,5,60000,,https://www.chevrolet.com/suvs/tahoe
Chevrolet,Suburban,LS,2026,no,3-row SUV,4,8,RWD,Gas,63700,2795,66495,15,20,17,476.0,,,44.5,42.0,42.3,yes,36.7,41.5,144.5,8200,1696,3.0,355,383,,,3,3,36000,5,60000,,https://www.chevrolet.com/suvs/suburban
Chevrolet,Suburban,LT,2026,no,3-row SUV,4,8,RWD,Gas,66700,2795,69495,15,20,17,476.0,,,44.5,42.0,42.3,yes,36.7,41.5,144.5,8200,1696,3.0,355,383,,,3,3,36000,5,60000,,https://www.chevrolet.com/suvs/suburban
Chevrolet,Suburban,RST,2026,no,3-row SUV,4,8,RWD,Gas,71700,2795,74495,15,20,17,476.0,,,44.5,42.0,42.3,yes,36.7,41.5,144.5,8200,1696,3.0,355,383,,,3,3,36000,5,60000,,https://www.chevrolet.com/suvs/suburban
Chevrolet,Suburban,Z71,2026,yes,3-row SUV,4,8,4WD,Gas,73700,2795,76495,14,19,16,448.0,,,44.5,42.0,42.3,yes,36.7,41.5,144.5,8200,1759,3.0,355,383,,,3,3,36000,5,60000,,https://www.chevrolet.com/suvs/suburban
Chevrolet,Suburban,Premier,2026,no,3-row SUV,4,7,RWD,Gas,78600,2795,81395,15,20,17,476.0,,,44.5,42.0,42.3,yes,36.7,41.5,144.5,8200,1696,3.0,355,383,,,3,3,36000,5,60000,,https://www.chevrolet.com/suvs/suburban
Chevrolet,Suburban,High Country,2026,no,3-row SUV,4,7,RWD,Gas,83700,2795,86495,15,20,17,476.0,,,44.5,42.0,42.3,yes,36.7,41.5,144.5,8000,1696,3.0,420,460,,,3,3,36000,5,60000,,https://www.chevrolet.com/suvs/suburban
Chevrolet,Silverado HD,WT,2026,no,heavy-duty truck,4,6,RWD,Gas,45900,2795,48695,,,,,,,44.5,43.4,43.0,no,,,,18700,3900,3.0,401,464,,,1,3,36000,5,60000,,https://www.chevrolet.com/trucks/silverado/2500hd-3500hd
Chevrolet,Silverado HD,Custom,2026,no,heavy-duty truck,4,6,RWD,Gas,49200,2795,51995,,,,,,,44.5,43.4,43.0,no,,,,18700,3900,3.0,401,464,,,1,3,36000,5,60000,,https://www.chevrolet.com/trucks/silverado/2500hd-3500hd
Chevrolet,Silverado HD,LT,2026,no,heavy-duty truck,4,6,RWD,Gas,52600,2795,55395,,,,,,,44.5,43.4,43.0,no,,,,18700,3900,3.0,401,464,,,2,3,36000,5,60000,,https://www.chevrolet.com/trucks/silverado/2500hd-3500hd
Chevrolet,Silverado HD,LTZ,2026,no,heavy-duty truck,4,5,RWD,Gas,63300,2795,66095,,,,,,,44.5,43.4,43.0,no,,,,18700,3900,3.0,401,464,,,2,3,36000,5,60000,,https://www.chevrolet.com/trucks/silverado/2500hd-3500hd
Chevrolet,Silverado HD,High Country,2026,no,heavy-duty truck,4,5,4WD,Gas,70900,2795,73695,,,,,,,44.5,43.4,43.0,no,,,,18700,3900,3.0,401,464,,,3,3,36000,5,60000,,https://www.chevrolet.com/trucks/silverado/2500hd-3500hd
Chevrolet,Silverado HD,ZR2,2026,yes,heavy-duty truck,4,5,4WD,Gas,73200,2795,75995,,,,,,,44.5,43.4,43.0,no,,,,18700,3900,3.0,401,464,,,2,3,36000,5,60000,,https://www.chevrolet.com/trucks/silverado/2500hd-3500hd
Chevrolet,Silverado EV,WT,2026,no,full-size electric truck,4,5,AWD,EV,52800,2595,55395,,,,283,,,44.9,44.4,41.9,no,,,,8500,2350,,510,490,,,3,3,36000,8,100000,,https://www.chevrolet.com/electric/silverado-ev
Chevrolet,Silverado EV,LT,2026,no,full-size electric truck,4,5,AWD,EV,60900,2595,63495,,,,283,,,44.9,44.4,41.9,no,,,,8500,2350,,510,580,,,3,3,36000,8,100000,,https://www.chevrolet.com/electric/silverado-ev
Chevrolet,Silverado EV,Trail Boss,2026,yes,full-size electric truck,4,5,AWD,EV,70000,2595,72595,,,,410,,,44.9,44.4,41.9,no,,,,12500,1700,,625,775,,,3,3,36000,8,100000,,https://www.chevrolet.com/electric/silverado-ev
Chevrolet,Silverado EV,RST,2026,no,full-size electric truck,4,5,AWD,EV,97350,2595,99945,,,,410,,,44.9,44.4,41.9,no,,,,,,,645,785,,,3,3,36000,8,100000,,https://www.chevrolet.com/electric/silverado-ev
Chevrolet,Bolt EV,LT,2027,no,compact electric hatchback,5,5,FWD,EV,27600,1395,28995,,,,262,,,44.3,39.1,40.0,no,,16.2,56.3,,,,210,169,,,1,3,36000,8,100000,,https://www.chevrolet.com/electric/bolt-ev
Chevrolet,Bolt EV,RS,2027,no,compact electric hatchback,5,5,FWD,EV,31600,1395,32995,,,,262,,,44.3,39.1,40.0,no,,16.2,56.3,,,,210,169,,,1,3,36000,8,100000,,https://www.chevrolet.com/electric/bolt-ev
Chevrolet,Corvette,Stingray,2026,no,sports car,2,2,RWD,Gas,70000,2495,72495,16,25,19,,,,,,,no,,,,,,3.0,490,465,2.9,194,2,3,36000,5,60000,,https://www.chevrolet.com/performance/previous-year/corvette/stingray
Chevrolet,Corvette,E-Ray,2026,yes,sports car,2,2,AWD,Gas,108600,2495,111095,16,24,19,,,,,,,no,,,,,,3.0,655,,,,2,3,36000,5,60000,,https://www.chevrolet.com/performance/previous-year/corvette/e-ray
Chevrolet,Corvette,Z06,2026,yes,sports car,2,2,RWD,Gas,117700,2495,120195,12,21,15,,,,,,,no,,,,,,3.0,670,460,2.6,,2,3,36000,5,60000,,https://www.chevrolet.com/performance/previous-year/corvette/z06
Chevrolet,Corvette,ZR1,2026,yes,sports car,2,2,RWD,Gas,182000,2495,184495,12,18,14,,,,,,,no,,,,,,3.0,1064,828,2.3,233,2,3,36000,5,60000,,https://www.chevrolet.com/performance/previous-year/corvette/zr1
Chevrolet,Corvette,ZR1X,2026,yes,sports car,2,2,AWD,Gas,207100,2495,209595,,,,,,,,,,no,,,,,,3.0,1250,,1.89,,2,3,36000,5,60000,,https://www.chevrolet.com/performance/previous-year/corvette/zr1x
Ford,Escape,Active,2026,no,SUV,4,5,FWD,Gas,30350,1495,31845,27,34,30,,5,104,42.4,40.7,40.0,no,,37.5,65.4,,,4.0,180,199,7.4,,1,3,36000,5,60000,,https://www.ford.com/suvs-crossovers/escape/
Ford,Escape,ST-Line,2026,no,SUV,4,5,FWD,Gas,31195,1495,32690,27,34,30,,5,104,42.4,40.7,40.0,no,,37.5,65.4,,,4.0,180,199,7.4,,1,3,36000,5,60000,,https://www.ford.com/suvs-crossovers/escape/
Ford,Escape,ST-Line Select,2026,no,SUV,4,5,AWD,Gas,35015,1495,36510,23,31,,,5,104,42.4,40.7,40.0,no,,37.5,65.4,,,4.0,250,280,5.7,,1,3,36000,5,60000,,https://www.ford.com/suvs-crossovers/escape/
Ford,Escape,ST-Line Select Hybrid,2026,no,SUV,4,5,AWD,Hybrid,33890,1495,35385,42,36,39,,5,104,42.4,40.7,40.0,no,,37.5,65.4,,,4.0,192,,7.3,,1,3,36000,5,60000,,https://www.ford.com/suvs-crossovers/escape/
Ford,Escape,ST-Line Elite,2026,no,SUV,4,5,AWD,Gas,38935,1495,40430,23,31,,,5,104,42.4,40.7,40.0,no,,37.5,65.4,,,4.0,250,280,5.7,,3,3,36000,5,60000,,https://www.ford.com/suvs-crossovers/escape/
Ford,Escape,ST-Line Elite Hybrid,2026,no,SUV,4,5,AWD,Hybrid,37210,1495,38705,42,36,39,,5,104,42.4,40.7,40.0,no,,37.5,65.4,,,4.0,192,,7.3,,3,3,36000,5,60000,,https://www.ford.com/suvs-crossovers/escape/
Ford,Escape,Platinum,2026,no,SUV,4,5,AWD,Gas,37940,1495,39435,23,31,,,5,104,42.4,40.7,40.0,no,,37.5,65.4,,,4.0,250,280,5.7,,3,3,36000,5,60000,,https://www.ford.com/suvs-crossovers/escape/
Ford,Escape,Platinum Hybrid,2026,no,SUV,4,5,AWD,Hybrid,36215,1495,37710,42,36,39,,5,104,42.4,40.7,40.0,no,,37.5,65.4,,,4.0,192,,7.3,,3,3,36000,5,60000,,https://www.ford.com/suvs-crossovers/escape/
Ford,Escape,Plug-In Hybrid,2026,no,SUV,4,5,FWD,PHEV,35400,1495,36895,,,40,,5,104,42.4,40.7,40.0,no,,37.5,65.4,,,4.0,210,,,,1,3,36000,5,60000,,https://www.ford.com/suvs-crossovers/escape/
Ford,Bronco Sport,Big Bend,2026,no,SUV,4,5,AWD,Gas,31845,1995,33840,25,30,,,5,,42.4,36.9,41.5,no,,32.5,65.2,2200,,,181,190,,,2,3,36000,5,60000,,https://www.ford.com/suvs/bronco-sport/models/big-bend/
Ford,Bronco Sport,Heritage,2026,no,SUV,4,5,AWD,Gas,34145,1995,36140,25,30,,,5,,42.4,36.9,41.5,no,,32.5,65.2,2200,,,181,190,,,2,3,36000,5,60000,,https://www.ford.com/suvs/bronco-sport/models/heritage/
Ford,Bronco Sport,Outer Banks,2026,no,SUV,4,5,AWD,Gas,36945,1995,38940,25,30,,,5,,42.4,36.9,41.5,no,,32.5,65.2,2200,,,181,190,,,2,3,36000,5,60000,,https://www.ford.com/suvs/bronco-sport/models/outer-banks/
Ford,Bronco Sport,Badlands,2026,yes,SUV,4,5,AWD,Gas,40265,1995,42260,21,28,,,5,,42.4,36.9,41.5,no,,32.5,65.2,2700,,,250,277,,,3,3,36000,5,60000,,https://www.ford.com/suvs/bronco-sport/models/badlands/
Ford,Bronco,Base,2026,no,SUV,4,5,4WD,Gas,40495,1995,42490,18,22,,,,,43.1,36.3,43.3,no,,38.3,83.0,3500,,,300,325,,,2,3,36000,5,60000,,https://www.ford.com/suvs/bronco/models/base/
Ford,Bronco,Big Bend,2026,no,SUV,4,5,4WD,Gas,40995,1995,42990,18,22,,,,,43.1,36.3,43.3,no,,38.3,83.0,3500,,,300,325,,,2,3,36000,5,60000,,https://www.ford.com/suvs/bronco/models/big-bend/
Ford,Bronco,Outer Banks,2026,no,SUV,4,5,4WD,Gas,48090,1995,50085,18,22,,,,,43.1,36.3,43.3,no,,38.3,83.0,3500,,,300,325,,,2,3,36000,5,60000,,https://www.ford.com/suvs/bronco/models/outer-banks/
Ford,Bronco,Badlands,2026,yes,SUV,4,5,4WD,Gas,48890,1995,50885,18,22,,,,,43.1,36.3,43.3,no,,38.3,83.0,3500,,,300,325,,,2,3,36000,5,60000,,https://www.ford.com/suvs/bronco/models/badlands/
Ford,Bronco,Heritage Edition,2026,no,SUV,4,5,4WD,Gas,51625,1995,53620,18,22,,,,,43.1,36.3,43.3,no,,38.3,83.0,3500,,,300,325,,,2,3,36000,5,60000,,https://www.ford.com/suvs/bronco/models/heritage-edition/
Ford,Bronco,Stroppe Edition,2026,yes,SUV,4,5,4WD,Gas,69995,1995,71990,17,17,,,,,43.1,36.3,43.3,no,,38.3,83.0,3500,1141,,330,415,,,3,3,36000,5,60000,,https://www.ford.com/suvs/bronco/models/stroppe-edition/
Ford,Bronco,Raptor,2026,yes,SUV,4,5,4WD,Gas,79995,1995,81990,15,16,,,,,43.1,36.3,43.3,no,,38.3,83.0,4500,1155,,418,440,,,3,3,36000,5,60000,,https://www.ford.com/suvs/bronco/models/raptor/
Ford,Explorer,Active,2026,no,SUV,4,7,RWD,Gas,40260,1695,41955,20,29,24,430,,153,43.0,39.0,40.7,yes,32.2,16.3,85.8,5000,,3.5,300,310,,,2,3,36000,5,60000,,https://www.ford.com/suvs/explorer/2026/models/active/
Ford,Explorer,ST-Line,2026,no,SUV,4,7,RWD,Gas,46950,1695,48645,20,29,24,430,,153,43.0,39.0,40.7,yes,32.2,16.3,85.3,5000,,3.5,300,310,,,3,3,36000,5,60000,,https://www.ford.com/suvs/explorer/2026/models/st-line/
Ford,Explorer,Tremor,2026,yes,SUV,4,6,AWD,Gas,50760,1695,52455,19,23,21,376,,153,43.0,39.0,40.7,yes,32.2,16.3,85.3,5000,,3.5,300,310,,,3,3,36000,5,60000,,https://www.ford.com/suvs/explorer/2026/models/tremor/
Ford,Explorer,Platinum,2026,no,SUV,4,6,RWD,Gas,52760,1695,54455,20,29,24,430,,153,42.9,38.3,38.9,yes,32.2,16.3,85.3,5000,,3.5,300,310,,,4,3,36000,5,60000,,https://www.ford.com/suvs/explorer/2026/models/platinum/
Ford,Explorer,ST,2026,yes,SUV,4,6,RWD,Gas,56700,1695,58395,18,25,21,376,,153,42.9,38.3,40.7,yes,32.2,16.3,85.3,5000,,3.5,385,415,,,4,3,36000,5,60000,,https://www.ford.com/suvs/explorer/2026/models/st/
Ford,Expedition,Active,2026,no,SUV,4,8,RWD,Gas,65495,2595,68090,16,24,19,448,5,175.0,43.9,41.1,41.8,yes,36.5,22.9,108.5,6100,1971,3.0,400,480,,,3,3,36000,5,60000,,https://www.ford.com/suvs/expedition/2026/models/active/
Ford,Expedition,Platinum,2026,no,SUV,4,7,4WD,Gas,77045,2595,79640,15,22,18,425,5,175.0,43.9,41.1,41.8,yes,36.5,22.9,108.5,9600,1957,3.0,400,480,,,4,3,36000,5,60000,,https://www.ford.com/suvs/expedition/2026/models/platinum/
Ford,Expedition,Tremor,2026,yes,SUV,4,7,4WD,Gas,84495,2595,87090,15,22,18,425,5,175.0,43.9,41.1,41.8,yes,36.5,22.9,108.5,9600,1957,3.0,440,510,,,4,3,36000,5,60000,,https://www.ford.com/suvs/expedition/2026/models/tremor/
Ford,Expedition,King Ranch,2026,no,SUV,4,7,4WD,Gas,87155,2595,89750,15,22,18,425,5,175.0,43.9,41.1,41.8,yes,36.5,22.9,108.5,9600,1957,3.0,400,480,,,4,3,36000,5,60000,,https://www.ford.com/suvs/expedition/2026/models/king-ranch/
Ford,Expedition MAX,Active,2026,no,SUV,4,8,RWD,Gas,68495,2595,71090,16,24,19,528,,175.0,43.9,41.1,41.8,yes,36.5,37.4,123.1,6300,1958,3.0,400,480,,,3,3,36000,5,60000,,https://www.ford.com/suvs/expedition/2026/models/max-active/
Ford,Expedition MAX,Platinum,2026,no,SUV,4,7,4WD,Gas,80045,2595,82640,15,22,18,500,,175.0,43.9,41.1,41.8,yes,36.5,37.4,123.1,9000,1956,3.0,400,480,,,4,3,36000,5,60000,,https://www.ford.com/suvs/expedition/2026/models/max-platinum/
Ford,Expedition MAX,King Ranch,2026,no,SUV,4,7,4WD,Gas,90155,2595,92750,15,22,18,500,,175.0,43.9,41.1,41.8,yes,36.5,37.4,123.1,9000,1956,3.0,400,480,,,4,3,36000,5,60000,,https://www.ford.com/suvs/expedition/2026/models/max-king-ranch/
Ford,Ranger,XL,2026,no,mid-size truck,4,5,RWD,Gas,33350,1895,35245,21,25,23,,,98.3,43.2,34.6,41.0,no,,43.5,,7500,1767,4.0,270,310,,,2,3,36000,5,60000,,https://www.ford.com/trucks/ranger/models/xl/
Ford,Ranger,XLT,2026,no,mid-size truck,4,5,RWD,Gas,35875,1895,37770,21,25,23,,,98.3,43.2,34.6,41.0,no,,43.5,,7500,1763,4.0,270,310,,,2,3,36000,5,60000,,https://www.ford.com/trucks/ranger/models/xlt/
Ford,Ranger,Lariat,2026,no,mid-size truck,4,5,RWD,Gas,43755,1895,45650,21,25,23,,,98.3,43.2,34.6,41.0,no,,43.5,,7500,1513,4.0,270,310,,,3,3,36000,5,60000,,https://www.ford.com/trucks/ranger/models/lariat/
Ford,Ranger,Raptor,2026,yes,mid-size truck,4,5,4WD,Gas,57070,1895,58965,16,18,17,,,98.3,43.2,34.6,41.0,no,,43.5,,5510,1373,4.0,405,430,,,4,3,36000,5,60000,,https://www.ford.com/trucks/ranger/models/raptor/
Ford,Super Duty,XL,2026,no,heavy-duty truck,4,6,RWD,Gas,45675,2595,48270,,,,,,,43.9,43.6,40.8,no,,,,17300,3794,2.0,405,445,,,0,3,36000,5,60000,,https://www.ford.com/trucks/superduty/
Ford,Super Duty,XLT,2026,no,heavy-duty truck,4,6,RWD,Gas,48875,2595,51470,,,,,,,43.9,43.6,40.8,no,,,,17300,3794,2.0,405,445,,,0,3,36000,5,60000,,https://www.ford.com/trucks/superduty/
Ford,Super Duty,Lariat,2026,no,heavy-duty truck,4,6,RWD,Gas,62735,2595,65330,,,,,,,43.9,43.6,40.8,no,,,,17300,3794,2.0,405,445,,,1,3,36000,5,60000,,https://www.ford.com/trucks/superduty/
Ford,Super Duty,King Ranch,2026,no,heavy-duty truck,4,6,4WD,Gas,77775,2595,80370,,,,,,,43.9,43.6,40.8,no,,,,18200,4302,2.0,430,485,,,1,3,36000,5,60000,,https://www.ford.com/trucks/superduty/
Ford,Super Duty,Platinum,2026,no,heavy-duty truck,4,6,4WD,Gas,78665,2595,81260,,,,,,,43.9,43.6,40.8,no,,,,18200,4302,2.0,430,485,,,2,3,36000,5,60000,,https://www.ford.com/trucks/superduty/
Ford,Mustang,EcoBoost,2026,no,coupe,2,4,RWD,Gas,32640,1995,34635,22,33,26,416,,82.8,44.5,29.0,37.6,no,,13.3,13.3,,,3.5,315,350,,,2,3,36000,5,60000,,https://www.ford.com/cars/mustang/models/ecoboost/
Ford,Mustang,EcoBoost Premium,2026,no,coupe,2,4,RWD,Gas,36345,1995,38340,22,33,26,416,,82.8,44.5,29.0,37.6,no,,13.3,13.3,,,3.5,315,350,,,3,3,36000,5,60000,,https://www.ford.com/cars/mustang/models/ecoboost/
Ford,Mustang,GT,2026,no,coupe,2,4,RWD,Gas,46560,1995,48555,15,23,18,288,,82.8,44.5,29.0,37.6,no,,13.3,13.3,,,3.5,480,415,4.8,155,2,3,36000,5,60000,,https://www.ford.com/cars/mustang/models/gt/
Ford,Mustang,GT Premium,2026,no,coupe,2,4,RWD,Gas,51080,1995,53075,15,23,18,288,,82.8,44.5,29.0,37.6,no,,13.3,13.3,,,3.5,480,415,4.8,155,3,3,36000,5,60000,,https://www.ford.com/cars/mustang/models/gt/
Ford,Mustang,Dark Horse,2026,yes,coupe,2,4,RWD,Gas,64080,1995,66075,14,22,17,272,,82.8,44.5,29.0,37.6,no,,13.3,13.3,,,3.5,500,418,4.6,166,2,3,36000,5,60000,,https://www.ford.com/cars/mustang/models/dark-horse/
Ford,Transit,150,2026,no,cargo van,4,2,RWD,Gas,46305,2095,48400,,,,,,,,,,no,,246.7,246.7,5300,3716,3.0,275,260,,,2,3,36000,5,60000,,https://www.edmunds.com/ford/transit-cargo-van/2026/
Ford,Transit,250,2026,no,cargo van,4,2,RWD,Gas,47305,2095,49400,,,,,,,,,,no,,246.7,246.7,,4116,3.0,275,260,,,2,3,36000,5,60000,,https://www.edmunds.com/ford/transit-cargo-van/2026/
Ford,Transit,350,2026,no,cargo van,4,2,RWD,Gas,48505,2095,50600,,,,,,,,,,no,,246.7,246.7,,4496,3.0,275,260,,,2,3,36000,5,60000,,https://www.edmunds.com/ford/transit-cargo-van/2026/
Ford,Transit,350 HD,2026,no,cargo van,4,2,RWD,Gas,49905,2095,52000,,,,,,,,,,no,,280.9,280.9,,4843,3.0,275,260,,,2,3,36000,5,60000,,https://www.edmunds.com/ford/transit-cargo-van/2026/
Ford,Transit Passenger Wagon,XL,2026,no,passenger van,4,12,RWD,Gas,57085,2095,59180,,,,,,,,,,yes,,,,,3199,3.0,275,260,,,2,3,36000,5,60000,,https://www.edmunds.com/ford/transit-passenger-van/2026/
Ford,Transit Passenger Wagon,XLT,2026,no,passenger van,4,12,RWD,Gas,60070,2095,62165,,,,,,,,,,yes,,,,,3199,3.0,275,260,,,4,3,36000,5,60000,,https://www.edmunds.com/ford/transit-passenger-van/2026/
Ford,E-Transit,350,2026,no,cargo van,4,2,RWD,EV,51165,2095,53260,,,,159,,,,,,no,,277.7,277.7,,3880,,266,317,,,1,3,36000,5,60000,,https://www.edmunds.com/ford/e-transit-cargo-van/2026/
