make,model,trim,model_year,drivetrain,fuel_type,body_style,exterior_color_options,interior_color_material_options,wheel_options,roof_options,seating_configuration,drivetrain_engine_variants,common_features,package_definitions,sources,discrepancy_notes,confidence_notes
Toyota,Corolla,LE,2026,FWD,Gas,sedan,Celestite | Standalone | $0 |  ;; Blueprint | Standalone | $0 |  ;; Wind Chill Pearl | Standalone | +$475 |  ;; Ice Cap | Standalone | $0 |  ;; Ruby Flare Pearl | Standalone | +$475 |  ;; Classic Silver Metallic | Standalone | $0 |  ;; Midnight Black Metallic | Standalone | $0 |  ;; Underground | Standalone | $0 | ,Light Gray Fabric | Standalone | $0 |  ;; Black Fabric | Standalone | $0 |  ;; Macadamia/Mocha Fabric | Standalone | $0 | ,16-in. steel wheels with full wheel covers | Standard | $0 |  ;; 16-in. alloy wheels | Package-only | included | LE Premium Package,Moonroof/Sunroof | Unavailable |  | ,"5-passenger, 2-row seating; fixed configuration, no seating options offered on this trim (confirmed via Toyota build tool and Edmunds).","2.0L 4-cyl. gas engine, Front-Wheel Drive, Dynamic Shift CVT — single fixed powertrain; no engine or drivetrain choice offered within this trim.","Leather seating | Unavailable |  |  ;; Heated seats | Unavailable |  |  ;; Heated steering wheel | Unavailable |  |  ;; Power liftgate/trunk | Unavailable (sedan has a manually-operated trunk lid, not a liftgate) |  |  ;; Adaptive cruise control | Standard | $0 |  ;; Wireless charging | Package-only | included | LE Premium Package ;; Moonroof | Unavailable |  | ","LE Premium Package | $1,135 | contents: proximity/keyless entry, push-button start, 16-in. alloy wheels, wireless phone charging pad",https://www.toyota.com/configurator/build/step/model/year/2026/series/corolla/model/1852/ ; https://www.toyota.com/configurator/build/step/model/year/2026/series/corolla/ ; https://www.edmunds.com/toyota/corolla/2026/st-402083274/features-specs/ ; https://www.edmunds.com/toyota/corolla/2026/trims/,"Edmunds names this color 'Celestite Gray Metallic'; Toyota's own build tool lists it simply as 'Celestite' (same color, naming variance). Base MSRP $23,125 matches exactly between Toyota and Edmunds; no pricing discrepancies found.","LE Premium Package contents came from Edmunds' trim-comparison page, not from Toyota's own 'See Details' popup (attempts to open that popup were not reliable to complete). Heated steering wheel and power-liftgate availability are not mentioned as available in either source, so both are tagged Unavailable rather than confirmed absent by name. toyota.com > Corolla 2026 vehicle page ('/corolla/2026/') > 'Build Now' > trim-selection grid (toyota.com/configurator/build/step/model/year/2026/series/corolla/) > trim tile 'LE' (internal model id 1852) > Colors/Powertrain/Packages/Accessories summary view"
Toyota,Corolla,SE,2026,FWD,Gas,sedan,Celestite | Standalone | $0 |  ;; Blueprint | Standalone | $0 |  ;; Wind Chill Pearl | Standalone | +$475 |  ;; Ice Cap | Standalone | $0 |  ;; Ruby Flare Pearl | Standalone | +$475 |  ;; Classic Silver Metallic | Standalone | $0 |  ;; Midnight Black Metallic | Standalone | $0 |  ;; Underground | Standalone | $0 |  ;; Blueprint with Midnight Black Metallic roof | Standalone | +$500 |  ;; Wind Chill Pearl with Midnight Black Metallic roof | Standalone | +$975 |  ;; Ice Cap with Midnight Black Metallic roof | Standalone | +$500 |  ;; Ruby Flare Pearl with Midnight Black Metallic roof | Standalone | +$975 |  ;; Classic Silver Metallic with Midnight Black Metallic roof | Standalone | +$500 |  ;; Celestite with Midnight Black Metallic roof | Standalone | +$500 |  ;; Underground with Midnight Black Metallic roof | Standalone | +$500 | ,Black/Red Premium Fabric | Standalone | $0 |  ;; Moonstone Premium Fabric | Standalone | $0 | ,18-in. painted alloy wheels | Standard | $0 | ,Moonroof/Sunroof | Unavailable |  | ,"5-passenger, 2-row seating with sport-bolstered front seats; fixed configuration, no seating options offered on this trim.","2.0L 4-cyl. gas engine, Front-Wheel Drive, Dynamic Shift CVT — single fixed powertrain; no engine or drivetrain choice offered within this trim.","Leather seating | Unavailable (premium fabric/cloth only) |  |  ;; Heated seats | Unavailable |  |  ;; Heated steering wheel | Unavailable (leather-wrapped steering wheel is standard, but not heated) |  |  ;; Power liftgate/trunk | Unavailable (sedan has a manually-operated trunk lid, not a liftgate) |  |  ;; Adaptive cruise control | Standard | $0 |  ;; Wireless charging | Package-only | included | SE Premium Package ;; Moonroof | Unavailable |  | ","SE Premium Package | $965 | contents: 10.5-in. touchscreen, 12.3-in. digital instrument cluster, wireless phone charging",https://www.toyota.com/configurator/build/step/model/year/2026/series/corolla/model/1864/ ; https://www.toyota.com/configurator/build/step/model/year/2026/series/corolla/ ; https://www.edmunds.com/toyota/corolla/2026/st-402083276/features-specs/ ; https://www.edmunds.com/toyota/corolla/2026/trims/,"Edmunds' SE spec page states '13 color options' while Toyota's own build tool lists 15 exterior combinations (8 solid + 7 two-tone-with-black-roof combos); Toyota's own site is treated as authoritative for the full color list. Base MSRP $25,565 and SE Premium Package price $965 match exactly between Toyota and Edmunds.","SE Premium Package contents came from Edmunds' trim-comparison page, not Toyota's own 'See Details' popup. Heated steering wheel and power-liftgate availability not confirmed available in either source, tagged Unavailable on that basis. toyota.com > Corolla 2026 vehicle page ('/corolla/2026/') > 'Build Now' > trim-selection grid (toyota.com/configurator/build/step/model/year/2026/series/corolla/) > trim tile 'SE' (internal model id 1864) > Colors/Powertrain/Packages/Accessories summary view"
Toyota,Corolla,XSE,2026,FWD,Gas,sedan,Celestite | Standalone | $0 |  ;; Blueprint | Standalone | $0 |  ;; Wind Chill Pearl | Standalone | +$475 |  ;; Ice Cap | Standalone | $0 |  ;; Ruby Flare Pearl | Standalone | +$475 |  ;; Classic Silver Metallic | Standalone | $0 |  ;; Midnight Black Metallic | Standalone | $0 |  ;; Underground | Standalone | $0 |  ;; Blueprint with Midnight Black Metallic roof | Standalone | +$500 |  ;; Wind Chill Pearl with Midnight Black Metallic roof | Standalone | +$975 |  ;; Ice Cap with Midnight Black Metallic roof | Standalone | +$500 |  ;; Ruby Flare Pearl with Midnight Black Metallic roof | Standalone | +$975 |  ;; Classic Silver Metallic with Midnight Black Metallic roof | Standalone | +$500 |  ;; Celestite with Midnight Black Metallic roof | Standalone | +$500 |  ;; Underground with Midnight Black Metallic roof | Standalone | +$500 | ,Black/Red SofTex®/Fabric Mixed Media | Standalone | $0 |  ;; Black SofTex®/Fabric Mixed Media | Standalone | $0 | ,18-in. painted alloy wheels | Standard | $0 | ,1st-row power glass moonroof | Standard | $0 | ,"5-passenger, 2-row seating with sport-bolstered front seats; fixed configuration, no seating options offered on this trim.","2.0L 4-cyl. gas engine, Front-Wheel Drive, Dynamic Shift CVT — single fixed powertrain; no engine or drivetrain choice offered within this trim.","Leather seating | Standard (SofTex synthetic leather/fabric mixed media only — no genuine leather offered on Corolla) | $0 |  ;; Heated seats | Standard (multi-level heated driver and passenger seats) | $0 |  ;; Heated steering wheel | Unavailable |  |  ;; Power liftgate/trunk | Unavailable (sedan has a manually-operated trunk lid, not a liftgate) |  |  ;; Adaptive cruise control | Standard | $0 |  ;; Wireless charging | Standard | $0 |  ;; Moonroof | Standard | $0 | ",JBL® Premium Audio | $600 | contents: upgraded JBL premium sound system (speaker/amplifier upgrade; exact speaker count not itemized by either source),https://www.toyota.com/configurator/build/step/model/year/2026/series/corolla/model/1866/ ; https://www.toyota.com/configurator/build/step/model/year/2026/series/corolla/ ; https://www.edmunds.com/toyota/corolla/2026/st-402083275/features-specs/ ; https://www.edmunds.com/toyota/corolla/2026/trims/,"No material discrepancies found — Toyota and Edmunds agree exactly on base MSRP ($28,840), JBL Premium Audio price ($600), moonroof/heated-seats/wireless-charging standard status, and wheel size.",Exact contents of the JBL Premium Audio package beyond the audio system upgrade were not itemized by either source. toyota.com > Corolla 2026 vehicle page ('/corolla/2026/') > 'Build Now' > trim-selection grid (toyota.com/configurator/build/step/model/year/2026/series/corolla/) > trim tile 'XSE' (internal model id 1866) > Colors/Powertrain/Packages/Accessories summary view
Toyota,Corolla,LE Hybrid,2026,FWD,Hybrid,sedan,Celestite | Standalone | $0 |  ;; Blueprint | Standalone | $0 |  ;; Wind Chill Pearl | Standalone | +$475 |  ;; Ice Cap | Standalone | $0 |  ;; Ruby Flare Pearl | Standalone | +$475 |  ;; Classic Silver Metallic | Standalone | $0 |  ;; Midnight Black Metallic | Standalone | $0 |  ;; Underground | Standalone | $0 | ,Macadamia/Mocha Fabric | Standalone | $0 |  ;; Light Gray Fabric | Standalone | $0 |  ;; Black Fabric | Standalone | $0 | ,16-in. steel wheels with full wheel covers | Standard | $0 |  ;; 16-in. alloy wheels | Package-only | included | LE Premium Package,Moonroof/Sunroof | Unavailable |  | ,"5-passenger, 2-row seating; fixed configuration, no seating options offered on this trim.","1.8L 4-cyl. hybrid engine, ECVT; Front-Wheel Drive is standard, All-Wheel Drive is offered as a selectable option on this same trim page for +$1,400.","Leather seating | Unavailable (fabric only) |  |  ;; Heated seats | Unavailable |  |  ;; Heated steering wheel | Unavailable |  |  ;; Power liftgate/trunk | Unavailable (sedan has a manually-operated trunk lid, not a liftgate) |  |  ;; Adaptive cruise control | Standard | $0 |  ;; Wireless charging | Package-only | included | LE Premium Package ;; Moonroof | Unavailable |  | ","LE Premium Package | $1,135 | contents: proximity/keyless entry, push-button start, 16-in. alloy wheels, wireless phone charging pad",https://www.toyota.com/configurator/build/step/model/year/2026/series/corolla/model/1882/ ; https://www.toyota.com/configurator/build/step/model/year/2026/series/corolla/ ; https://www.edmunds.com/toyota/corolla-hybrid/2026/st-402066957/features-specs/ ; https://www.edmunds.com/toyota/corolla-hybrid/2026/trims/,"An Edmunds style page (st-402066957) states only FWD is available with 'no AWD option or pricing variations noted', while Toyota's own build tool explicitly offers AWD on this exact trim for +$1,400. This is likely because Edmunds tracks FWD and AWD as separate style codes and the fetched page reflected only the FWD style; Toyota's own site is treated as authoritative for AWD availability/pricing. Base MSRP $24,975 and LE Premium Package price $1,135 otherwise match exactly.","Toyota's own site calls this trim 'Hybrid LE' (not 'LE Hybrid'); the CSV trim name follows the naming requested by the task. Package contents came from Edmunds, not Toyota's own 'Details' popup. toyota.com > Corolla 2026 vehicle page ('/corolla/2026/') > 'Build Now' > trim-selection grid (toyota.com/configurator/build/step/model/year/2026/series/corolla/) > trim tile 'Hybrid LE' (internal model id 1882) > Colors/Powertrain/Packages/Accessories summary view"
Toyota,Corolla,SE Hybrid,2026,FWD,Hybrid,sedan,Celestite | Standalone | $0 |  ;; Blueprint | Standalone | $0 |  ;; Wind Chill Pearl | Standalone | +$475 |  ;; Ice Cap | Standalone | $0 |  ;; Ruby Flare Pearl | Standalone | +$475 |  ;; Classic Silver Metallic | Standalone | $0 |  ;; Midnight Black Metallic | Standalone | $0 |  ;; Underground | Standalone | $0 | ,Black/Red Premium Fabric | Standalone | $0 |  ;; Moonstone Premium Fabric | Standalone | $0 | ,18-in. painted alloy wheels (gray finish) | Standard | $0 | ,Moonroof/Sunroof | Unavailable |  | ,"5-passenger, 2-row seating with sport front seats; fixed configuration, no seating options offered on this trim.","1.8L 4-cyl. hybrid engine, ECVT; Front-Wheel Drive is standard, All-Wheel Drive is offered as a selectable option on this same trim page for +$1,400.","Leather seating | Unavailable (premium fabric only) |  |  ;; Heated seats | Unavailable |  |  ;; Heated steering wheel | Unavailable (leather-wrapped steering wheel is standard, but not heated) |  |  ;; Power liftgate/trunk | Unavailable (sedan has a manually-operated trunk lid, not a liftgate) |  |  ;; Adaptive cruise control | Standard | $0 |  ;; Wireless charging | Package-only | included | SE Premium Package ;; Moonroof | Unavailable |  | ","SE Premium Package | $965 | contents: 10.5-in. touchscreen, 12.3-in. digital instrument cluster, wireless phone charging",https://www.toyota.com/configurator/build/step/model/year/2026/series/corolla/model/1886/ ; https://www.toyota.com/configurator/build/step/model/year/2026/series/corolla/ ; https://www.edmunds.com/toyota/corolla-hybrid/2026/st-402083525/features-specs/ ; https://www.edmunds.com/toyota/corolla-hybrid/2026/trims/,"The Edmunds style page found (st-402083525) lists this trim as AWD-only at $28,815, which equals Toyota's FWD base price ($27,415) plus Toyota's own $1,400 AWD option — indicating Edmunds tracks FWD/AWD as separate style codes rather than an in-trim option the way Toyota's build tool does. No underlying pricing conflict once reconciled; Toyota's own site treated as authoritative for the FWD base price used in this row.","Toyota's own site calls this trim 'Hybrid SE'. Package contents came from Edmunds, not Toyota's own 'Details' popup. toyota.com > Corolla 2026 vehicle page ('/corolla/2026/') > 'Build Now' > trim-selection grid (toyota.com/configurator/build/step/model/year/2026/series/corolla/) > trim tile 'Hybrid SE' (internal model id 1886) > Colors/Powertrain/Packages/Accessories summary view"
Toyota,Corolla,XLE Hybrid,2026,FWD,Hybrid,sedan,Celestite | Standalone | $0 |  ;; Blueprint | Standalone | $0 |  ;; Wind Chill Pearl | Standalone | +$475 |  ;; Ice Cap | Standalone | $0 |  ;; Ruby Flare Pearl | Standalone | +$475 |  ;; Classic Silver Metallic | Standalone | $0 |  ;; Midnight Black Metallic | Standalone | $0 |  ;; Underground | Standalone | $0 | ,Black SofTex® | Standalone | $0 |  ;; Macadamia/Mocha SofTex® | Standalone | $0 | ,16-in. alloy wheels | Standard | $0 | ,1st-row power glass moonroof | Standard | $0 | ,"5-passenger, 2-row seating with a power-adjustable driver's seat; fixed configuration, no seating options offered on this trim.","1.8L 4-cyl. hybrid engine, ECVT, Front-Wheel Drive only — no AWD option is offered on this trim (confirmed by the absence of an AWD line in Toyota's build tool and explicitly stated as FWD-only by Edmunds), unlike LE Hybrid and SE Hybrid.","Leather seating | Standard (SofTex synthetic leather — no genuine leather offered on Corolla) | $0 |  ;; Heated seats | Standard (multi-level heated driver and passenger seats) | $0 |  ;; Heated steering wheel | Unavailable |  |  ;; Power liftgate/trunk | Unavailable (sedan has a manually-operated trunk lid, not a liftgate) |  |  ;; Adaptive cruise control | Standard | $0 |  ;; Wireless charging | Standard | $0 |  ;; Moonroof | Standard | $0 | ",JBL® Premium Audio | $600 | contents: nine-speaker JBL premium sound system,https://www.toyota.com/configurator/build/step/model/year/2026/series/corolla/model/1892/ ; https://www.toyota.com/configurator/build/step/model/year/2026/series/corolla/ ; https://www.edmunds.com/toyota/corolla-hybrid/2026/st-402083524/features-specs/ ; https://www.edmunds.com/toyota/corolla-hybrid/2026/trims/,"No material discrepancies found — Toyota and Edmunds agree exactly on base MSRP ($29,340), JBL Premium Audio price ($600), FWD-only drivetrain, and moonroof/heated-seats/wireless-charging standard status.","Toyota's own site calls this trim 'Hybrid XLE'. Heated steering wheel availability not mentioned in either source, tagged Unavailable on that basis. toyota.com > Corolla 2026 vehicle page ('/corolla/2026/') > 'Build Now' > trim-selection grid (toyota.com/configurator/build/step/model/year/2026/series/corolla/) > trim tile 'Hybrid XLE' (internal model id 1892) > Colors/Powertrain/Packages/Accessories summary view"
Toyota,Corolla,GR Corolla Base,2026,AWD,Gas,hatchback,Supersonic Red | Standalone | +$475 |  ;; Heavy Metal | Standalone | +$475 |  ;; Ice Cap | Standalone | $0 |  ;; Black | Standalone | $0 | ,Black BRIN•NAUB® and synthetic leather trim with Gray stitching | Standard | $0 | ,18-in. wheels with high-performance summer tires | Standard | $0 | ,Moonroof/Sunroof | Unavailable |  | ,"5-passenger, 2-row seating with front sport seats; fixed configuration, no seating options offered on this trim.","1.6L 3-cyl. turbo engine (~300 hp), All-Wheel Drive is standard and fixed (no FWD offered); 6-Speed intelligent Manual Transmission (iMT) with rev-matching is standard, with an 8-Speed GAZOO Racing Direct Automatic Transmission (DAT) with paddle shifters selectable on this same trim for +$2,000.","Leather seating | Standard (BRIN•NAUB®/synthetic leather trim — not genuine leather) | $0 |  ;; Heated seats | Unavailable |  |  ;; Heated steering wheel | Unavailable |  |  ;; Power liftgate/trunk | Unavailable (manually-operated hatch, no power liftgate offered) |  |  ;; Adaptive cruise control | Standard | $0 |  ;; Wireless charging | Unavailable (not listed as available in either source checked) |  |  ;; Moonroof | Unavailable |  | ","No factory options packages are offered on this trim (Toyota's build tool has no 'Packages' step for GR Corolla); only standalone dealer accessories are available: Vehicle Protection Package $399, Vehicle Protection Premium Package $599, Door Sill Protectors $235, SiriusXM $350, Connectivity Kit $75, Frameless HomeLink® Mirror $199, Cargo Net $71, Rear Window Spoiler $855, All Weather Floor Protection $329, Premium Carpet Mat Set $329.",https://www.toyota.com/configurator/build/step/model/year/2026/series/grcorolla/model/6281 ; https://www.toyota.com/grcorolla/2026/ ; https://www.edmunds.com/toyota/gr-corolla/2026/trims/,"Edmunds states Base GR Corolla MSRP as '$41,715 MSRP (Edmunds suggests $40,544)' while Toyota's own build tool shows Base MSRP $40,520 — a small (~$24) gap versus Edmunds' own 'suggested' figure and a larger (~$1,195) gap versus the quoted $41,715 MSRP figure; Toyota's own site is treated as authoritative.","Toyota's own site calls this trim simply 'GR Corolla' (no 'Base' or 'Core' suffix); the CSV trim name follows the naming requested by the task. Exact wheel design/finish for this base trim was not confirmed by either source (only the 18-in. size and tire spec were confirmed; Premium Plus's distinct matte-black wheel finish was confirmed, implying base trim uses a different, unconfirmed finish). Wireless charging and power-liftgate availability are not mentioned in either source and are marked Unavailable on that basis, not confirmed unavailable outright. Selection path: toyota.com > GR Corolla vehicle page ('/grcorolla/') > 'Build Now' link under the 'GR Corolla' trim tile (internal model id 6281) > Colors/Powertrain/Accessories summary view. Note: navigating directly to '.../configurator/build/step/model/year/2026/series/grcorolla/' without first visiting the vehicle page returned '0 trims available' — the trim grid only populated after reaching it via the in-page Build Now link."
Toyota,Corolla,GR Corolla Premium Plus,2026,AWD,Gas,hatchback,Supersonic Red | Standalone | +$475 |  ;; Heavy Metal | Standalone | +$475 |  ;; Ice Cap | Standalone | $0 |  ;; Black | Standalone | $0 | ,Black BRIN•NAUB® and synthetic leather trim with red stitching | Standard | $0 | ,18-in. matte-black 15-spoke alloy wheels with Michelin® Pilot Sport® 4 tires | Standard | $0 | ,Forged carbon-fiber roof | Standard | $0 |  ;; Moonroof/Sunroof (glass) | Unavailable |  | ,"5-passenger, 2-row seating with front sport seats; fixed configuration, no seating options offered on this trim.","1.6L 3-cyl. turbo engine (~300 hp), All-Wheel Drive is standard and fixed (no FWD offered); 6-Speed intelligent Manual Transmission (iMT) with rev-matching is standard, with an 8-Speed GAZOO Racing Direct Automatic Transmission (DAT) with paddle shifters selectable on this same trim for +$2,000.","Leather seating | Standard (BRIN•NAUB®/synthetic leather trim with red stitching — not genuine leather) | $0 |  ;; Heated seats | Standard | $0 |  ;; Heated steering wheel | Standard | $0 |  ;; Power liftgate/trunk | Unavailable (manually-operated hatch, no power liftgate offered) |  |  ;; Adaptive cruise control | Standard | $0 |  ;; Wireless charging | Unavailable (not listed as available in either source checked) |  |  ;; Moonroof | Unavailable (forged carbon-fiber roof is a standard, opaque panel — not a glass moonroof/sunroof) |  | ","No factory options packages are offered on this trim (Toyota's build tool has no 'Packages' step for GR Corolla); only standalone dealer accessories are available: Vehicle Protection Package $399, Vehicle Protection Premium Package $599, Door Sill Protectors $235, SiriusXM $350, Connectivity Kit $75, Frameless HomeLink® Mirror $199, Cargo Net $71, Rear Window Spoiler $855, All Weather Floor Protection $329, Premium Carpet Mat Set $329.",https://www.toyota.com/configurator/build/step/model/year/2026/series/grcorolla/model/6287 ; https://www.toyota.com/grcorolla/2026/ ; https://www.edmunds.com/toyota/gr-corolla/2026/trims/,"Edmunds states Premium Plus MSRP as $47,760 while Toyota's own build tool shows Base MSRP $46,565 — a ~$1,195 gap; Toyota's own site is treated as authoritative.","Heated seats, heated steering wheel, and carbon-fiber roof standard-equipment status were confirmed by both Toyota's own trim feature bullets and Edmunds. Wireless charging and power-liftgate availability are not mentioned in either source and are marked Unavailable on that basis, not confirmed unavailable outright. Selection path: toyota.com > GR Corolla vehicle page ('/grcorolla/') > 'Build Now' link under the 'GR Corolla Premium Plus' trim tile (internal model id 6287) > Colors/Powertrain/Accessories summary view."
Toyota,RAV4,LE,2026,FWD,Hybrid,SUV,Meteor Shower | Standalone | $0 |  ;; Storm Cloud | Standalone | $0 |  ;; Midnight Black Metallic | Standalone | $0 |  ;; Ruby Flare Pearl | Standalone | +$475 |  ;; Ice Cap | Standalone | $0 | ,Black fabric | Standard | $0 | ,"17 x 7.5 in. steel/alloy wheels, 235/65R17 all-season tires | Standard | $0 |  -- single wheel design, no alternate wheel offered on LE (source: Edmunds; Toyota's build tool shows no separate wheel-selection step for LE)","No moonroof/sunroof offered on LE | Unavailable |  |  -- LE has no ""Packages"" step at all in Toyota's build tool (Colors/Powertrain/Accessories/Summary only), confirming no moonroof option exists for this trim","5-passenger, 2-row (front bucket seats + rear bench) | Standard |  |  -- no trim-specific seating variation found on Toyota's build tool or Edmunds for any RAV4 trim","2.5L 4-Cyl. Hybrid Engine | Standard | $0 |  ;; Front-Wheel Drive | Standard | $0 |  ;; All-Wheel Drive | Standalone | +$1,400 |  -- Toyota's own LE build page offers AWD as a selectable upgrade even though this pilot's LE row is scoped to FWD; ECVT transmission is the only transmission and is standard","Leather seating | Unavailable |  |  -- fabric only, no SofTex/leather offered on LE ;; Heated seats | Unavailable |  |  -- not offered on LE in Toyota's build tool or Edmunds ;; Heated steering wheel | Unavailable |  |  -- no Weather Package exists for LE ;; Power liftgate | Unavailable |  |  -- no Convenience Package exists for LE ;; Adaptive cruise control | Standard | $0 |  -- Toyota Safety Sense included on all RAV4 trims ;; Wireless phone charging | Unavailable |  |  ;; Moonroof | Unavailable |  | ","Amenity Package | $710 | contents: not verified -- dealer-installed accessory package, contents not opened during this research pass ;; Preferred Package | $910 | contents: not verified -- dealer-installed accessory package, contents not opened during this research pass",https://www.toyota.com/configurator/build/step/model/year/2026/series/rav4/ ;; https://www.toyota.com/configurator/build/step/color/year/2026/series/rav4/model/4521/ ;; https://www.edmunds.com/toyota/rav4/2026/st-402096495/features-specs/ ;; https://www.edmunds.com/toyota/rav4/2026/trims/,"Base MSRP confirmed identical on Toyota ($31,900) and Edmunds ($31,900 base before destination). Discrepancy: Toyota's own build tool shows a $1,595 Delivery/Processing/Handling fee (current as of 2026-09-09). Edmunds' trims-comparison MSRP figures for this trim imply a $1,450 destination charge (Edmunds MSRP = Toyota base MSRP + $1,450 in every hybrid trim checked), a $145 discrepancy — Edmunds appears to be using an outdated destination fee. Toyota's own site is treated as authoritative for price.","Amenity Package and Preferred Package contents were not opened (time-boxed); left as 'not verified' rather than guessed. Wheel spec (17x7.5, 235/65R17) sourced from Edmunds only -- Toyota's build tool does not expose a separate wheel-selection step for this trim, so it could not be independently confirmed on toyota.com."
Toyota,RAV4,SE,2026,FWD,Hybrid,SUV,Blueprint | Standalone | $0 |  ;; Meteor Shower | Standalone | $0 |  ;; Storm Cloud | Standalone | $0 |  ;; Midnight Black Metallic | Standalone | $0 |  ;; Ice Cap | Standalone | $0 | ,Black/Blue fabric | Standard | $0 | ,"18 x 7.5 in. wheels, 235/60R18 all-season tires | Standard | $0 |  -- single wheel design, no alternate wheel offered on SE (source: Edmunds)",Moonroof | Package-only | +$850 | Moonroof Package,"5-passenger, 2-row (front bucket seats + rear bench) | Standard |  |  -- no trim-specific seating variation found on Toyota's build tool or Edmunds for any RAV4 trim","2.5L 4-Cyl. Hybrid Engine | Standard | $0 |  ;; Front-Wheel Drive | Standard | $0 |  ;; All-Wheel Drive | Standalone | +$1,400 |  -- Toyota's own SE build page offers AWD as a selectable upgrade even though this pilot's SE row is scoped to FWD; ECVT transmission is standard",Leather seating | Unavailable |  |  -- fabric only ;; Heated seats | Standard | $0 |  -- heated driver + passenger seats confirmed on Edmunds ;; Heated steering wheel | Package-only | included | Weather Package ;; Power liftgate | Package-only | included | Convenience Package ;; Adaptive cruise control | Standard | $0 | ;; Wireless phone charging | Unavailable |  |  ;; Moonroof | Package-only | +$850 | Moonroof Package,"Convenience Package | $400 | contents: Height-adjustable power liftgate with jam protection (Toyota build tool notes ""Additional Change(s) Required"" to add this package) ;; Weather Package | $375 | contents: Heated leather steering wheel, Rain-sensing variable intermittent windshield wipers with de-icer function ;; Moonroof Package | $850 | contents: Moonroof (""Additional Change(s) Required"")",https://www.toyota.com/configurator/build/step/model/year/2026/series/rav4/ ;; https://www.toyota.com/configurator/build/step/color/year/2026/series/rav4/model/4523/ ;; https://www.edmunds.com/toyota/rav4/2026/st-402096494/features-specs/ ;; https://www.edmunds.com/toyota/rav4/2026/trims/,"Base MSRP confirmed identical on Toyota ($34,700) and Edmunds ($34,700 base before destination). Discrepancy: Toyota's own build tool shows a $1,595 Delivery/Processing/Handling fee (current as of 2026-09-09). Edmunds' trims-comparison MSRP figures for this trim imply a $1,450 destination charge (Edmunds MSRP = Toyota base MSRP + $1,450 in every hybrid trim checked), a $145 discrepancy — Edmunds appears to be using an outdated destination fee. Toyota's own site is treated as authoritative for price.","Wireless phone charging status inferred from absence in Edmunds' full feature list (not explicitly labeled unavailable); Toyota's build tool did not surface it as a standalone or package option either, so treated as Unavailable rather than guessed as Standard."
Toyota,RAV4,XLE Premium,2026,FWD,Hybrid,SUV,Meteor Shower | Standalone | $0 |  ;; Wind Chill Pearl | Standalone | +$475 |  ;; Storm Cloud | Standalone | $0 |  ;; Midnight Black Metallic | Standalone | $0 |  ;; Ruby Flare Pearl | Standalone | +$475 |  ;; Blueprint | Standalone | $0 |  ;; Ice Cap | Standalone | $0 | ,Light Gray SofTex trim | Standard | $0 |  ;; Black SofTex trim | Standard | $0 |  ;; Harvest Beige SofTex trim | Standard | $0 | ,"18 x 7.5 in. wheels, 235/60R18 all-season tires | Standard | $0 |  -- single wheel design (source: Edmunds)","Panoramic moonroof | Package-only | +$1,850 | Panoramic Moonroof Package","5-passenger, 2-row (front bucket seats + rear bench) | Standard |  |  -- no trim-specific seating variation found on Toyota's build tool or Edmunds for any RAV4 trim","2.5L 4-Cyl. Hybrid Engine | Standard | $0 |  ;; Front-Wheel Drive | Standard | $0 |  ;; All-Wheel Drive | Standalone | +$1,400 |  -- Toyota's own build page offers AWD as a selectable upgrade even though this pilot's row is scoped to FWD; ECVT transmission is standard","Leather seating | Unavailable |  |  -- SofTex (synthetic leatherette) only; RAV4 does not offer genuine leather on any trim ;; Heated seats | Standard | $0 |  -- heated driver + passenger seats ;; Heated steering wheel | Package-only | included | Weather Package ;; Power liftgate | Unavailable |  |  -- not offered as standard, standalone, or via any package on XLE Premium ;; Adaptive cruise control | Standard | $0 | ;; Wireless phone charging | Standard | $0 | ;; Moonroof | Package-only | +$1,850 | Panoramic Moonroof Package","Weather Package | $375 | contents: Heated leather steering wheel, Rain-sensing variable intermittent windshield wipers with de-icer function ;; XLE Driver Assist Package | $650 | contents: Front Cross-Traffic Alert (FCTA), Lane Change Assist (LCA), Traffic Jam Assist (TJA), Driver Monitor (""Additional Change(s) Required"") ;; Panoramic Moonroof Package | $1,850 | contents: Panoramic moonroof (""Additional Change(s) Required"")",https://www.toyota.com/configurator/build/step/model/year/2026/series/rav4/ ;; https://www.toyota.com/configurator/build/step/color/year/2026/series/rav4/model/4527/ ;; https://www.edmunds.com/toyota/rav4/2026/st-402096497/features-specs/ ;; https://www.edmunds.com/toyota/rav4/2026/trims/,"Base MSRP confirmed identical on Toyota ($36,100) and Edmunds ($36,100 base before destination). Discrepancy: Toyota's own build tool shows a $1,595 Delivery/Processing/Handling fee (current as of 2026-09-09). Edmunds' trims-comparison MSRP figures for this trim imply a $1,450 destination charge (Edmunds MSRP = Toyota base MSRP + $1,450 in every hybrid trim checked), a $145 discrepancy — Edmunds appears to be using an outdated destination fee. Toyota's own site is treated as authoritative for price.",High confidence -- full Colors/Powertrain/Packages breakdown plus two package-detail modals opened directly on toyota.com and cross-checked against Edmunds with no material mismatches.
Toyota,RAV4,Woodland,2026,AWD,Hybrid,SUV,Everest | Standalone | $0 |  ;; Urban Rock | Standalone | $0 |  ;; Storm Cloud | Standalone | $0 |  ;; Midnight Black Metallic | Standalone | $0 |  ;; Ice Cap | Standalone | $0 | ,Mineral SofTex trim | Standard | $0 |  ;; Black SofTex trim | Standard | $0 | ,"18 x 7.5 in. wheels, 235/65R18 all-terrain tires | Standard | $0 |  -- single wheel design (source: Edmunds)",Moonroof | Package-only | +$850 | Moonroof Package,"5-passenger, 2-row (front bucket seats + rear bench) | Standard |  |  -- no trim-specific seating variation found on Toyota's build tool or Edmunds for any RAV4 trim","2.5L 4-Cyl. Hybrid Engine | Standard | $0 |  ;; All-Wheel Drive | Standard | $0 |  -- Woodland is AWD-only, no FWD option shown on Toyota's build tool ;; ECVT transmission | Standard | $0 | ","Leather seating | Unavailable |  |  -- SofTex only ;; Heated seats | Standard | $0 | ;; Heated steering wheel | Standard | $0 |  -- included by default; no Weather Package exists for Woodland, confirming it is standard rather than optional ;; Power liftgate | Unavailable |  |  -- not offered on Woodland ;; Adaptive cruise control | Standard | $0 | ;; Wireless phone charging | Standard | $0 | ;; Moonroof | Package-only | +$850 | Moonroof Package",Moonroof Package | $850 | contents: Moonroof,https://www.toyota.com/configurator/build/step/model/year/2026/series/rav4/ ;; https://www.toyota.com/configurator/build/step/color/year/2026/series/rav4/model/4437/ ;; https://www.edmunds.com/toyota/rav4/2026/st-402096498/features-specs/ ;; https://www.edmunds.com/toyota/rav4/2026/trims/,"Base MSRP confirmed identical on Toyota ($39,900) and Edmunds ($39,900 base before destination). Discrepancy: Toyota's own build tool shows a $1,595 Delivery/Processing/Handling fee (current as of 2026-09-09). Edmunds' trims-comparison MSRP figures for this trim imply a $1,450 destination charge (Edmunds MSRP = Toyota base MSRP + $1,450 in every hybrid trim checked), a $145 discrepancy — Edmunds appears to be using an outdated destination fee. Toyota's own site is treated as authoritative for price.",High confidence -- full breakdown confirmed directly on toyota.com and matches Edmunds.
Toyota,RAV4,XSE,2026,AWD,Hybrid,SUV,Midnight Black Metallic | Standalone | $0 |  ;; Storm Cloud with Midnight Black Metallic roof (two-tone) | Standalone | +$500 |  ;; Wind Chill Pearl with Midnight Black Metallic roof (two-tone) | Standalone | +$975 |  ;; Meteor Shower with Midnight Black Metallic roof (two-tone) | Standalone | +$500 | ,Black/Blue SofTex/fabric mixed media trim | Standard | $0 | ,"20 x 7.5 in. wheels, 235/50R20 tires | Standard | $0 |  -- single wheel design (source: Edmunds)",1st row power glass moonroof | Standard | $0 |  ;; Panoramic Moonroof | Package-only | +$700 | Panoramic Moonroof Package,"5-passenger, 2-row (front bucket seats + rear bench) | Standard |  |  -- no trim-specific seating variation found on Toyota's build tool or Edmunds for any RAV4 trim",2.5L 4-Cyl. Hybrid Engine | Standard | $0 |  ;; All-Wheel Drive | Standard | $0 |  -- XSE is AWD-only ;; ECVT transmission | Standard | $0 | ,"Leather seating | Unavailable |  |  -- SofTex/fabric mixed media, not genuine leather ;; Heated seats | Standard | $0 |  -- multi-level heated driver + passenger seats ;; Heated steering wheel | Package-only | included | Weather Package ;; Power liftgate | Unavailable |  |  -- not offered on XSE ;; Adaptive cruise control | Standard | $0 | ;; Wireless phone charging | Standard | $0 | ;; Moonroof | Standard (base 1st-row power glass moonroof); Package-only for panoramic upgrade | +$700 for panoramic | Panoramic Moonroof Package","Weather Package | $375 | contents: heated steering wheel (contents not opened for this trim; inferred identical to the LE/SE/XLE Premium/XSE-PHEV Weather Package which was opened and confirmed to contain a heated leather steering wheel + rain-sensing wipers) ;; XSE Driver Assist Package | $420 | contents: not opened -- likely front cross-traffic/lane-change driver-assist features analogous to the XLE Driver Assist Package, not confirmed ;; JBL Premium Audio Package | $620 | contents: not opened -- presumed JBL premium speaker/amplifier upgrade, not confirmed ;; Panoramic Moonroof Package | $700 | contents: panoramic moonroof upgrade over the standard 1st-row moonroof",https://www.toyota.com/configurator/build/step/model/year/2026/series/rav4/ ;; https://www.toyota.com/configurator/build/step/color/year/2026/series/rav4/model/4530/ ;; https://www.edmunds.com/toyota/rav4/2026/st-402096499/features-specs/ ;; https://www.edmunds.com/toyota/rav4/2026/trims/,"Base MSRP confirmed identical on Toyota ($41,300) and Edmunds ($41,300 base before destination). Discrepancy: Toyota's own build tool shows a $1,595 Delivery/Processing/Handling fee (current as of 2026-09-09). Edmunds' trims-comparison MSRP figures for this trim imply a $1,450 destination charge (Edmunds MSRP = Toyota base MSRP + $1,450 in every hybrid trim checked), a $145 discrepancy — Edmunds appears to be using an outdated destination fee. Toyota's own site is treated as authoritative for price.","Weather Package, XSE Driver Assist Package, and JBL Premium Audio Package contents were not opened for this specific trim (time-boxed); Weather Package contents inferred from the identical-name package confirmed on 3 other trims, others left unconfirmed rather than guessed."
Toyota,RAV4,Limited,2026,AWD,Hybrid,SUV,Meteor Shower | Standalone | $0 |  ;; Wind Chill Pearl | Standalone | +$475 |  ;; Storm Cloud | Standalone | $0 |  ;; Midnight Black Metallic | Standalone | $0 |  ;; Ruby Flare Pearl | Standalone | +$475 |  ;; Blueprint | Standalone | $0 | ,Harvest Beige SofTex trim | Standard | $0 |  ;; Black SofTex trim | Standard | $0 |  ;; Light Gray SofTex trim | Standard | $0 | ,"18 x 7.5 in. wheels | Standard | $0 |  ;; 20-In. Wheel Package | Package-only | +$1,240 | 20-In. Wheel Package",1st row power glass extended moonroof | Standard | $0 |  ;; 2nd row fixed glass moonroof | Standard | $0 | ,"5-passenger, 2-row (front bucket seats + rear bench) | Standard |  |  -- no trim-specific seating variation found on Toyota's build tool or Edmunds for any RAV4 trim",2.5L 4-Cyl. Hybrid Engine | Standard | $0 |  ;; All-Wheel Drive | Standard | $0 |  -- Limited is AWD-only ;; ECVT transmission | Standard | $0 | ,"Leather seating | Unavailable |  |  -- SofTex only, not genuine leather ;; Heated seats | Standard | $0 |  -- multi-level heated driver + passenger seats ;; Heated steering wheel | Standard | $0 |  -- no Weather Package exists for Limited, confirming standard inclusion ;; Power liftgate | Unavailable |  |  -- not offered on Limited (no package, standalone option, or standard mention found) ;; Adaptive cruise control | Standard | $0 | ;; Wireless phone charging | Standard | $0 | ;; Moonroof | Standard | $0 |  -- full panoramic (1st row extended + 2nd row fixed glass), included by default","20-In. Wheel Package | $1,240 | contents: 20-inch wheels (""Additional Change(s) Required""; contents beyond the wheels themselves not opened)",https://www.toyota.com/configurator/build/step/model/year/2026/series/rav4/ ;; https://www.toyota.com/configurator/build/step/color/year/2026/series/rav4/model/4534/ ;; https://www.edmunds.com/toyota/rav4/2026/st-402096500/features-specs/ ;; https://www.edmunds.com/toyota/rav4/2026/trims/,"Base MSRP confirmed identical on Toyota ($43,300) and Edmunds ($43,300 base before destination). Discrepancy: Toyota's own build tool shows a $1,595 Delivery/Processing/Handling fee (current as of 2026-09-09). Edmunds' trims-comparison MSRP figures for this trim imply a $1,450 destination charge (Edmunds MSRP = Toyota base MSRP + $1,450 in every hybrid trim checked), a $145 discrepancy — Edmunds appears to be using an outdated destination fee. Toyota's own site is treated as authoritative for price.","Also found a standalone-priced 10-In. Color Head-Up Display option at $600 under a separate ""Options"" step (not one of the requested feature categories, so not added as its own column value, but noted here as a real Limited-only option). 20-In. Wheel Package contents beyond the wheels themselves not opened."
Toyota,RAV4,SE,2026,AWD,PHEV,SUV,Midnight Black Metallic | Standalone | $0 |  ;; Blueprint | Standalone | $0 |  ;; Ice Cap | Standalone | $0 |  ;; Meteor Shower | Standalone | $0 |  ;; Storm Cloud | Standalone | $0 | ,Black/Blue fabric | Standard | $0 | ,"18 x 7.5 in. wheels, 235/60R18 all-season tires | Standard | $0 |  -- single wheel design (source: Edmunds)",Moonroof | Package-only | +$850 | Moonroof Package,"5-passenger, 2-row (front bucket seats + rear bench) | Standard |  |  -- no trim-specific seating variation found on Toyota's build tool or Edmunds for any RAV4 trim","2.5L 4-Cyl. Plug-in Hybrid Engine | Standard | $0 |  ;; All-Wheel Drive | Standard | $0 |  -- RAV4 Plug-in Hybrid is offered AWD-only across every trim, no FWD option exists ;; ECVT transmission | Standard | $0 | ",Leather seating | Unavailable |  |  -- fabric only ;; Heated seats | Standard | $0 |  -- heated driver + passenger seats confirmed on Edmunds ;; Heated steering wheel | Package-only | included | Weather Package ;; Power liftgate | Package-only | included | Convenience Package ;; Adaptive cruise control | Standard | $0 | ;; Wireless phone charging | Unavailable |  |  ;; Moonroof | Package-only | +$850 | Moonroof Package,"Convenience Package | $400 | contents: not opened for this trim; inferred identical to the SE-Hybrid Convenience Package (height-adjustable power liftgate with jam protection), same name and price ;; Weather Package | $375 | contents: not opened for this trim; inferred identical to the confirmed Weather Package (heated leather steering wheel + rain-sensing wipers) ;; Moonroof Package | $850 | contents: Moonroof",https://www.toyota.com/configurator/build/step/model/year/2026/series/rav4pluginhybrid/ ;; https://www.toyota.com/configurator/build/step/color/year/2026/series/rav4pluginhybrid/model/4544/ ;; https://www.edmunds.com/toyota/rav4-plug-in-hybrid/2026/st-402066962/features-specs/,"No Edmunds trims-comparison page was fetched for the PHEV line, so the destination-fee discrepancy seen on hybrid trims could not be cross-checked here; Base MSRP itself matches exactly between Toyota ($41,500) and Edmunds.","Convenience Package and Weather Package contents were not individually re-opened for this trim; inferred from the identically-named, identically-priced packages confirmed on the SE Hybrid trim rather than guessed independently."
Toyota,RAV4,Woodland,2026,AWD,PHEV,SUV,Midnight Black Metallic | Standalone | $0 |  ;; Everest | Standalone | $0 |  ;; Urban Rock | Standalone | $0 |  ;; Ice Cap | Standalone | $0 |  ;; Storm Cloud | Standalone | $0 | ,Mineral SofTex trim | Standard | $0 |  ;; Black SofTex trim | Standard | $0 | ,"18 x 7.5 in. wheels, 235/65R18 all-terrain tires | Standard | $0 |  -- single wheel design (source: Edmunds)",Moonroof | Package-only | +$850 | Moonroof Package,"5-passenger, 2-row (front bucket seats + rear bench) | Standard |  |  -- no trim-specific seating variation found on Toyota's build tool or Edmunds for any RAV4 trim","2.5L 4-Cyl. Plug-in Hybrid Engine | Standard | $0 |  ;; All-Wheel Drive | Standard | $0 |  -- AWD-only, no FWD option ;; ECVT transmission | Standard | $0 | ","Leather seating | Unavailable |  |  -- SofTex only ;; Heated seats | Standard | $0 | ;; Heated steering wheel | Standard | $0 |  -- no Weather Package exists for this trim, confirming standard inclusion ;; Power liftgate | Unavailable |  |  -- not offered ;; Adaptive cruise control | Standard | $0 | ;; Wireless phone charging | Standard | $0 | ;; Moonroof | Package-only | +$850 | Moonroof Package",Moonroof Package | $850 | contents: Moonroof,https://www.toyota.com/configurator/build/step/model/year/2026/series/rav4pluginhybrid/ ;; https://www.toyota.com/configurator/build/step/color/year/2026/series/rav4pluginhybrid/model/4537/ ;; https://www.edmunds.com/toyota/rav4-plug-in-hybrid/2026/st-402100679/features-specs/,"Base MSRP matches exactly between Toyota ($45,300) and Edmunds. No PHEV trims-comparison page fetched, so the hybrid-line destination-fee discrepancy could not be cross-checked for this trim.","High confidence -- full breakdown confirmed directly on toyota.com and matches Edmunds; mirrors the Woodland Hybrid pattern exactly (standard heated steering wheel, package-only moonroof, no power liftgate)."
Toyota,RAV4,XSE,2026,AWD,PHEV,SUV,Midnight Black Metallic | Standalone | $0 |  ;; Storm Cloud with Midnight Black Metallic roof (two-tone) | Standalone | +$500 |  ;; Meteor Shower with Midnight Black Metallic roof (two-tone) | Standalone | +$500 |  ;; Wind Chill Pearl with Midnight Black Metallic roof (two-tone) | Standalone | +$975 | ,Black/Blue SofTex/fabric mixed media trim | Standard | $0 | ,"20 x 7.5 in. wheels, 235/50R20 tires | Standard | $0 |  -- single wheel design (source: Edmunds)",1st row power glass moonroof | Standard | $0 |  ;; Panoramic Moonroof | Package-only | +$700 | Panoramic Moonroof Package,"5-passenger, 2-row (front bucket seats + rear bench) | Standard |  |  -- no trim-specific seating variation found on Toyota's build tool or Edmunds for any RAV4 trim","2.5L 4-Cyl. Plug-in Hybrid Engine | Standard | $0 |  ;; All-Wheel Drive | Standard | $0 |  -- AWD-only, no FWD option ;; ECVT transmission | Standard | $0 | ","Leather seating | Unavailable |  |  -- SofTex/fabric mixed media, not genuine leather ;; Heated seats | Standard | $0 | ;; Heated steering wheel | Package-only | included | Weather Package ;; Power liftgate | Unavailable |  |  -- not offered ;; Adaptive cruise control | Standard | $0 | ;; Wireless phone charging | Standard | $0 | ;; Moonroof | Standard (base 1st-row power glass moonroof); Package-only for panoramic upgrade | +$700 for panoramic | Panoramic Moonroof Package","Weather Package | $375 | contents: not opened for this trim; inferred identical to confirmed Weather Package (heated leather steering wheel + rain-sensing wipers) ;; Driver Assist Package | $1,170 | contents: not opened -- name/price captured directly from Toyota's build tool, contents not confirmed ;; JBL Premium Audio Package | price not captured (page truncated during this research pass) | contents: not opened ;; Panoramic Moonroof Package | $700 | contents: panoramic moonroof upgrade -- price sourced from Edmunds; the Toyota page listing for this specific PHEV trim was not fully captured before truncation, so this line is Edmunds-sourced rather than directly confirmed on toyota.com for the PHEV XSE specifically (the identically-priced, identically-named package was directly confirmed on the Hybrid XSE)",https://www.toyota.com/configurator/build/step/model/year/2026/series/rav4pluginhybrid/ ;; https://www.toyota.com/configurator/build/step/color/year/2026/series/rav4pluginhybrid/model/4550/ ;; https://www.edmunds.com/toyota/rav4-plug-in-hybrid/2026/st-402100678/features-specs/,"Base MSRP matches exactly between Toyota ($47,200) and Edmunds. No PHEV trims-comparison page fetched, so the hybrid-line destination-fee discrepancy could not be cross-checked for this trim.","Toyota's Packages list for this trim was captured but the read was truncated after the ""Driver Assist Package"" and start of ""JBL..."" -- the JBL Premium Audio Package price and the Panoramic Moonroof Package's presence on this specific PHEV trim were not directly re-confirmed in the truncated capture; the Panoramic Moonroof Package price of $700 is carried over from Edmunds and from the identical package confirmed on the Hybrid XSE, not independently re-opened here."
Toyota,RAV4,GR SPORT,2026,AWD,PHEV,SUV,Midnight Black Metallic | Standalone | $0 |  ;; Supersonic Red with Midnight Black Metallic roof (two-tone) | Standalone | +$975 |  ;; Storm Cloud with Midnight Black Metallic roof (two-tone) | Standalone | +$500 |  ;; Wind Chill Pearl with Midnight Black Metallic roof (two-tone) | Standalone | +$975 | ,Black/Red Ultrasuede & SofTex trim | Standard | $0 | ,"20 x 7.5 in. wheels, 235/50R20 tires | Standard | $0 |  -- single wheel design (source: Edmunds); Toyota's build tool separately offers an All-Season Tires swap at no additional cost in place of the standard tire","No moonroof/sunroof offered on GR SPORT | Unavailable |  |  -- not listed as standard, standalone, or package-optional on either Toyota's build tool or Edmunds","5-passenger, 2-row (front bucket seats + rear bench) | Standard |  |  -- no trim-specific seating variation found on Toyota's build tool or Edmunds for any RAV4 trim","2.5L 4-Cyl. Plug-in Hybrid Engine | Standard | $0 |  ;; All-Wheel Drive | Standard | $0 |  -- AWD-only, GR SPORT has no FWD or Hybrid (non-PHEV) counterpart ;; ECVT transmission | Standard | $0 | ","Leather seating | Unavailable |  |  -- Ultrasuede & SofTex only, not genuine leather ;; Heated seats | Standard | $0 | ;; Heated steering wheel | Standard | $0 |  -- no Weather Package exists for this trim, confirming standard inclusion ;; Power liftgate | Unavailable |  |  -- not offered ;; Adaptive cruise control | Standard | $0 | ;; Wireless phone charging | Standard | $0 | ;; Moonroof | Unavailable |  | ","All-Season Tires | No Additional Cost | contents: alternate all-season tire set in place of the standard tire (a swap, not a comfort/feature package)",https://www.toyota.com/configurator/build/step/model/year/2026/series/rav4pluginhybrid/ ;; https://www.toyota.com/configurator/build/step/color/year/2026/series/rav4pluginhybrid/model/4538/ ;; https://www.edmunds.com/toyota/rav4-plug-in-hybrid/2026/st-402100681/features-specs/,"Base MSRP matches exactly between Toyota ($48,500) and Edmunds. No PHEV trims-comparison page fetched, so the hybrid-line destination-fee discrepancy could not be cross-checked for this trim.","High confidence -- full Colors/Powertrain/Packages breakdown confirmed directly on toyota.com and matches Edmunds, including the absence of any moonroof option on this performance-oriented trim."
Toyota,Tacoma,SR,2026,RWD,Gas,pickup truck,Ice Cap | Standard |  |  ;; Celestial Silver Metallic | Standard |  |  ;; Underground | Standard |  |  ;; Black | Standard |  |  ;; Supersonic Red | Standalone | $475 | ,Black fabric | Standard |  | ,,Moonroof | Unavailable |  | ,"XtraCab (extended cab, 2-door), 6-ft bed. Row/seat layout (bench vs. bucket) not stated by the configurator.","i-FORCE 2.4L 4-Cyl. Turbo Engine | Standard |  |  ;; Rear-Wheel Drive | Standard |  |  ;; 4-Wheel Drive | Standalone | $3,200 |  ;; 8-Speed Automatic Transmission | Standard |  | ",Leather | Unavailable |  |  ;; Heated Front Seats | Unavailable |  |  ;; Heated Steering Wheel | Unavailable |  |  ;; Spray-On Bed Liner | Standalone | $575 |  ;; Soft Tonneau Cover | Standalone | $799 | ,"SR Upgrade Package | $1,410 | contents: Blind Spot Monitor (BSM), Front and Rear Parking Assist with Automatic Braking (PA w/AB), Digital Key capability",https://www.toyota.com/configurator/build/step/summary/year/2026/series/tacoma/model/7162/ ;; https://www.edmunds.com/toyota/tacoma/2026/features-specs/,No material Toyota-vs-Edmunds discrepancy identified specific to SR.,"Wheel options are never exposed as a discrete configurable step anywhere in Toyota's MY2026 Tacoma Build & Price tool, for any of the 11 trims checked (Colors / Powertrain / Packages / Options / Accessories / Summary tabs contain no wheel-choice step). Left blank rather than guessed from marketing photos. Adaptive cruise control / Toyota Safety Sense status could not be verified: the Build & Price tool only lists paid configurable options and packages, not a standard-equipment list, so this feature is omitted from common_features rather than assumed Standard."
Toyota,Tacoma,SR5,2026,RWD,Gas,pickup truck,Ice Cap | Standard |  |  ;; Celestial Silver Metallic | Standard |  |  ;; Underground | Standard |  |  ;; Black | Standard |  |  ;; Supersonic Red | Standalone | $475 | ,Black fabric | Standard |  | ,,Moonroof | Unavailable |  | ,"XtraCab (extended cab, 2-door), 6-ft bed. Row/seat layout (bench vs. bucket) not stated by the configurator.","i-FORCE 2.4L 4-Cyl. Turbo Engine | Standard |  |  ;; Rear-Wheel Drive | Standard |  |  ;; 4-Wheel Drive | Standalone | $3,200 |  ;; 8-Speed Automatic Transmission | Standard |  | ",Leather | Unavailable |  |  ;; Heated Front Seats | Standalone | $585 |  ;; Heated Steering Wheel | Package-only |  | SR5 Upgrade + Cold Weather Package ;; Spray-On Bed Liner | Standalone | $575 |  ;; Soft Tonneau Cover | Standalone | $799 | ,"SR5 Upgrade Package | $1,825 | contents: leather-trimmed steering wheel and shift knob, HomeLink universal transceiver, Qi-compatible wireless charging, automatic climate control, Front and Rear Parking Assist with Automatic Braking (PA w/AB), LED bed lights, easy lower tailgate, Integrated Trailer Brake Controller (ITBC), Digital Key capability ;; SR5 Upgrade + Cold Weather Package | $2,560 | contents: heated seats, leather-trimmed heated steering wheel, leather-trimmed shift knob, HomeLink universal transceiver, Qi-compatible wireless charging, automatic climate control, Front and Rear Parking Assist with Automatic Braking (PA w/AB), LED bed lights, easy lower tailgate, Integrated Trailer Brake Controller (ITBC), Digital Key capability",https://www.toyota.com/configurator/build/step/summary/year/2026/series/tacoma/model/7126/ ;; https://www.edmunds.com/toyota/tacoma/2026/features-specs/,"Toyota Build & Price shows the SR5 Upgrade Package at $1,825 MSRP (confirmed twice: Packages tab display and its See Details modal). Edmunds' Tacoma features-specs page states 'SR5 Upgrade Package: +$2,900' -- a $1,075 gap. Trusting Toyota as the primary/live source; Edmunds figure recorded here for the record.","Wheel options are never exposed as a discrete configurable step anywhere in Toyota's MY2026 Tacoma Build & Price tool, for any of the 11 trims checked (Colors / Powertrain / Packages / Options / Accessories / Summary tabs contain no wheel-choice step). Left blank rather than guessed from marketing photos. Adaptive cruise control / Toyota Safety Sense status could not be verified: the Build & Price tool only lists paid configurable options and packages, not a standard-equipment list, so this feature is omitted from common_features rather than assumed Standard. Heated Front Seats ($585) can also be obtained bundled inside the SR5 Upgrade + Cold Weather Package -- recorded as Standalone (its lowest-cost path) since the single-status-per-item convention does not have a clean 'both' tag; the package route is noted here instead."
Toyota,Tacoma,TRD PreRunner,2026,RWD,Gas,pickup truck,Ice Cap | Standard |  |  ;; Celestial Silver Metallic | Standard |  |  ;; Underground | Standard |  |  ;; Black | Standard |  |  ;; Mudbath | Standard |  |  ;; Supersonic Red | Standalone | $475 | ,Boulder/Black Fabric w/Anodized Blue | Standard |  |  ;; Boulder/Black Fabric w/Smoke Silver | Standard |  | ,,Moonroof | Unavailable |  | ,"XtraCab (extended cab, 2-door), 6-ft bed. Row/seat layout (bench vs. bucket) not stated by the configurator.",i-FORCE 2.4L 4-Cyl. Turbo Engine | Standard |  |  ;; Rear-Wheel Drive | Standard |  |  ;; 8-Speed Automatic Transmission | Standard |  | ,Leather | Unavailable |  |  ;; Heated Front Seats | Unavailable |  |  ;; Heated Steering Wheel | Unavailable |  |  ;; Spray-On Bed Liner | Standalone | $575 |  ;; Soft Tonneau Cover | Standalone | $799 | ,"TRD PreRunner Upgrade Package | $1,310 | contents: HomeLink universal transceiver, Qi-compatible wireless charging, Front and Rear Parking Assist with Automatic Braking (PA w/AB), LED bed lights, Integrated Trailer Brake Controller (ITBC), Digital Key capability",https://www.toyota.com/configurator/build/step/summary/year/2026/series/tacoma/model/7166/ ;; https://www.edmunds.com/toyota/tacoma/2026/features-specs/,No material Toyota-vs-Edmunds discrepancy identified specific to TRD PreRunner.,"Wheel options are never exposed as a discrete configurable step anywhere in Toyota's MY2026 Tacoma Build & Price tool, for any of the 11 trims checked (Colors / Powertrain / Packages / Options / Accessories / Summary tabs contain no wheel-choice step). Left blank rather than guessed from marketing photos. Adaptive cruise control / Toyota Safety Sense status could not be verified: the Build & Price tool only lists paid configurable options and packages, not a standard-equipment list, so this feature is omitted from common_features rather than assumed Standard. TRD PreRunner is confirmed RWD-only in Toyota's own configurator -- no 4WD heading/price appears at all for this trim (unlike SR/SR5/TRD Sport, which are RWD-standard with a paid 4WD upgrade)."
Toyota,Tacoma,TRD Sport,2026,RWD,Gas,pickup truck,Bronze Oxide | Standard |  |  ;; Ice Cap | Standard |  |  ;; Celestial Silver Metallic | Standard |  |  ;; Underground | Standard |  |  ;; Black | Standard |  |  ;; Mudbath | Standard |  |  ;; Supersonic Red | Standalone | $475 |  ;; Heritage Blue | Standard |  |  ;; Wind Chill Pearl | Standalone | $475 | ,Boulder/Black Fabric w/Anodized Blue | Standard |  |  ;; Black SofTex trim | Standard |  |  ;; Boulder/Black Fabric w/Smoke Silver | Standard |  | ,,Moonroof | Standalone | $850 | ,"Double Cab (crew cab, 4-door), 5-ft bed. Row/seat layout (bench vs. bucket) not stated by the configurator.","i-FORCE 2.4L 4-Cyl. Turbo Engine | Standard |  |  ;; Rear-Wheel Drive | Standard |  |  ;; 4-Wheel Drive | Standalone | $3,200 |  ;; 8-Speed Automatic Transmission | Standard |  |  ;; 6-Speed Manual Transmission | Standalone | $0 (config-dependent: RWD only, listed as ""Additional Change(s) Required"") | ",Leather | Unavailable |  |  ;; Heated Front Seats | Standalone | $585 |  ;; Heated Steering Wheel | Package-only |  | TRD Sport Upgrade Package ;; Spray-On Bed Liner | Standalone | $575 |  ;; Tonneau Cover | Unavailable |  | ,"TRD Sport Premium Package | $8,465 | contents: SofTex-trimmed seats with heated and ventilated 8-way power-adjustable front seats, leather-trimmed heated steering wheel, 14-in. Toyota Audio Multimedia display, Panoramic View Monitor (PVM), JBL Premium Audio with JBL FLEX portable speaker, moonroof, Qi-compatible wireless charging, dual zone automatic climate control, Front and Rear Parking Assist with Automatic Braking (PA w/AB) and Pedestrian Detection, digital rearview mirror, Integrated Trailer Brake Controller (ITBC), power open/close tailgate, Digital Key capability, 400W/120V AC power inverter, power horizontal rear window ;; TRD Sport Upgrade Package | $4,555 | contents: fabric-trimmed seats with heated 8-way power-adjustable front seats, leather-trimmed heated steering wheel, JBL Premium Audio with JBL FLEX portable speaker, Qi-compatible wireless charging, Front and Rear Parking Assist with Automatic Braking (PA w/AB), Integrated Trailer Brake Controller (ITBC), Digital Key capability, 400W/120V AC power inverter, power horizontal rear window",https://www.toyota.com/configurator/build/step/summary/year/2026/series/tacoma/model/7148/ ;; https://www.edmunds.com/toyota/tacoma/2026/features-specs/,Edmunds' Tacoma features-specs page states 'No moonroof or sunroof options are mentioned in the specifications.' Toyota's live Build & Price tool clearly shows a $850 standalone Moonroof option on this trim (also bundled inside the TRD Sport Premium Package). Trusting Toyota as the primary/live source.,"Wheel options are never exposed as a discrete configurable step anywhere in Toyota's MY2026 Tacoma Build & Price tool, for any of the 11 trims checked (Colors / Powertrain / Packages / Options / Accessories / Summary tabs contain no wheel-choice step). Left blank rather than guessed from marketing photos. Adaptive cruise control / Toyota Safety Sense status could not be verified: the Build & Price tool only lists paid configurable options and packages, not a standard-equipment list, so this feature is omitted from common_features rather than assumed Standard. Moonroof is available two ways on this trim: as the $850 standalone Options-tab item recorded here, and bundled (at no separate incremental line item) inside the $8,465 TRD Sport Premium Package -- both routes lead to the same feature. Toyota flags the standalone Moonroof and the Premium Package as ""Additional Change(s) Required,"" meaning the exact price/availability can depend on other selections already made in the build; price shown is the tool's default-build figure. Heated Front Seats ($585 standalone) can also be reached via either package (both include heated front seats); Standalone is recorded as the lowest-cost path. Tonneau Cover: verified absent from this trim's Accessories catalog (unlike the hybrid TRD Sport i-FORCE MAX, which does list Soft/Hard Tri-Fold Tonneau Covers) -- a genuine gas-vs-hybrid catalog difference, not a missed capture (full accessories panel was re-read to confirm)."
Toyota,Tacoma,TRD Off-Road,2026,4WD,Gas,pickup truck,Bronze Oxide | Standard |  |  ;; Ice Cap | Standard |  |  ;; Celestial Silver Metallic | Standard |  |  ;; Underground | Standard |  |  ;; Black | Standard |  |  ;; Mudbath | Standard |  |  ;; Supersonic Red | Standalone | $475 |  ;; Heritage Blue | Standard |  | ,Black SofTex trim | Standard |  |  ;; Boulder/Black Fabric w/Smoke Silver | Standard |  |  ;; Boulder/Black Fabric w/Anodized Blue | Standard |  | ,,Moonroof | Standalone | $850 | ,"Double Cab (crew cab, 4-door), 5-ft bed. Row/seat layout (bench vs. bucket) not stated by the configurator.","i-FORCE 2.4L 4-Cyl. Turbo Engine | Standard |  |  ;; 4-Wheel Drive | Standard |  |  ;; 6-Speed Manual Transmission | Standard |  |  ;; 8-Speed Automatic Transmission | Standalone | $1,100 | ",Leather | Unavailable |  |  ;; Heated Front Seats | Standalone | $585 |  ;; Heated Steering Wheel | Package-only |  | TRD Off-Road Upgrade Package ;; Spray-On Bed Liner | Standalone | $575 |  ;; Tonneau Cover | Unavailable |  | ,"TRD Off-Road Premium Package | $8,940 | contents: SofTex-trimmed seats with heated and ventilated 8-way power-adjustable front seats, leather-trimmed heated steering wheel, 14-in. Toyota Audio Multimedia display, Multi-Terrain Monitor (MTM), JBL Premium Audio with JBL FLEX portable speaker, moonroof, Qi-compatible wireless charging, dual zone automatic climate control, Front and Rear Parking Assist Sonar, prewired auxiliary switches, digital rearview mirror, Integrated Trailer Brake Controller (ITBC), power open/close tailgate, Digital Key capability, 400W/120V AC power inverter, power horizontal rear window ;; TRD Off-Road Upgrade Package | $4,825 | contents: fabric-trimmed seats with heated 8-way power-adjustable front seats, leather-trimmed heated steering wheel, JBL Premium Audio with JBL FLEX portable speaker, Qi-compatible wireless charging, Front and Rear Parking Assist Sonar, prewired auxiliary switches, Integrated Trailer Brake Controller (ITBC), Digital Key capability, 400W/120V AC power inverter, power horizontal rear window",https://www.toyota.com/configurator/build/step/summary/year/2026/series/tacoma/model/7545/ ;; https://www.edmunds.com/toyota/tacoma/2026/features-specs/,Edmunds' Tacoma features-specs page states 'No moonroof or sunroof options are mentioned in the specifications.' Toyota's live Build & Price tool clearly shows a $850 standalone Moonroof option on this trim (also bundled inside the TRD Off-Road Premium Package). Trusting Toyota as the primary/live source.,"Wheel options are never exposed as a discrete configurable step anywhere in Toyota's MY2026 Tacoma Build & Price tool, for any of the 11 trims checked (Colors / Powertrain / Packages / Options / Accessories / Summary tabs contain no wheel-choice step). Left blank rather than guessed from marketing photos. Adaptive cruise control / Toyota Safety Sense status could not be verified: the Build & Price tool only lists paid configurable options and packages, not a standard-equipment list, so this feature is omitted from common_features rather than assumed Standard. Unusual for this generation: 6-Speed Manual is the $0 standard transmission on TRD Off-Road (gas) and 8-Speed Automatic is the $1,100 paid upgrade -- the reverse of every other Tacoma trim, confirmed directly from the Powertrain panel. Moonroof and Heated Front Seats have the same dual-availability (standalone item + package-bundled) as TRD Sport above; standalone price/path recorded. Tonneau Cover verified absent from this trim's Accessories catalog (present on the hybrid TRD Off-Road i-FORCE MAX) -- a genuine gas-vs-hybrid catalog difference, confirmed via a full untruncated re-read of the Accessories panel."
Toyota,Tacoma,Limited,2026,4WD,Gas,pickup truck,Bronze Oxide | Standard |  |  ;; Celestial Silver Metallic | Standard |  |  ;; Underground | Standard |  |  ;; Black | Standard |  |  ;; Supersonic Red | Standalone | $475 |  ;; Heritage Blue | Standard |  |  ;; Wind Chill Pearl | Standalone | $475 | ,Black SofTex trim | Standard |  |  ;; Boulder SofTex trim | Standard |  | ,,Moonroof | Unavailable |  | ,"Double Cab (crew cab, 4-door), 5-ft bed. Row/seat layout (bench vs. bucket) not stated by the configurator.",i-FORCE 2.4L 4-Cyl. Turbo Engine | Standard |  |  ;; 4-Wheel Drive | Standard |  |  ;; 8-Speed Automatic Transmission | Standard |  | ,Leather | Unavailable |  |  ;; Spray-On Bed Liner | Standalone | $575 |  ;; Tonneau Cover | Unavailable |  | ,Towing Technology Package | $850 | contents: Toyota Wireless Camera System (WCS),https://www.toyota.com/configurator/build/step/summary/year/2026/series/tacoma/model/7582/ ;; https://www.edmunds.com/toyota/tacoma/2026/features-specs/,No material Toyota-vs-Edmunds discrepancy identified specific to Limited.,"Wheel options are never exposed as a discrete configurable step anywhere in Toyota's MY2026 Tacoma Build & Price tool, for any of the 11 trims checked (Colors / Powertrain / Packages / Options / Accessories / Summary tabs contain no wheel-choice step). Left blank rather than guessed from marketing photos. Adaptive cruise control / Toyota Safety Sense status could not be verified: the Build & Price tool only lists paid configurable options and packages, not a standard-equipment list, so this feature is omitted from common_features rather than assumed Standard. Limited has no Packages tab at all -- only a single Options item (Towing Technology Package) and Accessories. Heated Front Seats and Heated Steering Wheel do not appear as configurable Options or inside any package on this trim; this most likely means they are included as Standard equipment on Limited rather than being unavailable, but that could not be confirmed from the Build & Price tool (which lists paid extras only, not standard equipment), so both features are left out of common_features rather than guessed. Tonneau Cover verified absent from this trim's Accessories catalog."
Toyota,Tacoma,TRD Sport i-FORCE MAX,2026,4WD,Hybrid,pickup truck,Bronze Oxide | Standard |  |  ;; Ice Cap | Standard |  |  ;; Celestial Silver Metallic | Standard |  |  ;; Underground | Standard |  |  ;; Black | Standard |  |  ;; Mudbath | Standard |  |  ;; Supersonic Red | Standalone | $475 |  ;; Heritage Blue | Standard |  |  ;; Wind Chill Pearl | Standalone | $475 | ,Boulder/Black Fabric w/Anodized Blue | Standard |  |  ;; Black SofTex trim | Standard |  |  ;; Boulder/Black Fabric w/Smoke Silver | Standard |  | ,,Moonroof | Standalone | $850 | ,"Double Cab (crew cab, 4-door), 5-ft bed. Row/seat layout (bench vs. bucket) not stated by the configurator.",i-FORCE MAX 2.4L 4-Cyl. Turbo Hybrid Powertrain | Standard |  |  ;; 4-Wheel Drive | Standard |  |  ;; 8-Speed Automatic Transmission | Standard |  | ,"Leather | Unavailable |  |  ;; Heated Front Seats | Standalone | $585 |  ;; Heated Steering Wheel | Package-only |  | TRD Sport Upgrade Package ;; Spray-On Bed Liner | Standalone | $575 |  ;; Soft Tonneau Cover | Standalone | $769 |  ;; Hard Tri-Fold Tonneau Cover | Standalone | $1,295 | ","TRD Sport Premium Package | $8,290 | contents: SofTex-trimmed seats with heated and ventilated 8-way power-adjustable front seats, leather-trimmed heated steering wheel, 14-in. Toyota Audio Multimedia display, Panoramic View Monitor (PVM), JBL Premium Audio with JBL FLEX portable speaker, moonroof, Qi-compatible wireless charging, dual zone automatic climate control, Front and Rear Parking Assist with Automatic Braking (PA w/AB) and Pedestrian Detection, digital rearview mirror, Integrated Trailer Brake Controller (ITBC), power open/close tailgate, Digital Key capability, 400W/120V AC power inverter, power horizontal rear window ;; TRD Sport Upgrade Package | $4,330 | contents: fabric-trimmed seats with heated 8-way power-adjustable front seats, leather-trimmed heated steering wheel, JBL Premium Audio with JBL FLEX portable speaker, Qi-compatible wireless charging, Front and Rear Parking Assist with Automatic Braking (PA w/AB), Integrated Trailer Brake Controller (ITBC), Digital Key capability, 400W/120V AC power inverter, power horizontal rear window",https://www.toyota.com/configurator/build/step/summary/year/2026/series/tacoma/model/7530/ ;; https://www.edmunds.com/toyota/tacoma/2026/features-specs/,Edmunds' Tacoma features-specs page states 'No moonroof or sunroof options are mentioned in the specifications.' Toyota's live Build & Price tool clearly shows a $850 standalone Moonroof option on this trim (also bundled inside the TRD Sport Premium Package). Trusting Toyota as the primary/live source.,"Wheel options are never exposed as a discrete configurable step anywhere in Toyota's MY2026 Tacoma Build & Price tool, for any of the 11 trims checked (Colors / Powertrain / Packages / Options / Accessories / Summary tabs contain no wheel-choice step). Left blank rather than guessed from marketing photos. Adaptive cruise control / Toyota Safety Sense status could not be verified: the Build & Price tool only lists paid configurable options and packages, not a standard-equipment list, so this feature is omitted from common_features rather than assumed Standard. All i-FORCE MAX (hybrid) trims are 4WD-only and automatic-only -- no drivetrain/transmission choice is offered. Moonroof and Heated Front Seats have the same dual-availability (standalone item + package-bundled) noted for the gas TRD Sport; standalone price/path recorded here."
Toyota,Tacoma,TRD Off-Road i-FORCE MAX,2026,4WD,Hybrid,pickup truck,Bronze Oxide | Standard |  |  ;; Ice Cap | Standard |  |  ;; Celestial Silver Metallic | Standard |  |  ;; Underground | Standard |  |  ;; Black | Standard |  |  ;; Mudbath | Standard |  |  ;; Supersonic Red | Standalone | $475 |  ;; Heritage Blue | Standard |  | ,Black SofTex trim | Standard |  |  ;; Boulder/Black Fabric w/Smoke Silver | Standard |  |  ;; Boulder/Black Fabric w/Anodized Blue | Standard |  | ,,Moonroof | Standalone | $850 | ,"Double Cab (crew cab, 4-door), 5-ft bed. Row/seat layout (bench vs. bucket) not stated by the configurator.",i-FORCE MAX 2.4L 4-Cyl. Turbo Hybrid Powertrain | Standard |  |  ;; 4-Wheel Drive | Standard |  |  ;; 8-Speed Automatic Transmission | Standard |  | ,"Leather | Unavailable |  |  ;; Heated Front Seats | Standalone | $585 |  ;; Heated Steering Wheel | Package-only |  | TRD Off-Road Upgrade Package ;; Spray-On Bed Liner | Standalone | $575 |  ;; Soft Tonneau Cover | Standalone | $769 |  ;; Hard Tri-Fold Tonneau Cover | Standalone | $1,295 | ","TRD Off-Road Premium Package | $8,540 | contents: SofTex-trimmed seats with heated and ventilated 8-way power-adjustable front seats, leather-trimmed heated steering wheel, 14-in. Toyota Audio Multimedia display, Multi-Terrain Monitor (MTM), JBL Premium Audio with JBL FLEX portable speaker, moonroof, Qi-compatible wireless charging, dual zone automatic climate control, Front and Rear Parking Assist Sonar, prewired auxiliary switches, digital rearview mirror, Integrated Trailer Brake Controller (ITBC), power open/close tailgate, Digital Key capability, 400W/120V AC power inverter, power horizontal rear window ;; TRD Off-Road Upgrade Package | $4,330 | contents: fabric-trimmed seats with heated 8-way power-adjustable front seats, leather-trimmed heated steering wheel, JBL Premium Audio with JBL FLEX portable speaker, Qi-compatible wireless charging, Front and Rear Parking Assist Sonar, prewired auxiliary switches, Integrated Trailer Brake Controller (ITBC), Digital Key capability, 400W/120V AC power inverter, power horizontal rear window ;; Towing Technology Package | $850 | contents: Toyota Wireless Camera System (WCS)",https://www.toyota.com/configurator/build/step/summary/year/2026/series/tacoma/model/7532/ ;; https://www.edmunds.com/toyota/tacoma/2026/features-specs/,Edmunds' Tacoma features-specs page states 'No moonroof or sunroof options are mentioned in the specifications.' Toyota's live Build & Price tool clearly shows a $850 standalone Moonroof option on this trim (also bundled inside the TRD Off-Road Premium Package). Trusting Toyota as the primary/live source.,"Wheel options are never exposed as a discrete configurable step anywhere in Toyota's MY2026 Tacoma Build & Price tool, for any of the 11 trims checked (Colors / Powertrain / Packages / Options / Accessories / Summary tabs contain no wheel-choice step). Left blank rather than guessed from marketing photos. Adaptive cruise control / Toyota Safety Sense status could not be verified: the Build & Price tool only lists paid configurable options and packages, not a standard-equipment list, so this feature is omitted from common_features rather than assumed Standard. This is the only trim where the Towing Technology Package coexists with the TRD Off-Road Premium/Upgrade packages and a standalone Moonroof in the same Options tab -- confirmed directly, not inferred. Moonroof and Heated Front Seats have the same dual-availability (standalone item + package-bundled) noted for the gas TRD Off-Road; standalone price/path recorded here."
Toyota,Tacoma,Limited i-FORCE MAX,2026,4WD,Hybrid,pickup truck,Bronze Oxide | Standard |  |  ;; Celestial Silver Metallic | Standard |  |  ;; Underground | Standard |  |  ;; Black | Standard |  |  ;; Supersonic Red | Standalone | $475 |  ;; Heritage Blue | Standard |  |  ;; Wind Chill Pearl | Standalone | $475 | ,Black SofTex trim | Standard |  |  ;; Boulder SofTex trim | Standard |  | ,,Moonroof | Unavailable |  | ,"Double Cab (crew cab, 4-door), 5-ft bed. Row/seat layout (bench vs. bucket) not stated by the configurator.",i-FORCE MAX 2.4L 4-Cyl. Turbo Hybrid Powertrain | Standard |  |  ;; 4-Wheel Drive | Standard |  |  ;; 8-Speed Automatic Transmission | Standard |  | ,Leather | Unavailable |  |  ;; Spray-On Bed Liner | Standalone | $575 |  ;; Tonneau Cover | Unavailable |  | ,Towing Technology Package | $850 | contents: Toyota Wireless Camera System (WCS),https://www.toyota.com/configurator/build/step/summary/year/2026/series/tacoma/model/7534/ ;; https://www.edmunds.com/toyota/tacoma/2026/features-specs/,No material Toyota-vs-Edmunds discrepancy identified specific to Limited i-FORCE MAX.,"Wheel options are never exposed as a discrete configurable step anywhere in Toyota's MY2026 Tacoma Build & Price tool, for any of the 11 trims checked (Colors / Powertrain / Packages / Options / Accessories / Summary tabs contain no wheel-choice step). Left blank rather than guessed from marketing photos. Adaptive cruise control / Toyota Safety Sense status could not be verified: the Build & Price tool only lists paid configurable options and packages, not a standard-equipment list, so this feature is omitted from common_features rather than assumed Standard. Same as gas Limited: no Packages tab, only the Towing Technology Package under Options. Heated Front Seats and Heated Steering Wheel do not appear as configurable items on this trim; most likely Standard equipment but not confirmable from this source, so left out of common_features rather than guessed. Tonneau Cover verified absent from this trim's Accessories catalog."
Toyota,Tacoma,Trailhunter,2026,4WD,Hybrid,pickup truck,Bronze Oxide | Standard |  |  ;; Ice Cap | Standard |  |  ;; Celestial Silver Metallic | Standard |  |  ;; Underground | Standard |  |  ;; Black | Standard |  | ,Mineral SofTex | Standard |  | ,,Moonroof | Unavailable |  | ,"Double Cab (crew cab, 4-door), 5-ft bed. Row/seat layout (bench vs. bucket) not stated by the configurator.",i-FORCE MAX 2.4L 4-Cyl. Turbo Hybrid Powertrain | Standard |  |  ;; 4-Wheel Drive | Standard |  |  ;; 8-Speed Automatic Transmission | Standard |  | ,Leather | Unavailable |  |  ;; Spray-On Bed Liner | Standalone | $575 |  ;; Tonneau Cover | Unavailable |  | ,Towing Technology Package | $850 | contents: Toyota Wireless Camera System (WCS),https://www.toyota.com/configurator/build/step/summary/year/2026/series/tacoma/model/7536/ ;; https://www.edmunds.com/toyota/tacoma/2026/features-specs/,No material Toyota-vs-Edmunds discrepancy identified specific to Trailhunter.,"Wheel options are never exposed as a discrete configurable step anywhere in Toyota's MY2026 Tacoma Build & Price tool, for any of the 11 trims checked (Colors / Powertrain / Packages / Options / Accessories / Summary tabs contain no wheel-choice step). Left blank rather than guessed from marketing photos. Adaptive cruise control / Toyota Safety Sense status could not be verified: the Build & Price tool only lists paid configurable options and packages, not a standard-equipment list, so this feature is omitted from common_features rather than assumed Standard. Trailhunter offers only one interior (Mineral SofTex) and a narrower 5-color exterior palette (no premium/tri-coat colors) -- confirmed, not a capture gap. No Packages tab; only Towing Technology Package under Options. Heated Front Seats and Heated Steering Wheel do not appear as configurable items on this trim; most likely Standard equipment but not confirmable from this source, so left out of common_features rather than guessed. Tonneau Cover verified absent from this trim's Accessories catalog."
Toyota,Tacoma,TRD Pro,2026,4WD,Hybrid,pickup truck,Wave Maker with Black roof | Standalone | $695 |  ;; Ice Cap with Black roof | Standard |  |  ;; Underground with Black roof | Standard |  |  ;; Black | Standard |  | ,Black SofTex | Standard |  |  ;; Cockpit Red SofTex | Standard |  | ,,Moonroof | Unavailable |  | ,"Double Cab (crew cab, 4-door), 5-ft bed. Row/seat layout (bench vs. bucket) not stated by the configurator.",i-FORCE MAX 2.4L 4-Cyl. Turbo Hybrid Powertrain | Standard |  |  ;; 4-Wheel Drive | Standard |  |  ;; 8-Speed Automatic Transmission | Standard |  | ,"Leather | Unavailable |  |  ;; Spray-On Bed Liner | Standalone | $575 |  ;; Soft Tonneau Cover | Standalone | $769 |  ;; Hard Tri-Fold Tonneau Cover | Standalone | $1,295 | ",Towing Technology Package | $850 | contents: Toyota Wireless Camera System (WCS),https://www.toyota.com/configurator/build/step/summary/year/2026/series/tacoma/model/7598/ ;; https://www.edmunds.com/toyota/tacoma/2026/features-specs/,No material Toyota-vs-Edmunds discrepancy identified specific to TRD Pro.,"Wheel options are never exposed as a discrete configurable step anywhere in Toyota's MY2026 Tacoma Build & Price tool, for any of the 11 trims checked (Colors / Powertrain / Packages / Options / Accessories / Summary tabs contain no wheel-choice step). Left blank rather than guessed from marketing photos. Adaptive cruise control / Toyota Safety Sense status could not be verified: the Build & Price tool only lists paid configurable options and packages, not a standard-equipment list, so this feature is omitted from common_features rather than assumed Standard. TRD Pro's exterior palette is TRD Pro-specific (unique 'with Black roof' two-tone treatments) rather than the shared Tacoma palette used by other trims -- confirmed, not a capture gap. TRD Pro's Accessories tab also shows a distinct 'Tires/Wheels' accessory category that was not explored in depth (out of scope: the task asks about the factory configurator's build options, and this is a dealer-installed accessory category, not a build-step wheel choice). No Packages tab; only Towing Technology Package under Options. Heated Front Seats and Heated Steering Wheel do not appear as configurable items on this trim; most likely Standard equipment but not confirmable from this source, so left out of common_features rather than guessed."
Toyota,bZ,XLE FWD,2026,FWD,EV,SUV,Blueprint | Standalone |  |  ;; Wind Chill Pearl | Standalone |  |  ;; Midnight Black Metallic | Standalone |  |  ;; Supersonic Red | Standalone |  |  ;; Heavy Metal | Standalone |  | ,Black (leatherette/cloth) | Standard |  | ,"18 in. alloy wheels w/ partial wheel covers, 235/60R18 tires | Standard |  | ","Panoramic Fixed Glass Roof w/Power Shade | Standalone | +$1,000 | ","5-seat, 2-row SUV layout; no alternate seating configuration or capacity offered on any bZ or bZ Woodland trim","Single front electric motor, 165-221 hp (Edmunds lists 165 hp under Engine spec block but 221 hp under the powertrain comparison also used for XLE Plus/Limited FWD -- both figures came from Edmunds' own page for this exact trim and could not be reconciled against a second source; reported as found) / 198 lb-ft, EPA range 314 mi, curb weight 4,057 lbs. This is a single fixed powertrain -- Toyota's site offers no further battery/motor sub-choice within the XLE FWD selection itself (AWD is a separate trim listing).","Leather/leatherette seating (upgraded, no cloth) | Unavailable |  |  ;; Heated front seats (driver + passenger) | Standard |  |  ;; Heated steering wheel | Standard |  |  ;; Moonroof (Panoramic Fixed Glass Roof w/Power Shade) | Standalone | +$1,000 |  ;; Adaptive cruise control | Standard |  |  ;; Wireless phone charging | Standard |  |  ;; Heat pump (extended cabin heating/cooling) | Standard |  | ",,"https://www.edmunds.com/toyota/bz/2026/features-specs/ (trim=XLE, style 402070236) ;; https://www.edmunds.com/toyota/bz/2026/ ;; https://www.toyota.com/bz/2026/ (as of 2026-09-09 this now redirects into Toyota's live Build & Price tool for an unrelated model/series -- Toyota's own MY2026 bZ configurator is no longer reachable; MY2027 is the only year the live tool serves)","Where both sources could be compared (XLE Plus and Limited FWD), Toyota's own archived spec-compare page and Edmunds agreed exactly on exterior color names/count (5 solid colors) and on Limited's base MSRP ($43,300 pre-destination / $37,900 for XLE Plus) -- no discrepancy found for those two trims. For the other 5 trims (XLE, XLE AWD, XLE Plus is covered, Limited AWD, both Woodland trims) no archived Toyota comparison page could be located (Wayback only captured the 2870/2880 pairing), so those rows rely on Edmunds alone and could not be cross-checked against Toyota's own site. XLE (base, non-Plus) specifically could not be checked against any archived Toyota page.","Exact per-color extra-cost amounts could not be confirmed for any trim: Edmunds' spec page does not publish color price deltas, and Toyota's own archived MY2026 Build & Price captures never finished loading their pricing/options API (pages hung on loading skeletons in Wayback Machine playback), so color upcharges are left blank rather than guessed. Power liftgate is omitted from common_features for every trim: it is not documented as standard, optional, or unavailable by either Edmunds or the archived Toyota material, so its status could not be confirmed. Toyota's live Build & Price tool for the bZ now serves MY2027 only (2 trims: XLE, Limited) -- navigating to the MY2026 configurator URL redirects into an unrelated in-progress build (e.g. a Tacoma or Corolla), so all MY2026 trim/color/package detail below comes from Edmunds' 2026 Specs & Features pages (which mirror OEM data feeds) cross-checked against an Internet Archive Wayback Machine capture of Toyota's own official spec-compare page for XLE Plus vs Limited FWD (2870 vs 2880), taken while MY2026 was the current model year. Edmunds itself shows two different horsepower figures for this trim (165 hp in the Engine spec block vs 221 hp elsewhere on Edmunds for the same style) -- reported verbatim rather than picking one, since neither could be confirmed against Toyota's own (inaccessible) MY2026 spec sheet."
Toyota,bZ,XLE AWD,2026,AWD,EV,SUV,Blueprint | Standalone |  |  ;; Wind Chill Pearl | Standalone |  |  ;; Midnight Black Metallic | Standalone |  |  ;; Supersonic Red | Standalone |  |  ;; Heavy Metal | Standalone |  | ,Black (leatherette/cloth) | Standard |  | ,"18 in. alloy wheels w/ partial wheel covers, 235/60R18 tires | Standard |  | ","Panoramic Fixed Glass Roof w/Power Shade | Standalone | +$1,000 | ","5-seat, 2-row SUV layout; no alternate seating configuration or capacity offered on any bZ or bZ Woodland trim","Dual electric motors (AWD), 338 hp / 323 lb-ft, EPA range 288 mi, curb weight 4,376 lbs, Descent Control standard (AWD-only feature). Single fixed powertrain -- no further battery/motor sub-choice offered within the XLE AWD selection itself.","Leather/leatherette seating (upgraded, no cloth) | Unavailable |  |  ;; Heated front seats (driver + passenger) | Standard |  |  ;; Heated steering wheel | Standard |  |  ;; Moonroof (Panoramic Fixed Glass Roof w/Power Shade) | Standalone | +$1,000 |  ;; Adaptive cruise control | Standard |  |  ;; Wireless phone charging | Standard |  |  ;; Heat pump (extended cabin heating/cooling) | Standard |  | ",,"https://www.edmunds.com/toyota/bz/2026/features-specs/ (trim=XLE AWD, style 402088754) ;; https://www.edmunds.com/toyota/bz/2026/ ;; https://www.toyota.com/bz/2026/ (as of 2026-09-09 this now redirects into Toyota's live Build & Price tool for an unrelated model/series -- Toyota's own MY2026 bZ configurator is no longer reachable; MY2027 is the only year the live tool serves)","Where both sources could be compared (XLE Plus and Limited FWD), Toyota's own archived spec-compare page and Edmunds agreed exactly on exterior color names/count (5 solid colors) and on Limited's base MSRP ($43,300 pre-destination / $37,900 for XLE Plus) -- no discrepancy found for those two trims. For the other 5 trims (XLE, XLE AWD, XLE Plus is covered, Limited AWD, both Woodland trims) no archived Toyota comparison page could be located (Wayback only captured the 2870/2880 pairing), so those rows rely on Edmunds alone and could not be cross-checked against Toyota's own site. XLE AWD specifically could not be checked against any archived Toyota page.","Exact per-color extra-cost amounts could not be confirmed for any trim: Edmunds' spec page does not publish color price deltas, and Toyota's own archived MY2026 Build & Price captures never finished loading their pricing/options API (pages hung on loading skeletons in Wayback Machine playback), so color upcharges are left blank rather than guessed. Power liftgate is omitted from common_features for every trim: it is not documented as standard, optional, or unavailable by either Edmunds or the archived Toyota material, so its status could not be confirmed. Toyota's live Build & Price tool for the bZ now serves MY2027 only (2 trims: XLE, Limited) -- navigating to the MY2026 configurator URL redirects into an unrelated in-progress build (e.g. a Tacoma or Corolla), so all MY2026 trim/color/package detail below comes from Edmunds' 2026 Specs & Features pages (which mirror OEM data feeds) cross-checked against an Internet Archive Wayback Machine capture of Toyota's own official spec-compare page for XLE Plus vs Limited FWD (2870 vs 2880), taken while MY2026 was the current model year."
Toyota,bZ,XLE Plus FWD,2026,FWD,EV,SUV,Blueprint | Standalone |  |  ;; Wind Chill Pearl | Standalone |  |  ;; Midnight Black Metallic | Standalone |  |  ;; Supersonic Red | Standalone |  |  ;; Heavy Metal | Standalone |  | ,Black (leatherette/cloth) | Standard |  | ,"18 in. alloy wheels w/ partial wheel covers, 235/60R18 tires | Standard |  | ","Panoramic Fixed Glass Roof w/Power Shade | Standalone | +$1,000 | ","5-seat, 2-row SUV layout; no alternate seating configuration or capacity offered on any bZ or bZ Woodland trim","Single front electric motor, 221 hp / 198 lb-ft, EPA range 236 mi, curb weight 4,156 lbs. Notably lower EPA range than base XLE FWD (236 vs 314 mi) despite an identical motor and the same 18-in wheel/tire spec per Edmunds -- reported as found; the cause (e.g. undisclosed equipment/weight differences) could not be confirmed. Single fixed powertrain -- no further battery/motor sub-choice offered within this trim selection.","Leather/leatherette seating (upgraded, no cloth) | Unavailable |  |  ;; Heated front seats (driver + passenger) | Standard |  |  ;; Heated steering wheel | Standard |  |  ;; Moonroof (Panoramic Fixed Glass Roof w/Power Shade) | Standalone | +$1,000 |  ;; Adaptive cruise control | Standard |  |  ;; Wireless phone charging | Standard |  |  ;; Heat pump (extended cabin heating/cooling) | Standard |  | ",,"https://www.edmunds.com/toyota/bz/2026/features-specs/ (trim=XLE Plus, style 402088756) ;; https://www.edmunds.com/toyota/bz/2026/ ;; https://web.archive.org/web/20250923001654/https://www.toyota.com/bz/features/mpg_other_price/2870/2880 (archived Toyota.com official spec-compare tool, captured while MY2026 was current)","Where both sources could be compared (XLE Plus and Limited FWD), Toyota's own archived spec-compare page and Edmunds agreed exactly on exterior color names/count (5 solid colors) and on Limited's base MSRP ($43,300 pre-destination / $37,900 for XLE Plus) -- no discrepancy found for those two trims. For the other 5 trims (XLE, XLE AWD, XLE Plus is covered, Limited AWD, both Woodland trims) no archived Toyota comparison page could be located (Wayback only captured the 2870/2880 pairing), so those rows rely on Edmunds alone and could not be cross-checked against Toyota's own site.","Exact per-color extra-cost amounts could not be confirmed for any trim: Edmunds' spec page does not publish color price deltas, and Toyota's own archived MY2026 Build & Price captures never finished loading their pricing/options API (pages hung on loading skeletons in Wayback Machine playback), so color upcharges are left blank rather than guessed. Power liftgate is omitted from common_features for every trim: it is not documented as standard, optional, or unavailable by either Edmunds or the archived Toyota material, so its status could not be confirmed. Toyota's live Build & Price tool for the bZ now serves MY2027 only (2 trims: XLE, Limited) -- navigating to the MY2026 configurator URL redirects into an unrelated in-progress build (e.g. a Tacoma or Corolla), so all MY2026 trim/color/package detail below comes from Edmunds' 2026 Specs & Features pages (which mirror OEM data feeds) cross-checked against an Internet Archive Wayback Machine capture of Toyota's own official spec-compare page for XLE Plus vs Limited FWD (2870 vs 2880), taken while MY2026 was the current model year."
Toyota,bZ,Limited FWD,2026,FWD,EV,SUV,Blueprint | Standalone |  |  ;; Wind Chill Pearl | Standalone |  |  ;; Midnight Black Metallic | Standalone |  |  ;; Supersonic Red | Standalone |  |  ;; Heavy Metal | Standalone |  |  ;; Heavy Metal w/Midnight Black Metallic Roof | Standalone |  |  ;; Supersonic Red w/Midnight Black Metallic Roof | Standalone |  |  ;; Wind Chill Pearl w/Midnight Black Metallic Roof | Standalone |  | ,Light Gray (leatherette) | Standalone |  |  ;; Black (leatherette) | Standalone |  | ,"20 in. painted/polished alloy wheels, all-season tires | Standard |  | ",1st-row fixed glass extended moonroof + 2nd-row fixed glass moonroof | Standard |  | ,"5-seat, 2-row SUV layout; no alternate seating configuration or capacity offered on any bZ or bZ Woodland trim","Single front electric motor, 221 hp / 198 lb-ft, EPA range 296 mi, curb weight 4,233 lbs. Single fixed powertrain -- no further battery/motor sub-choice offered within the Limited FWD selection itself (AWD is a separate trim listing).","Leather/leatherette seating (upgraded, no cloth) | Standard |  |  ;; Heated front seats (driver + passenger) | Standard |  |  ;; Heated steering wheel | Standard |  |  ;; Moonroof (1st-row fixed glass extended moonroof + 2nd-row fixed glass moonroof) | Standard |  |  ;; Adaptive cruise control | Standard |  |  ;; Wireless phone charging | Standard |  |  ;; Heat pump (extended cabin heating/cooling) | Standard |  | ",,"https://www.edmunds.com/toyota/bz/2026/features-specs/ (trim=Limited, style 402088755) ;; https://www.edmunds.com/toyota/bz/2026/ ;; https://web.archive.org/web/20250923001654/https://www.toyota.com/bz/features/mpg_other_price/2870/2880 (archived Toyota.com official spec-compare tool, captured while MY2026 was current)","Where both sources could be compared (XLE Plus and Limited FWD), Toyota's own archived spec-compare page and Edmunds agreed exactly on exterior color names/count (5 solid colors) and on Limited's base MSRP ($43,300 pre-destination / $37,900 for XLE Plus) -- no discrepancy found for those two trims. For the other 5 trims (XLE, XLE AWD, XLE Plus is covered, Limited AWD, both Woodland trims) no archived Toyota comparison page could be located (Wayback only captured the 2870/2880 pairing), so those rows rely on Edmunds alone and could not be cross-checked against Toyota's own site.","Exact per-color extra-cost amounts could not be confirmed for any trim: Edmunds' spec page does not publish color price deltas, and Toyota's own archived MY2026 Build & Price captures never finished loading their pricing/options API (pages hung on loading skeletons in Wayback Machine playback), so color upcharges are left blank rather than guessed. Power liftgate is omitted from common_features for every trim: it is not documented as standard, optional, or unavailable by either Edmunds or the archived Toyota material, so its status could not be confirmed. Toyota's live Build & Price tool for the bZ now serves MY2027 only (2 trims: XLE, Limited) -- navigating to the MY2026 configurator URL redirects into an unrelated in-progress build (e.g. a Tacoma or Corolla), so all MY2026 trim/color/package detail below comes from Edmunds' 2026 Specs & Features pages (which mirror OEM data feeds) cross-checked against an Internet Archive Wayback Machine capture of Toyota's own official spec-compare page for XLE Plus vs Limited FWD (2870 vs 2880), taken while MY2026 was the current model year. JBL Premium Audio appears only for Limited/Limited AWD as a standalone +$580 option (not one of the requested common_features, noted here for completeness)."
Toyota,bZ,Limited AWD,2026,AWD,EV,SUV,Blueprint | Standalone |  |  ;; Wind Chill Pearl | Standalone |  |  ;; Midnight Black Metallic | Standalone |  |  ;; Supersonic Red | Standalone |  |  ;; Heavy Metal | Standalone |  |  ;; Heavy Metal w/Midnight Black Metallic Roof | Standalone |  |  ;; Supersonic Red w/Midnight Black Metallic Roof | Standalone |  |  ;; Wind Chill Pearl w/Midnight Black Metallic Roof | Standalone |  | ,Light Gray (leatherette) | Standalone |  |  ;; Black (leatherette) | Standalone |  | ,"20 in. painted/polished alloy wheels, all-season tires | Standard |  | ",1st-row fixed glass extended moonroof + 2nd-row fixed glass moonroof | Standard |  | ,"5-seat, 2-row SUV layout; no alternate seating configuration or capacity offered on any bZ or bZ Woodland trim","Dual electric motors (AWD), 338 hp / 323 lb-ft, EPA range 278 mi, curb weight 4,453 lbs, Descent Control standard. Single fixed powertrain -- no further battery/motor sub-choice offered within the Limited AWD selection itself.","Leather/leatherette seating (upgraded, no cloth) | Standard |  |  ;; Heated front seats (driver + passenger) | Standard |  |  ;; Heated steering wheel | Standard |  |  ;; Moonroof (1st-row fixed glass extended moonroof + 2nd-row fixed glass moonroof) | Standard |  |  ;; Adaptive cruise control | Standard |  |  ;; Wireless phone charging | Standard |  |  ;; Heat pump (extended cabin heating/cooling) | Standard |  | ",,"https://www.edmunds.com/toyota/bz/2026/features-specs/ (trim=Limited AWD, style 402088753) ;; https://www.edmunds.com/toyota/bz/2026/","Where both sources could be compared (XLE Plus and Limited FWD), Toyota's own archived spec-compare page and Edmunds agreed exactly on exterior color names/count (5 solid colors) and on Limited's base MSRP ($43,300 pre-destination / $37,900 for XLE Plus) -- no discrepancy found for those two trims. For the other 5 trims (XLE, XLE AWD, XLE Plus is covered, Limited AWD, both Woodland trims) no archived Toyota comparison page could be located (Wayback only captured the 2870/2880 pairing), so those rows rely on Edmunds alone and could not be cross-checked against Toyota's own site. Limited AWD specifically could not be checked against any archived Toyota page.","Exact per-color extra-cost amounts could not be confirmed for any trim: Edmunds' spec page does not publish color price deltas, and Toyota's own archived MY2026 Build & Price captures never finished loading their pricing/options API (pages hung on loading skeletons in Wayback Machine playback), so color upcharges are left blank rather than guessed. Power liftgate is omitted from common_features for every trim: it is not documented as standard, optional, or unavailable by either Edmunds or the archived Toyota material, so its status could not be confirmed. Toyota's live Build & Price tool for the bZ now serves MY2027 only (2 trims: XLE, Limited) -- navigating to the MY2026 configurator URL redirects into an unrelated in-progress build (e.g. a Tacoma or Corolla), so all MY2026 trim/color/package detail below comes from Edmunds' 2026 Specs & Features pages (which mirror OEM data feeds) cross-checked against an Internet Archive Wayback Machine capture of Toyota's own official spec-compare page for XLE Plus vs Limited FWD (2870 vs 2880), taken while MY2026 was the current model year. Heat pump / extended cabin heating-cooling was directly confirmed Standard on Limited FWD but not individually re-verified on Limited AWD; reported as Standard here on the strength of the identical pattern seen on every other trim/drivetrain pairing checked (XLE vs XLE AWD, Woodland base vs Premium all matched on this feature)."
Toyota,bZ,Woodland,2026,AWD,EV,SUV,Trueno Blue | Standalone |  |  ;; Steel | Standalone |  |  ;; Pavement | Standalone |  |  ;; Halo | Standalone |  |  ;; Raven | Standalone |  |  ;; Stepping Stone | Standalone |  | ,Stone Brown (leatherette) | Standalone |  |  ;; Black (leatherette) | Standalone |  | ,18 in. painted alloy wheels w/ partial wheel covers | Standard |  | ,Fixed glass moonroof | Unavailable |  | ,"5-seat, 2-row SUV layout; no alternate seating configuration or capacity offered on any bZ or bZ Woodland trim","Dual electric motors (AWD), 375 hp / 396 lb-ft, EPA range 281 mi, curb weight 4,442 lbs, max towing 3,500 lbs (higher-output motor than the regular bZ/bZ AWD, unique to the Woodland sub-line). Single fixed powertrain -- no further battery/motor sub-choice offered within the Woodland selection itself.","Leather/leatherette seating (upgraded, no cloth) | Standard |  |  ;; Heated front seats (driver + passenger) | Standard |  |  ;; Heated steering wheel | Standard |  |  ;; Moonroof | Unavailable |  |  ;; Adaptive cruise control | Standard |  |  ;; Wireless phone charging | Standard |  |  ;; Heat pump (extended cabin heating/cooling) | Standard |  | ",,"https://www.edmunds.com/toyota/bz-woodland/2026/features-specs/ (trim=Woodland base, style 402098249) ;; https://www.edmunds.com/toyota/bz-woodland/","Woodland uses an entirely separate exterior color palette from the regular bZ/bZ Plus/Limited lineup (no shared color names) and a different, higher-output AWD powertrain -- could not be cross-checked against Toyota's own site; no archived Toyota comparison page exists for either Woodland trim.","Exact per-color extra-cost amounts could not be confirmed for any trim: Edmunds' spec page does not publish color price deltas, and Toyota's own archived MY2026 Build & Price captures never finished loading their pricing/options API (pages hung on loading skeletons in Wayback Machine playback), so color upcharges are left blank rather than guessed. Power liftgate is omitted from common_features for every trim: it is not documented as standard, optional, or unavailable by either Edmunds or the archived Toyota material, so its status could not be confirmed. Toyota's live Build & Price tool for the bZ now serves MY2027 only (2 trims: XLE, Limited) -- navigating to the MY2026 configurator URL redirects into an unrelated in-progress build (e.g. a Tacoma or Corolla), so all MY2026 trim/color/package detail below comes from Edmunds' 2026 Specs & Features pages (which mirror OEM data feeds) cross-checked against an Internet Archive Wayback Machine capture of Toyota's own official spec-compare page for XLE Plus vs Limited FWD (2870 vs 2880), taken while MY2026 was the current model year. Woodland base has no moonroof at all on Edmunds' spec sheet (not even as a paid option), unlike XLE/XLE AWD/XLE Plus where the same roof is a $1,000 standalone option -- reported as Unavailable rather than blank because its total absence from Edmunds' options/packages list for this trim (while present for every other trim) is itself the evidence."
Toyota,bZ,Woodland Premium,2026,AWD,EV,SUV,Trueno Blue | Standalone |  |  ;; Steel | Standalone |  |  ;; Pavement | Standalone |  |  ;; Halo | Standalone |  |  ;; Raven | Standalone |  |  ;; Stepping Stone | Standalone |  | ,Stone Brown (leatherette) | Standalone |  |  ;; Black (leatherette) | Standalone |  | ,18 in. painted alloy wheels w/ partial wheel covers | Standard |  | ,1st-row fixed glass extended moonroof + 2nd-row fixed glass moonroof | Standard |  | ,"5-seat, 2-row SUV layout; no alternate seating configuration or capacity offered on any bZ or bZ Woodland trim","Dual electric motors (AWD), 375 hp / 396 lb-ft, EPA range 281 mi, curb weight 4,497 lbs, max towing 3,500 lbs. Single fixed powertrain -- no further battery/motor sub-choice offered within the Woodland Premium selection itself.","Leather/leatherette seating (upgraded, no cloth) | Standard |  |  ;; Heated front seats (driver + passenger) | Standard |  |  ;; Heated steering wheel | Standard |  |  ;; Moonroof (1st-row fixed glass extended moonroof + 2nd-row fixed glass moonroof) | Standard |  |  ;; Adaptive cruise control | Standard |  |  ;; Wireless phone charging | Standard |  |  ;; Heat pump (extended cabin heating/cooling) | Standard |  | ",,"https://www.edmunds.com/toyota/bz-woodland/2026/features-specs/ (trim=Woodland Premium, style 402101274) ;; https://www.edmunds.com/toyota/bz-woodland/","Same color-palette/powertrain caveat as Woodland base -- no archived Toyota comparison page exists for either Woodland trim, so this row is Edmunds-only and could not be cross-checked against Toyota.com.","Exact per-color extra-cost amounts could not be confirmed for any trim: Edmunds' spec page does not publish color price deltas, and Toyota's own archived MY2026 Build & Price captures never finished loading their pricing/options API (pages hung on loading skeletons in Wayback Machine playback), so color upcharges are left blank rather than guessed. Power liftgate is omitted from common_features for every trim: it is not documented as standard, optional, or unavailable by either Edmunds or the archived Toyota material, so its status could not be confirmed. Toyota's live Build & Price tool for the bZ now serves MY2027 only (2 trims: XLE, Limited) -- navigating to the MY2026 configurator URL redirects into an unrelated in-progress build (e.g. a Tacoma or Corolla), so all MY2026 trim/color/package detail below comes from Edmunds' 2026 Specs & Features pages (which mirror OEM data feeds) cross-checked against an Internet Archive Wayback Machine capture of Toyota's own official spec-compare page for XLE Plus vs Limited FWD (2870 vs 2880), taken while MY2026 was the current model year. JBL premium speakers are Standard on Woodland Premium (vs absent on Woodland base) -- noted for completeness though not one of the requested common_features."
Toyota,Camry,LE,2026,"FWD standard | AWD optional | +$1,525",Hybrid (2.5L 4-Cyl Hybrid),Sedan,Supersonic Red | Standalone | $475 |  ;; Ocean Gem | Standard | |  ;; Ice Cap | Standard | |  ;; Celestial Silver Metallic | Standard | |  ;; Midnight Black Metallic | Standard | |  ;; Reservoir Blue | Standard | |  ;; Underground | Standard | | ,Black fabric | Standard | |  ;; Boulder fabric | Standard | | ,Standard wheels only (exact size/spec not itemized as a standalone purchasable option in Toyota's build tool for this trim) | Standard | | ,Power tilt/slide moonroof | Standalone | $870 | ,"5-passenger sedan seating, fixed 2-row layout (no configuration choice) | Standard | | ",2.5L 4-Cylinder Hybrid (only engine offered; no alternative engine choice within trim) | Standard | | ,Leather | Unavailable | |  ;; Heated seats | Package-only | | Cold Weather Package ;; Heated steering wheel | Package-only | | Cold Weather Package ;; Power liftgate | Not Applicable | |  ;; Adaptive cruise control (TSS 3.0 Full-Speed Range Dynamic Radar Cruise Control) | Standard | |  ;; Wireless charging | Unconfirmed | |  ;; Moonroof | Standalone | $870 | ,"Convenience Package | $1,050 | contents: Auto-dimming rearview mirror w/HomeLink universal garage door opener, Smart Key System on front doors, Power-adjustable driver's seat ;; Cold Weather Package | $610 | contents: Heated leather steering wheel, Heated front seats",https://www.toyota.com/configurator/build/step/color/year/2026/series/camry/model/2559/ ;; https://www.toyota.com/camry/features/mpg_other_price/2559/ ;; https://www.edmunds.com/toyota/camry/2026/features-specs/,"Edmunds lists LE (FWD) Starting MSRP as $29,600 vs Toyota build-tool as-built base of $30,895 (default no-cost color); the $1,295 gap is consistent with Toyota's destination/handling fee, which Edmunds' quoted MSRP excludes. No feature-level discrepancies found for LE between the two sources.","Wireless charging availability not independently confirmed for Camry LE (not found in packages/options reviewed on Toyota's build tool); left as 'Unconfirmed' rather than guessed, per no-fabrication rule. Exact wheel size/spec not itemized as a standalone option in the build tool and not separately confirmed."
Toyota,Camry,SE,2026,"FWD standard | AWD optional | +$1,525",Hybrid (2.5L 4-Cyl Hybrid),Sedan,Supersonic Red | Standalone | $475 |  ;; Dark Cosmos | Standalone | $475 |  ;; Ocean Gem | Standard | |  ;; Heavy Metal | Standalone | $475 |  ;; Ice Cap | Standard | |  ;; Midnight Black Metallic | Standard | |  ;; Reservoir Blue | Standard | |  ;; Underground | Standard | | ,Black SofTex/fabric mixed media trim | Standard | |  ;; Boulder SofTex/fabric mixed media trim | Standard | | ,Standard wheels only (exact size/spec not itemized as a standalone purchasable option in Toyota's build tool for this trim) | Standard | | ,Power tilt/slide moonroof | Standalone | $870 | ,"5-passenger sedan seating, fixed 2-row layout (no configuration choice) | Standard | | ",2.5L 4-Cylinder Hybrid (only engine offered; no alternative engine choice within trim) | Standard | | ,Leather | Unavailable | |  ;; Heated seats | Package-only | | Cold Weather Package ;; Heated steering wheel | Package-only | | Cold Weather Package ;; Power liftgate | Not Applicable | |  ;; Adaptive cruise control (TSS 3.0 Full-Speed Range Dynamic Radar Cruise Control) | Standard | |  ;; Wireless charging | Unconfirmed | |  ;; Moonroof | Standalone | $870 | ,"Convenience Package | $600 | contents: Auto-dimming rearview mirror w/HomeLink universal garage door opener, Smart Key System on front doors ;; Cold Weather Package | $500 | contents: Heated leather steering wheel, Paddle shifters, Heated front seats ;; Multimedia Upgrade Package | $735 | contents: 12.3-in. Toyota Audio Multimedia touchscreen",https://www.toyota.com/configurator/build/step/color/year/2026/series/camry/model/2561/ ;; https://www.toyota.com/camry/features/mpg_other_price/2561/ ;; https://www.edmunds.com/toyota/camry/2026/features-specs/,"Edmunds lists SE (FWD) Starting MSRP as $32,100 vs Toyota build-tool as-built base of $33,395 (default no-cost color); the $1,295 gap matches the LE trim's gap exactly and is consistent with Toyota's destination fee, which Edmunds excludes from its quoted MSRP. Package pricing (Convenience $600, Cold Weather $500) matches exactly between Toyota's tool and Edmunds' package list. No feature discrepancies found.",Wireless charging availability not independently confirmed for Camry SE; left as 'Unconfirmed' rather than guessed. Exact wheel size/spec not itemized as a standalone option and not separately confirmed.
Toyota,Camry,Nightshade,2026,"AWD standard | FWD optional | -$1,525 (credit)",Hybrid (2.5L 4-Cyl Hybrid),Sedan,Supersonic Red | Standalone | $475 |  ;; Ice Cap | Standard | |  ;; Midnight Black Metallic | Standard | | ,Black SofTex/fabric mixed media trim | Standard | | ,Standard wheels only (exact size/spec not itemized as a standalone purchasable option in Toyota's build tool for this trim) | Standard | | ,Power tilt/slide moonroof | Standalone | $870 | ,"5-passenger sedan seating, fixed 2-row layout (no configuration choice) | Standard | | ",2.5L 4-Cylinder Hybrid (only engine offered; no alternative engine choice within trim) | Standard | | ,Leather | Unavailable | |  ;; Heated seats | Package-only | | Cold Weather Package ;; Heated steering wheel | Package-only | | Cold Weather Package ;; Power liftgate | Not Applicable | |  ;; Adaptive cruise control (TSS 3.0 Full-Speed Range Dynamic Radar Cruise Control) | Standard | |  ;; Wireless charging | Unconfirmed | |  ;; Moonroof | Standalone | $870 | ,"Convenience Package | $600 | contents: Auto-dimming rearview mirror w/HomeLink universal garage door opener, Smart Key System on front doors ;; Cold Weather Package | $500 | contents: Heated leather steering wheel, Paddle shifters, Heated front seats ;; Multimedia Upgrade Package | $735 | contents: 12.3-in. Toyota Audio Multimedia touchscreen",https://www.toyota.com/configurator/build/step/color/year/2026/series/camry/model/2551/ ;; https://www.toyota.com/camry/features/mpg_other_price/2551/ ;; https://www.edmunds.com/toyota/camry/2026/features-specs/,"PRICING ANOMALY: Edmunds lists Nightshade AWD Starting MSRP as $34,625 — identical to Toyota's own AWD-standard as-built base of $34,625, i.e. NO destination-fee gap, unlike every other Camry trim checked (LE/SE both show a consistent ~$1,295 Toyota-above-Edmunds gap attributable to destination fee). Edmunds' Nightshade FWD row is listed at $33,100 (exactly $1,525 below its own AWD row, matching Toyota's FWD credit amount), so the AWD figure itself is internally consistent with Toyota's AWD/FWD delta, but the destination-fee treatment for this trim's headline MSRP appears inconsistent with LE/SE on Edmunds' page. Flagging for manual review rather than assuming either source is wrong.",Wireless charging availability not independently confirmed for Camry Nightshade; left as 'Unconfirmed'. Exact wheel size/spec not itemized as a standalone option and not separately confirmed. Only 3 exterior colors and 1 interior are offered on this trim (verified via both Toyota build tool and Toyota's Full Specs 3-way compare tool).
Toyota,Camry,XLE,2026,"AWD standard | FWD optional | -$1,525 (credit)",Hybrid (2.5L 4-Cyl Hybrid),Sedan,Supersonic Red | Standalone | $475 |  ;; Dark Cosmos | Standalone | $475 |  ;; Ocean Gem | Standard | |  ;; Heavy Metal | Standalone | $475 |  ;; Midnight Black Metallic | Standard | |  ;; Reservoir Blue | Standard | |  ;; Wind Chill Pearl | Standalone | $475 |  ;; Underground | Standard | | ,Light Gray leather & Dinamica trim | Standard | |  ;; Black leather & Dinamica trim | Standard | | ,Standard wheels only (exact size/spec not itemized as a standalone purchasable option in Toyota's build tool for this trim) | Standard | | ,"Panoramic glass roof w/front power tilt/slide moonroof | Standalone | $1,330 |  ;; Panoramic glass roof w/front power tilt/slide moonroof | Package-only | | Premium Package (also included in Premium Plus Package)","5-passenger sedan seating, fixed 2-row layout (no configuration choice) | Standard | | ",2.5L 4-Cylinder Hybrid (only engine offered; no alternative engine choice within trim) | Standard | | ,"Leather | Standard | |  ;; Heated seats | Unconfirmed | |  ;; Heated steering wheel | Unavailable | |  ;; Power liftgate | Not Applicable | |  ;; Adaptive cruise control (TSS 3.0 Full-Speed Range Dynamic Radar Cruise Control) | Standard | |  ;; Wireless charging | Unconfirmed | |  ;; Moonroof/panoramic roof | Standalone | $1,330 | ","Premium Package | $3,810 | contents: Panoramic glass roof w/front power tilt/slide moonroof (removes overhead sunglasses storage), 9-speaker JBL Premium Audio, Ventilated front seats, 10-in. Head-Up Display, Digital Key capability, Rain-sensing windshield wipers, Driver's seat and outer-mirror memory ;; Premium Plus Package | $4,760 | contents: All Premium Package items, plus Traffic Jam Assist, Front Cross-Traffic Alert, Lane Change Assist, Panoramic View Monitor, Front/Rear Parking Assist w/Automatic Braking, Rear Cross-Traffic Braking, Driver Monitor Camera",https://www.toyota.com/configurator/build/step/color/year/2026/series/camry/model/2555/ ;; https://www.toyota.com/camry/features/mpg_other_price/2555/ ;; https://www.edmunds.com/toyota/camry/2026/features-specs/,"Edmunds lists XLE FWD Starting MSRP as $34,800 and AWD as $36,325 (a $1,525 AWD upcharge, matching Toyota's FWD credit exactly). Reconciling Toyota's AWD-standard as-built base of $38,095: $34,800 + $1,295 destination + $1,525 AWD + $475 default non-standard exterior color (Dark Cosmos, the tool's pre-selected default) = $38,095 exactly. Full reconciliation with no unexplained residual — high confidence match between sources.","Heated seats and wireless charging status not independently confirmed for Camry XLE — not found itemized in the packages/options reviewed (ventilated seats are confirmed standard-with-Premium-Package, but base heated-seat status separate from ventilation was not verified). Heated steering wheel not found in any XLE package or option and is therefore marked Unavailable (a real search was performed: Premium and Premium Plus contents were viewed in full via 'See Details'). Exact wheel size/spec not itemized as a standalone option."
Toyota,Camry,XSE,2026,"AWD standard | FWD optional | -$1,525 (credit)",Hybrid (2.5L 4-Cyl Hybrid),Sedan,Supersonic Red | Standalone | $475 |  ;; Dark Cosmos | Standalone | $475 |  ;; Ocean Gem | Standard | |  ;; Heavy Metal | Standalone | $475 |  ;; Midnight Black Metallic | Standard | |  ;; Reservoir Blue | Standard | |  ;; Wind Chill Pearl | Standalone | $475 |  ;; Underground | Standard | |  ;; Heavy Metal w/Midnight Black Metallic roof (two-tone) | Standalone | $975 |  ;; Ocean Gem w/Midnight Black Metallic roof (two-tone) | Standalone | $500 |  ;; Wind Chill Pearl w/Midnight Black Metallic roof (two-tone) | Standalone | $975 |  ;; Supersonic Red w/Midnight Black Metallic roof (two-tone) | Standalone | $975 | ,Cockpit Red leather trim | Standard | |  ;; Black leather trim | Standard | | ,Standard wheels only (exact size/spec not itemized as a standalone purchasable option in Toyota's build tool for this trim) | Standard | | ,"Panoramic glass roof w/front power tilt/slide moonroof | Standalone | $1,330 | ","5-passenger sedan seating, fixed 2-row layout (no configuration choice) | Standard | | ",2.5L 4-Cylinder Hybrid (only engine offered; no alternative engine choice within trim) | Standard | | ,"Leather | Standard | |  ;; Heated seats | Unconfirmed | |  ;; Heated steering wheel | Unavailable | |  ;; Power liftgate | Not Applicable | |  ;; Adaptive cruise control (TSS 3.0 Full-Speed Range Dynamic Radar Cruise Control) | Standard | |  ;; Wireless charging | Unconfirmed | |  ;; Moonroof/panoramic roof | Standalone | $1,330 | ","Premium Package | $3,810 | contents: Panoramic glass roof w/front power tilt/slide moonroof, 9-speaker JBL Premium Audio, Ventilated front seats, 10-in. Head-Up Display, Digital Key capability, Rain-sensing windshield wipers, Driver's seat and outer-mirror memory ;; Premium Plus Package | $4,760 | contents: All Premium Package items, plus Traffic Jam Assist, Front Cross-Traffic Alert, Lane Change Assist, Panoramic View Monitor, Front/Rear Parking Assist w/Automatic Braking, Rear Cross-Traffic Braking, Driver Monitor Camera",https://www.toyota.com/configurator/build/step/color/year/2026/series/camry/model/2556/ ;; https://www.toyota.com/camry/features/mpg_other_price/2556/ ;; https://www.edmunds.com/toyota/camry/2026/features-specs/,"Edmunds lists XSE FWD Starting MSRP as $36,000. Reconciling Toyota's AWD-standard as-built base of $39,795: $36,000 + $1,295 destination + $1,525 AWD + $975 default two-tone exterior color (Wind Chill Pearl w/black roof, the tool's pre-selected default) = $39,795 exactly. Full reconciliation with no unexplained residual.",Heated seats and wireless charging status not independently confirmed for Camry XSE. Heated steering wheel not found in any XSE package/option and is marked Unavailable after reviewing full Premium/Premium Plus contents. Exact wheel size/spec not itemized as a standalone option.
Toyota,Sienna,LE,2026,"FWD standard | AWD optional | +$2,000",Hybrid (2.5L Hybrid),Minivan,Ruby Flare Pearl | Standalone | $475 |  ;; Ice Cap | Standard | |  ;; Heavy Metal | Standalone | $475 |  ;; Midnight Black Metallic | Standard | |  ;; Cypress | Standard | |  ;; Blueprint | Standard | | ,Gray Woven Fabric | Standard | | ,No standalone wheel option offered on LE; standard wheels only (size not itemized) | Standard | | ,Moonroof | Unavailable | | ,8-Passenger fabric bench seating (fixed; no 7-passenger/captain's-chair choice on this trim) | Standard | | ,2.5L Hybrid Engine (only engine offered; no alternative engine choice within trim) | Standard | | ,Leather | Unavailable | |  ;; Heated seats | Unavailable | |  ;; Heated steering wheel | Unavailable | |  ;; Power liftgate (basic) | Standard | |  ;; Power liftgate (hands-free) | Unavailable | |  ;; Adaptive cruise control | Unconfirmed | |  ;; Wireless charging | Standard | |  ;; Moonroof | Unavailable | | ,No packages tab/offering found for this trim in Toyota's build tool (Seating/Colors/Powertrain/Options/Accessories/Summary only — no Packages step),https://www.toyota.com/configurator/build/step/color/year/2026/series/sienna/model/5402/ ;; https://www.edmunds.com/toyota/sienna/2026/features-specs/,"Edmunds lists LE (FWD) Starting MSRP as $41,320 vs Toyota build-tool as-built base of $42,915; the $1,595 gap is consistent with Toyota's destination fee, which Edmunds excludes. No feature discrepancies found; both sources agree LE is 8-passenger-only with no moonroof.","Adaptive cruise control status not independently re-verified for Sienna LE this session (TSS 3.0 is standard Toyota-wide on most models, so likely standard, but not directly confirmed on the LE build page — left as Unconfirmed rather than assumed)."
Toyota,Sienna,XLE,2026,"FWD standard | AWD optional | +$2,000",Hybrid (2.5L Hybrid),Minivan,Ruby Flare Pearl | Standalone | $475 |  ;; Wind Chill Pearl | Standalone | $475 |  ;; Heavy Metal | Standalone | $475 |  ;; Midnight Black Metallic | Standard | |  ;; Cypress | Standard | |  ;; Blueprint | Standard | | ,Gray SofTex | Standard | | ,18-in. bright wheels with P235/60R18 tires | Standalone | $540 | ,Moonroof | Standard | | ,8-Passenger seating | Standalone (no price delta) | |  ;; 7-Passenger seating | Standalone (no price delta) | | ,2.5L Hybrid Engine (only engine offered; no alternative engine choice within trim) | Standard | | ,Leather | Unavailable | |  ;; Heated seats | Standard | |  ;; Heated steering wheel | Unavailable | |  ;; Power liftgate (basic) | Standard | |  ;; Power liftgate (hands-free) | Standalone | |  ;; Adaptive cruise control | Unconfirmed | |  ;; Wireless charging | Standard | |  ;; Moonroof | Standard | | ,"Entertainment Package | $1,415 | contents: 1080p HD Entertainment Center with 11.6-in. display, HDMI input, remote, two wireless headphones",https://www.toyota.com/configurator/build/step/color/year/2026/series/sienna/model/5408/ ;; https://www.edmunds.com/toyota/sienna/2026/features-specs/,"Edmunds lists XLE (FWD, 8-passenger) Starting MSRP as $46,020 vs Toyota build-tool as-built base of $47,615; the $1,595 gap matches LE exactly and is consistent with the destination fee. Full agreement on 7/8-passenger no-cost choice, colors, and Entertainment Package pricing.",Adaptive cruise control status not independently re-verified for Sienna XLE this session. Hands-free power liftgate confirmed available but exact standalone price not captured this session (left blank in that item rather than estimated).
Toyota,Sienna,XSE,2026,FWD standard | AWD optional | +$890,Hybrid (2.5L Hybrid),Minivan,Cement | Standard | |  ;; Ruby Flare Pearl | Standalone | $475 |  ;; Ice Cap | Standard | |  ;; Heavy Metal | Standalone | $475 |  ;; Midnight Black Metallic | Standard | |  ;; Blueprint | Standard | | ,Moonstone/Black SofTex trim | Standard | |  ;; Black/Blue SofTex/fabric mixed media trim | Standard | | ,20-in. dark wheels | Standard | | ,Moonroof | Standard | | ,7-Passenger seating with sport captain's chairs (no 8-passenger/bench option on this trim) | Standard | | ,2.5L Hybrid Engine (only engine offered; no alternative engine choice within trim) | Standard | | ,Leather | Unavailable | |  ;; Heated seats | Standard | |  ;; Heated steering wheel | Unavailable | |  ;; Power liftgate (basic) | Standard | |  ;; Power liftgate (hands-free) | Standalone | |  ;; Adaptive cruise control | Unconfirmed | |  ;; Wireless charging | Standard | |  ;; Moonroof | Standard | | ,"Entertainment Package | $1,415 | contents: 1080p HD Entertainment Center with 11.6-in. display, HDMI input, remote, two wireless headphones",https://www.toyota.com/configurator/build/step/color/year/2026/series/sienna/model/5410/ ;; https://www.edmunds.com/toyota/sienna/2026/features-specs/,"Edmunds lists XSE (FWD) Starting MSRP as $49,245 and AWD as $50,135 (an $890 AWD upcharge, matching Toyota's build tool exactly). Reconciling Toyota's FWD-standard as-built base of $51,315: $49,245 + $1,595 destination + $475 default exterior color (Cement's status as a no-cost default color would leave $475 unexplained) — this trim shows a small ~$475 residual not fully explained by destination fee alone; flagged for review, though it may reflect a minor default-configuration cost (e.g. default interior) not itemized during this pass.",Adaptive cruise control status not independently re-verified for Sienna XSE this session. The $475 pricing residual noted above was not run down further; not fabricated as a specific cause.
Toyota,Sienna,Woodland Edition,2026,AWD only (no FWD offered) | Standard | | ,Hybrid (2.5L Hybrid),Minivan,Cement | Standard | |  ;; Ice Cap | Standard | |  ;; Midnight Black Metallic | Standard | |  ;; Cypress | Standard | | ,Black SofTex | Standard | | ,No separate Options tab/wheel choice found for this trim in Toyota's build tool | Unavailable | | ,Moonroof | Standard | | ,7-Passenger seating with SofTex sport captain's chairs (no 8-passenger/bench option on this trim) | Standard | | ,2.5L Hybrid Engine (only engine offered; no alternative engine choice within trim) | Standard | | ,Leather | Unavailable | |  ;; Heated seats | Standard | |  ;; Heated steering wheel | Unconfirmed | |  ;; Power liftgate (basic) | Standard | |  ;; Power liftgate (hands-free) | Unavailable | |  ;; Adaptive cruise control | Unconfirmed | |  ;; Wireless charging | Unconfirmed | |  ;; Moonroof | Standard | | ,"Entertainment Package | $1,415 | contents: 1080p HD Entertainment Center with 11.6-in. display, HDMI input, remote, two wireless headphones",https://www.toyota.com/configurator/build/step/color/year/2026/series/sienna/model/5409/ ;; https://www.edmunds.com/toyota/sienna/2026/features-specs/,"CONFIRMED (cross-checked): Edmunds lists this trim only as 'XLE Woodland Edition ... AWD' at $52,100 Starting MSRP, with no FWD row offered at all — independently corroborating Toyota's own build tool, which likewise shows only an All-Wheel Drive option on the Powertrain step with no FWD alternative. Reconciling price: $52,100 + $1,595 destination = $53,695, matching Toyota's as-built base exactly. Note Edmunds classifies this trim as 'XLE Woodland Edition' (an XLE sub-trim) while Toyota's own site labels it simply 'Woodland Edition' as a distinct trim tier in its navigation/pricing.","Heated steering wheel, adaptive cruise control, and wireless charging status not independently confirmed for Woodland Edition this session — left as Unconfirmed rather than assumed, despite being confirmed Standard on some other Sienna trims. No separate Options tab was found in the build tool's navigation for this trim (Seating/Colors/Powertrain/Packages/Accessories/Summary only), so wheel options could not be itemized."
Toyota,Sienna,Limited,2026,"FWD standard | AWD optional | +$2,000",Hybrid (2.5L Hybrid),Minivan,Ruby Flare Pearl | Standalone | $475 |  ;; Wind Chill Pearl | Standalone | $475 |  ;; Heavy Metal | Standalone | $475 |  ;; Midnight Black Metallic | Standard | |  ;; Cypress | Standard | |  ;; Blueprint | Standard | | ,Macadamia leather trim | Standard | |  ;; Black leather trim | Standard | | ,No standalone wheel option itemized for this trim | Standard | | ,Moonroof | Standard | | ,7-Passenger seating with premium leather captain's chairs and ottomans (no 8-passenger/bench option on this trim) | Standard | | ,2.5L Hybrid Engine (only engine offered; no alternative engine choice within trim) | Standard | | ,Leather | Standard | |  ;; Heated seats | Standard | |  ;; Heated steering wheel | Unconfirmed | |  ;; Power liftgate (basic) | Standard | |  ;; Power liftgate (hands-free) | Standalone | |  ;; Adaptive cruise control | Unconfirmed | |  ;; Wireless charging | Unconfirmed | |  ;; Moonroof | Standard | | ,"Entertainment Package | $1,415 | contents: 1080p HD Entertainment Center with 11.6-in. display, HDMI input, remote, two wireless headphones (requires additional changes to add)",https://www.toyota.com/configurator/build/step/color/year/2026/series/sienna/model/5414/ ;; https://www.edmunds.com/toyota/sienna/2026/features-specs/,"Edmunds lists Limited (FWD) Starting MSRP as $52,005; adding Toyota's $1,595 destination fee gives $53,600, matching Toyota's as-built base exactly with no residual — a clean, fully-reconciled match.","Heated steering wheel, adaptive cruise control, and wireless charging status not independently confirmed for Limited this session (leather and heated seats were confirmed standard); left as Unconfirmed rather than assumed."
Toyota,Sienna,Platinum,2026,AWD only (no FWD offered) | Standard | | ,Hybrid (2.5L Hybrid),Minivan,Ruby Flare Pearl | Standalone | $475 |  ;; Wind Chill Pearl | Standalone | $475 |  ;; Heavy Metal | Standalone | $475 |  ;; Midnight Black Metallic | Standard | |  ;; Cypress | Standard | |  ;; Blueprint | Standard | | ,Black/Red leather trim | Standard | |  ;; Macadamia leather trim | Standard | | ,No standalone wheel option itemized for this trim | Standard | | ,Moonroof | Standard | | ,"7-Passenger seating with heated premium leather captain's chairs and ottomans (no 8-passenger/bench option on this trim; ottoman-equipped second row is removed if the spare-tire option is selected, per build tool) | Standard | | ",2.5L Hybrid Engine (only engine offered; no alternative engine choice within trim) | Standard | | ,Leather | Standard | |  ;; Heated seats | Standard | |  ;; Heated steering wheel | Standard | |  ;; Power liftgate (basic) | Standard | |  ;; Power liftgate (hands-free) | Standalone | |  ;; Adaptive cruise control | Unconfirmed | |  ;; Wireless charging | Unconfirmed | |  ;; Moonroof | Standard | | ,"Entertainment Package | $1,415 | contents: 1080p HD Entertainment Center with 11.6-in. display, HDMI input, remote, two wireless headphones (requires additional changes to add)",https://www.toyota.com/configurator/build/step/color/year/2026/series/sienna/model/5419/ ;; https://www.edmunds.com/toyota/sienna/2026/features-specs/,"RESOLVES BRIEF'S OPEN QUESTION: Sienna Platinum is confirmed AWD-ONLY by both primary sources. Toyota's own build tool shows only 'All-Wheel Drive' on the Powertrain step with no FWD box present (re-verified live, 4+ independent checks across this research). Edmunds' trim/price list independently corroborates this: only one Platinum row exists ('Platinum 7-Passenger 4dr Minivan AWD', $58,710 Starting MSRP) with no FWD Platinum variant listed at all. Reconciling price: $58,710 + $1,595 destination = $60,305 vs Toyota's as-built base of $60,780 — a $475 residual consistent with the tool's default non-standard exterior color selection (a $475 metallic/pearl color), matching the same pattern seen on Camry XLE/XSE.","Adaptive cruise control and wireless charging status not independently confirmed for Platinum this session; left as Unconfirmed rather than assumed, despite leather/heated-seat/heated-steering-wheel being clearly confirmed standard via the build tool's Options step (spare-tire option explicitly notes it 'removes second-row ottomans', confirming ottomans are standard equipment on this trim)."
Toyota,Highlander,XLE,2026,AWD,Gas,SUV,Ruby Flare Pearl | Standalone | $475 | ;; Blueprint | Standard | | ;; Heavy Metal | Standalone | $475 | ;; Wind Chill Pearl | Standalone | $475 | ;; Midnight Black Metallic | Standard | |,Black SofTex/fabric mixed media trim | Standard | | ;; Graphite SofTex trim | Standard | |,18-in. alloy wheels | Standard | |,1st-row power glass moonroof (non-panoramic) | Standard | |,2nd-row Bench Seat (3-across) + 3rd-row bench (2) = 7-passenger total | Standard | |,"2.4L 4-Cyl. Turbo engine, All-Wheel Drive, Direct Shift 8-Speed Electronically Controlled Automatic Transmission (ECT) - single configuration shown, no further in-trim choice offered | Standard | |",Leather seating | Unavailable | | ;; Heated front seats | Unavailable | | ;; 1st-row power glass moonroof | Standard | | ;; Blind Spot Monitor w/ Rear Cross Traffic Alert | Standard | | ;; Lane Keep Assist | Standard | | ;; 12.3-in. Toyota Audio Multimedia upgrade | Standalone | $735 |,,https://www.toyota.com/configurator/build/step/color/year/2026/series/highlander/model/6953/ ;; https://www.toyota.com/configurator/build/step/options/year/2026/series/highlander/model/6953/ ;; https://www.edmunds.com/toyota/highlander/2026/features-specs/,None found.,"Wheel size (18-in.) and moonroof status verified directly via Edmunds full-spec page for this trim, cross-checking Toyota's own configurator (which does not expose wheels/roof as separate selectable items - they are fixed standard equipment bundled into the trim). Heated steering wheel, power liftgate, adaptive cruise (Dynamic Radar Cruise Control), and wireless charging pad status could not be confirmed this session - Edmunds 'Show more' panels for Comfort & Convenience / Safety / Power Features did not reveal these items in the visible spec set for XLE, so they are left out of common_features rather than guessed. No named multi-item 'package' was found in Toyota's build tool for this trim - only standalone a-la-carte items (Bench Seat at no cost, 12.3-in. Audio Multimedia at $735) appear, so package_definitions is blank."
Toyota,Highlander,XSE,2026,AWD,Gas,SUV,Ruby Flare Pearl | Standalone | $475 | ;; Blueprint | Standard | | ;; Heavy Metal | Standalone | $475 | ;; Wind Chill Pearl | Standalone | $475 | ;; Midnight Black Metallic | Standard | |,Black SofTex/fabric mixed media trim | Standard | |,,,2nd-row Bench Seat (3-across) + 3rd-row bench (2) = 7-passenger total | Standard | |,"2.4L 4-Cyl. Turbo engine, All-Wheel Drive, Direct Shift 8-Speed Electronically Controlled Automatic Transmission (ECT) - single configuration shown, no further in-trim choice offered | Standard | |","Leather seating | Unavailable | | ;; 12.3-in. Toyota Audio Multimedia w/ JBL upgrade | Standalone | $1,375 |",,https://www.toyota.com/configurator/build/step/color/year/2026/series/highlander/model/6959/ ;; https://www.toyota.com/configurator/build/step/options/year/2026/series/highlander/model/6959/ ;; https://www.edmunds.com/toyota/highlander/2026/features-specs/,"XSE offers only ONE interior color/material (Black SofTex/fabric mixed media trim) - the Graphite SofTex option available on XLE/Hybrid XLE is not offered on XSE. XSE's Options tab shows only the upgraded JBL audio system ($1,375) - unlike XLE/Hybrid XLE/Limited, no 'Bench Seat' tile appears at all for XSE in Toyota's tool, so seating is assumed fixed/standard rather than independently re-confirmable per-trim; treated the same as other trims (2nd-row bench, 7-passenger) based on the overall Highlander generation never showing a captain's-chair alternative anywhere in the tool.","Wheels and roof were not confirmed for XSE this session (Toyota's configurator does not expose them as toggles for any trim, and the Edmunds trim-selector on the specs page could not be switched away from XLE within this session - it kept resetting to the default XLE view despite repeated attempts). Left blank rather than assumed. Heated seats/wheel, power liftgate, adaptive cruise, wireless charging also left out for the same reason - XSE screenshots showed sportier black-finish wheels and a red paint sample visually distinct from XLE, but exact wheel size was not stated anywhere in the live tool."
Toyota,Highlander,Limited,2026,AWD,Gas,SUV,Ruby Flare Pearl | Standalone | $475 | ;; Blueprint | Standard | | ;; Heavy Metal | Standalone | $475 | ;; Wind Chill Pearl | Standalone | $475 | ;; Midnight Black Metallic | Standard | |,Black leather trim | Standard | | ;; Graphite leather trim | Standard | |,,,2nd-row Bench Seat (3-across) + 3rd-row bench (2) = 7-passenger total | Standard | |,"2.4L 4-Cyl. Turbo engine, All-Wheel Drive, Direct Shift 8-Speed Electronically Controlled Automatic Transmission (ECT) - single configuration shown, no further in-trim choice offered | Standard | |",Leather seating | Standard | | ;; Panoramic View Monitor (360-degree camera) | Standalone | $850 |,,https://www.toyota.com/configurator/build/step/color/year/2026/series/highlander/model/6956/ ;; https://www.toyota.com/configurator/build/step/options/year/2026/series/highlander/model/6956/ ;; https://www.edmunds.com/toyota/highlander/2026/features-specs/,"Limited is the first trim where interior upholstery switches from SofTex (synthetic) to genuine leather, per Toyota's own configurator swatch labels ('Black leather trim' / 'Graphite leather trim' vs. XLE/XSE's 'SofTex' naming).","Wheel size and roof/moonroof type (e.g. whether panoramic) not confirmed this session - not exposed as toggles in Toyota's tool and the Edmunds trim switch did not respond. The $850 Panoramic View Monitor is a 360-degree camera system, NOT a panoramic roof - do not conflate the two. Heated seats/wheel, power liftgate, adaptive cruise, wireless charging left out - commonly standard on a trim at this price point per general industry knowledge, but not verified via a live source this session, so omitted per the no-fabrication rule."
Toyota,Highlander,Platinum,2026,AWD,Gas,SUV,Ruby Flare Pearl | Standalone | $475 | ;; Blueprint | Standard | | ;; Heavy Metal | Standalone | $475 | ;; Wind Chill Pearl | Standalone | $475 | ;; Midnight Black Metallic | Standard | |,Black leather & Dinamica trim | Standard | | ;; Glazed Caramel leather trim | Standard | | ;; Graphite leather trim | Standard | |,,,2nd-row Bench Seat (3-across) + 3rd-row bench (2) = 7-passenger total | Standard | |,"2.4L 4-Cyl. Turbo engine, All-Wheel Drive, Direct Shift 8-Speed Electronically Controlled Automatic Transmission (ECT) - single configuration shown, no further in-trim choice offered | Standard | |",Leather seating (leather & Dinamica on some colorways) | Standard | | ;; No additional standalone options offered - fully standard equipment per Toyota's configurator (no Options tab shown) | Standard | |,,https://www.toyota.com/configurator/build/step/color/year/2026/series/highlander/model/6957/ ;; https://www.toyota.com/configurator/build/step/options/year/2026/series/highlander/model/6957/ ;; https://www.edmunds.com/toyota/highlander/2026/features-specs/,"Platinum is the only trim where Toyota's configurator shows NO 'Options' tab at all (nav bar only has Colors / Powertrain / Accessories / Summary) - meaning nothing is user-configurable beyond color choice; the trim ships fully loaded as standard. Platinum uniquely offers a 3rd interior choice, 'Glazed Caramel leather trim' (tan), and a leather-and-Dinamica-suede combination not offered on Limited.","Because Platinum has no Options tab, wheel size, roof type, heated seats/wheel, power liftgate, adaptive cruise, and wireless charging could not be read off the configurator as toggles (they are presumably all standard, since nothing is offered a-la-carte) - none of these were independently verified via Edmunds or another live source this session, so left blank rather than assumed to be standard."
Toyota,Highlander,Hybrid XLE,2026,AWD,Hybrid,SUV,Ruby Flare Pearl | Standalone | $475 | ;; Blueprint | Standard | | ;; Heavy Metal | Standalone | $475 | ;; Wind Chill Pearl | Standalone | $475 | ;; Midnight Black Metallic | Standard | |,Black SofTex/fabric mixed media trim | Standard | | ;; Graphite SofTex trim | Standard | |,,,2nd-row Bench Seat (3-across) + 3rd-row bench (2) = 7-passenger total | Standard | |,"2.5L 4-Cyl. Hybrid engine, All-Wheel Drive, Electronically Controlled Continuously Variable Transmission (ECVT) - single configuration shown, no further in-trim choice offered | Standard | |",Leather seating | Unavailable | | ;; Heated front seats | Unavailable | | ;; 12.3-in. Toyota Audio Multimedia upgrade | Standalone | $735 |,,https://www.toyota.com/configurator/build/step/color/year/2026/series/highlander/model/6965/ ;; https://www.toyota.com/configurator/build/step/options/year/2026/series/highlander/model/6965/ ;; https://www.edmunds.com/toyota/highlander/2026/features-specs/,"Colors, interior options, and Options-tab contents (Bench Seat at no cost + 12.3-in. Audio Multimedia at $735) are identical to gas XLE - the two trims differ only in engine/transmission and price ($48,020 Hybrid XLE 'as shown' vs. $46,270 XLE base MSRP per the trim-picker page).","Wheel size and roof/moonroof status not independently re-confirmed for the Hybrid specifically via Edmunds this session (only gas XLE was spot-checked there); assumed identical to gas XLE given identical trim-level positioning, but left the wheel/roof columns blank rather than asserting this as confirmed fact."
Toyota,Highlander,Hybrid Limited,2026,AWD,Hybrid,SUV,Ruby Flare Pearl | Standalone | $475 | ;; Blueprint | Standard | | ;; Heavy Metal | Standalone | $475 | ;; Wind Chill Pearl | Standalone | $475 | ;; Midnight Black Metallic | Standard | |,Black leather trim | Standard | | ;; Graphite leather trim | Standard | |,,,2nd-row Bench Seat (3-across) + 3rd-row bench (2) = 7-passenger total | Standard | |,"2.5L 4-Cyl. Hybrid engine, All-Wheel Drive, Electronically Controlled Continuously Variable Transmission (ECVT) - single configuration shown, no further in-trim choice offered | Standard | |",Leather seating | Standard | | ;; Panoramic View Monitor (360-degree camera) | Standalone | $850 |,,https://www.toyota.com/configurator/build/step/color/year/2026/series/highlander/model/6966/ ;; https://www.toyota.com/configurator/build/step/options/year/2026/series/highlander/model/6966/ ;; https://www.edmunds.com/toyota/highlander/2026/features-specs/,"DISCREPANCY: gas Limited's Options tab shows a 'Bench Seat' tile (No Additional Cost) plus the Panoramic View Monitor; Hybrid Limited's Options tab shows ONLY the Panoramic View Monitor ($850) - the Bench Seat tile is absent. This may reflect a genuine spec difference (e.g., a fixed 2nd-row configuration on the hybrid powertrain) or simply a data-entry omission in Toyota's build tool; it could not be resolved further this session and is flagged rather than assumed either way.","Interior color names assumed identical to gas Limited ('Black leather trim' / 'Graphite leather trim') based on the matching interior color code (LB10) selected by default, but the two option tiles were not individually re-opened/re-confirmed by name for the Hybrid Limited specifically. Wheels/roof not confirmed this session."
Toyota,Highlander,Hybrid Platinum,2026,AWD,Hybrid,SUV,Ruby Flare Pearl | Standalone | $475 | ;; Blueprint | Standard | | ;; Heavy Metal | Standalone | $475 | ;; Wind Chill Pearl | Standalone | $475 | ;; Midnight Black Metallic | Standard | |,Black leather & Dinamica trim | Standard | | ;; Glazed Caramel leather trim | Standard | | ;; Graphite leather trim | Standard | |,,,2nd-row Bench Seat (3-across) + 3rd-row bench (2) = 7-passenger total | Standard | |,"2.5L 4-Cyl. Hybrid engine, All-Wheel Drive, Electronically Controlled Continuously Variable Transmission (ECVT) - single configuration shown, no further in-trim choice offered | Standard | |",Leather seating (leather & Dinamica on some colorways) | Standard | | ;; No additional standalone options offered - fully standard equipment per Toyota's configurator (no Options tab shown) | Standard | |,,https://www.toyota.com/configurator/build/step/color/year/2026/series/highlander/model/6967/ ;; https://www.toyota.com/configurator/build/step/options/year/2026/series/highlander/model/6967/ ;; https://www.edmunds.com/toyota/highlander/2026/features-specs/,"Like gas Platinum, Hybrid Platinum's configurator shows no Options tab at all (Colors / Powertrain / Accessories / Summary only) - fully standard equipment, nothing a-la-carte. Interior options (Black leather & Dinamica / Glazed Caramel leather / Graphite leather) confirmed identical to gas Platinum directly in the tool.","Wheel size, roof type, heated seats/wheel, power liftgate, adaptive cruise, and wireless charging not independently verified this session for the same reasons as gas Platinum - left blank rather than assumed."
Toyota,Highlander,XLE,2027,FWD,EV,SUV,,,,,2nd-row captain's chairs | Standard | | ;; Up to 7 passengers total | Standard | |,"Single front motor, 221 hp | Standard | | ;; 77 kWh battery pack | Standard | | ;; Est. driving range ~287 mi (Edmunds preview estimate, not EPA-confirmed) | Standard | |",NACS (Tesla-style) DC fast-charge port | Standard | | ;; Vehicle-to-load (V2L) power export | Standard | | ;; 14-in. center touchscreen | Standard | | ;; 12.3-in. digital gauge cluster | Standard | | ;; Built-in dashcam recorder | Standard | | ;; Wireless Apple CarPlay/Android Auto | Available | |,,"https://www.edmunds.com/toyota/highlander/2027/ (Edmunds first-drive preview, by Clint Simone, dated 2026-02-10) ;; https://www.toyota.com/configurator/build/step/model/year/2027/series/highlander/ (redirects to generic picker - confirms EV not yet in Toyota's live configurator, checked 2026-09-09) ;; https://pressroom.toyota.com/?s=highlander+ev (zero relevant results, checked 2026-09-09) ;; https://pressroom.toyota.com/?s=all-electric+highlander (zero relevant results, checked 2026-09-09)","Edmunds' preview states second-row captain's chairs are standard on every Highlander EV trim, with a bench seat 'available on the XLE with all-wheel drive' - it does NOT say whether a bench is available on the FWD XLE, so the FWD row here is left as captain's-chairs-only; this is an inference from silence in the source, not a direct statement, and should be re-verified once official trim data ships.","The 2027 Highlander EV is NOT YET ON SALE (Edmunds: 'on sale later this year [2026]; pricing will be revealed closer to that time') and has no live Toyota Build & Price tool entry and no Toyota press release as of 2026-09-09 (both confirmed by direct navigation/search this session). Exterior color options, interior color/material options, wheel options, roof options, and package definitions are therefore genuinely UNKNOWN/unpublished and are left blank rather than estimated - no vendor has published a configurator, color palette, or equipment/package grid for this vehicle yet. Figures below (seating, motor/battery, charging) come only from Edmunds' early-access preview of a pre-production vehicle and should be treated as provisional, not final MSRP-level specs."
Toyota,Highlander,XLE,2027,AWD,EV,SUV,,,,,2nd-row captain's chairs | Standard | | ;; 2nd-row Bench Seat | Standalone | | ;; Up to 7 passengers total | Standard | |,"Dual motor (front + rear) | Standard | | ;; Base AWD uses the same 77 kWh battery as FWD XLE (per Edmunds: 'The base Highlander XLE FWD and AWD have a 77-kWh battery') | Standard | | ;; Exact AWD XLE horsepower/range figure not separately broken out from the 'up to 338 hp / 320 mi' best-case AWD figure, which Edmunds attributes to the higher-battery AWD models rather than base AWD XLE - left unquantified here rather than guessed | | |",NACS (Tesla-style) DC fast-charge port | Standard | | ;; Vehicle-to-load (V2L) power export | Standard | | ;; 14-in. center touchscreen | Standard | | ;; 12.3-in. digital gauge cluster | Standard | | ;; Built-in dashcam recorder | Standard | | ;; Wireless Apple CarPlay/Android Auto | Available | |,,"https://www.edmunds.com/toyota/highlander/2027/ (Edmunds first-drive preview, by Clint Simone, dated 2026-02-10) ;; https://www.toyota.com/configurator/build/step/model/year/2027/series/highlander/ (redirects to generic picker - confirms EV not yet in Toyota's live configurator, checked 2026-09-09) ;; https://pressroom.toyota.com/?s=highlander+ev (zero relevant results, checked 2026-09-09) ;; https://pressroom.toyota.com/?s=all-electric+highlander (zero relevant results, checked 2026-09-09)","This is the ONE trim Edmunds explicitly calls out as offering a 2nd-row bench as an alternative to the standard captain's chairs ('a bench seat is available on the XLE with all-wheel drive') - tagged Standalone here since it reads as a no-cost/alternate configuration choice rather than a paid package, though Edmunds does not state a price either way.","The 2027 Highlander EV is NOT YET ON SALE (Edmunds: 'on sale later this year [2026]; pricing will be revealed closer to that time') and has no live Toyota Build & Price tool entry and no Toyota press release as of 2026-09-09 (both confirmed by direct navigation/search this session). Exterior color options, interior color/material options, wheel options, roof options, and package definitions are therefore genuinely UNKNOWN/unpublished and are left blank rather than estimated - no vendor has published a configurator, color palette, or equipment/package grid for this vehicle yet. Figures below (seating, motor/battery, charging) come only from Edmunds' early-access preview of a pre-production vehicle and should be treated as provisional, not final MSRP-level specs."
Toyota,Highlander,Limited,2027,AWD,EV,SUV,,,,,2nd-row captain's chairs | Standard | | ;; Up to 7 passengers total | Standard | |,"Dual motor (front + rear) | Standard | | ;; Larger 95.8 kWh battery pack (per Edmunds: 'more expensive AWD models get a larger 95.8-kWh battery pack') | Standard | | ;; Best-case AWD figures per Edmunds: up to 338 hp and an estimated 320 mi range - Edmunds does not explicitly confirm these top figures belong to the Limited specifically (vs. some other AWD trim not in this task's scope), so treated as likely-but-not-certain for Limited | | |",NACS (Tesla-style) DC fast-charge port | Standard | | ;; Vehicle-to-load (V2L) power export | Standard | | ;; 14-in. center touchscreen | Standard | | ;; 12.3-in. digital gauge cluster | Standard | | ;; Built-in dashcam recorder | Standard | | ;; Wireless Apple CarPlay/Android Auto | Available | |,,"https://www.edmunds.com/toyota/highlander/2027/ (Edmunds first-drive preview, by Clint Simone, dated 2026-02-10) ;; https://www.toyota.com/configurator/build/step/model/year/2027/series/highlander/ (redirects to generic picker - confirms EV not yet in Toyota's live configurator, checked 2026-09-09) ;; https://pressroom.toyota.com/?s=highlander+ev (zero relevant results, checked 2026-09-09) ;; https://pressroom.toyota.com/?s=all-electric+highlander (zero relevant results, checked 2026-09-09)","Edmunds' preview only names the 'XLE' when describing the bench-seat alternative, implying Limited AWD is captain's-chairs-only with no bench option - this is an inference from how the source is worded, not an explicit statement about the Limited trim by name.","The 2027 Highlander EV is NOT YET ON SALE (Edmunds: 'on sale later this year [2026]; pricing will be revealed closer to that time') and has no live Toyota Build & Price tool entry and no Toyota press release as of 2026-09-09 (both confirmed by direct navigation/search this session). Exterior color options, interior color/material options, wheel options, roof options, and package definitions are therefore genuinely UNKNOWN/unpublished and are left blank rather than estimated - no vendor has published a configurator, color palette, or equipment/package grid for this vehicle yet. Figures below (seating, motor/battery, charging) come only from Edmunds' early-access preview of a pre-production vehicle and should be treated as provisional, not final MSRP-level specs. Battery-pack attribution (95.8 kWh / 338 hp / 320 mi) to the Limited trim specifically is a reasonable but UNCONFIRMED inference - Edmunds' article never names 'Limited' when discussing battery/range figures, only 'more expensive AWD models' generically."
Toyota,Corolla Cross,L,2026,FWD,Gas,SUV,Wind Chill Pearl | Standalone | $475 |  ;; Sonic Silver | Standard |  |  ;; Celestite | Standard |  |  ;; Jet Black | Standard |  | ,Light Gray fabric | Standard |  | ,"Not separately selectable in Build & Price -- wheel design/size is fixed per trim, no user-facing options or price deltas offered | Standard |  | ",Moonroof | Unavailable |  | ,"5-seat, single row-2 configuration; no bench/captain's-chair or 3rd-row variation offered","Front-Wheel Drive | Standard |  |  ;; All-Wheel Drive | Standalone | +$1,300 | ",Leather upholstery | Unavailable |  |  ;; Heated front seats | Unavailable |  |  ;; Heated steering wheel | Unavailable |  |  ;; Power liftgate | Unavailable |  |  ;; Adaptive cruise control (Toyota Safety Sense) | Standard (TSS bundled standard on all Toyota Corolla Cross trims; not itemized as a paid option/package on Build & Price) |  |  ;; Wireless smartphone charging | Unavailable (not offered as a factory option/package on any trim) |  |  ;; Moonroof | Unavailable |  | ,,https://www.toyota.com/configurator/build/step/color/year/2026/series/corollacross/model/6301/ ;; https://www.toyota.com/configurator/build/step/model/year/2026/series/corollacross/ ;; https://www.edmunds.com/toyota/corolla-cross/2026/features-specs/,"No discrepancy vs. Edmunds on base MSRP ($25,335) or AWD delta (+$1,300). Prior press-release-only pass likely could not capture that L trim has ZERO factory packages/options at all (no Packages or Options tab exists in Build & Price for L) -- moonroof, heated seats, power liftgate, leather are all simply unavailable at this trim, not just omitted from a press release.","Base MSRP, AWD deltas and all package contents/prices confirmed directly on Toyota.com Build & Price (live, MY2026) and cross-checked against Edmunds MY2026 trim pricing (exact match on all 6 base-trim MSRPs and both AWD deltas). Wheel size/design not confirmed per-trim (Build & Price does not expose wheel choice as a selectable line item for this nameplate); left as 'not separately selectable' rather than guessed. Adaptive cruise control (TSS) marked Standard based on Toyota's long-standing across-the-lineup TSS policy and its total absence from any paid option/package list on Build & Price -- not from an explicit 'Standard' equipment label, since Build & Price only itemizes configurable/paid content, not the full standard-equipment sheet. Prices shown exclude the ~$1,595 destination charge (Toyota's 'Total Amount as Built' figure in-tool includes destination; the extra_cost figures recorded here for individual items are the item's own MSRP delta only)."
Toyota,Corolla Cross,L,2026,AWD,Gas,SUV,Wind Chill Pearl | Standalone | $475 |  ;; Sonic Silver | Standard |  |  ;; Celestite | Standard |  |  ;; Jet Black | Standard |  | ,Light Gray fabric | Standard |  | ,"Not separately selectable in Build & Price -- wheel design/size is fixed per trim, no user-facing options or price deltas offered | Standard |  | ",Moonroof | Unavailable |  | ,"5-seat, single row-2 configuration; no bench/captain's-chair or 3rd-row variation offered","Front-Wheel Drive | Standard |  |  ;; All-Wheel Drive | Standalone | +$1,300 | ",Leather upholstery | Unavailable |  |  ;; Heated front seats | Unavailable |  |  ;; Heated steering wheel | Unavailable |  |  ;; Power liftgate | Unavailable |  |  ;; Adaptive cruise control (Toyota Safety Sense) | Standard (TSS bundled standard on all Toyota Corolla Cross trims; not itemized as a paid option/package on Build & Price) |  |  ;; Wireless smartphone charging | Unavailable (not offered as a factory option/package on any trim) |  |  ;; Moonroof | Unavailable |  | ,,https://www.toyota.com/configurator/build/step/color/year/2026/series/corollacross/model/6301/ ;; https://www.toyota.com/configurator/build/step/model/year/2026/series/corollacross/ ;; https://www.edmunds.com/toyota/corolla-cross/2026/features-specs/,"AWD is a same-page drivetrain toggle within the L build (+$1,300), not a separate trim card on Toyota.com; Edmunds lists it as a distinct trim 'L 4dr SUV AWD' at $26,635 = exact match ($25,335 + $1,300).","Base MSRP, AWD deltas and all package contents/prices confirmed directly on Toyota.com Build & Price (live, MY2026) and cross-checked against Edmunds MY2026 trim pricing (exact match on all 6 base-trim MSRPs and both AWD deltas). Wheel size/design not confirmed per-trim (Build & Price does not expose wheel choice as a selectable line item for this nameplate); left as 'not separately selectable' rather than guessed. Adaptive cruise control (TSS) marked Standard based on Toyota's long-standing across-the-lineup TSS policy and its total absence from any paid option/package list on Build & Price -- not from an explicit 'Standard' equipment label, since Build & Price only itemizes configurable/paid content, not the full standard-equipment sheet. Prices shown exclude the ~$1,595 destination charge (Toyota's 'Total Amount as Built' figure in-tool includes destination; the extra_cost figures recorded here for individual items are the item's own MSRP delta only)."
Toyota,Corolla Cross,LE,2026,FWD,Gas,SUV,Wind Chill Pearl | Standalone | $475 |  ;; Sonic Silver | Standard |  |  ;; Celestite | Standard |  |  ;; Cavalry Blue | Standard |  |  ;; Soul Red Crystal | Standalone | $475 |  ;; Cypress | Standard |  |  ;; Jet Black | Standard |  | ,Light Gray fabric | Standard |  |  ;; Black fabric | Standard |  | ,"Not separately selectable in Build & Price -- wheel design/size is fixed per trim, no user-facing options or price deltas offered | Standard |  | ",Moonroof (bundled with tonneau cover) | Package-only | $940 (bundled) | Moonroof Package,"5-seat, single row-2 configuration; no bench/captain's-chair or 3rd-row variation offered","Front-Wheel Drive | Standard |  |  ;; All-Wheel Drive | Standalone | +$1,300 | ",Leather upholstery | Unavailable |  |  ;; Heated front seats | Unavailable |  |  ;; Heated steering wheel | Unavailable |  |  ;; Power liftgate | Unavailable |  |  ;; Adaptive cruise control (Toyota Safety Sense) | Standard (TSS bundled standard; not a paid option) |  |  ;; Wireless smartphone charging | Unavailable |  |  ;; Moonroof | Package-only | $940 (bundled w/ tonneau cover) | Moonroof Package,"Moonroof Package | $940 | contents: Moonroof, tonneau cover ;; Multimedia Upgrade | $615 | contents: 10.5-in. Toyota Audio Multimedia touchscreen",https://www.toyota.com/configurator/build/step/color/year/2026/series/corollacross/model/6303/ ;; https://www.toyota.com/configurator/build/step/model/year/2026/series/corollacross/ ;; https://www.edmunds.com/toyota/corolla-cross/2026/features-specs/,"No discrepancy vs. Edmunds on base MSRP ($27,665) or AWD delta (+$1,300, Edmunds LE AWD = $28,965). Prior pass would need to have separately noted that LE's Moonroof Package bundles a tonneau cover (cargo cover) alongside the moonroof -- this bundling detail is easy to miss from a press release alone.","Base MSRP, AWD deltas and all package contents/prices confirmed directly on Toyota.com Build & Price (live, MY2026) and cross-checked against Edmunds MY2026 trim pricing (exact match on all 6 base-trim MSRPs and both AWD deltas). Wheel size/design not confirmed per-trim (Build & Price does not expose wheel choice as a selectable line item for this nameplate); left as 'not separately selectable' rather than guessed. Adaptive cruise control (TSS) marked Standard based on Toyota's long-standing across-the-lineup TSS policy and its total absence from any paid option/package list on Build & Price -- not from an explicit 'Standard' equipment label, since Build & Price only itemizes configurable/paid content, not the full standard-equipment sheet. Prices shown exclude the ~$1,595 destination charge (Toyota's 'Total Amount as Built' figure in-tool includes destination; the extra_cost figures recorded here for individual items are the item's own MSRP delta only)."
Toyota,Corolla Cross,LE,2026,AWD,Gas,SUV,Wind Chill Pearl | Standalone | $475 |  ;; Sonic Silver | Standard |  |  ;; Celestite | Standard |  |  ;; Cavalry Blue | Standard |  |  ;; Soul Red Crystal | Standalone | $475 |  ;; Cypress | Standard |  |  ;; Jet Black | Standard |  | ,Light Gray fabric | Standard |  |  ;; Black fabric | Standard |  | ,"Not separately selectable in Build & Price -- wheel design/size is fixed per trim, no user-facing options or price deltas offered | Standard |  | ",Moonroof (bundled with tonneau cover) | Package-only | $940 (bundled) | Moonroof Package,"5-seat, single row-2 configuration; no bench/captain's-chair or 3rd-row variation offered","Front-Wheel Drive | Standard |  |  ;; All-Wheel Drive | Standalone | +$1,300 | ",Leather upholstery | Unavailable |  |  ;; Heated front seats | Unavailable |  |  ;; Heated steering wheel | Unavailable |  |  ;; Power liftgate | Unavailable |  |  ;; Adaptive cruise control (Toyota Safety Sense) | Standard (TSS bundled standard; not a paid option) |  |  ;; Wireless smartphone charging | Unavailable |  |  ;; Moonroof | Package-only | $940 (bundled w/ tonneau cover) | Moonroof Package,"Moonroof Package | $940 | contents: Moonroof, tonneau cover ;; Multimedia Upgrade | $615 | contents: 10.5-in. Toyota Audio Multimedia touchscreen",https://www.toyota.com/configurator/build/step/color/year/2026/series/corollacross/model/6303/ ;; https://www.toyota.com/configurator/build/step/model/year/2026/series/corollacross/ ;; https://www.edmunds.com/toyota/corolla-cross/2026/features-specs/,"Same-page toggle (+$1,300); Edmunds cross-check exact match.","Base MSRP, AWD deltas and all package contents/prices confirmed directly on Toyota.com Build & Price (live, MY2026) and cross-checked against Edmunds MY2026 trim pricing (exact match on all 6 base-trim MSRPs and both AWD deltas). Wheel size/design not confirmed per-trim (Build & Price does not expose wheel choice as a selectable line item for this nameplate); left as 'not separately selectable' rather than guessed. Adaptive cruise control (TSS) marked Standard based on Toyota's long-standing across-the-lineup TSS policy and its total absence from any paid option/package list on Build & Price -- not from an explicit 'Standard' equipment label, since Build & Price only itemizes configurable/paid content, not the full standard-equipment sheet. Prices shown exclude the ~$1,595 destination charge (Toyota's 'Total Amount as Built' figure in-tool includes destination; the extra_cost figures recorded here for individual items are the item's own MSRP delta only)."
Toyota,Corolla Cross,XLE,2026,FWD,Gas,SUV,Wind Chill Pearl | Standalone | $475 |  ;; Sonic Silver | Standard |  |  ;; Celestite | Standard |  |  ;; Cavalry Blue | Standard |  |  ;; Soul Red Crystal | Standalone | $475 |  ;; Cypress | Standard |  |  ;; Jet Black | Standard |  | ,Black SofTex (synthetic leather) trim | Standard |  |  ;; Portobello SofTex (synthetic leather) trim | Standard |  | ,"Not separately selectable in Build & Price -- wheel design/size is fixed per trim, no user-facing options or price deltas offered | Standard |  | ",Moonroof (bundled with power liftgate) | Package-only | $1250 (bundled) | Convenience Package,"5-seat, single row-2 configuration; no bench/captain's-chair or 3rd-row variation offered","Front-Wheel Drive | Standard |  |  ;; All-Wheel Drive | Standalone | +$1,450 | ","Leather upholstery | Unavailable (SofTex synthetic-leather trim standard instead) |  |  ;; Heated front seats | Unavailable |  |  ;; Heated steering wheel | Unavailable |  |  ;; Power liftgate | Package-only | $1,250 (bundled w/ moonroof) | Convenience Package ;; Adaptive cruise control (Toyota Safety Sense) | Standard (TSS bundled standard; not a paid option) |  |  ;; Wireless smartphone charging | Unavailable |  |  ;; Moonroof | Package-only | $1,250 (bundled w/ power liftgate) | Convenience Package","Convenience Package | $1,250 | contents: Power liftgate, Moonroof",https://www.toyota.com/configurator/build/step/color/year/2026/series/corollacross/model/6305/ ;; https://www.toyota.com/configurator/build/step/model/year/2026/series/corollacross/ ;; https://www.edmunds.com/toyota/corolla-cross/2026/features-specs/,"IMPORTANT: XLE's AWD delta is +$1,450, NOT +$1,300 like L/LE -- confirmed twice on Toyota's own Build & Price (AWD box shows '$1,450 MSRP') and independently cross-checked on Edmunds (XLE FWD $30,260, XLE AWD $31,710, delta = exactly $1,450). A press-release-only pass would very plausibly have applied a single flat AWD upcharge across all gas trims and missed this per-trim variation -- this is the single biggest discrepancy risk this redo corrects.","Base MSRP, AWD deltas and all package contents/prices confirmed directly on Toyota.com Build & Price (live, MY2026) and cross-checked against Edmunds MY2026 trim pricing (exact match on all 6 base-trim MSRPs and both AWD deltas). Wheel size/design not confirmed per-trim (Build & Price does not expose wheel choice as a selectable line item for this nameplate); left as 'not separately selectable' rather than guessed. Adaptive cruise control (TSS) marked Standard based on Toyota's long-standing across-the-lineup TSS policy and its total absence from any paid option/package list on Build & Price -- not from an explicit 'Standard' equipment label, since Build & Price only itemizes configurable/paid content, not the full standard-equipment sheet. Prices shown exclude the ~$1,595 destination charge (Toyota's 'Total Amount as Built' figure in-tool includes destination; the extra_cost figures recorded here for individual items are the item's own MSRP delta only)."
Toyota,Corolla Cross,XLE,2026,AWD,Gas,SUV,Wind Chill Pearl | Standalone | $475 |  ;; Sonic Silver | Standard |  |  ;; Celestite | Standard |  |  ;; Cavalry Blue | Standard |  |  ;; Soul Red Crystal | Standalone | $475 |  ;; Cypress | Standard |  |  ;; Jet Black | Standard |  | ,Black SofTex (synthetic leather) trim | Standard |  |  ;; Portobello SofTex (synthetic leather) trim | Standard |  | ,"Not separately selectable in Build & Price -- wheel design/size is fixed per trim, no user-facing options or price deltas offered | Standard |  | ",Moonroof (bundled with power liftgate) | Package-only | $1250 (bundled) | Convenience Package,"5-seat, single row-2 configuration; no bench/captain's-chair or 3rd-row variation offered","Front-Wheel Drive | Standard |  |  ;; All-Wheel Drive | Standalone | +$1,450 | ","Leather upholstery | Unavailable (SofTex synthetic-leather trim standard instead) |  |  ;; Heated front seats | Unavailable |  |  ;; Heated steering wheel | Unavailable |  |  ;; Power liftgate | Package-only | $1,250 (bundled w/ moonroof) | Convenience Package ;; Adaptive cruise control (Toyota Safety Sense) | Standard (TSS bundled standard; not a paid option) |  |  ;; Wireless smartphone charging | Unavailable |  |  ;; Moonroof | Package-only | $1,250 (bundled w/ power liftgate) | Convenience Package","Convenience Package | $1,250 | contents: Power liftgate, Moonroof",https://www.toyota.com/configurator/build/step/color/year/2026/series/corollacross/model/6305/ ;; https://www.toyota.com/configurator/build/step/model/year/2026/series/corollacross/ ;; https://www.edmunds.com/toyota/corolla-cross/2026/features-specs/,"See XLE FWD row -- AWD delta is +$1,450 (confirmed on both Toyota.com and Edmunds), not the +$1,300 seen on L/LE.","Base MSRP, AWD deltas and all package contents/prices confirmed directly on Toyota.com Build & Price (live, MY2026) and cross-checked against Edmunds MY2026 trim pricing (exact match on all 6 base-trim MSRPs and both AWD deltas). Wheel size/design not confirmed per-trim (Build & Price does not expose wheel choice as a selectable line item for this nameplate); left as 'not separately selectable' rather than guessed. Adaptive cruise control (TSS) marked Standard based on Toyota's long-standing across-the-lineup TSS policy and its total absence from any paid option/package list on Build & Price -- not from an explicit 'Standard' equipment label, since Build & Price only itemizes configurable/paid content, not the full standard-equipment sheet. Prices shown exclude the ~$1,595 destination charge (Toyota's 'Total Amount as Built' figure in-tool includes destination; the extra_cost figures recorded here for individual items are the item's own MSRP delta only)."
Toyota,Corolla Cross,Hybrid S,2026,AWD,Hybrid,SUV,Wind Chill Pearl | Standalone | $475 |  ;; Sonic Silver | Standard |  |  ;; Celestite | Standard |  |  ;; Jet Black | Standard |  | ,Gray/Black fabric | Standard |  | ,"Not separately selectable in Build & Price -- wheel design/size is fixed per trim, no user-facing options or price deltas offered | Standard |  | ",Moonroof | Unavailable |  | ,"5-seat, single row-2 configuration; no bench/captain's-chair or 3rd-row variation offered",All-Wheel Drive | Standard (only drivetrain offered; no FWD variant on Hybrid) |  | ,Leather upholstery | Unavailable |  |  ;; Heated front seats | Unavailable |  |  ;; Heated steering wheel | Unavailable |  |  ;; Power liftgate | Unavailable |  |  ;; Adaptive cruise control (Toyota Safety Sense) | Standard (TSS bundled standard on all Toyota Corolla Cross trims; not itemized as a paid option/package on Build & Price) |  |  ;; Wireless smartphone charging | Unavailable (not offered as a factory option/package on any trim) |  |  ;; Moonroof | Unavailable |  | ,,https://www.toyota.com/configurator/build/step/color/year/2026/series/corollacross/model/6312/ ;; https://www.toyota.com/configurator/build/step/model/year/2026/series/corollacross/ ;; https://www.edmunds.com/toyota/corolla-cross-hybrid/2026/features-specs/,"No discrepancy vs. Edmunds on base MSRP ($29,795). All Hybrid trims are confirmed AWD-only on Toyota's own site -- the Powertrain step shows a single non-optional 'All-Wheel Drive' box with no FWD alternative and no price shown (i.e., it is simply the drivetrain, not a paid upgrade), matching Edmunds which lists only one (AWD) hybrid trim variant per grade. Hybrid S has zero Packages/Options tabs, same as gas L trim.","Base MSRP, AWD deltas and all package contents/prices confirmed directly on Toyota.com Build & Price (live, MY2026) and cross-checked against Edmunds MY2026 trim pricing (exact match on all 6 base-trim MSRPs and both AWD deltas). Wheel size/design not confirmed per-trim (Build & Price does not expose wheel choice as a selectable line item for this nameplate); left as 'not separately selectable' rather than guessed. Adaptive cruise control (TSS) marked Standard based on Toyota's long-standing across-the-lineup TSS policy and its total absence from any paid option/package list on Build & Price -- not from an explicit 'Standard' equipment label, since Build & Price only itemizes configurable/paid content, not the full standard-equipment sheet. Prices shown exclude the ~$1,595 destination charge (Toyota's 'Total Amount as Built' figure in-tool includes destination; the extra_cost figures recorded here for individual items are the item's own MSRP delta only)."
Toyota,Corolla Cross,Hybrid SE,2026,AWD,Hybrid,SUV,Wind Chill Pearl | Standalone | $475 |  ;; Sonic Silver | Standard |  |  ;; Celestite | Standard |  |  ;; Cavalry Blue | Standard |  |  ;; Soul Red Crystal | Standalone | $475 |  ;; Jet Black | Standard |  |  ;; Wind Chill Pearl with Jet Black roof (two-tone) | Standalone | $975 |  ;; Sonic Silver with Jet Black roof (two-tone) | Standalone | $500 |  ;; Cavalry Blue with Jet Black roof (two-tone) | Standalone | $500 |  ;; Soul Red Crystal with Jet Black roof (two-tone) | Standalone | $975 | ,Black fabric with Smoke Silver accents | Standard |  |  ;; Gray/Black fabric | Standard |  | ,"Not separately selectable in Build & Price -- wheel design/size is fixed per trim, no user-facing options or price deltas offered | Standard |  | ",Moonroof (bundled with tonneau cover) | Package-only | $940 (bundled) | Moonroof Package,"5-seat, single row-2 configuration; no bench/captain's-chair or 3rd-row variation offered",All-Wheel Drive | Standard (only drivetrain offered; no FWD variant on Hybrid) |  | ,Leather upholstery | Unavailable |  |  ;; Heated front seats | Package-only | $500 (bundled w/ heated steering wheel) | Cold Weather Package ;; Heated steering wheel | Package-only | $500 (bundled w/ heated front seats) | Cold Weather Package ;; Power liftgate | Unavailable |  |  ;; Adaptive cruise control (Toyota Safety Sense) | Standard (TSS bundled standard; not a paid option) |  |  ;; Wireless smartphone charging | Unavailable |  |  ;; Moonroof | Package-only | $940 (bundled w/ tonneau cover) | Moonroof Package,"Cold Weather Package | $500 | contents: Heated steering wheel, heated front seats ;; Moonroof Package | $940 | contents: Moonroof, tonneau cover ;; Multimedia Upgrade | $615 | contents: 10.5-in. Toyota Audio Multimedia touchscreen",https://www.toyota.com/configurator/build/step/color/year/2026/series/corollacross/model/6314/ ;; https://www.toyota.com/configurator/build/step/model/year/2026/series/corollacross/ ;; https://www.edmunds.com/toyota/corolla-cross-hybrid/2026/features-specs/,"No discrepancy vs. Edmunds on base MSRP ($31,115). Notable finding: Hybrid SE is the ONLY trim in the entire 2026 Corolla Cross lineup where heated seats/heated steering wheel are obtainable at all (via the $500 Cold Weather Package) -- they are simply unavailable at every gas trim and at Hybrid S, and no equivalent package appears for the range-topping Hybrid XSE either (see Hybrid XSE confidence notes). A press-release-only pass would likely have assumed heated seats scale monotonically with trim level and missed this SE-only availability quirk.","Base MSRP, AWD deltas and all package contents/prices confirmed directly on Toyota.com Build & Price (live, MY2026) and cross-checked against Edmunds MY2026 trim pricing (exact match on all 6 base-trim MSRPs and both AWD deltas). Wheel size/design not confirmed per-trim (Build & Price does not expose wheel choice as a selectable line item for this nameplate); left as 'not separately selectable' rather than guessed. Adaptive cruise control (TSS) marked Standard based on Toyota's long-standing across-the-lineup TSS policy and its total absence from any paid option/package list on Build & Price -- not from an explicit 'Standard' equipment label, since Build & Price only itemizes configurable/paid content, not the full standard-equipment sheet. Prices shown exclude the ~$1,595 destination charge (Toyota's 'Total Amount as Built' figure in-tool includes destination; the extra_cost figures recorded here for individual items are the item's own MSRP delta only)."
Toyota,Corolla Cross,Hybrid XSE,2026,AWD,Hybrid,SUV,Wind Chill Pearl | Standalone | $475 |  ;; Sonic Silver | Standard |  |  ;; Celestite | Standard |  |  ;; Cavalry Blue | Standard |  |  ;; Soul Red Crystal | Standalone | $475 |  ;; Jet Black | Standard |  |  ;; Wind Chill Pearl with Jet Black roof (two-tone) | Standalone | $975 |  ;; Sonic Silver with Jet Black roof (two-tone) | Standalone | $500 |  ;; Cavalry Blue with Jet Black roof (two-tone) | Standalone | $500 |  ;; Soul Red Crystal with Jet Black roof (two-tone) | Standalone | $975 | ,Black/Blue SofTex/fabric mixed media trim | Standard |  |  ;; Black SofTex/fabric mixed media trim | Standard |  | ,"Not separately selectable in Build & Price -- wheel design/size is fixed per trim, no user-facing options or price deltas offered | Standard |  | ",Moonroof (bundled with power liftgate) | Package-only | $1250 (bundled) | Convenience Package,"5-seat, single row-2 configuration; no bench/captain's-chair or 3rd-row variation offered",All-Wheel Drive | Standard (only drivetrain offered; no FWD variant on Hybrid) |  | ,"Leather upholstery | Unavailable (SofTex synthetic-leather/fabric mixed-media trim standard instead) |  |  ;; Heated front seats | Unclear -- no Cold Weather-type package or option offered for this trim on Build & Price (unlike Hybrid SE); status as standard vs. simply unavailable could not be confirmed from configurator or Edmunds' abbreviated spec list |  |  ;; Heated steering wheel | Unclear -- same caveat as heated front seats above |  |  ;; Power liftgate | Package-only | $1,250 (bundled w/ moonroof) | Convenience Package ;; Adaptive cruise control (Toyota Safety Sense) | Standard (TSS bundled standard; not a paid option) |  |  ;; Wireless smartphone charging | Unavailable |  |  ;; Moonroof | Package-only | $1,250 (bundled w/ power liftgate) | Convenience Package","Convenience Package | $1,250 | contents: Power liftgate, Moonroof",https://www.toyota.com/configurator/build/step/color/year/2026/series/corollacross/model/6316/ ;; https://www.toyota.com/configurator/build/step/model/year/2026/series/corollacross/ ;; https://www.edmunds.com/toyota/corolla-cross-hybrid/2026/features-specs/,"No discrepancy vs. Edmunds on base MSRP ($33,830). DISCREPANCY/GAP FLAGGED: Toyota's Build & Price shows no Cold Weather Package (or any heated-seat/heated-steering-wheel option) for Hybrid XSE, even though the lower Hybrid SE trim offers one for $500. Edmunds' XSE package list (All-Weather Floor Liner, Convenience, Activity) also shows no such package. This could mean heated front seats/heated steering wheel are standard equipment folded into the top trim, OR that they are simply not offered on Hybrid XSE at all -- the Build & Price tool and Edmunds' abbreviated spec view do not disambiguate 'standard' vs. 'not equipped' for items that never appear as a line item. Left as 'Unclear' per the no-fabrication rule; recommend confirming against a dealer window sticker/Monroney label before using this for buyer-facing claims.","Base MSRP, AWD deltas and all package contents/prices confirmed directly on Toyota.com Build & Price (live, MY2026) and cross-checked against Edmunds MY2026 trim pricing (exact match on all 6 base-trim MSRPs and both AWD deltas). Wheel size/design not confirmed per-trim (Build & Price does not expose wheel choice as a selectable line item for this nameplate); left as 'not separately selectable' rather than guessed. Adaptive cruise control (TSS) marked Standard based on Toyota's long-standing across-the-lineup TSS policy and its total absence from any paid option/package list on Build & Price -- not from an explicit 'Standard' equipment label, since Build & Price only itemizes configurable/paid content, not the full standard-equipment sheet. Prices shown exclude the ~$1,595 destination charge (Toyota's 'Total Amount as Built' figure in-tool includes destination; the extra_cost figures recorded here for individual items are the item's own MSRP delta only)."
Toyota,C-HR,SE,2026,AWD,EV,SUV,Overcast | Standard |  |  ;; Tandoori | Standard |  |  ;; Cement | Standard |  |  ;; Wind Chill Pearl | Standalone | $475 |  ;; Midnight Black Metallic | Standard |  | ,Black SofTex/fabric mixed media trim | Standard |  | ,Standard SE alloy wheels (no alternate wheel choice offered in Build & Price) | Standard |  | ,Panoramic Roof | Unavailable |  | not offered on SE (XSE-only package),"5-passenger, 2-row SUV seating (single configuration) | Standard |  | ","Dual Electric Motors, All-Wheel Drive, 1-Speed Automatic (direct drive) - single powertrain, no variant choice | Standard |  | ","Leather | Unavailable |  | SofTex/fabric only on SE ;; Heated front seats | Unknown |  |  ;; Heated steering wheel | Unknown |  |  ;; Adaptive cruise control | Unknown |  | safety-suite grouping on Edmunds suggests std but ACC not itemized separately ;; Wireless charging | Unknown |  |  ;; Sunroof/Moonroof | Unavailable |  |  ;; Limited-slip differential | Unavailable |  | n/a - EV, not offered ;; Performance brakes | Unavailable |  | ",Headlight cleaner | $100 | contents: headlight cleaner,https://www.toyota.com/configurator/build/step/model/year/2026/series/c-hr/ ; https://www.toyota.com/configurator/build/step/color/year/2026/series/c-hr/model/2416/... (SE) ; https://www.toyota.com/configurator/build/step/color/year/2026/series/c-hr/model/2419/... (XSE) ; https://www.edmunds.com/toyota/c-hr/2026/features-specs/,"None vs Edmunds; SE trim and $37,000 base MSRP (Edmunds) vs $37,000 as-shown default (Toyota) match closely.","Heated seats/steering wheel, adaptive cruise control (as a standalone item), and wireless charging status could not be confirmed present or absent - SE has no options package that would surface them, and no standard-equipment feature list was checked beyond Build & Price and Edmunds' grouped 'safety' bullets. Left as Unknown rather than guessed."
Toyota,C-HR,XSE,2026,AWD,EV,SUV,Tandoori with Midnight Black Metallic roof | Standalone | $500 |  ;; Cement with Midnight Black Metallic roof | Standalone | $500 |  ;; Overcast | Standard |  |  ;; Wind Chill Pearl with Midnight Black Metallic roof | Standalone | $975 |  ;; Tandoori | Standard |  |  ;; Cement | Standard |  |  ;; Wind Chill Pearl | Standalone | $475 |  ;; Midnight Black Metallic | Standard |  | ,Boulder synthetic suede/SofTex trim | Standard |  |  ;; Black synthetic suede/SofTex trim | Standard |  | ,Standard XSE alloy wheels (no alternate wheel choice offered in Build & Price) | Standard |  | ,"Panoramic Roof | Package-only | $1,000 | Panoramic Roof package","5-passenger, 2-row SUV seating (single configuration) | Standard |  | ","Dual Electric Motors, All-Wheel Drive, 1-Speed Automatic (direct drive) - single powertrain, no variant choice | Standard |  | ","Leather | Unavailable |  | synthetic suede/SofTex only ;; Heated rear seats | Package-only | $450 | Cold Weather Package ;; Heated front seats | Unknown |  | not itemized in Cold Weather Package contents seen (headlight cleaner, heated rear seats) ;; Heated steering wheel | Unknown |  |  ;; Adaptive cruise control | Unknown |  |  ;; Wireless charging | Unknown |  |  ;; 9-Speaker JBL Premium Audio | Package-only | $600 | 9-Speaker JBL Premium Audio package ;; Sunroof/Panoramic roof | Package-only | $1,000 | Panoramic Roof package ;; Limited-slip differential | Unavailable |  | n/a - EV ;; Performance brakes | Unavailable |  | ","Cold Weather Package | $450 | contents: Headlight cleaner, heated rear seats ;; 9-Speaker JBL Premium Audio | $600 | contents: not itemized - package modal not opened this session, name/price confirmed only ;; Panoramic Roof | $1,000 | contents: not itemized - package modal not opened this session, name/price confirmed only",https://www.toyota.com/configurator/build/step/model/year/2026/series/c-hr/ ; https://www.toyota.com/configurator/build/step/color/year/2026/series/c-hr/model/2416/... (SE) ; https://www.toyota.com/configurator/build/step/color/year/2026/series/c-hr/model/2419/... (XSE) ; https://www.edmunds.com/toyota/c-hr/2026/features-specs/,XSE adds 3 two-tone (black roof) paint choices at +$500/+$500/+$975 not available on SE; Panoramic Roof and JBL audio are XSE-exclusive options not offered on SE.,"Full itemized contents of the 9-Speaker JBL Premium Audio and Panoramic Roof packages were not opened this session (only Cold Weather Package contents were confirmed) - name and price are Toyota-confirmed, contents left unconfirmed rather than guessed. Heated front seats, heated steering wheel, adaptive cruise, and wireless charging status not independently confirmed."
Toyota,C-HR,SE,2027,AWD,EV,SUV,Overcast | Standard |  |  ;; Tandoori | Standard |  |  ;; Cement | Standard |  |  ;; Wind Chill Pearl | Standalone | $475 | ,Black SofTex/fabric mixed media trim | Standard |  | ,Standard SE alloy wheels (no alternate wheel choice offered in Build & Price) | Standard |  | ,Panoramic Roof | Unavailable |  | not offered on SE (XSE-only package),"5-passenger, 2-row SUV seating (single configuration) | Standard |  | ","Dual Electric Motors, All-Wheel Drive, 1-Speed Automatic (direct drive) - single powertrain, no variant choice | Standard |  | ",Leather | Unavailable |  | SofTex/fabric only on SE ;; Heated front seats | Unknown |  |  ;; Heated steering wheel | Unknown |  |  ;; Adaptive cruise control | Unknown |  |  ;; Wireless charging | Unknown |  |  ;; Sunroof/Moonroof | Unavailable |  |  ;; Limited-slip differential | Unavailable |  | n/a - EV ;; Performance brakes | Unavailable |  | ,Headlight cleaner | $100 | contents: headlight cleaner (assumed carryover from MY2026 - not re-opened this session),https://www.toyota.com/configurator/build/step/model/year/2027/series/c-hr/ ; https://www.toyota.com/configurator/build/step/color/year/2027/series/c-hr/model/2416/...,"MY2027 SE confirmed live with same model ID (2416) and same core color/interior structure as MY2026; prices increased slightly vs MY2026, same model IDs 2416/2419. Toyota's own trim-picker text: 'The 2027 Toyota C-HR has 2 trims available: SE and XSE.'",Colors/interior/drivetrain re-verified live for MY2027; the single package (Headlight cleaner) was confirmed present on the Packages tab but its $100 price and exact contents were not re-opened for MY2027 specifically (assumed unchanged from MY2026 based on identical model ID).
Toyota,C-HR,XSE,2027,AWD,EV,SUV,Tandoori with Midnight Black Metallic roof | Standalone | $500 |  ;; Cement with Midnight Black Metallic roof | Standalone | $500 |  ;; Overcast | Standard |  |  ;; Wind Chill Pearl with Midnight Black Metallic roof | Standalone | $975 | ,Boulder synthetic suede/SofTex trim | Standard |  |  ;; Black synthetic suede/SofTex trim | Standard |  | ,Standard XSE alloy wheels (no alternate wheel choice offered in Build & Price) | Standard |  | ,"Panoramic Roof | Package-only | $1,000 | Panoramic Roof package (assumed carryover, not re-opened for MY2027)","5-passenger, 2-row SUV seating (single configuration) | Standard |  | ","Dual Electric Motors, All-Wheel Drive, 1-Speed Automatic (direct drive) - single powertrain, no variant choice | Standard |  | ","Leather | Unavailable |  | synthetic suede/SofTex only ;; Heated rear seats | Package-only | $450 | Cold Weather Package (assumed carryover) ;; Heated front seats | Unknown |  |  ;; Heated steering wheel | Unknown |  |  ;; Adaptive cruise control | Unknown |  |  ;; Wireless charging | Unknown |  |  ;; 9-Speaker JBL Premium Audio | Package-only | $600 | 9-Speaker JBL Premium Audio (assumed carryover) ;; Sunroof/Panoramic roof | Package-only | $1,000 | Panoramic Roof package ;; Limited-slip differential | Unavailable |  | n/a - EV ;; Performance brakes | Unavailable |  | ","Cold Weather Package | $450 (assumed carryover, not re-confirmed for MY2027) | contents: Headlight cleaner, heated rear seats ;; 9-Speaker JBL Premium Audio | $600 (assumed carryover) | contents: not itemized ;; Panoramic Roof | $1,000 (assumed carryover) | contents: not itemized",https://www.toyota.com/configurator/build/step/model/year/2027/series/c-hr/ ; https://www.toyota.com/configurator/build/step/color/year/2027/series/c-hr/model/2419/...,"MY2027 XSE confirmed live with same model ID (2419) and same color/interior/package structure as MY2026, price bumped slightly (e.g. as-built XSE default rose from $41,095 to $41,175).",Colors and interior re-verified live for MY2027 XSE; package names were seen on the Packages tab list for MY2026 XSE and assumed unchanged in price/contents for MY2027 since the model ID is identical - not independently re-opened for MY2027.
Toyota,Mirai,XLE,2026,RWD,Hydrogen,Sedan,Hydro Blue | Standalone | $475 |  ;; Black | Standard |  |  ;; Heavy Metal | Standalone | $475 |  ;; Oxygen White | Standalone | $475 | ,Black SofTex trim with silver accents | Standard |  | ,19x8.0-in. painted alloy wheels (per Edmunds spec) - no alternate wheel choice offered in Build & Price | Standard |  | ,Sunroof/Moonroof | Unavailable |  | no roof option present in Build & Price,5-passenger sedan seating (single configuration) | Standard |  | ,"Toyota Fuel Cell System (TFCS), Rear-Wheel Drive, 1-speed direct drive - single powertrain, no variant choice | Standard |  | ","Leather | Unavailable |  | SofTex only ;; Heated front seats | Unknown |  |  ;; Heated steering wheel | Unknown |  |  ;; Adaptive cruise control | Unknown |  |  ;; Wireless charging | Unknown |  |  ;; JBL premium audio | Unknown |  | Edmunds spec sheet lists JBL as Standard, but not independently confirmed via Toyota Build & Price since Mirai has no Packages/options step ;; Limited-slip differential | Unavailable |  | n/a - FCEV ;; Performance brakes | Unavailable |  | ",,https://www.toyota.com/configurator/build/step/model/year/2026/series/mirai/?zipcode=90012 ; https://www.toyota.com/configurator/build/step/color/year/2026/series/mirai/model/3002/... ; https://www.edmunds.com/toyota/mirai/2026/features-specs/,"Task/parent-agent labeled this trim 'XLE'; Toyota's own live Build & Price tool shows NO trim name at all - the trim-picker page states 'The 2026 Mirai has 1 trim available: Mirai' and the build header simply reads '2026 Mirai' with no XLE designation anywhere in the configurator. Edmunds, however, DOES label the single 2026 Mirai trim 'XLE' ($51,795 MSRP), consistent with the task's naming. Toyota historically offered Mirai in XLE and Limited trims (prior generation); for MY2026 Toyota's own site has apparently dropped the trim name from its build tool even though Edmunds and other sources still use 'XLE' - both sources are cited to explain the mismatch.","Mirai has NO Packages step in Toyota's Build & Price flow (it jumps directly from Powertrain to Accessories), so no dealer/factory options package exists to confirm or rule out heated front seats, heated steering wheel, adaptive cruise control, or wireless charging - these are left as Unknown rather than assumed standard, even though a hydrogen flagship sedan commonly includes them. JBL audio is called out as Standard on Edmunds' spec sheet but this was not cross-checked against a Toyota-published standard-equipment list this session."
Toyota,GR86,Base,2026,RWD,Gas,Coupe,Raven | Standard |  |  ;; Pavement | Standard |  |  ;; Steel | Standard |  |  ;; Halo | Standalone | $475 |  ;; Trueno Blue | Standard |  |  ;; Track bRED | Standalone | $475 | ,Black Fabric | Standard |  | ,Standard alloy wheels | Standard |  |  ;; 18-in. matte-black-painted alloy wheels | Package-only |  | Performance Package,Sunroof/Moonroof | Unavailable |  | ,4-seat (2+2) coupe - single configuration | Standard |  | ,"2.4L 4-Cyl. Engine, Rear-Wheel Drive | Standard |  |  ;; 6-Speed Manual Transmission | Standard |  | no extra cost, default ;; 6-Speed Electronically Controlled Automatic Transmission (ECT) with paddle shifters | Standalone | $1,100 | ","Leather | Unavailable |  | fabric only ;; Heated seats | Unknown |  |  ;; Heated steering wheel | Unknown |  |  ;; Adaptive cruise control | Unknown |  |  ;; Wireless charging | Unknown |  |  ;; Sunroof | Unavailable |  |  ;; Limited-slip differential (rear) | Standard |  | confirmed via Edmunds spec sheet: 'Rear limited slip differential - Standard' ;; Performance brakes (Brembo) + SACHS dampers | Package-only | $2,020 | Performance Package","Performance Package | $2,020 | contents: Brembo brakes, SACHS dampers, 18-in. matte-black-painted alloy wheels",https://www.toyota.com/configurator/build/step/model/year/2026/series/gr86/ ; https://www.toyota.com/configurator/build/step/color/year/2026/series/gr86/model/6253/... (base) ; https://www.toyota.com/configurator/build/step/color/year/2026/series/gr86/model/6255/... (Premium) ; https://www.toyota.com/configurator/build/step/color/year/2026/series/gr86/model/6259/... (Yuzu Edition) ; https://www.edmunds.com/toyota/gr86/2026/features-specs/,"Edmunds lists base trim without a name (just '2dr Coupe'), matching Toyota's plain 'GR86' designation used in the task.","Heated seats, heated steering wheel, adaptive cruise control, and wireless charging status could not be confirmed via Build & Price (not itemized in the single Performance Package) or via the Edmunds summary bullets reviewed; left as Unknown."
Toyota,GR86,Premium,2026,RWD,Gas,Coupe,Raven | Standard |  |  ;; Pavement | Standard |  |  ;; Steel | Standard |  |  ;; Halo | Standalone | $475 |  ;; Trueno Blue | Standard |  |  ;; Track bRED | Standalone | $475 | ,Black Ultrasuede with Leather-trimmed side bolsters | Standard |  | ,"Standard Premium alloy wheels (no separate wheel upgrade in Performance Package on this trim, unlike base) | Standard |  | ",Sunroof/Moonroof | Unavailable |  | ,4-seat (2+2) coupe - single configuration | Standard |  | ,"2.4L 4-Cyl. Engine, Rear-Wheel Drive | Standard |  |  ;; 6-Speed Manual Transmission | Standard |  | no extra cost, default ;; 6-Speed Electronically Controlled Automatic Transmission (ECT) with paddle shifters | Standalone | $1,100 | ","Leather | Standard |  | leather-trimmed side bolsters standard on Premium ;; Heated seats | Unknown |  |  ;; Heated steering wheel | Unknown |  |  ;; Adaptive cruise control | Unknown |  |  ;; Wireless charging | Unknown |  |  ;; Sunroof | Unavailable |  |  ;; Limited-slip differential (rear) | Standard |  | confirmed via Edmunds spec sheet ;; Performance brakes (Brembo) + SACHS dampers | Package-only | $1,500 | Performance Package ;; GR Aero Kit (front splitter, side skirts, rear diffuser) | Package-only | $2,700 | GR Aero Kit","GR Aero Kit | $2,700 | contents: Front splitter, side skirts, rear diffuser ;; Performance Package | $1,500 | contents: Brembo brakes, SACHS dampers",https://www.toyota.com/configurator/build/step/model/year/2026/series/gr86/ ; https://www.toyota.com/configurator/build/step/color/year/2026/series/gr86/model/6253/... (base) ; https://www.toyota.com/configurator/build/step/color/year/2026/series/gr86/model/6255/... (Premium) ; https://www.toyota.com/configurator/build/step/color/year/2026/series/gr86/model/6259/... (Yuzu Edition) ; https://www.edmunds.com/toyota/gr86/2026/features-specs/,"Performance Package is $520 cheaper on Premium ($1,500) than on base GR86 ($2,020) because it omits the 18-in. wheel upgrade included in the base version's package - Premium likely already rides on the upgraded wheel design standard.","Wheel-spec difference between base and Premium Performance Packages is inferred from the package content lists (base includes '18-in. matte-black-painted alloy wheels', Premium's package does not) rather than an explicit statement that Premium's stock wheels are already that size; heated seats/steering wheel/ACC/wireless charging remain Unknown."
Toyota,GR86,Yuzu Edition,2026,RWD,Gas,Coupe,Yuzu Yellow | Standard |  | only color offered - no choice,"Black leather-trimmed bolsters, Ultrasuede-trimmed inserts with yellow perforation and yellow contrast stitching | Standard |  | only interior offered - no choice",Standard Yuzu Edition alloy wheels (black finish as shown) - no wheel package needed/offered separately | Standard |  | ,Sunroof/Moonroof | Unavailable |  | ,4-seat (2+2) coupe - single configuration | Standard |  | ,"2.4L 4-Cyl. Engine, Rear-Wheel Drive | Standard |  |  ;; 6-Speed Manual Transmission | Standard |  | no extra cost, default ;; 6-Speed Electronically Controlled Automatic Transmission (ECT) with paddle shifters | Standalone | $1,100 | ",Leather | Standard |  | leather-trimmed bolsters standard ;; Heated seats | Unknown |  |  ;; Heated steering wheel | Unknown |  |  ;; Adaptive cruise control | Unknown |  |  ;; Wireless charging | Unknown |  |  ;; Sunroof | Unavailable |  |  ;; Limited-slip differential (rear) | Standard |  | confirmed via Edmunds spec sheet ;; Performance brakes (Brembo) + SACHS dampers | Standard |  | inferred from red brake calipers visible on vehicle and absence of a separate Performance Package on this trim - not itemized/confirmed in a standard-equipment list,"GR Aero Kit | $2,700 | contents: Front splitter, side skirts, rear diffuser",https://www.toyota.com/configurator/build/step/model/year/2026/series/gr86/ ; https://www.toyota.com/configurator/build/step/color/year/2026/series/gr86/model/6253/... (base) ; https://www.toyota.com/configurator/build/step/color/year/2026/series/gr86/model/6255/... (Premium) ; https://www.toyota.com/configurator/build/step/color/year/2026/series/gr86/model/6259/... (Yuzu Edition) ; https://www.edmunds.com/toyota/gr86/2026/features-specs/,"Yuzu Edition is a MY2026-only special edition - confirmed via the MY2027 GR86 trim-picker page, which states 'The 2027 Toyota GR86 has 2 trims available: GR86 and GR86 Premium' (no Yuzu Edition for MY2027), matching the task's trim list which only includes Yuzu Edition for MY2026.","Yuzu Edition offers no Performance Package as a separate line item (unlike base/Premium), and the vehicle images show red-painted brake calipers - Brembo brakes/SACHS dampers are inferred Standard on this basis but were not explicitly itemized as standard equipment in Build & Price. Heated seats/steering wheel/ACC/wireless charging remain Unknown."
Toyota,GR86,Base,2027,RWD,Gas,Coupe,"Raven | Standard |  |  ;; Pavement | Standard |  |  ;; Thunder | Standard |  | new color vs MY2026, replaces/adds to lineup ;; Steel | Standard |  |  ;; Halo | Standalone | $475 |  ;; Trueno Blue | Standard |  |  ;; Track bRED | Standalone | $475 | ",Black fabric | Standard |  | ,"Standard alloy wheels | Standard |  |  ;; 18-in. matte-black-painted alloy wheels | Package-only |  | Performance Package (assumed carryover from MY2026, not re-opened)",Sunroof/Moonroof | Unavailable |  | ,4-seat (2+2) coupe - single configuration | Standard |  | ,"2.4L 4-Cyl. Engine, Rear-Wheel Drive | Standard |  |  ;; 6-Speed Manual Transmission | Standard |  | no extra cost, default ;; 6-Speed Electronically Controlled Automatic Transmission (ECT) with paddle shifters | Standalone | $1,100 (assumed carryover, not re-opened for MY2027) | ","Leather | Unavailable |  | fabric only ;; Heated seats | Unknown |  |  ;; Heated steering wheel | Unknown |  |  ;; Adaptive cruise control | Unknown |  |  ;; Wireless charging | Unknown |  |  ;; Sunroof | Unavailable |  |  ;; Limited-slip differential (rear) | Standard |  | per Edmunds MY2026 spec sheet; not independently re-confirmed for MY2027 ;; Performance brakes (Brembo) + SACHS dampers | Package-only | $2,020 (assumed carryover) | Performance Package","Performance Package | $2,020 (assumed carryover, not re-opened for MY2027) | contents: Brembo brakes, SACHS dampers, 18-in. matte-black-painted alloy wheels",https://www.toyota.com/configurator/build/step/model/year/2027/series/gr86/ ; https://www.toyota.com/configurator/build/step/color/year/2027/series/gr86/model/6253/... (base) ; https://www.toyota.com/configurator/build/step/model/year/2027/series/gr86/ (Premium),"MY2027 base GR86 (model ID 6253, same as MY2026) adds a new exterior color 'Thunder' not offered in MY2026; otherwise same colors/interior. Toyota's trim-picker confirms 'The 2027 Toyota GR86 has 2 trims available: GR86 and GR86 Premium' - Yuzu Edition discontinued for MY2027.","Colors and interior verified live for MY2027; the Performance Package's price and contents were confirmed for MY2026 on the same model ID but not re-opened for MY2027 specifically, so its MY2027 price/contents are assumed unchanged rather than independently re-verified."
Toyota,GR86,Premium,2027,RWD,Gas,Coupe,Raven | Standard |  |  ;; Pavement | Standard |  |  ;; Steel | Standard |  |  ;; Halo | Standalone | $475 |  ;; Trueno Blue | Standard |  |  ;; Track bRED | Standalone | $475 | ,Black Ultrasuede with Leather-trimmed side bolsters | Standard |  | ,Standard Premium alloy wheels | Standard |  | ,Sunroof/Moonroof | Unavailable |  | ,4-seat (2+2) coupe - single configuration | Standard |  | ,"2.4L 4-Cyl. Engine, Rear-Wheel Drive | Standard |  |  ;; 6-Speed Manual Transmission | Standard |  | no extra cost, default ;; 6-Speed Electronically Controlled Automatic Transmission (ECT) with paddle shifters | Standalone | $1,100 (assumed carryover) | ","Leather | Standard |  | leather-trimmed bolsters standard on Premium ;; Heated seats | Unknown |  |  ;; Heated steering wheel | Unknown |  |  ;; Adaptive cruise control | Unknown |  |  ;; Wireless charging | Unknown |  |  ;; Sunroof | Unavailable |  |  ;; Limited-slip differential (rear) | Standard |  | per Edmunds MY2026 spec sheet; not independently re-confirmed for MY2027 ;; Performance brakes (Brembo) + SACHS dampers | Package-only | $1,500 (assumed carryover) | Performance Package ;; GR Aero Kit | Package-only | $2,700 (assumed carryover) | GR Aero Kit","GR Aero Kit | $2,700 (assumed carryover, not re-opened for MY2027) | contents: Front splitter, side skirts, rear diffuser ;; Performance Package | $1,500 (assumed carryover, not re-opened for MY2027) | contents: Brembo brakes, SACHS dampers",https://www.toyota.com/configurator/build/step/model/year/2027/series/gr86/ ; https://www.toyota.com/configurator/build/step/color/year/2027/series/gr86/model/6253/... (base) ; https://www.toyota.com/configurator/build/step/model/year/2027/series/gr86/ (Premium),"MY2027 Premium confirmed live ($34,400 as-shown vs MY2026's $34,475) with the same 2-trim MY2027 lineup (GR86, GR86 Premium) per Toyota's trim-picker text.",Trim existence and base pricing verified live for MY2027; color/interior/package option details carried over from the MY2026 Premium build (same general structure observed) rather than independently re-opened package modals for MY2027.
Toyota,GR Supra,3.0,2026,RWD,Gas,Coupe,Stratosphere | Standalone | $475 |  ;; Absolute Zero | Standard |  |  ;; Nocturnal | Standard |  |  ;; Renaissance Red 2.0 | Standard |  | ,Black Alcantara/leather trim | Standard |  | only interior offered on this trim,19x10.0-in. painted alloy performance wheels (per Edmunds spec) - no alternate wheel choice offered in Build & Price | Standard |  | ,Sunroof/Moonroof | Unavailable |  | ,2-seat coupe - single configuration | Standard |  | ,"3.0L Inline 6-Cyl. Turbo Engine, Rear-Wheel Drive | Standard |  |  ;; 8-Speed Automatic Transmission with paddle shifters | Standard |  | default, no extra cost ;; 6-Speed intelligent Manual Transmission (iMT) | Standalone |  | no extra cost alternative; note: the only package on this trim is restricted to automatic transmission only","Leather | Standard |  | Black Alcantara/leather trim included ;; Adaptive cruise control (Full-Speed Dynamic Radar Cruise Control) | Package-only | $3,155 | Safety & Technology Package Plus JBL (For AT only) ;; Blind Spot Monitor (BSM) | Package-only | $3,155 | Safety & Technology Package Plus JBL (For AT only) ;; Rear Cross-Traffic Alert (RCTA) | Package-only | $3,155 | Safety & Technology Package Plus JBL (For AT only) ;; Premium JBL audio / navigation / wireless CarPlay | Package-only | $3,155 | Safety & Technology Package Plus JBL (For AT only) ;; Heated seats | Unknown |  |  ;; Heated steering wheel | Unknown |  |  ;; Wireless charging | Unknown |  |  ;; Limited-slip differential (rear) | Standard |  | confirmed via Edmunds spec sheet: 'Rear limited slip differential - Standard' ;; Performance brakes | Unavailable |  | no brake/suspension upgrade package offered on this trim","Safety & Technology Package Plus JBL (For AT only) | $3,155 | contents: Full-Speed Dynamic Radar Cruise Control, Blind Spot Monitor (BSM), Rear Cross-Traffic Alert (RCTA), Parking Sensors with emergency braking function, 8.8-in. touchscreen display with navigation, 12-speaker 500W JBL audio system with amplifier, touchpad rotary control, wireless Apple CarPlay (iOS only), Speed Limit Information, Supra Connected Services with trial",https://www.toyota.com/configurator/build/step/model/year/2026/series/grsupra/ ; https://www.toyota.com/configurator/build/step/color/year/2026/series/grsupra/model/2372/... (3.0) ; https://www.toyota.com/configurator/build/step/color/year/2026/series/grsupra/model/2374/... (3.0 Premium) ; https://www.toyota.com/configurator/build/step/color/year/2026/series/grsupra/model/2376/... (MkV Final Edition) ; https://www.edmunds.com/toyota/gr-supra/2026/features-specs/,"The Safety & Technology Package Plus JBL is explicitly restricted '(For AT only)' - it cannot be added if the 6-Speed Manual (iMT) transmission is selected, meaning adaptive cruise control, BSM, RCTA, nav, and JBL audio are entirely unavailable on manual-transmission 3.0 builds. Edmunds' spec sheet lists 'JBL premium brand speakers - Standard', which reflects the 'Most Popular' 3.0 Premium 8A configuration Edmunds defaults to, not the base 3.0 trim used as this row's baseline - do not read that as contradicting the package-gating found here.","Heated seats, heated steering wheel, and wireless charging status not itemized in the one available package and left as Unknown rather than assumed."
Toyota,GR Supra,3.0 Premium,2026,RWD,Gas,Coupe,Stratosphere | Standalone | $475 |  ;; Absolute Zero | Standard |  |  ;; Nocturnal | Standard |  |  ;; Renaissance Red 2.0 | Standard |  | ,Harvest Beige leather trim | Standard |  |  ;; Black leather trim | Standard |  | ,19x10.0-in. painted alloy performance wheels (per Edmunds spec) - no alternate wheel choice offered in Build & Price | Standard |  | ,Sunroof/Moonroof | Unavailable |  | ,2-seat coupe - single configuration | Standard |  | ,"3.0L Inline 6-Cyl. Turbo Engine, Rear-Wheel Drive | Standard |  |  ;; 8-Speed Automatic Transmission with paddle shifters | Standard |  | default, no extra cost ;; 6-Speed intelligent Manual Transmission (iMT) | Standalone |  | no extra cost alternative; the Driver Assist Package is restricted to automatic transmission only","Leather | Standard |  | full leather trim, 2 color choices ;; Adaptive cruise control (Full-Speed Dynamic Radar Cruise Control) | Package-only | $1,195 | Driver Assist Package (For AT only) ;; Blind Spot Monitor (BSM) | Package-only | $1,195 | Driver Assist Package (For AT only) ;; Rear Cross-Traffic Alert (RCTA) | Package-only | $1,195 | Driver Assist Package (For AT only) ;; Parking Sensors with emergency braking | Package-only | $1,195 | Driver Assist Package (For AT only) ;; JBL premium audio / navigation | Standard |  | included standard on Premium trim, unlike base 3.0 where it is package-gated - inferred from Premium's higher base content and Edmunds' 'Most Popular' 3.0 Premium spec listing JBL as Standard; not independently itemized as a stand-alone confirmation on the Toyota build tool ;; Heated seats | Unknown |  |  ;; Heated steering wheel | Unknown |  |  ;; Wireless charging | Unknown |  |  ;; Limited-slip differential (rear) | Standard |  | confirmed via Edmunds spec sheet ;; Performance brakes | Unavailable |  | no brake/suspension upgrade package offered on this trim","Driver Assist Package (For AT only) | $1,195 | contents: Full-Speed Dynamic Radar Cruise Control, Blind Spot Monitor (BSM), Rear Cross-Traffic Alert (RCTA), Parking Sensors with emergency braking function",https://www.toyota.com/configurator/build/step/model/year/2026/series/grsupra/ ; https://www.toyota.com/configurator/build/step/color/year/2026/series/grsupra/model/2372/... (3.0) ; https://www.toyota.com/configurator/build/step/color/year/2026/series/grsupra/model/2374/... (3.0 Premium) ; https://www.toyota.com/configurator/build/step/color/year/2026/series/grsupra/model/2376/... (MkV Final Edition) ; https://www.edmunds.com/toyota/gr-supra/2026/features-specs/,"Driver Assist Package on 3.0 Premium ($1,195) is far cheaper than the similarly-scoped Safety & Technology Package Plus JBL on base 3.0 ($3,155) because navigation/JBL/8.8-in. touchscreen are already standard on Premium, leaving only the driver-assist items to be added. Like base 3.0, this package is restricted '(For AT only)' and unavailable with the manual transmission.","JBL/navigation being standard equipment on Premium (vs. package-gated on base) is inferred by comparing package scope and price across trims, not confirmed via an explicit Toyota standard-equipment list. Heated seats/steering wheel/wireless charging remain Unknown."
Toyota,GR Supra,MkV Final Edition,2026,RWD,Gas,Coupe,Burnout | Standard |  |  ;; Undercover | Standard |  |  ;; Absolute Zero | Standard |  |  ;; Nocturnal | Standard |  |  ;; Renaissance Red 2.0 | Standard |  | ,Black Alcantara/leather trim | Standard |  | only interior offered on this trim,Standard MkV Final Edition alloy wheels; GT4-Style Pack may include unique wheels/aero (contents not itemized this session) | Standard |  | ,Sunroof/Moonroof | Unavailable |  | ,2-seat coupe - single configuration | Standard |  | ,"3.0L Inline 6-Cyl. Turbo Engine, Rear-Wheel Drive | Standard |  |  ;; 8-Speed Automatic Transmission with paddle shifters | Standard |  | default, no extra cost ;; 6-Speed intelligent Manual Transmission (iMT) | Standalone |  | no extra cost alternative; the Driver Assist Package is restricted to automatic transmission only","Leather | Standard |  | Black Alcantara/leather trim included ;; Adaptive cruise control (Full-Speed Dynamic Radar Cruise Control) | Package-only | $1,195 | Driver Assist Package (For AT only) ;; Blind Spot Monitor (BSM) | Package-only | $1,195 | Driver Assist Package (For AT only) ;; Rear Cross-Traffic Alert (RCTA) | Package-only | $1,195 | Driver Assist Package (For AT only) ;; Parking Sensors with emergency braking | Package-only | $1,195 | Driver Assist Package (For AT only) ;; GT4-Style Pack (styling/aero, exact contents unconfirmed) | Package-only | $2,160 | GT4-Style Pack ;; Heated seats | Unknown |  |  ;; Heated steering wheel | Unknown |  |  ;; Wireless charging | Unknown |  |  ;; Limited-slip differential (rear) | Standard |  | confirmed via Edmunds spec sheet ;; Performance brakes | Unavailable |  | no dedicated brake upgrade package found beyond stock; GT4-Style Pack contents not itemized so cannot rule out","Driver Assist Package (For AT only) | $1,195 | contents: Full-Speed Dynamic Radar Cruise Control, Blind Spot Monitor (BSM), Rear Cross-Traffic Alert (RCTA), Parking Sensors with emergency braking function ;; GT4-Style Pack | $2,160 | contents: not itemized - package flagged 'Additional Change(s) Required' in Build & Price; contents modal was not opened this session, name/price confirmed only",https://www.toyota.com/configurator/build/step/model/year/2026/series/grsupra/ ; https://www.toyota.com/configurator/build/step/color/year/2026/series/grsupra/model/2372/... (3.0) ; https://www.toyota.com/configurator/build/step/color/year/2026/series/grsupra/model/2374/... (3.0 Premium) ; https://www.toyota.com/configurator/build/step/color/year/2026/series/grsupra/model/2376/... (MkV Final Edition) ; https://www.edmunds.com/toyota/gr-supra/2026/features-specs/,"IMPORTANT: Contrary to the task's stated hypothesis that the GR Supra's live configurator 'may genuinely be gone' given production ended in March 2026, Toyota's live Build & Price tool was CONFIRMED FULLY FUNCTIONAL for all 3 MY2026 GR Supra trims (3.0, 3.0 Premium, MkV Final Edition) as of 2026-09-09, with the trim-picker page explicitly stating 'The 2026 Toyota GR Supra has 3 trims available: 3.0, 3.0 Premium and MkV Final Edition.' Edmunds' spec/build tool likewise lists all 3 trims/transmission combinations, corroborating this. Also: the MkV Final Edition's default 'Total Amount as Built' price of $70,645 vs. the $69,350 base-as-shown trim-card price is fully explained by a $1,295 Delivery, Processing and Handling Fee - not by any color or package surcharge (default Renaissance Red 2.0 color and single interior are both no-cost).","GT4-Style Pack's exact contents were not opened/confirmed this session (only its name, $2,160 price, and 'Additional Change(s) Required' flag were observed) - left uncharacterized rather than guessed. Heated seats/steering wheel/wireless charging status remain Unknown for the same reason as the other two GR Supra trims."
Toyota,Prius,LE,2026,FWD,Hybrid,hatchback,Midnight Black Metallic | Standard |  |  ;; Supersonic Red | Standalone | 475 |  ;; Cutting Edge | Standard |  |  ;; Guardian Gray | Standard |  |  ;; Reservoir Blue | Standard |  |  ;; Wind Chill Pearl | Standalone | 475 | ,Lt. Gray | Standard | cloth/fabric |  ;; Gradient Black | Standard | cloth/fabric | ,"17-in. alloy wheels with wheel covers, 195/60R17 tires | Standard |  | ",Fixed glass roof | Unavailable |  | ,"5-seat hatchback (5-passenger); 60/40 split fold-down rear seats (no center armrest, LE)","Same-page trim; AWD variant available as separate model/base MSRP $29,950 (delta vs FWD base: +1,400). Engine: 2.0L 4-Cyl. Hybrid; Transmission: ECVT (identical across FWD/AWD).","Leather-trimmed seats (genuine leather) | Unavailable |  |  ;; Heated front seats | Unavailable |  |  ;; Heated rear seats | Unavailable |  |  ;; Heated steering wheel | Unavailable |  |  ;; Power liftgate (power liftback) | Unavailable |  |  ;; Adaptive cruise control (Full-Speed Range Dynamic Radar Cruise Control, part of TSS 3.0) | Standard |  |  ;; Qi-compatible wireless charging | Unavailable |  |  ;; Moonroof/Fixed glass roof | Unavailable |  | ",,"https://www.toyota.com/configurator/build/step/color/year/2026/series/prius/model/1223/ ; https://www.toyota.com/configurator/build/step/model/year/2026/series/prius/ ; https://www.toyota.com/prius/features/mpg_other_price/1223/1225/1216 (spec comparison LE/XLE/Nightshade, used for wheel/roof/seat/feature Standard-Available-Unavailable tagging) ; https://www.toyota.com/prius/features/mpg_other_price/1225/1216/1227 (spec comparison XLE/Nightshade/Limited) ; https://www.edmunds.com/toyota/prius/2026/features-specs/ (cross-check)","Edmunds cross-check for 2026 LE matched Toyota exactly on base MSRP ($28,550), all 6 exterior color names, interior cloth colors, 17-in wheel spec, and the $35 Parking Assist option price.","All fields for this row confirmed directly on live Toyota Build & Price (Colors/Powertrain/Options/Packages steps) and Toyota's live Specs comparison tool (Standard/checkmark = Standard, open-circle = Available/optional, dash = Not Available legend). Edmunds spot-check performed for 2026 LE and 2027 LE (full features-specs page pulled) as the cross-check trims called for in the task; both matched Toyota's live site exactly on base MSRP, all exterior color names, interior material/color names, and wheel spec -- no discrepancy found between Toyota and Edmunds on any spot-checked field. Other 15 rows rely on Toyota's live site alone (primary source) without an independent Edmunds pull for that specific trim/year, per the 'spot-check' instruction rather than full duplication. No blanks: FWD/AWD delta captured under drivetrain_engine_variants per row per task's row-identity convention. Per-color surcharge ($475 for Supersonic Red and Wind Chill Pearl specifically -- NOT all colors) verified directly on Toyota's live configurator pricing panel for every one of the 16 rows individually, resolving the prior Edmunds/KBB-only pass's flagged need to verify per-color surcharges against the manufacturer's own tool. Genuine leather is not listed as an option on any Prius trim on Toyota's site (SofTex synthetic leatherette is the top upholstery material Toyota itself names); stated as Unavailable with high confidence rather than left blank, since Toyota's own material labels were checked on every one of the 8 trims across both years and none ever said 'leather'."
Toyota,Prius,LE,2026,AWD,Hybrid,hatchback,Midnight Black Metallic | Standard |  |  ;; Supersonic Red | Standalone | 475 |  ;; Cutting Edge | Standard |  |  ;; Guardian Gray | Standard |  |  ;; Reservoir Blue | Standard |  |  ;; Wind Chill Pearl | Standalone | 475 | ,Lt. Gray | Standard | cloth/fabric |  ;; Gradient Black | Standard | cloth/fabric | ,"17-in. alloy wheels with wheel covers, 195/60R17 tires | Standard |  | ",Fixed glass roof | Unavailable |  | ,"5-seat hatchback (5-passenger); 60/40 split fold-down rear seats (no center armrest, LE)","Same-page trim; FWD variant available as separate model/base MSRP $28,550 (delta vs AWD base: -1,400). Engine: 2.0L 4-Cyl. Hybrid; Transmission: ECVT (identical across FWD/AWD).","Leather-trimmed seats (genuine leather) | Unavailable |  |  ;; Heated front seats | Unavailable |  |  ;; Heated rear seats | Unavailable |  |  ;; Heated steering wheel | Unavailable |  |  ;; Power liftgate (power liftback) | Unavailable |  |  ;; Adaptive cruise control (Full-Speed Range Dynamic Radar Cruise Control, part of TSS 3.0) | Standard |  |  ;; Qi-compatible wireless charging | Unavailable |  |  ;; Moonroof/Fixed glass roof | Unavailable |  | ",,"https://www.toyota.com/configurator/build/step/color/year/2026/series/prius/model/1263/ ; https://www.toyota.com/configurator/build/step/model/year/2026/series/prius/ ; https://www.toyota.com/prius/features/mpg_other_price/1223/1225/1216 (spec comparison LE/XLE/Nightshade, used for wheel/roof/seat/feature Standard-Available-Unavailable tagging) ; https://www.toyota.com/prius/features/mpg_other_price/1225/1216/1227 (spec comparison XLE/Nightshade/Limited) ; https://www.edmunds.com/toyota/prius/2026/features-specs/ (cross-check)","Edmunds cross-check for 2026 LE matched Toyota exactly on base MSRP ($28,550), all 6 exterior color names, interior cloth colors, 17-in wheel spec, and the $35 Parking Assist option price.","All fields for this row confirmed directly on live Toyota Build & Price (Colors/Powertrain/Options/Packages steps) and Toyota's live Specs comparison tool (Standard/checkmark = Standard, open-circle = Available/optional, dash = Not Available legend). Edmunds spot-check performed for 2026 LE and 2027 LE (full features-specs page pulled) as the cross-check trims called for in the task; both matched Toyota's live site exactly on base MSRP, all exterior color names, interior material/color names, and wheel spec -- no discrepancy found between Toyota and Edmunds on any spot-checked field. Other 15 rows rely on Toyota's live site alone (primary source) without an independent Edmunds pull for that specific trim/year, per the 'spot-check' instruction rather than full duplication. No blanks: FWD/AWD delta captured under drivetrain_engine_variants per row per task's row-identity convention. Per-color surcharge ($475 for Supersonic Red and Wind Chill Pearl specifically -- NOT all colors) verified directly on Toyota's live configurator pricing panel for every one of the 16 rows individually, resolving the prior Edmunds/KBB-only pass's flagged need to verify per-color surcharges against the manufacturer's own tool. Genuine leather is not listed as an option on any Prius trim on Toyota's site (SofTex synthetic leatherette is the top upholstery material Toyota itself names); stated as Unavailable with high confidence rather than left blank, since Toyota's own material labels were checked on every one of the 8 trims across both years and none ever said 'leather'."
Toyota,Prius,XLE,2026,FWD,Hybrid,hatchback,Midnight Black Metallic | Standard |  |  ;; Supersonic Red | Standalone | 475 |  ;; Cutting Edge | Standard |  |  ;; Guardian Gray | Standard |  |  ;; Reservoir Blue | Standard |  |  ;; Wind Chill Pearl | Standalone | 475 | ,Lt. Gray | Standard | SofTex (synthetic leather) |  ;; Gradient Black | Standard | SofTex (synthetic leather) | ,"19-in. alloy wheels, 195/50R19 tires | Standard |  | ",Fixed glass roof | Standalone | 1000 | ,5-seat hatchback (5-passenger); 60/40 split fold-down rear seats with center armrest (XLE/Nightshade/Limited),"Same-page trim; AWD variant available as separate model/base MSRP $33,395 (delta vs FWD base: +1,400). Engine: 2.0L 4-Cyl. Hybrid; Transmission: ECVT (identical across FWD/AWD).","Leather-trimmed seats (genuine leather) | Unavailable |  |  ;; Heated front seats | Standard |  |  ;; Heated rear seats | Unavailable |  |  ;; Heated steering wheel | Standard |  |  ;; Power liftgate (power liftback) | Unavailable |  |  ;; Adaptive cruise control (Full-Speed Range Dynamic Radar Cruise Control, part of TSS 3.0) | Standard |  |  ;; Qi-compatible wireless charging | Standard |  |  ;; Moonroof/Fixed glass roof | Standalone | 1000 |  ;; Digital Key capability | Standalone | 275 | ",,"https://www.toyota.com/configurator/build/step/color/year/2026/series/prius/model/1225/ ; https://www.toyota.com/configurator/build/step/model/year/2026/series/prius/ ; https://www.toyota.com/prius/features/mpg_other_price/1223/1225/1216 (spec comparison LE/XLE/Nightshade, used for wheel/roof/seat/feature Standard-Available-Unavailable tagging) ; https://www.toyota.com/prius/features/mpg_other_price/1225/1216/1227 (spec comparison XLE/Nightshade/Limited) ; https://www.edmunds.com/toyota/prius/2026/features-specs/ (cross-check)",,"All fields for this row confirmed directly on live Toyota Build & Price (Colors/Powertrain/Options/Packages steps) and Toyota's live Specs comparison tool (Standard/checkmark = Standard, open-circle = Available/optional, dash = Not Available legend). Edmunds spot-check performed for 2026 LE and 2027 LE (full features-specs page pulled) as the cross-check trims called for in the task; both matched Toyota's live site exactly on base MSRP, all exterior color names, interior material/color names, and wheel spec -- no discrepancy found between Toyota and Edmunds on any spot-checked field. Other 15 rows rely on Toyota's live site alone (primary source) without an independent Edmunds pull for that specific trim/year, per the 'spot-check' instruction rather than full duplication. No blanks: FWD/AWD delta captured under drivetrain_engine_variants per row per task's row-identity convention. Per-color surcharge ($475 for Supersonic Red and Wind Chill Pearl specifically -- NOT all colors) verified directly on Toyota's live configurator pricing panel for every one of the 16 rows individually, resolving the prior Edmunds/KBB-only pass's flagged need to verify per-color surcharges against the manufacturer's own tool. Genuine leather is not listed as an option on any Prius trim on Toyota's site (SofTex synthetic leatherette is the top upholstery material Toyota itself names); stated as Unavailable with high confidence rather than left blank, since Toyota's own material labels were checked on every one of the 8 trims across both years and none ever said 'leather'."
Toyota,Prius,XLE,2026,AWD,Hybrid,hatchback,Midnight Black Metallic | Standard |  |  ;; Supersonic Red | Standalone | 475 |  ;; Cutting Edge | Standard |  |  ;; Guardian Gray | Standard |  |  ;; Reservoir Blue | Standard |  |  ;; Wind Chill Pearl | Standalone | 475 | ,Lt. Gray | Standard | SofTex (synthetic leather) |  ;; Gradient Black | Standard | SofTex (synthetic leather) | ,"19-in. alloy wheels, 195/50R19 tires | Standard |  | ",Fixed glass roof | Standalone | 1000 | ,5-seat hatchback (5-passenger); 60/40 split fold-down rear seats with center armrest (XLE/Nightshade/Limited),"Same-page trim; FWD variant available as separate model/base MSRP $31,995 (delta vs AWD base: -1,400). Engine: 2.0L 4-Cyl. Hybrid; Transmission: ECVT (identical across FWD/AWD).","Leather-trimmed seats (genuine leather) | Unavailable |  |  ;; Heated front seats | Standard |  |  ;; Heated rear seats | Unavailable |  |  ;; Heated steering wheel | Standard |  |  ;; Power liftgate (power liftback) | Unavailable |  |  ;; Adaptive cruise control (Full-Speed Range Dynamic Radar Cruise Control, part of TSS 3.0) | Standard |  |  ;; Qi-compatible wireless charging | Standard |  |  ;; Moonroof/Fixed glass roof | Standalone | 1000 |  ;; Digital Key capability | Standalone | 275 | ",,"https://www.toyota.com/configurator/build/step/color/year/2026/series/prius/model/1265/ ; https://www.toyota.com/configurator/build/step/model/year/2026/series/prius/ ; https://www.toyota.com/prius/features/mpg_other_price/1223/1225/1216 (spec comparison LE/XLE/Nightshade, used for wheel/roof/seat/feature Standard-Available-Unavailable tagging) ; https://www.toyota.com/prius/features/mpg_other_price/1225/1216/1227 (spec comparison XLE/Nightshade/Limited) ; https://www.edmunds.com/toyota/prius/2026/features-specs/ (cross-check)",,"All fields for this row confirmed directly on live Toyota Build & Price (Colors/Powertrain/Options/Packages steps) and Toyota's live Specs comparison tool (Standard/checkmark = Standard, open-circle = Available/optional, dash = Not Available legend). Edmunds spot-check performed for 2026 LE and 2027 LE (full features-specs page pulled) as the cross-check trims called for in the task; both matched Toyota's live site exactly on base MSRP, all exterior color names, interior material/color names, and wheel spec -- no discrepancy found between Toyota and Edmunds on any spot-checked field. Other 15 rows rely on Toyota's live site alone (primary source) without an independent Edmunds pull for that specific trim/year, per the 'spot-check' instruction rather than full duplication. No blanks: FWD/AWD delta captured under drivetrain_engine_variants per row per task's row-identity convention. Per-color surcharge ($475 for Supersonic Red and Wind Chill Pearl specifically -- NOT all colors) verified directly on Toyota's live configurator pricing panel for every one of the 16 rows individually, resolving the prior Edmunds/KBB-only pass's flagged need to verify per-color surcharges against the manufacturer's own tool. Genuine leather is not listed as an option on any Prius trim on Toyota's site (SofTex synthetic leatherette is the top upholstery material Toyota itself names); stated as Unavailable with high confidence rather than left blank, since Toyota's own material labels were checked on every one of the 8 trims across both years and none ever said 'leather'."
Toyota,Prius,Nightshade Edition,2026,FWD,Hybrid,hatchback,Karashi | Standard |  |  ;; Midnight Black Metallic | Standard |  |  ;; Wind Chill Pearl | Standalone | 475 | ,Black | Standard | SofTex (synthetic leather) | ,"19-in. alloy wheels with black finish, 195/50R19 tires | Standard |  | ",Fixed glass roof | Standalone | 1000 | ,5-seat hatchback (5-passenger); 60/40 split fold-down rear seats with center armrest (XLE/Nightshade/Limited),"Same-page trim; AWD variant available as separate model/base MSRP $34,200 (delta vs FWD base: +1,400). Engine: 2.0L 4-Cyl. Hybrid; Transmission: ECVT (identical across FWD/AWD).","Leather-trimmed seats (genuine leather) | Unavailable |  |  ;; Heated front seats | Standard |  |  ;; Heated rear seats | Unavailable |  |  ;; Heated steering wheel | Standard |  |  ;; Power liftgate (power liftback) | Unavailable |  |  ;; Adaptive cruise control (Full-Speed Range Dynamic Radar Cruise Control, part of TSS 3.0) | Standard |  |  ;; Qi-compatible wireless charging | Standard |  |  ;; Moonroof/Fixed glass roof | Standalone | 1000 |  ;; Digital Key capability | Standalone | 275 | ",,"https://www.toyota.com/configurator/build/step/color/year/2026/series/prius/model/1216/ ; https://www.toyota.com/configurator/build/step/model/year/2026/series/prius/ ; https://www.toyota.com/prius/features/mpg_other_price/1223/1225/1216 (spec comparison LE/XLE/Nightshade, used for wheel/roof/seat/feature Standard-Available-Unavailable tagging) ; https://www.toyota.com/prius/features/mpg_other_price/1225/1216/1227 (spec comparison XLE/Nightshade/Limited) ; https://www.edmunds.com/toyota/prius/2026/features-specs/ (cross-check)","Nightshade offers a reduced 3-color exterior palette (2 standard + 1 paid) vs. 6 colors on LE/XLE/Limited; MY2026 uses trim name 'Nightshade Edition', MY2027 drops 'Edition' to just 'Nightshade' (both confirmed via live Build & Price page titles/trim cards).","All fields for this row confirmed directly on live Toyota Build & Price (Colors/Powertrain/Options/Packages steps) and Toyota's live Specs comparison tool (Standard/checkmark = Standard, open-circle = Available/optional, dash = Not Available legend). Edmunds spot-check performed for 2026 LE and 2027 LE (full features-specs page pulled) as the cross-check trims called for in the task; both matched Toyota's live site exactly on base MSRP, all exterior color names, interior material/color names, and wheel spec -- no discrepancy found between Toyota and Edmunds on any spot-checked field. Other 15 rows rely on Toyota's live site alone (primary source) without an independent Edmunds pull for that specific trim/year, per the 'spot-check' instruction rather than full duplication. No blanks: FWD/AWD delta captured under drivetrain_engine_variants per row per task's row-identity convention. Per-color surcharge ($475 for Supersonic Red and Wind Chill Pearl specifically -- NOT all colors) verified directly on Toyota's live configurator pricing panel for every one of the 16 rows individually, resolving the prior Edmunds/KBB-only pass's flagged need to verify per-color surcharges against the manufacturer's own tool. Genuine leather is not listed as an option on any Prius trim on Toyota's site (SofTex synthetic leatherette is the top upholstery material Toyota itself names); stated as Unavailable with high confidence rather than left blank, since Toyota's own material labels were checked on every one of the 8 trims across both years and none ever said 'leather'."
Toyota,Prius,Nightshade Edition,2026,AWD,Hybrid,hatchback,Karashi | Standard |  |  ;; Midnight Black Metallic | Standard |  |  ;; Wind Chill Pearl | Standalone | 475 | ,Black | Standard | SofTex (synthetic leather) | ,"19-in. alloy wheels with black finish, 195/50R19 tires | Standard |  | ",Fixed glass roof | Standalone | 1000 | ,5-seat hatchback (5-passenger); 60/40 split fold-down rear seats with center armrest (XLE/Nightshade/Limited),"Same-page trim; FWD variant available as separate model/base MSRP $32,800 (delta vs AWD base: -1,400). Engine: 2.0L 4-Cyl. Hybrid; Transmission: ECVT (identical across FWD/AWD).","Leather-trimmed seats (genuine leather) | Unavailable |  |  ;; Heated front seats | Standard |  |  ;; Heated rear seats | Unavailable |  |  ;; Heated steering wheel | Standard |  |  ;; Power liftgate (power liftback) | Unavailable |  |  ;; Adaptive cruise control (Full-Speed Range Dynamic Radar Cruise Control, part of TSS 3.0) | Standard |  |  ;; Qi-compatible wireless charging | Standard |  |  ;; Moonroof/Fixed glass roof | Standalone | 1000 |  ;; Digital Key capability | Standalone | 275 | ",,"https://www.toyota.com/configurator/build/step/color/year/2026/series/prius/model/1266/ ; https://www.toyota.com/configurator/build/step/model/year/2026/series/prius/ ; https://www.toyota.com/prius/features/mpg_other_price/1223/1225/1216 (spec comparison LE/XLE/Nightshade, used for wheel/roof/seat/feature Standard-Available-Unavailable tagging) ; https://www.toyota.com/prius/features/mpg_other_price/1225/1216/1227 (spec comparison XLE/Nightshade/Limited) ; https://www.edmunds.com/toyota/prius/2026/features-specs/ (cross-check)","Nightshade offers a reduced 3-color exterior palette (2 standard + 1 paid) vs. 6 colors on LE/XLE/Limited; MY2026 uses trim name 'Nightshade Edition', MY2027 drops 'Edition' to just 'Nightshade' (both confirmed via live Build & Price page titles/trim cards).","All fields for this row confirmed directly on live Toyota Build & Price (Colors/Powertrain/Options/Packages steps) and Toyota's live Specs comparison tool (Standard/checkmark = Standard, open-circle = Available/optional, dash = Not Available legend). Edmunds spot-check performed for 2026 LE and 2027 LE (full features-specs page pulled) as the cross-check trims called for in the task; both matched Toyota's live site exactly on base MSRP, all exterior color names, interior material/color names, and wheel spec -- no discrepancy found between Toyota and Edmunds on any spot-checked field. Other 15 rows rely on Toyota's live site alone (primary source) without an independent Edmunds pull for that specific trim/year, per the 'spot-check' instruction rather than full duplication. No blanks: FWD/AWD delta captured under drivetrain_engine_variants per row per task's row-identity convention. Per-color surcharge ($475 for Supersonic Red and Wind Chill Pearl specifically -- NOT all colors) verified directly on Toyota's live configurator pricing panel for every one of the 16 rows individually, resolving the prior Edmunds/KBB-only pass's flagged need to verify per-color surcharges against the manufacturer's own tool. Genuine leather is not listed as an option on any Prius trim on Toyota's site (SofTex synthetic leatherette is the top upholstery material Toyota itself names); stated as Unavailable with high confidence rather than left blank, since Toyota's own material labels were checked on every one of the 8 trims across both years and none ever said 'leather'."
Toyota,Prius,Limited,2026,FWD,Hybrid,hatchback,Midnight Black Metallic | Standard |  |  ;; Supersonic Red | Standalone | 475 |  ;; Cutting Edge | Standard |  |  ;; Guardian Gray | Standard |  |  ;; Reservoir Blue | Standard |  |  ;; Wind Chill Pearl | Standalone | 475 | ,Lt. Gray | Standard | SofTex (synthetic leather) |  ;; Gradient Black | Standard | SofTex (synthetic leather) | ,"19-in. alloy wheels, 195/50R19 tires | Standard |  | ",Fixed glass roof | Standard |  | ,5-seat hatchback (5-passenger); 60/40 split fold-down rear seats with center armrest (XLE/Nightshade/Limited),"Same-page trim; AWD variant available as separate model/base MSRP $36,965 (delta vs FWD base: +1,400). Engine: 2.0L 4-Cyl. Hybrid; Transmission: ECVT (identical across FWD/AWD).","Leather-trimmed seats (genuine leather) | Unavailable |  |  ;; Heated and ventilated front seats | Standard |  |  ;; Heated rear seats | Standalone | 350 |  ;; Heated steering wheel | Standard |  |  ;; Power liftgate (power liftback) | Standard |  |  ;; Adaptive cruise control (Full-Speed Range Dynamic Radar Cruise Control, part of TSS 3.0) | Standard |  |  ;; Qi-compatible wireless charging | Standard |  |  ;; Moonroof/Fixed glass roof | Standard |  |  ;; Digital Key capability | Standard |  | ","Limited Premium Package | $1,085 | contents: Advanced Park, Panoramic View Monitor (PVM)","https://www.toyota.com/configurator/build/step/color/year/2026/series/prius/model/1227/ ; https://www.toyota.com/configurator/build/step/model/year/2026/series/prius/ ; https://www.toyota.com/prius/features/mpg_other_price/1223/1225/1216 (spec comparison LE/XLE/Nightshade, used for wheel/roof/seat/feature Standard-Available-Unavailable tagging) ; https://www.toyota.com/prius/features/mpg_other_price/1225/1216/1227 (spec comparison XLE/Nightshade/Limited) ; https://www.edmunds.com/toyota/prius/2026/features-specs/ (cross-check)","Limited is the only trim where 'Fixed glass roof' and 'Power liftback' are Standard (included) rather than a $1,000 standalone option (XLE/Nightshade) or unavailable (LE); Limited also uniquely offers 'Heated rear seats' as a $350 standalone option and upgrades front seats to heated+ventilated (vs. plain heated on XLE/Nightshade).","All fields for this row confirmed directly on live Toyota Build & Price (Colors/Powertrain/Options/Packages steps) and Toyota's live Specs comparison tool (Standard/checkmark = Standard, open-circle = Available/optional, dash = Not Available legend). Edmunds spot-check performed for 2026 LE and 2027 LE (full features-specs page pulled) as the cross-check trims called for in the task; both matched Toyota's live site exactly on base MSRP, all exterior color names, interior material/color names, and wheel spec -- no discrepancy found between Toyota and Edmunds on any spot-checked field. Other 15 rows rely on Toyota's live site alone (primary source) without an independent Edmunds pull for that specific trim/year, per the 'spot-check' instruction rather than full duplication. No blanks: FWD/AWD delta captured under drivetrain_engine_variants per row per task's row-identity convention. Per-color surcharge ($475 for Supersonic Red and Wind Chill Pearl specifically -- NOT all colors) verified directly on Toyota's live configurator pricing panel for every one of the 16 rows individually, resolving the prior Edmunds/KBB-only pass's flagged need to verify per-color surcharges against the manufacturer's own tool. Genuine leather is not listed as an option on any Prius trim on Toyota's site (SofTex synthetic leatherette is the top upholstery material Toyota itself names); stated as Unavailable with high confidence rather than left blank, since Toyota's own material labels were checked on every one of the 8 trims across both years and none ever said 'leather'."
Toyota,Prius,Limited,2026,AWD,Hybrid,hatchback,Midnight Black Metallic | Standard |  |  ;; Supersonic Red | Standalone | 475 |  ;; Cutting Edge | Standard |  |  ;; Guardian Gray | Standard |  |  ;; Reservoir Blue | Standard |  |  ;; Wind Chill Pearl | Standalone | 475 | ,Lt. Gray | Standard | SofTex (synthetic leather) |  ;; Gradient Black | Standard | SofTex (synthetic leather) | ,"19-in. alloy wheels, 195/50R19 tires | Standard |  | ",Fixed glass roof | Standard |  | ,5-seat hatchback (5-passenger); 60/40 split fold-down rear seats with center armrest (XLE/Nightshade/Limited),"Same-page trim; FWD variant available as separate model/base MSRP $35,565 (delta vs AWD base: -1,400). Engine: 2.0L 4-Cyl. Hybrid; Transmission: ECVT (identical across FWD/AWD).","Leather-trimmed seats (genuine leather) | Unavailable |  |  ;; Heated and ventilated front seats | Standard |  |  ;; Heated rear seats | Standalone | 350 |  ;; Heated steering wheel | Standard |  |  ;; Power liftgate (power liftback) | Standard |  |  ;; Adaptive cruise control (Full-Speed Range Dynamic Radar Cruise Control, part of TSS 3.0) | Standard |  |  ;; Qi-compatible wireless charging | Standard |  |  ;; Moonroof/Fixed glass roof | Standard |  |  ;; Digital Key capability | Standard |  | ","Limited Premium Package | $1,085 | contents: Advanced Park, Panoramic View Monitor (PVM)","https://www.toyota.com/configurator/build/step/color/year/2026/series/prius/model/1268/ ; https://www.toyota.com/configurator/build/step/model/year/2026/series/prius/ ; https://www.toyota.com/prius/features/mpg_other_price/1223/1225/1216 (spec comparison LE/XLE/Nightshade, used for wheel/roof/seat/feature Standard-Available-Unavailable tagging) ; https://www.toyota.com/prius/features/mpg_other_price/1225/1216/1227 (spec comparison XLE/Nightshade/Limited) ; https://www.edmunds.com/toyota/prius/2026/features-specs/ (cross-check)","Limited is the only trim where 'Fixed glass roof' and 'Power liftback' are Standard (included) rather than a $1,000 standalone option (XLE/Nightshade) or unavailable (LE); Limited also uniquely offers 'Heated rear seats' as a $350 standalone option and upgrades front seats to heated+ventilated (vs. plain heated on XLE/Nightshade).","All fields for this row confirmed directly on live Toyota Build & Price (Colors/Powertrain/Options/Packages steps) and Toyota's live Specs comparison tool (Standard/checkmark = Standard, open-circle = Available/optional, dash = Not Available legend). Edmunds spot-check performed for 2026 LE and 2027 LE (full features-specs page pulled) as the cross-check trims called for in the task; both matched Toyota's live site exactly on base MSRP, all exterior color names, interior material/color names, and wheel spec -- no discrepancy found between Toyota and Edmunds on any spot-checked field. Other 15 rows rely on Toyota's live site alone (primary source) without an independent Edmunds pull for that specific trim/year, per the 'spot-check' instruction rather than full duplication. No blanks: FWD/AWD delta captured under drivetrain_engine_variants per row per task's row-identity convention. Per-color surcharge ($475 for Supersonic Red and Wind Chill Pearl specifically -- NOT all colors) verified directly on Toyota's live configurator pricing panel for every one of the 16 rows individually, resolving the prior Edmunds/KBB-only pass's flagged need to verify per-color surcharges against the manufacturer's own tool. Genuine leather is not listed as an option on any Prius trim on Toyota's site (SofTex synthetic leatherette is the top upholstery material Toyota itself names); stated as Unavailable with high confidence rather than left blank, since Toyota's own material labels were checked on every one of the 8 trims across both years and none ever said 'leather'."
Toyota,Prius,LE,2027,FWD,Hybrid,hatchback,Inked | Standard |  |  ;; Supersonic Red | Standalone | 475 |  ;; Cutting Edge | Standard |  |  ;; Guardian Gray | Standard |  |  ;; Reservoir Blue | Standard |  |  ;; Wind Chill Pearl | Standalone | 475 | ,Light Gray | Standard | fabric |  ;; Gradient Black | Standard | fabric | ,"17-in. alloy wheels with wheel covers, 195/60R17 tires | Standard |  | ",Fixed glass roof | Unavailable |  | ,"5-seat hatchback (5-passenger); 60/40 split fold-down rear seats (no center armrest, LE)","Same-page trim; AWD variant available as separate model/base MSRP $30,155 (delta vs FWD base: +1,400). Engine: 2.0L 4-Cyl. Hybrid; Transmission: ECVT (identical across FWD/AWD).","Leather-trimmed seats (genuine leather) | Unavailable |  |  ;; Heated front seats | Unavailable |  |  ;; Heated rear seats | Unavailable |  |  ;; Heated steering wheel | Unavailable |  |  ;; Power liftgate (power liftback) | Unavailable |  |  ;; Adaptive cruise control (Full-Speed Range Dynamic Radar Cruise Control, part of TSS 3.0) | Standard |  |  ;; Qi-compatible wireless charging | Unavailable |  |  ;; Moonroof/Fixed glass roof | Unavailable |  | ",,"https://www.toyota.com/configurator/build/step/color/year/2027/series/prius/model/1223/ ; https://www.toyota.com/configurator/build/step/model/year/2027/series/prius/ ; https://www.toyota.com/prius/features/mpg_other_price/1223/1225/1216 (spec comparison LE/XLE/Nightshade, used for wheel/roof/seat/feature Standard-Available-Unavailable tagging) ; https://www.toyota.com/prius/features/mpg_other_price/1225/1216/1227 (spec comparison XLE/Nightshade/Limited) ; https://www.edmunds.com/toyota/prius/2027/features-specs/ (cross-check)",MY2027 exterior color lineup drops 'Midnight Black Metallic' in favor of a new color named 'Inked' (confirmed live on Toyota's site for LE/XLE/Nightshade/Limited); all other exterior color names and the $475 surcharge for Supersonic Red and Wind Chill Pearl carried over unchanged from MY2026.,"All fields for this row confirmed directly on live Toyota Build & Price (Colors/Powertrain/Options/Packages steps) and Toyota's live Specs comparison tool (Standard/checkmark = Standard, open-circle = Available/optional, dash = Not Available legend). Edmunds spot-check performed for 2026 LE and 2027 LE (full features-specs page pulled) as the cross-check trims called for in the task; both matched Toyota's live site exactly on base MSRP, all exterior color names, interior material/color names, and wheel spec -- no discrepancy found between Toyota and Edmunds on any spot-checked field. Other 15 rows rely on Toyota's live site alone (primary source) without an independent Edmunds pull for that specific trim/year, per the 'spot-check' instruction rather than full duplication. No blanks: FWD/AWD delta captured under drivetrain_engine_variants per row per task's row-identity convention. Per-color surcharge ($475 for Supersonic Red and Wind Chill Pearl specifically -- NOT all colors) verified directly on Toyota's live configurator pricing panel for every one of the 16 rows individually, resolving the prior Edmunds/KBB-only pass's flagged need to verify per-color surcharges against the manufacturer's own tool. Genuine leather is not listed as an option on any Prius trim on Toyota's site (SofTex synthetic leatherette is the top upholstery material Toyota itself names); stated as Unavailable with high confidence rather than left blank, since Toyota's own material labels were checked on every one of the 8 trims across both years and none ever said 'leather'."
Toyota,Prius,LE,2027,AWD,Hybrid,hatchback,Inked | Standard |  |  ;; Supersonic Red | Standalone | 475 |  ;; Cutting Edge | Standard |  |  ;; Guardian Gray | Standard |  |  ;; Reservoir Blue | Standard |  |  ;; Wind Chill Pearl | Standalone | 475 | ,Light Gray | Standard | fabric |  ;; Gradient Black | Standard | fabric | ,"17-in. alloy wheels with wheel covers, 195/60R17 tires | Standard |  | ",Fixed glass roof | Unavailable |  | ,"5-seat hatchback (5-passenger); 60/40 split fold-down rear seats (no center armrest, LE)","Same-page trim; FWD variant available as separate model/base MSRP $28,755 (delta vs AWD base: -1,400). Engine: 2.0L 4-Cyl. Hybrid; Transmission: ECVT (identical across FWD/AWD).","Leather-trimmed seats (genuine leather) | Unavailable |  |  ;; Heated front seats | Unavailable |  |  ;; Heated rear seats | Unavailable |  |  ;; Heated steering wheel | Unavailable |  |  ;; Power liftgate (power liftback) | Unavailable |  |  ;; Adaptive cruise control (Full-Speed Range Dynamic Radar Cruise Control, part of TSS 3.0) | Standard |  |  ;; Qi-compatible wireless charging | Unavailable |  |  ;; Moonroof/Fixed glass roof | Unavailable |  | ",,"https://www.toyota.com/configurator/build/step/color/year/2027/series/prius/model/1263/ ; https://www.toyota.com/configurator/build/step/model/year/2027/series/prius/ ; https://www.toyota.com/prius/features/mpg_other_price/1223/1225/1216 (spec comparison LE/XLE/Nightshade, used for wheel/roof/seat/feature Standard-Available-Unavailable tagging) ; https://www.toyota.com/prius/features/mpg_other_price/1225/1216/1227 (spec comparison XLE/Nightshade/Limited) ; https://www.edmunds.com/toyota/prius/2027/features-specs/ (cross-check)",MY2027 exterior color lineup drops 'Midnight Black Metallic' in favor of a new color named 'Inked' (confirmed live on Toyota's site for LE/XLE/Nightshade/Limited); all other exterior color names and the $475 surcharge for Supersonic Red and Wind Chill Pearl carried over unchanged from MY2026.,"All fields for this row confirmed directly on live Toyota Build & Price (Colors/Powertrain/Options/Packages steps) and Toyota's live Specs comparison tool (Standard/checkmark = Standard, open-circle = Available/optional, dash = Not Available legend). Edmunds spot-check performed for 2026 LE and 2027 LE (full features-specs page pulled) as the cross-check trims called for in the task; both matched Toyota's live site exactly on base MSRP, all exterior color names, interior material/color names, and wheel spec -- no discrepancy found between Toyota and Edmunds on any spot-checked field. Other 15 rows rely on Toyota's live site alone (primary source) without an independent Edmunds pull for that specific trim/year, per the 'spot-check' instruction rather than full duplication. No blanks: FWD/AWD delta captured under drivetrain_engine_variants per row per task's row-identity convention. Per-color surcharge ($475 for Supersonic Red and Wind Chill Pearl specifically -- NOT all colors) verified directly on Toyota's live configurator pricing panel for every one of the 16 rows individually, resolving the prior Edmunds/KBB-only pass's flagged need to verify per-color surcharges against the manufacturer's own tool. Genuine leather is not listed as an option on any Prius trim on Toyota's site (SofTex synthetic leatherette is the top upholstery material Toyota itself names); stated as Unavailable with high confidence rather than left blank, since Toyota's own material labels were checked on every one of the 8 trims across both years and none ever said 'leather'."
Toyota,Prius,XLE,2027,FWD,Hybrid,hatchback,Inked | Standard |  |  ;; Supersonic Red | Standalone | 475 |  ;; Cutting Edge | Standard |  |  ;; Guardian Gray | Standard |  |  ;; Reservoir Blue | Standard |  |  ;; Wind Chill Pearl | Standalone | 475 | ,Light Gray | Standard | SofTex (synthetic leather) |  ;; Black | Standard | SofTex (synthetic leather) | ,"19-in. alloy wheels, 195/50R19 tires | Standard |  | ",Fixed glass roof | Standalone | 1000 | ,5-seat hatchback (5-passenger); 60/40 split fold-down rear seats with center armrest (XLE/Nightshade/Limited),"Same-page trim; AWD variant available as separate model/base MSRP $33,600 (delta vs FWD base: +1,400). Engine: 2.0L 4-Cyl. Hybrid; Transmission: ECVT (identical across FWD/AWD).","Leather-trimmed seats (genuine leather) | Unavailable |  |  ;; Heated front seats | Standard |  |  ;; Heated rear seats | Unavailable |  |  ;; Heated steering wheel | Standard |  |  ;; Power liftgate (power liftback) | Unavailable |  |  ;; Adaptive cruise control (Full-Speed Range Dynamic Radar Cruise Control, part of TSS 3.0) | Standard |  |  ;; Qi-compatible wireless charging | Standard |  |  ;; Moonroof/Fixed glass roof | Standalone | 1000 |  ;; Digital Key capability | Standalone | 275 | ",,"https://www.toyota.com/configurator/build/step/color/year/2027/series/prius/model/1225/ ; https://www.toyota.com/configurator/build/step/model/year/2027/series/prius/ ; https://www.toyota.com/prius/features/mpg_other_price/1223/1225/1216 (spec comparison LE/XLE/Nightshade, used for wheel/roof/seat/feature Standard-Available-Unavailable tagging) ; https://www.toyota.com/prius/features/mpg_other_price/1225/1216/1227 (spec comparison XLE/Nightshade/Limited) ; https://www.edmunds.com/toyota/prius/2027/features-specs/ (cross-check)",MY2027 exterior color lineup drops 'Midnight Black Metallic' in favor of a new color named 'Inked' (confirmed live on Toyota's site for LE/XLE/Nightshade/Limited); all other exterior color names and the $475 surcharge for Supersonic Red and Wind Chill Pearl carried over unchanged from MY2026.,"All fields for this row confirmed directly on live Toyota Build & Price (Colors/Powertrain/Options/Packages steps) and Toyota's live Specs comparison tool (Standard/checkmark = Standard, open-circle = Available/optional, dash = Not Available legend). Edmunds spot-check performed for 2026 LE and 2027 LE (full features-specs page pulled) as the cross-check trims called for in the task; both matched Toyota's live site exactly on base MSRP, all exterior color names, interior material/color names, and wheel spec -- no discrepancy found between Toyota and Edmunds on any spot-checked field. Other 15 rows rely on Toyota's live site alone (primary source) without an independent Edmunds pull for that specific trim/year, per the 'spot-check' instruction rather than full duplication. No blanks: FWD/AWD delta captured under drivetrain_engine_variants per row per task's row-identity convention. Per-color surcharge ($475 for Supersonic Red and Wind Chill Pearl specifically -- NOT all colors) verified directly on Toyota's live configurator pricing panel for every one of the 16 rows individually, resolving the prior Edmunds/KBB-only pass's flagged need to verify per-color surcharges against the manufacturer's own tool. Genuine leather is not listed as an option on any Prius trim on Toyota's site (SofTex synthetic leatherette is the top upholstery material Toyota itself names); stated as Unavailable with high confidence rather than left blank, since Toyota's own material labels were checked on every one of the 8 trims across both years and none ever said 'leather'."
Toyota,Prius,XLE,2027,AWD,Hybrid,hatchback,Inked | Standard |  |  ;; Supersonic Red | Standalone | 475 |  ;; Cutting Edge | Standard |  |  ;; Guardian Gray | Standard |  |  ;; Reservoir Blue | Standard |  |  ;; Wind Chill Pearl | Standalone | 475 | ,Light Gray | Standard | SofTex (synthetic leather) |  ;; Black | Standard | SofTex (synthetic leather) | ,"19-in. alloy wheels, 195/50R19 tires | Standard |  | ",Fixed glass roof | Standalone | 1000 | ,5-seat hatchback (5-passenger); 60/40 split fold-down rear seats with center armrest (XLE/Nightshade/Limited),"Same-page trim; FWD variant available as separate model/base MSRP $32,200 (delta vs AWD base: -1,400). Engine: 2.0L 4-Cyl. Hybrid; Transmission: ECVT (identical across FWD/AWD).","Leather-trimmed seats (genuine leather) | Unavailable |  |  ;; Heated front seats | Standard |  |  ;; Heated rear seats | Unavailable |  |  ;; Heated steering wheel | Standard |  |  ;; Power liftgate (power liftback) | Unavailable |  |  ;; Adaptive cruise control (Full-Speed Range Dynamic Radar Cruise Control, part of TSS 3.0) | Standard |  |  ;; Qi-compatible wireless charging | Standard |  |  ;; Moonroof/Fixed glass roof | Standalone | 1000 |  ;; Digital Key capability | Standalone | 275 | ",,"https://www.toyota.com/configurator/build/step/color/year/2027/series/prius/model/1265/ ; https://www.toyota.com/configurator/build/step/model/year/2027/series/prius/ ; https://www.toyota.com/prius/features/mpg_other_price/1223/1225/1216 (spec comparison LE/XLE/Nightshade, used for wheel/roof/seat/feature Standard-Available-Unavailable tagging) ; https://www.toyota.com/prius/features/mpg_other_price/1225/1216/1227 (spec comparison XLE/Nightshade/Limited) ; https://www.edmunds.com/toyota/prius/2027/features-specs/ (cross-check)",MY2027 exterior color lineup drops 'Midnight Black Metallic' in favor of a new color named 'Inked' (confirmed live on Toyota's site for LE/XLE/Nightshade/Limited); all other exterior color names and the $475 surcharge for Supersonic Red and Wind Chill Pearl carried over unchanged from MY2026.,"All fields for this row confirmed directly on live Toyota Build & Price (Colors/Powertrain/Options/Packages steps) and Toyota's live Specs comparison tool (Standard/checkmark = Standard, open-circle = Available/optional, dash = Not Available legend). Edmunds spot-check performed for 2026 LE and 2027 LE (full features-specs page pulled) as the cross-check trims called for in the task; both matched Toyota's live site exactly on base MSRP, all exterior color names, interior material/color names, and wheel spec -- no discrepancy found between Toyota and Edmunds on any spot-checked field. Other 15 rows rely on Toyota's live site alone (primary source) without an independent Edmunds pull for that specific trim/year, per the 'spot-check' instruction rather than full duplication. No blanks: FWD/AWD delta captured under drivetrain_engine_variants per row per task's row-identity convention. Per-color surcharge ($475 for Supersonic Red and Wind Chill Pearl specifically -- NOT all colors) verified directly on Toyota's live configurator pricing panel for every one of the 16 rows individually, resolving the prior Edmunds/KBB-only pass's flagged need to verify per-color surcharges against the manufacturer's own tool. Genuine leather is not listed as an option on any Prius trim on Toyota's site (SofTex synthetic leatherette is the top upholstery material Toyota itself names); stated as Unavailable with high confidence rather than left blank, since Toyota's own material labels were checked on every one of the 8 trims across both years and none ever said 'leather'."
Toyota,Prius,Nightshade,2027,FWD,Hybrid,hatchback,Karashi | Standard |  |  ;; Inked | Standard |  |  ;; Wind Chill Pearl | Standalone | 475 | ,Black | Standard | SofTex (synthetic leather) | ,"19-in. alloy wheels with black finish, 195/50R19 tires | Standard |  | ",Fixed glass roof | Standalone | 1000 | ,5-seat hatchback (5-passenger); 60/40 split fold-down rear seats with center armrest (XLE/Nightshade/Limited),"Same-page trim; AWD variant available as separate model/base MSRP $34,405 (delta vs FWD base: +1,400). Engine: 2.0L 4-Cyl. Hybrid; Transmission: ECVT (identical across FWD/AWD).","Leather-trimmed seats (genuine leather) | Unavailable |  |  ;; Heated front seats | Standard |  |  ;; Heated rear seats | Unavailable |  |  ;; Heated steering wheel | Standard |  |  ;; Power liftgate (power liftback) | Unavailable |  |  ;; Adaptive cruise control (Full-Speed Range Dynamic Radar Cruise Control, part of TSS 3.0) | Standard |  |  ;; Qi-compatible wireless charging | Standard |  |  ;; Moonroof/Fixed glass roof | Standalone | 1000 |  ;; Digital Key capability | Standalone | 275 | ",,"https://www.toyota.com/configurator/build/step/color/year/2027/series/prius/model/1216/ ; https://www.toyota.com/configurator/build/step/model/year/2027/series/prius/ ; https://www.toyota.com/prius/features/mpg_other_price/1223/1225/1216 (spec comparison LE/XLE/Nightshade, used for wheel/roof/seat/feature Standard-Available-Unavailable tagging) ; https://www.toyota.com/prius/features/mpg_other_price/1225/1216/1227 (spec comparison XLE/Nightshade/Limited) ; https://www.edmunds.com/toyota/prius/2027/features-specs/ (cross-check)","MY2027 exterior color lineup drops 'Midnight Black Metallic' in favor of a new color named 'Inked' (confirmed live on Toyota's site for LE/XLE/Nightshade/Limited); all other exterior color names and the $475 surcharge for Supersonic Red and Wind Chill Pearl carried over unchanged from MY2026. | Nightshade offers a reduced 3-color exterior palette (2 standard + 1 paid) vs. 6 colors on LE/XLE/Limited; MY2026 uses trim name 'Nightshade Edition', MY2027 drops 'Edition' to just 'Nightshade' (both confirmed via live Build & Price page titles/trim cards).","All fields for this row confirmed directly on live Toyota Build & Price (Colors/Powertrain/Options/Packages steps) and Toyota's live Specs comparison tool (Standard/checkmark = Standard, open-circle = Available/optional, dash = Not Available legend). Edmunds spot-check performed for 2026 LE and 2027 LE (full features-specs page pulled) as the cross-check trims called for in the task; both matched Toyota's live site exactly on base MSRP, all exterior color names, interior material/color names, and wheel spec -- no discrepancy found between Toyota and Edmunds on any spot-checked field. Other 15 rows rely on Toyota's live site alone (primary source) without an independent Edmunds pull for that specific trim/year, per the 'spot-check' instruction rather than full duplication. No blanks: FWD/AWD delta captured under drivetrain_engine_variants per row per task's row-identity convention. Per-color surcharge ($475 for Supersonic Red and Wind Chill Pearl specifically -- NOT all colors) verified directly on Toyota's live configurator pricing panel for every one of the 16 rows individually, resolving the prior Edmunds/KBB-only pass's flagged need to verify per-color surcharges against the manufacturer's own tool. Genuine leather is not listed as an option on any Prius trim on Toyota's site (SofTex synthetic leatherette is the top upholstery material Toyota itself names); stated as Unavailable with high confidence rather than left blank, since Toyota's own material labels were checked on every one of the 8 trims across both years and none ever said 'leather'."
Toyota,Prius,Nightshade,2027,AWD,Hybrid,hatchback,Karashi | Standard |  |  ;; Inked | Standard |  |  ;; Wind Chill Pearl | Standalone | 475 | ,Black | Standard | SofTex (synthetic leather) | ,"19-in. alloy wheels with black finish, 195/50R19 tires | Standard |  | ",Fixed glass roof | Standalone | 1000 | ,5-seat hatchback (5-passenger); 60/40 split fold-down rear seats with center armrest (XLE/Nightshade/Limited),"Same-page trim; FWD variant available as separate model/base MSRP $33,005 (delta vs AWD base: -1,400). Engine: 2.0L 4-Cyl. Hybrid; Transmission: ECVT (identical across FWD/AWD).","Leather-trimmed seats (genuine leather) | Unavailable |  |  ;; Heated front seats | Standard |  |  ;; Heated rear seats | Unavailable |  |  ;; Heated steering wheel | Standard |  |  ;; Power liftgate (power liftback) | Unavailable |  |  ;; Adaptive cruise control (Full-Speed Range Dynamic Radar Cruise Control, part of TSS 3.0) | Standard |  |  ;; Qi-compatible wireless charging | Standard |  |  ;; Moonroof/Fixed glass roof | Standalone | 1000 |  ;; Digital Key capability | Standalone | 275 | ",,"https://www.toyota.com/configurator/build/step/color/year/2027/series/prius/model/1266/ ; https://www.toyota.com/configurator/build/step/model/year/2027/series/prius/ ; https://www.toyota.com/prius/features/mpg_other_price/1223/1225/1216 (spec comparison LE/XLE/Nightshade, used for wheel/roof/seat/feature Standard-Available-Unavailable tagging) ; https://www.toyota.com/prius/features/mpg_other_price/1225/1216/1227 (spec comparison XLE/Nightshade/Limited) ; https://www.edmunds.com/toyota/prius/2027/features-specs/ (cross-check)","MY2027 exterior color lineup drops 'Midnight Black Metallic' in favor of a new color named 'Inked' (confirmed live on Toyota's site for LE/XLE/Nightshade/Limited); all other exterior color names and the $475 surcharge for Supersonic Red and Wind Chill Pearl carried over unchanged from MY2026. | Nightshade offers a reduced 3-color exterior palette (2 standard + 1 paid) vs. 6 colors on LE/XLE/Limited; MY2026 uses trim name 'Nightshade Edition', MY2027 drops 'Edition' to just 'Nightshade' (both confirmed via live Build & Price page titles/trim cards).","All fields for this row confirmed directly on live Toyota Build & Price (Colors/Powertrain/Options/Packages steps) and Toyota's live Specs comparison tool (Standard/checkmark = Standard, open-circle = Available/optional, dash = Not Available legend). Edmunds spot-check performed for 2026 LE and 2027 LE (full features-specs page pulled) as the cross-check trims called for in the task; both matched Toyota's live site exactly on base MSRP, all exterior color names, interior material/color names, and wheel spec -- no discrepancy found between Toyota and Edmunds on any spot-checked field. Other 15 rows rely on Toyota's live site alone (primary source) without an independent Edmunds pull for that specific trim/year, per the 'spot-check' instruction rather than full duplication. No blanks: FWD/AWD delta captured under drivetrain_engine_variants per row per task's row-identity convention. Per-color surcharge ($475 for Supersonic Red and Wind Chill Pearl specifically -- NOT all colors) verified directly on Toyota's live configurator pricing panel for every one of the 16 rows individually, resolving the prior Edmunds/KBB-only pass's flagged need to verify per-color surcharges against the manufacturer's own tool. Genuine leather is not listed as an option on any Prius trim on Toyota's site (SofTex synthetic leatherette is the top upholstery material Toyota itself names); stated as Unavailable with high confidence rather than left blank, since Toyota's own material labels were checked on every one of the 8 trims across both years and none ever said 'leather'."
Toyota,Prius,Limited,2027,FWD,Hybrid,hatchback,Inked | Standard |  |  ;; Supersonic Red | Standalone | 475 |  ;; Cutting Edge | Standard |  |  ;; Guardian Gray | Standard |  |  ;; Reservoir Blue | Standard |  |  ;; Wind Chill Pearl | Standalone | 475 | ,Light Gray | Standard | SofTex (synthetic leather) |  ;; Black | Standard | SofTex (synthetic leather) | ,"19-in. alloy wheels, 195/50R19 tires | Standard |  | ",Fixed glass roof | Standard |  | ,5-seat hatchback (5-passenger); 60/40 split fold-down rear seats with center armrest (XLE/Nightshade/Limited),"Same-page trim; AWD variant available as separate model/base MSRP $37,170 (delta vs FWD base: +1,400). Engine: 2.0L 4-Cyl. Hybrid; Transmission: ECVT (identical across FWD/AWD).","Leather-trimmed seats (genuine leather) | Unavailable |  |  ;; Heated and ventilated front seats | Standard |  |  ;; Heated rear seats | Standalone | 350 |  ;; Heated steering wheel | Standard |  |  ;; Power liftgate (power liftback) | Standard |  |  ;; Adaptive cruise control (Full-Speed Range Dynamic Radar Cruise Control, part of TSS 3.0) | Standard |  |  ;; Qi-compatible wireless charging | Standard |  |  ;; Moonroof/Fixed glass roof | Standard |  |  ;; Digital Key capability | Standard |  | ","Limited Premium Package | $1,085 | contents: Advanced Park, Panoramic View Monitor (PVM)","https://www.toyota.com/configurator/build/step/color/year/2027/series/prius/model/1227/ ; https://www.toyota.com/configurator/build/step/model/year/2027/series/prius/ ; https://www.toyota.com/prius/features/mpg_other_price/1223/1225/1216 (spec comparison LE/XLE/Nightshade, used for wheel/roof/seat/feature Standard-Available-Unavailable tagging) ; https://www.toyota.com/prius/features/mpg_other_price/1225/1216/1227 (spec comparison XLE/Nightshade/Limited) ; https://www.edmunds.com/toyota/prius/2027/features-specs/ (cross-check)","MY2027 exterior color lineup drops 'Midnight Black Metallic' in favor of a new color named 'Inked' (confirmed live on Toyota's site for LE/XLE/Nightshade/Limited); all other exterior color names and the $475 surcharge for Supersonic Red and Wind Chill Pearl carried over unchanged from MY2026. | Limited is the only trim where 'Fixed glass roof' and 'Power liftback' are Standard (included) rather than a $1,000 standalone option (XLE/Nightshade) or unavailable (LE); Limited also uniquely offers 'Heated rear seats' as a $350 standalone option and upgrades front seats to heated+ventilated (vs. plain heated on XLE/Nightshade).","All fields for this row confirmed directly on live Toyota Build & Price (Colors/Powertrain/Options/Packages steps) and Toyota's live Specs comparison tool (Standard/checkmark = Standard, open-circle = Available/optional, dash = Not Available legend). Edmunds spot-check performed for 2026 LE and 2027 LE (full features-specs page pulled) as the cross-check trims called for in the task; both matched Toyota's live site exactly on base MSRP, all exterior color names, interior material/color names, and wheel spec -- no discrepancy found between Toyota and Edmunds on any spot-checked field. Other 15 rows rely on Toyota's live site alone (primary source) without an independent Edmunds pull for that specific trim/year, per the 'spot-check' instruction rather than full duplication. No blanks: FWD/AWD delta captured under drivetrain_engine_variants per row per task's row-identity convention. Per-color surcharge ($475 for Supersonic Red and Wind Chill Pearl specifically -- NOT all colors) verified directly on Toyota's live configurator pricing panel for every one of the 16 rows individually, resolving the prior Edmunds/KBB-only pass's flagged need to verify per-color surcharges against the manufacturer's own tool. Genuine leather is not listed as an option on any Prius trim on Toyota's site (SofTex synthetic leatherette is the top upholstery material Toyota itself names); stated as Unavailable with high confidence rather than left blank, since Toyota's own material labels were checked on every one of the 8 trims across both years and none ever said 'leather'."
Toyota,Prius,Limited,2027,AWD,Hybrid,hatchback,Inked | Standard |  |  ;; Supersonic Red | Standalone | 475 |  ;; Cutting Edge | Standard |  |  ;; Guardian Gray | Standard |  |  ;; Reservoir Blue | Standard |  |  ;; Wind Chill Pearl | Standalone | 475 | ,Light Gray | Standard | SofTex (synthetic leather) |  ;; Black | Standard | SofTex (synthetic leather) | ,"19-in. alloy wheels, 195/50R19 tires | Standard |  | ",Fixed glass roof | Standard |  | ,5-seat hatchback (5-passenger); 60/40 split fold-down rear seats with center armrest (XLE/Nightshade/Limited),"Same-page trim; FWD variant available as separate model/base MSRP $35,770 (delta vs AWD base: -1,400). Engine: 2.0L 4-Cyl. Hybrid; Transmission: ECVT (identical across FWD/AWD).","Leather-trimmed seats (genuine leather) | Unavailable |  |  ;; Heated and ventilated front seats | Standard |  |  ;; Heated rear seats | Standalone | 350 |  ;; Heated steering wheel | Standard |  |  ;; Power liftgate (power liftback) | Standard |  |  ;; Adaptive cruise control (Full-Speed Range Dynamic Radar Cruise Control, part of TSS 3.0) | Standard |  |  ;; Qi-compatible wireless charging | Standard |  |  ;; Moonroof/Fixed glass roof | Standard |  |  ;; Digital Key capability | Standard |  | ","Limited Premium Package | $1,085 | contents: Advanced Park, Panoramic View Monitor (PVM)","https://www.toyota.com/configurator/build/step/color/year/2027/series/prius/model/1268/ ; https://www.toyota.com/configurator/build/step/model/year/2027/series/prius/ ; https://www.toyota.com/prius/features/mpg_other_price/1223/1225/1216 (spec comparison LE/XLE/Nightshade, used for wheel/roof/seat/feature Standard-Available-Unavailable tagging) ; https://www.toyota.com/prius/features/mpg_other_price/1225/1216/1227 (spec comparison XLE/Nightshade/Limited) ; https://www.edmunds.com/toyota/prius/2027/features-specs/ (cross-check)","MY2027 exterior color lineup drops 'Midnight Black Metallic' in favor of a new color named 'Inked' (confirmed live on Toyota's site for LE/XLE/Nightshade/Limited); all other exterior color names and the $475 surcharge for Supersonic Red and Wind Chill Pearl carried over unchanged from MY2026. | Limited is the only trim where 'Fixed glass roof' and 'Power liftback' are Standard (included) rather than a $1,000 standalone option (XLE/Nightshade) or unavailable (LE); Limited also uniquely offers 'Heated rear seats' as a $350 standalone option and upgrades front seats to heated+ventilated (vs. plain heated on XLE/Nightshade).","All fields for this row confirmed directly on live Toyota Build & Price (Colors/Powertrain/Options/Packages steps) and Toyota's live Specs comparison tool (Standard/checkmark = Standard, open-circle = Available/optional, dash = Not Available legend). Edmunds spot-check performed for 2026 LE and 2027 LE (full features-specs page pulled) as the cross-check trims called for in the task; both matched Toyota's live site exactly on base MSRP, all exterior color names, interior material/color names, and wheel spec -- no discrepancy found between Toyota and Edmunds on any spot-checked field. Other 15 rows rely on Toyota's live site alone (primary source) without an independent Edmunds pull for that specific trim/year, per the 'spot-check' instruction rather than full duplication. No blanks: FWD/AWD delta captured under drivetrain_engine_variants per row per task's row-identity convention. Per-color surcharge ($475 for Supersonic Red and Wind Chill Pearl specifically -- NOT all colors) verified directly on Toyota's live configurator pricing panel for every one of the 16 rows individually, resolving the prior Edmunds/KBB-only pass's flagged need to verify per-color surcharges against the manufacturer's own tool. Genuine leather is not listed as an option on any Prius trim on Toyota's site (SofTex synthetic leatherette is the top upholstery material Toyota itself names); stated as Unavailable with high confidence rather than left blank, since Toyota's own material labels were checked on every one of the 8 trims across both years and none ever said 'leather'."
Toyota,Prius Prime,SE,2026,FWD,PHEV,hatchback,Guardian Gray | Standalone |  |  ;; Supersonic Red | Standalone | $475 |  ;; Cutting Edge | Standalone |  |  ;; Wind Chill Pearl | Standalone | $475 |  ;; Reservoir Blue | Standalone |  |  ;; Midnight Black Metallic | Standalone |  | ,Black and Red Fabric (cloth) - only interior offered on SE | Standard |  | ,"17-in. alloy wheels with wheel covers, 195/60R17 tires - only wheel offered on SE | Standard |  | ",Fixed glass roof | Unavailable |  |  ;; Solar charging roof | Unavailable |  | ,"5-passenger, 2-row hatchback (fixed configuration, not configurable); Fabric-trimmed front seats, 6-way adjustable driver's seat, 6-way adjustable front passenger seat; 60/40 split fold-down rear seats (no center armrest)","2.0L 4-Cyl. gas/electric plug-in hybrid, ECVT, FWD (single powertrain, no other engine offered) | Standard |  | ","Genuine leather upholstery | Unavailable (SofTex synthetic leather or fabric only, no genuine leather offered on any trim) |  |  ;; Heated front seats | Unavailable |  |  ;; Heated rear seats | Unavailable |  |  ;; Heated steering wheel (SofTex-trimmed, tilt/telescopic) | Standard |  |  ;; Power liftback (power liftgate) | Unavailable |  |  ;; Toyota Safety Sense 3.0 (TSS 3.0) incl. Full-Speed Range Dynamic Radar Cruise Control / adaptive cruise control | Standard |  |  ;; Wireless smartphone charging | Unavailable |  |  ;; Moonroof/sunroof (fixed glass roof) | Unavailable |  | ",,https://www.toyota.com/configurator/build/step/color/year/2026/series/priuspluginhybrid/model/1235/ ;; https://www.toyota.com/configurator/build/step/options/year/2026/series/priuspluginhybrid/model/1235/ ;; https://www.toyota.com/priuspluginhybrid/features/mpg_other_price/1235 ;; https://www.edmunds.com/toyota/prius-plug-in-hybrid/2026/features-specs/,"No discrepancies found vs Edmunds for this trim/year (colors, interior material, wheel spec, and the $35 parking-assist option all matched exactly). Toyota has renamed this nameplate 'Prius Plug-in Hybrid' (series slug priuspluginhybrid) for MY2025 and later; the old 'Prius Prime' name and /priusprime/ URL now 301-redirect to the standard (non-plug-in) Prius page. Recorded as 'Prius Prime' here only because the task specified that model name.","All fields directly confirmed via Toyota Build & Price (live, 2026-09-09) and cross-checked against Edmunds MY2026 Prius Plug-In Hybrid SE page with no conflicts. Nothing left blank."
Toyota,Prius Prime,XSE,2026,FWD,PHEV,hatchback,Guardian Gray | Standalone |  |  ;; Supersonic Red | Standalone | $475 |  ;; Cutting Edge | Standalone |  |  ;; Wind Chill Pearl | Standalone | $475 |  ;; Reservoir Blue | Standalone |  |  ;; Midnight Black Metallic | Standalone |  | ,Black and Red SofTex trim - only interior offered on XSE | Standard |  | ,"19-in. alloy wheels, P195/50R19 tires - only wheel offered on XSE | Standard |  | ","Fixed glass roof | Standalone | $1,000 |  ;; Solar charging roof | Unavailable |  | ","5-passenger, 2-row hatchback (fixed configuration, not configurable); SofTex-trimmed front seats w/ seatback pockets, 8-way power-adjustable driver's seat incl. power lumbar support, 6-way adjustable front passenger seat; 60/40 split fold-down rear seats with center armrest","2.0L 4-Cyl. gas/electric plug-in hybrid, ECVT, FWD (single powertrain, no other engine offered) | Standard |  | ","Genuine leather upholstery | Unavailable (SofTex synthetic leather or fabric only, no genuine leather offered on any trim) |  |  ;; Heated front seats | Standard |  |  ;; Heated rear seats | Unavailable |  |  ;; Heated steering wheel (SofTex-trimmed, tilt/telescopic) | Standard |  |  ;; Power liftback (power liftgate) | Unavailable |  |  ;; Toyota Safety Sense 3.0 (TSS 3.0) incl. Full-Speed Range Dynamic Radar Cruise Control / adaptive cruise control | Standard |  |  ;; Wireless smartphone charging | Unavailable |  |  ;; Moonroof/sunroof (fixed glass roof) | Package-only | $1,000 | ",,https://www.toyota.com/configurator/build/step/color/year/2026/series/priuspluginhybrid/model/1237/ ;; https://www.toyota.com/configurator/build/step/options/year/2026/series/priuspluginhybrid/model/1237/ ;; https://www.toyota.com/priuspluginhybrid/features/mpg_other_price/1237,Toyota has renamed this nameplate 'Prius Plug-in Hybrid' (series slug priuspluginhybrid) for MY2025 and later; the old 'Prius Prime' name and /priusprime/ URL now 301-redirect to the standard (non-plug-in) Prius page. Recorded as 'Prius Prime' here only because the task specified that model name.,"All fields directly confirmed via Toyota Build & Price (live, 2026-09-09; options/pricing verified identical to MY2027 XSE, same generation). Standard-equipment items (heated seats, heated steering wheel, seat material/config, TSS 3.0/adaptive cruise, wheel spec) were directly observed on Toyota's MY2027 XSE spec-comparison page and confirmed to carry over unchanged to MY2026 via identical Options-tab pricing ($275 Digital Key / $610 12.3-in Audio / $1,000 Fixed glass roof, all matching MY2027 exactly) — not independently re-screenshotted on a MY2026-specific spec-comparison page this session. Not cross-checked against Edmunds this session (only SE was Edmunds-checked for MY2026). Nothing left blank."
Toyota,Prius Prime,Nightshade Edition,2026,FWD,PHEV,hatchback,Wind Chill Pearl | Standalone | $475 |  ;; Karashi (Nightshade-exclusive color) | Standalone |  |  ;; Midnight Black Metallic | Standalone |  | ,Black SofTex trim with gray stitching (Nightshade-exclusive colorway) - only interior offered | Standard |  | ,"19-in. alloy wheels with black finish, 195/50R19 tires (Nightshade-exclusive black-finish wheels) - only wheel offered | Standard |  | ",Fixed glass roof | Unavailable |  |  ;; Solar charging roof | Unavailable |  | ,"5-passenger, 2-row hatchback (fixed configuration, not configurable); SofTex-trimmed front seats (Nightshade black/gray colorway) w/ 8-way power driver's seat incl. power lumbar, 6-way front passenger seat; 60/40 split fold-down rear seats with center armrest","2.0L 4-Cyl. gas/electric plug-in hybrid, ECVT, FWD (single powertrain, no other engine offered) | Standard |  | ","Genuine leather upholstery | Unavailable (SofTex synthetic leather or fabric only, no genuine leather offered on any trim) |  |  ;; Heated front seats | Standard |  |  ;; Heated rear seats | Unavailable |  |  ;; Heated steering wheel (SofTex-trimmed, tilt/telescopic) | Standard |  |  ;; Power liftback (power liftgate) | Unavailable |  |  ;; Toyota Safety Sense 3.0 (TSS 3.0) incl. Full-Speed Range Dynamic Radar Cruise Control / adaptive cruise control | Standard |  |  ;; Wireless smartphone charging | Unavailable |  |  ;; Moonroof/sunroof (fixed glass roof) | Unavailable |  | ",,https://www.toyota.com/configurator/build/step/color/year/2026/series/priuspluginhybrid/model/1233/ ;; https://www.toyota.com/configurator/build/step/options/year/2026/series/priuspluginhybrid/model/1233/ ;; https://www.toyota.com/priuspluginhybrid/features/mpg_other_price/1233,"CONFIRMED DISCREPANCY: A Toyota spec-comparison page referenced in a prior research pass indicated 'Fixed glass roof' as Available on the MY2026 Nightshade Edition, but the live Build & Price configurator for this exact trim/year (model 1233, year 2026) has NO 'Options' tab at all (nav bar only shows Colors / Powertrain / Accessories / Summary) — reconfirmed directly this session by loading the Options-step URL, which redirects back to the Colors step. Per task instructions, Toyota's live Build & Price tool is trusted as primary over the spec page, so Fixed glass roof, Digital Key, and 12.3-in Audio Multimedia are recorded as Unavailable for MY2026 Nightshade Edition specifically. This is a genuine year-over-year product change: MY2027 Nightshade (no 'Edition' suffix) DOES gain a full Options tab with all three of those items — see the MY2027 Nightshade row. Toyota has renamed this nameplate 'Prius Plug-in Hybrid' (series slug priuspluginhybrid) for MY2025 and later; the old 'Prius Prime' name and /priusprime/ URL now 301-redirect to the standard (non-plug-in) Prius page. Recorded as 'Prius Prime' here only because the task specified that model name.","Colors, wheel, interior, and the absent-Options-tab finding directly re-confirmed live this session (2026-09-09). Heated seats/steering wheel/TSS 3.0 inferred from identical findings on SE/XSE MY2026 and MY2027 Nightshade (same generation, no other trim differences noted in spec pages beyond styling/options already documented). Not cross-checked against Edmunds this session. Nothing left blank."
Toyota,Prius Prime,XSE Premium,2026,FWD,PHEV,hatchback,Guardian Gray | Standalone |  |  ;; Supersonic Red | Standalone | $475 |  ;; Cutting Edge | Standalone |  |  ;; Wind Chill Pearl | Standalone | $475 |  ;; Reservoir Blue | Standalone |  |  ;; Midnight Black Metallic | Standalone |  | ,Black and Red SofTex trim - only interior offered on XSE Premium (no genuine leather) | Standard |  | ,"19-in. alloy wheels, P195/50R19 tires - only wheel offered on XSE Premium | Standard |  | ",Fixed glass roof | Standard |  |  ;; Solar charging roof | Standalone | $610 | ,"5-passenger, 2-row hatchback (fixed configuration, not configurable); SofTex-trimmed front seats w/ 8-way power driver's seat incl. power lumbar + memory function (2 settings), 6-way front passenger seat, heated AND ventilated front seats standard; 60/40 split fold-down rear seats with center armrest; power liftback standard","2.0L 4-Cyl. gas/electric plug-in hybrid, ECVT, FWD (single powertrain, no other engine offered) | Standard |  | ","Genuine leather upholstery | Unavailable (SofTex synthetic leather or fabric only, no genuine leather offered on any trim) |  |  ;; Heated and ventilated front seats | Standard |  |  ;; Heated rear seats | Standalone | $350 |  ;; Heated steering wheel (SofTex-trimmed, tilt/telescopic) | Standard (inferred; standard on all lower trims, not independently re-screenshotted for this exact trim this session) |  |  ;; Power liftback (power liftgate) | Standard |  |  ;; Toyota Safety Sense 3.0 (TSS 3.0) incl. Full-Speed Range Dynamic Radar Cruise Control / adaptive cruise control | Standard |  |  ;; Wireless smartphone charging | Unavailable |  |  ;; Moonroof/sunroof (fixed glass roof) | Standard |  |  ;; 8-speaker JBL Premium Audio | Standard |  |  ;; Digital Key | Standard |  |  ;; Driver's seat memory (2 settings) | Standard |  |  ;; Digital rearview mirror | Standalone | $200 | ","Advanced Technology Package | $1,085 | contents: Advanced Park, Panoramic View Monitor (PVM). Note: selecting this package in the configurator also prompts adding Digital rearview mirror ($200) and/or Heated rear seats ($350) as suggested items, but both of those are independently purchasable as plain standalone options as well (see common_features/roof_options) — exact bundling requirement (one vs. both) was not fully disambiguated by the tool's UI.",https://www.toyota.com/configurator/build/step/color/year/2026/series/priuspluginhybrid/model/1239/ ;; https://www.toyota.com/configurator/build/step/options/year/2026/series/priuspluginhybrid/model/1239/ ;; https://www.toyota.com/priuspluginhybrid/features/mpg_other_price/1239,"Re-confirms the solar charging roof finding from a prior research pass: real, standalone option, $610, available ONLY on XSE Premium among all 8 trim/year rows in this dataset (confirmed directly for both MY2026 and MY2027, same price both years). Toyota has renamed this nameplate 'Prius Plug-in Hybrid' (series slug priuspluginhybrid) for MY2025 and later; the old 'Prius Prime' name and /priusprime/ URL now 301-redirect to the standard (non-plug-in) Prius page. Recorded as 'Prius Prime' here only because the task specified that model name.","Colors, wheels, roof (incl. solar roof), package, and standalone options directly confirmed via Toyota Build & Price live this session (2026-09-09), with pricing identical to MY2027 XSE Premium ($1,085 package, $610 solar roof, $200 digital mirror all match exactly, giving high confidence of unchanged equipment year over year). Heated steering wheel flagged as inferred rather than directly observed for this exact trim (see common_features note). Not cross-checked against Edmunds this session. Nothing left blank."
Toyota,Prius Prime,SE,2027,FWD,PHEV,hatchback,Guardian Gray | Standalone |  |  ;; Supersonic Red | Standalone | $475 |  ;; Cutting Edge | Standalone |  |  ;; Wind Chill Pearl | Standalone | $475 |  ;; Inked | Standalone |  |  ;; Reservoir Blue | Standalone |  | ,Black and Red Fabric (cloth) - only interior offered on SE | Standard |  | ,"17-in. alloy wheels with wheel covers, 195/60R17 tires - only wheel offered on SE | Standard |  | ",Fixed glass roof | Unavailable |  |  ;; Solar charging roof | Unavailable |  | ,"5-passenger, 2-row hatchback (fixed configuration, not configurable); Fabric-trimmed front seats, 6-way adjustable driver's seat, 6-way adjustable front passenger seat; 60/40 split fold-down rear seats (no center armrest)","2.0L 4-Cyl. gas/electric plug-in hybrid, ECVT, FWD (single powertrain, no other engine offered) | Standard |  | ","Genuine leather upholstery | Unavailable (SofTex synthetic leather or fabric only, no genuine leather offered on any trim) |  |  ;; Heated front seats | Unavailable |  |  ;; Heated rear seats | Unavailable |  |  ;; Heated steering wheel (SofTex-trimmed, tilt/telescopic) | Standard |  |  ;; Power liftback (power liftgate) | Unavailable |  |  ;; Toyota Safety Sense 3.0 (TSS 3.0) incl. Full-Speed Range Dynamic Radar Cruise Control / adaptive cruise control | Standard |  |  ;; Wireless smartphone charging | Unavailable |  |  ;; Moonroof/sunroof (fixed glass roof) | Unavailable |  | ",,https://www.toyota.com/configurator/build/step/color/year/2027/series/priuspluginhybrid/model/1235/ ;; https://www.toyota.com/configurator/build/step/options/year/2027/series/priuspluginhybrid/model/1235/ ;; https://www.toyota.com/priuspluginhybrid/features/mpg_other_price/1235 ;; https://www.edmunds.com/toyota/prius-plug-in-hybrid/2027/features-specs/,"No discrepancies found vs Edmunds for this trim/year (base MSRP $33,980, exterior color list, interior material 'Black and Red, cloth', 17-in wheel spec, and the $35 parking-assist option all matched exactly). Toyota has renamed this nameplate 'Prius Plug-in Hybrid' (series slug priuspluginhybrid) for MY2025 and later; the old 'Prius Prime' name and /priusprime/ URL now 301-redirect to the standard (non-plug-in) Prius page. Recorded as 'Prius Prime' here only because the task specified that model name.","All fields directly confirmed via Toyota Build & Price (live, 2026-09-09) and Toyota's own MY2027 Prius Plug-in Hybrid spec-comparison page (SE/XSE/Nightshade), plus cross-checked against Edmunds MY2027 Prius Plug-In Hybrid page with no conflicts. Nothing left blank."
Toyota,Prius Prime,XSE,2027,FWD,PHEV,hatchback,Guardian Gray | Standalone |  |  ;; Supersonic Red | Standalone | $475 |  ;; Cutting Edge | Standalone |  |  ;; Wind Chill Pearl | Standalone | $475 |  ;; Inked | Standalone |  |  ;; Reservoir Blue | Standalone |  | ,Black and Red SofTex trim - only interior offered on XSE | Standard |  | ,"19-in. alloy wheels, P195/50R19 tires - only wheel offered on XSE | Standard |  | ","Fixed glass roof | Standalone | $1,000 |  ;; Solar charging roof | Unavailable |  | ","5-passenger, 2-row hatchback (fixed configuration, not configurable); SofTex-trimmed front seats w/ seatback pockets, 8-way power-adjustable driver's seat incl. power lumbar support, 6-way adjustable front passenger seat; 60/40 split fold-down rear seats with center armrest","2.0L 4-Cyl. gas/electric plug-in hybrid, ECVT, FWD (single powertrain, no other engine offered) | Standard |  | ","Genuine leather upholstery | Unavailable (SofTex synthetic leather or fabric only, no genuine leather offered on any trim) |  |  ;; Heated front seats | Standard |  |  ;; Heated rear seats | Unavailable |  |  ;; Heated steering wheel (SofTex-trimmed, tilt/telescopic) | Standard |  |  ;; Power liftback (power liftgate) | Unavailable |  |  ;; Toyota Safety Sense 3.0 (TSS 3.0) incl. Full-Speed Range Dynamic Radar Cruise Control / adaptive cruise control | Standard |  |  ;; Wireless smartphone charging | Unavailable |  |  ;; Moonroof/sunroof (fixed glass roof) | Package-only | $1,000 | ",,https://www.toyota.com/configurator/build/step/color/year/2027/series/priuspluginhybrid/model/1237/ ;; https://www.toyota.com/configurator/build/step/options/year/2027/series/priuspluginhybrid/model/1237/ ;; https://www.toyota.com/priuspluginhybrid/features/mpg_other_price/1237,Toyota has renamed this nameplate 'Prius Plug-in Hybrid' (series slug priuspluginhybrid) for MY2025 and later; the old 'Prius Prime' name and /priusprime/ URL now 301-redirect to the standard (non-plug-in) Prius page. Recorded as 'Prius Prime' here only because the task specified that model name.,"All fields directly confirmed via Toyota Build & Price (live, 2026-09-09) and Toyota's own MY2027 Prius Plug-in Hybrid spec-comparison page (SE/XSE/Nightshade view), including direct screenshots of heated-seats, heated-steering-wheel, TSS 3.0/DRCC, fixed-glass-roof, digital-key, and audio-multimedia rows. Not cross-checked against Edmunds this session (only SE was Edmunds-checked for MY2027). Nothing left blank."
Toyota,Prius Prime,Nightshade,2027,FWD,PHEV,hatchback,Wind Chill Pearl | Standalone | $475 |  ;; Karashi (Nightshade-exclusive color) | Standalone |  |  ;; Inked | Standalone |  | ,Black SofTex trim with gray stitching (Nightshade-exclusive colorway) - only interior offered | Standard |  | ,"19-in. alloy wheels with black finish, 195/50R19 tires (Nightshade-exclusive black-finish wheels) - only wheel offered | Standard |  | ","Fixed glass roof | Standalone | $1,000 |  ;; Solar charging roof | Unavailable |  | ","5-passenger, 2-row hatchback (fixed configuration, not configurable); SofTex-trimmed front seats (Nightshade black/gray colorway) w/ 8-way power driver's seat incl. power lumbar, 6-way front passenger seat; 60/40 split fold-down rear seats with center armrest","2.0L 4-Cyl. gas/electric plug-in hybrid, ECVT, FWD (single powertrain, no other engine offered) | Standard |  | ","Genuine leather upholstery | Unavailable (SofTex synthetic leather or fabric only, no genuine leather offered on any trim) |  |  ;; Heated front seats | Standard |  |  ;; Heated rear seats | Unavailable |  |  ;; Heated steering wheel (SofTex-trimmed, tilt/telescopic) | Standard |  |  ;; Power liftback (power liftgate) | Unavailable |  |  ;; Toyota Safety Sense 3.0 (TSS 3.0) incl. Full-Speed Range Dynamic Radar Cruise Control / adaptive cruise control | Standard |  |  ;; Wireless smartphone charging | Unavailable |  |  ;; Moonroof/sunroof (fixed glass roof) | Package-only | $1,000 | ",,https://www.toyota.com/configurator/build/step/color/year/2027/series/priuspluginhybrid/model/1233/ ;; https://www.toyota.com/configurator/build/step/options/year/2027/series/priuspluginhybrid/model/1233/ ;; https://www.toyota.com/priuspluginhybrid/features/mpg_other_price/1233,"Genuine year-over-year product change vs. MY2026 Nightshade Edition: MY2027 Nightshade (note: 'Edition' suffix dropped for MY2027, per task's naming instruction) gains a full Options tab (Digital Key $275, 12.3-in Audio Multimedia $610, Fixed glass roof $1,000 — identical list/pricing to XSE), which the MY2026 Nightshade Edition build tool does not have at all. See the MY2026 Nightshade Edition row's discrepancy_notes for the full explanation. Toyota has renamed this nameplate 'Prius Plug-in Hybrid' (series slug priuspluginhybrid) for MY2025 and later; the old 'Prius Prime' name and /priusprime/ URL now 301-redirect to the standard (non-plug-in) Prius page. Recorded as 'Prius Prime' here only because the task specified that model name.","Colors, wheel, interior, roof, and Options-tab contents directly confirmed live via Toyota Build & Price and Toyota's MY2027 spec-comparison page (screenshots of Fixed glass roof = Available/circle, Solar charging roof = Not Available/dash, Digital Key = Available/circle) this session (2026-09-09). Not cross-checked against Edmunds this session. Nothing left blank."
Toyota,Prius Prime,XSE Premium,2027,FWD,PHEV,hatchback,Guardian Gray | Standalone |  |  ;; Supersonic Red | Standalone | $475 |  ;; Cutting Edge | Standalone |  |  ;; Wind Chill Pearl | Standalone | $475 |  ;; Inked | Standalone |  |  ;; Reservoir Blue | Standalone |  | ,Black and Red SofTex trim - only interior offered on XSE Premium (no genuine leather) | Standard |  | ,"19-in. alloy wheels, P195/50R19 tires - only wheel offered on XSE Premium | Standard |  | ",Fixed glass roof | Standard |  |  ;; Solar charging roof | Standalone | $610 | ,"5-passenger, 2-row hatchback (fixed configuration, not configurable); SofTex-trimmed front seats w/ 8-way power driver's seat incl. power lumbar + memory function (2 settings), 6-way front passenger seat, heated AND ventilated front seats standard; 60/40 split fold-down rear seats with center armrest; power liftback standard","2.0L 4-Cyl. gas/electric plug-in hybrid, ECVT, FWD (single powertrain, no other engine offered) | Standard |  | ","Genuine leather upholstery | Unavailable (SofTex synthetic leather or fabric only, no genuine leather offered on any trim) |  |  ;; Heated and ventilated front seats | Standard |  |  ;; Heated rear seats | Standalone | $350 |  ;; Heated steering wheel (SofTex-trimmed, tilt/telescopic) | Standard (inferred from lower trims; row not captured directly in this session's XSE Premium screenshots) |  |  ;; Power liftback (power liftgate) | Standard |  |  ;; Toyota Safety Sense 3.0 (TSS 3.0) incl. Full-Speed Range Dynamic Radar Cruise Control / adaptive cruise control | Standard |  |  ;; Wireless smartphone charging | Unavailable |  |  ;; Moonroof/sunroof (fixed glass roof) | Standard |  |  ;; 8-speaker JBL Premium Audio | Standard |  |  ;; Digital Key | Standard |  |  ;; Driver's seat memory (2 settings) | Standard |  |  ;; Digital rearview mirror | Standalone | $200 | ","Advanced Technology Package | $1,085 | contents: Advanced Park, Panoramic View Monitor (PVM). Note: selecting this package in the configurator also prompts adding Digital rearview mirror ($200) and/or Heated rear seats ($350) as suggested items, but both of those are independently purchasable as plain standalone options as well (see common_features/roof_options) — exact bundling requirement (one vs. both) was not fully disambiguated by the tool's UI.",https://www.toyota.com/configurator/build/step/color/year/2027/series/priuspluginhybrid/model/1239/ ;; https://www.toyota.com/configurator/build/step/options/year/2027/series/priuspluginhybrid/model/1239/ ;; https://www.toyota.com/priuspluginhybrid/features/mpg_other_price/1239,"CONFIRMS prior research pass's headline finding: solar charging roof is real, standalone option, exactly $610, available ONLY on XSE Premium (not SE/XSE/Nightshade) among all 8 trim/year rows in this dataset — independently verified via both the live Build & Price Options tab and Toyota's spec-comparison table for MY2027 (and separately for MY2026; identical $610 price both years). Toyota has renamed this nameplate 'Prius Plug-in Hybrid' (series slug priuspluginhybrid) for MY2025 and later; the old 'Prius Prime' name and /priusprime/ URL now 301-redirect to the standard (non-plug-in) Prius page. Recorded as 'Prius Prime' here only because the task specified that model name.","Colors, wheels, roof (incl. solar roof and standard fixed glass roof), 8-speaker JBL audio, 12.3-in audio standard, Digital Key standard, driver's-seat memory, heated+ventilated seats, power liftback, and the Advanced Technology Package/options all directly confirmed via Toyota Build & Price live (2026-09-09) and Toyota's MY2027 spec-comparison page (XSE Premium/XSE/Nightshade view). Heated steering wheel flagged as inferred rather than directly observed for this exact trim this session. Not cross-checked against Edmunds this session (Edmunds attempted for XSE Premium during initial research but the trim-selector switch did not register; abandoned in favor of completing primary-source coverage). Nothing left blank."
Toyota,4Runner,SR5,2026,"RWD (Part-time 4WD optional, +$2,000)",Gas,SUV,Underground | Standard |  | ;; Heritage Blue | Standard |  | ;; Cutting Edge | Standard |  | ;; Black | Standard |  | ;; Ice Cap | Standard |  | ;; Supersonic Red | Standalone | $475 | ,Black fabric | Standard |  | ;; Boulder fabric | Standard |  | ,17-in. dark-gray painted alloy wheels | Standard |  |  (no upgrade wheel offered on this trim),Power tilt/slide moonroof with sunshade | Unavailable |  | ,"5-passenger, 2-row (fabric-trimmed, 6-way manual driver/front-passenger, non-heated) | Standard |  | ;; 3rd-row 50/50 fold-flat seat (6/7-passenger) | Standalone | $770 | ","i-FORCE 2.4L Turbo 4-Cyl. gas engine, 8-speed automatic | Standard |  | ;; Rear-Wheel Drive | Standard |  | ;; Part-time 4-Wheel Drive | Standalone | $2,000 | ",Leather seating | Unavailable |  | ;; Heated front seats | Unavailable |  | ;; Heated steering wheel | Unavailable |  | ;; Power liftgate | Unavailable |  | ;; Wireless (Qi) phone charging | Unavailable |  | ;; Moonroof | Unavailable |  | ,,https://www.toyota.com/configurator/build/step/color/year/2026/series/4runner/model/8642/ ;; https://www.toyota.com/4runner/features/mpg_other_price/8642/8643/8644 ;; https://www.edmunds.com/toyota/4runner/2026/features-specs/,"Edmunds' 'Most Popular' SR5 build lists Starting MSRP $44,270 with 'four wheel drive' as the listed drive type (an SR5 configured with the optional Part-time 4WD, not the RWD base car); Toyota's own configurator gave a Total-Amount-as-Built of $43,865 for the base RWD SR5 with no options selected. The $2,000 gap between the two matches Toyota's own $2,000 4WD upcharge almost exactly (small remainder likely destination/other fees), cross-confirming the 4WD price.","Toyota's own Full-Specs comparison tool has no 'Power Liftgate' row anywhere on the 2026 4Runner (checked Exterior and Safety/Convenience categories for two different 3-trim groupings) - the 4Runner appears to use a manual (non-powered) liftgate on every 2026 trim; only a separate 'LED liftgate light' feature exists. Adaptive cruise control status not independently re-confirmed this pass (Toyota Safety Sense is standard fleet-wide on current Toyota models but this was not directly verified on the 4Runner spec sheet, so it is left out of common_features rather than assumed)."
Toyota,4Runner,TRD Sport,2026,"RWD (Part-time 4WD optional, +$2,000)",Gas,SUV,Underground | Standard |  | ;; Heritage Blue | Standard |  | ;; Cutting Edge | Standard |  | ;; Black | Standard |  | ;; Ice Cap | Standard |  | ;; Supersonic Red | Standalone | $475 | ,"Fabric-trimmed, heated front seats (color/pattern not independently re-captured this pass) | Standard |  | ","20-in. dark-gray, machine-finished alloy wheels with TRD center caps | Standard |  |  (no upgrade wheel offered on this trim)",Power tilt/slide moonroof with sunshade | Unavailable |  | ,"5-passenger, 2-row only (no 3rd-row seat offered on this trim) | Standard |  | ","i-FORCE 2.4L Turbo 4-Cyl. gas engine, 8-speed automatic | Standard |  | ;; Rear-Wheel Drive | Standard |  | ;; Part-time 4-Wheel Drive | Standalone | $2,000 | ",Leather seating | Unavailable |  | ;; Heated front seats | Standard |  | ;; Heated steering wheel | Standard |  | ;; Power liftgate | Unavailable |  | ;; Wireless (Qi) phone charging | Standard |  | ;; Moonroof | Unavailable |  | ,,https://www.toyota.com/configurator/build/step/color/year/2026/series/4runner/model/8643/ ;; https://www.toyota.com/4runner/features/mpg_other_price/8642/8643/8644,,"Exterior color roster assumed identical to SR5's confirmed 6-color list (same trim-tier group per Toyota's own spec-comparison tool grouping); not independently re-screenshotted on TRD Sport's own configurator page in this final pass, only pattern-matched via the shared comparison-tool grouping."
Toyota,4Runner,TRD Sport Premium,2026,"RWD (Part-time 4WD optional, +$2,000)",Gas,SUV,Underground | Standard |  | ;; Heritage Blue | Standard |  | ;; Cutting Edge | Standard |  | ;; Black | Standard |  | ;; Ice Cap | Standard |  | ;; Supersonic Red | Standalone | $475 | ,"SofTex-trimmed, heated and ventilated, 8-way power-adjustable front seats | Standard |  | ","20-in. dark-gray, machine-finished alloy wheels with TRD center caps | Standard |  |  (no upgrade wheel offered on this trim)",Power tilt/slide moonroof with sunshade | Standalone | $850 | ,"5-passenger, 2-row only (no 3rd-row seat offered on this trim) | Standard |  | ","i-FORCE 2.4L Turbo 4-Cyl. gas engine, 8-speed automatic | Standard |  | ;; Rear-Wheel Drive | Standard |  | ;; Part-time 4-Wheel Drive | Standalone | $2,000 | ",Leather seating | Unavailable |  | ;; Heated front seats | Standard |  | ;; Heated steering wheel | Standard |  | ;; Power liftgate | Unavailable |  | ;; Wireless (Qi) phone charging | Standard |  | ;; Moonroof | Standalone | $850 | ,,https://www.toyota.com/configurator/build/step/color/year/2026/series/4runner/model/8644/ ;; https://www.toyota.com/4runner/features/mpg_other_price/8642/8643/8644,"Resolves prior-pass flagged item: TRD Sport Premium DOES have its own dedicated, fully functional Build & Price configurator page on toyota.com (model 8644) - it was not hard to find, it is RWD like SR5/TRD Sport with the same optional Part-time 4WD upgrade.",
Toyota,4Runner,TRD Off-Road,2026,Part-time 4WD,Gas,SUV,Everest | Standard |  | ;; Underground | Standard |  | ;; Heritage Blue | Standard |  | ;; Cutting Edge | Standard |  | ;; Black | Standard |  | ;; Ice Cap | Standard |  | ;; Supersonic Red | Standalone | $475 | ,Black/Boulder fabric with Anodized Blue accents | Standard |  | ,TRD Off-Road specific alloy wheel design | Standard |  |  (no upgrade wheel offered on this trim),Power tilt/slide moonroof with sunshade | Unavailable |  | ,"5-passenger, 2-row only (no 3rd-row seat offered on this trim) | Standard |  | ","i-FORCE 2.4L Turbo 4-Cyl. gas engine, 8-speed automatic | Standard |  | ;; Part-time 4-Wheel Drive (only drivetrain offered) | Standard |  | ","Leather seating | Unavailable |  | ;; Heated front seats | Standard | (fabric-trimmed, heated) | ;; Heated steering wheel | Unavailable |  | ;; Power liftgate | Unavailable |  | ;; Wireless (Qi) phone charging | Standard |  | ;; Moonroof | Unavailable |  | ",,https://www.toyota.com/configurator/build/step/color/year/2026/series/4runner/model/8670/ ;; https://www.toyota.com/4runner/features/mpg_other_price/8670/8672/8648,"Notable internal inconsistency: TRD Sport (a lower-priced RWD-based sport trim) has a heated steering wheel standard, while TRD Off-Road (a higher-priced, 4WD-only off-road trim at a similar position in the lineup) does NOT offer a heated steering wheel at all (confirmed Not Available, not just non-standard, on Toyota's own spec-comparison tool).","Base MSRP directly confirmed as $50,690 via Toyota's spec-comparison tool."
Toyota,4Runner,TRD Off-Road Premium,2026,Part-time 4WD,Gas,SUV,Everest | Standard |  | ;; Underground | Standard |  | ;; Heritage Blue | Standard |  | ;; Cutting Edge | Standard |  | ;; Black | Standard |  | ;; Ice Cap | Standard |  | ;; Supersonic Red | Standalone | $475 | ,"SofTex-trimmed, heated and ventilated, 8-way power-adjustable front seats | Standard |  | ",TRD Off-Road Premium specific alloy wheel design | Standard |  |  (no upgrade wheel offered on this trim),Power tilt/slide moonroof with sunshade | Standalone | $850 | ,"5-passenger, 2-row only (no 3rd-row seat offered on this trim) | Standard |  | ","i-FORCE 2.4L Turbo 4-Cyl. gas engine, 8-speed automatic | Standard |  | ;; Part-time 4-Wheel Drive (only drivetrain offered) | Standard |  | ",Leather seating | Unavailable |  | ;; Heated front seats | Standard |  | ;; Heated steering wheel | Standard |  | ;; Power liftgate | Unavailable |  | ;; Wireless (Qi) phone charging | Standard |  | ;; Moonroof | Standalone | $850 | ,,https://www.toyota.com/configurator/build/step/color/year/2026/series/4runner/model/8672/ ;; https://www.toyota.com/4runner/features/mpg_other_price/8670/8672/8648,,"Base MSRP directly confirmed as $56,470 via Toyota's spec-comparison tool. Exterior color roster pattern-matched to TRD Off-Road's confirmed 7-color list (same Everest-equipped TRD Off-Road sub-family per Toyota's own grouping); not independently re-screenshotted on this specific trim's own configurator page in this final pass."
Toyota,4Runner,Limited,2026,RWD (Full-time 4WD optional),Gas,SUV,Underground | Standard |  | ;; Heritage Blue | Standard |  | ;; Black | Standard |  | ;; Wind Chill Pearl | Standalone | $475 | ;; Supersonic Red | Standalone | $475 | ,Black leather trim | Standard |  | ;; Portobello Leather | Standard |  | ,Limited-specific alloy wheel design | Standard |  |  (no upgrade wheel offered on this trim),Power tilt/slide moonroof with sunshade | Standard |  | ,"5-passenger, 2-row (leather-trimmed, heated/ventilated, 8-way power front seats) | Standard |  | ;; 3rd-row 50/50 fold-flat seat (6/7-passenger) | Standalone | $1,330 | ","i-FORCE 2.4L Turbo 4-Cyl. gas engine, 8-speed automatic | Standard |  | ;; Rear-Wheel Drive | Standard |  | ;; Full-time 4-Wheel Drive | Standalone |  | ",Leather seating | Standard |  | ;; Heated front seats | Standard |  | ;; Heated steering wheel | Standard |  | ;; Power liftgate | Unavailable |  | ;; Wireless (Qi) phone charging | Standard |  | ;; Moonroof | Standard |  | ;; Power running boards | Available |  | ;; Digital Key capability | Available |  | ,,https://www.toyota.com/configurator/build/step/color/year/2026/series/4runner/model/8648/ ;; https://www.toyota.com/4runner/features/mpg_other_price/8670/8672/8648,"Resolves prior-pass flagged item: 3rd-row seating is NOT simply 'all gas trims have it.' Directly confirmed via Toyota's spec-comparison tool that the 3rd-row option exists ONLY on SR5 ($770) and gas Limited ($1,330) - it is completely absent (no row exists at all, not just unselected) for TRD Sport, TRD Sport Premium, TRD Off-Road, and TRD Off-Road Premium, and absent on every i-FORCE MAX hybrid trim including hybrid Limited (see Limited i-FORCE MAX row).","Full-time 4WD upgrade price for gas Limited was not shown with an explicit dollar figure on the screens captured (unlike the $2,000 Part-time-4WD upcharge shown for SR5/TRD Sport/TRD Sport Premium) - left blank rather than assumed equal to $2,000. Base MSRP directly confirmed as $56,900 via the spec-comparison tool."
Toyota,4Runner,TRD Off-Road i-FORCE MAX,2026,Part-time 4WD,Hybrid,SUV,Everest | Standard |  | ;; Underground | Standard |  | ;; Heritage Blue | Standard |  | ;; Cutting Edge | Standard |  | ;; Black | Standard |  | ;; Ice Cap | Standard |  | ;; Supersonic Red | Standalone | $475 | ,"Fabric-trimmed, heated front seats (pattern-matched to gas TRD Off-Road; not independently re-screenshotted this pass) | Standard |  | ",TRD Off-Road specific alloy wheel design | Standard |  |  (no upgrade wheel offered on this trim),Power tilt/slide moonroof with sunshade | Unavailable |  | ,"5-passenger, 2-row only; no 3rd-row seat offered (battery pack occupies underfloor cargo space) | Standard |  | ",i-FORCE MAX 2.4L Turbo Hybrid powertrain | Standard |  | ;; Part-time 4-Wheel Drive (only drivetrain offered) | Standard |  | ,"Leather seating | Unavailable |  | ;; Heated front seats | Standard (pattern-matched, not re-verified this pass) |  | ;; Heated steering wheel | Unavailable (pattern-matched, not re-verified this pass) |  | ;; Power liftgate | Unavailable |  | ;; Wireless (Qi) phone charging | Standard |  | ;; Moonroof | Unavailable |  | ",,https://www.toyota.com/configurator/build/step/color/year/2026/series/4runner/model/8628/ ;; https://www.toyota.com/4runner/features/mpg_other_price/8628/8630/8632,,"Base MSRP directly confirmed as $53,490. Moonroof=Unavailable, 3rd row=absent, and wireless charging=Standard were all directly confirmed via Toyota's spec-comparison tool this pass. Heated-steering-wheel and interior-seat-trim specifics were NOT re-screenshotted for this exact trim in this final pass; they are inferred from the identical price-tier/feature pattern of its gas equivalent (TRD Off-Road), which matched exactly on every feature that WAS re-verified (moonroof, wireless charging, 3rd row, price delta). Flagging per the 'never fabricate' instruction rather than presenting as independently confirmed."
Toyota,4Runner,TRD Off-Road Premium i-FORCE MAX,2026,Part-time 4WD,Hybrid,SUV,Everest | Standard |  | ;; Underground | Standard |  | ;; Heritage Blue | Standard |  | ;; Cutting Edge | Standard |  | ;; Black | Standard |  | ;; Ice Cap | Standard |  | ;; Supersonic Red | Standalone | $475 | ,"SofTex-trimmed, heated and ventilated, 8-way power-adjustable front seats (pattern-matched to gas TRD Off-Road Premium; not independently re-screenshotted this pass) | Standard |  | ",TRD Off-Road Premium specific alloy wheel design | Standard |  |  (no upgrade wheel offered on this trim),Power tilt/slide moonroof with sunshade | Standalone | $850 | ,"5-passenger, 2-row only; no 3rd-row seat offered (battery pack occupies underfloor cargo space) | Standard |  | ",i-FORCE MAX 2.4L Turbo Hybrid powertrain | Standard |  | ;; Part-time 4-Wheel Drive (only drivetrain offered) | Standard |  | ,"Leather seating | Unavailable |  | ;; Heated front seats | Standard (pattern-matched, not re-verified this pass) |  | ;; Heated steering wheel | Standard (pattern-matched, not re-verified this pass) |  | ;; Power liftgate | Unavailable |  | ;; Wireless (Qi) phone charging | Standard |  | ;; Moonroof | Standalone | $850 | ",,https://www.toyota.com/configurator/build/step/color/year/2026/series/4runner/model/8630/ ;; https://www.toyota.com/4runner/features/mpg_other_price/8628/8630/8632,,"Base MSRP directly confirmed as $59,270. Moonroof=Available $850, 3rd row=absent, and wireless charging=Standard directly confirmed via Toyota's spec-comparison tool this pass (exact mirror of the gas TRD Off-Road Premium pattern). Heated-steering-wheel and seat-trim specifics inferred from the gas equivalent by the same reasoning noted on the TRD Off-Road i-FORCE MAX row."
Toyota,4Runner,Limited i-FORCE MAX,2026,Full-time 4WD,Hybrid,SUV,Underground | Standard |  | ;; Heritage Blue | Standard |  | ;; Black | Standard |  | ;; Wind Chill Pearl | Standalone | $475 | ;; Supersonic Red | Standalone | $475 | ,"Leather-trimmed, heated and ventilated, 8-way power-adjustable front seats (pattern-matched to gas Limited; not independently re-screenshotted this pass) | Standard |  | ",Limited-specific alloy wheel design | Standard |  |  (no upgrade wheel offered on this trim),Power tilt/slide moonroof with sunshade | Standard |  | ,"5-passenger, 2-row only; NO 3rd-row option offered (unlike gas Limited, which offers a 3rd row for $1,330) | Standard |  | ",i-FORCE MAX 2.4L Turbo Hybrid powertrain | Standard |  | ;; Full-time 4-Wheel Drive (only drivetrain offered) | Standard |  | ,"Leather seating | Standard (pattern-matched, not re-verified this pass) |  | ;; Heated front seats | Standard (pattern-matched, not re-verified this pass) |  | ;; Heated steering wheel | Standard (pattern-matched, not re-verified this pass) |  | ;; Power liftgate | Unavailable |  | ;; Wireless (Qi) phone charging | Standard |  | ;; Moonroof | Standard |  | ;; Power running boards | Available |  | ;; Digital Key capability | Available |  | ",,https://www.toyota.com/configurator/build/step/color/year/2026/series/4runner/model/8632/ ;; https://www.toyota.com/4runner/features/mpg_other_price/8628/8630/8632,"Key finding resolving prior-pass flagged item: gas Limited offers a 3rd row ($1,330) but Limited i-FORCE MAX does NOT offer one at all - directly confirmed via Toyota's spec-comparison tool ('50/50 split, fold-flat third-row seat' row shows Not Available for all three i-FORCE MAX trims in this group, including Limited i-FORCE MAX). This is consistent with the hybrid battery pack occupying the underfloor space a fold-flat 3rd row would need, and holds true even on the one hybrid trim whose gas counterpart does have a 3rd row.","Base MSRP directly confirmed as $61,700. Moonroof=Standard, 3rd row=absent, wireless charging=Standard, power running boards=Available, and Digital Key=Available were all directly confirmed via the spec-comparison tool this pass (exact mirror of gas Limited). Seat trim/heated-steering-wheel specifics inferred from the gas equivalent by the same reasoning noted on the TRD Off-Road i-FORCE MAX row - not independently re-screenshotted this pass."
Toyota,4Runner,Platinum,2026,Full-time 4WD,Hybrid,SUV,Underground | Standard |  | ;; Heritage Blue | Standard |  | ;; Cutting Edge | Standard |  | ;; Black | Standard |  | ;; Wind Chill Pearl | Standalone | $475 | ;; Supersonic Red | Standalone | $475 | ,"Dark Navy Premium Leather (single, standard interior offering) | Standard |  | ",20-in. gloss-black painted alloy wheels | Standard |  |  (no upgrade wheel offered on this trim),Power tilt/slide moonroof with sunshade | Standard |  | ,"5-passenger, 2-row: leather-trimmed, heated/ventilated, 8-way power front seats + 60/40 split HEATED, reclining 2nd row (only 4Runner trim with a heated 2nd row) | Standard |  | ;; 3rd-row seat | Unavailable |  | ",i-FORCE MAX 2.4L Turbo Hybrid powertrain | Standard |  | ;; Full-time 4-Wheel Drive (only drivetrain offered) | Standard |  | ,Leather seating | Standard |  | ;; Heated front seats | Standard |  | ;; Heated steering wheel | Standard |  | ;; Power liftgate | Unavailable |  | ;; Wireless (Qi) phone charging | Standard |  | ;; Moonroof | Standard |  | ;; Power running boards | Available |  | ;; LED liftgate light | Available |  | ,,https://www.toyota.com/configurator/build/step/color/year/2026/series/4runner/model/8638/ ;; https://www.toyota.com/4runner/features/mpg_other_price/8638/8634/8636,,"Base MSRP directly confirmed as $64,360; every feature listed above was directly confirmed via toyota.com this pass (configurator + spec-comparison tool), not inferred."
Toyota,4Runner,TRD Pro,2026,Part-time 4WD,Hybrid,SUV,Underground | Standard |  | ;; Black | Standard |  | ;; Ice Cap | Standard |  | ;; Wave Maker (teal) | Standalone | $695 | ,Black SofTex | Standard |  | ;; Cockpit Red SofTex trim | Standard |  | ,18-in. matte-black alloy wheels with TRD center caps | Standard |  |  (no upgrade wheel offered on this trim),Power tilt/slide moonroof with sunshade | Unavailable |  | ,"5-passenger, 2-row only; no 3rd-row seat offered | Standard |  | ",i-FORCE MAX 2.4L Turbo Hybrid powertrain | Standard |  | ;; Part-time 4-Wheel Drive (only drivetrain offered) | Standard |  | ,Leather seating | Unavailable |  | ;; Heated front seats | Standard |  | ;; Heated steering wheel | Standard |  | ;; Power liftgate | Unavailable |  | ;; Wireless (Qi) phone charging | Standard |  | ;; Moonroof | Unavailable |  | ;; Digital Key capability | Standalone | $275 | ,,https://www.toyota.com/configurator/build/step/color/year/2026/series/4runner/model/8634/ ;; https://www.toyota.com/4runner/features/mpg_other_price/8638/8634/8636,"Notable: TRD Pro's signature 'Wave Maker' teal hero color (the shade used in most marketing imagery) is NOT a no-cost standard color - it carries a $695 upcharge, while the more subdued Underground/Black/Ice Cap are the standard (no-cost) choices.","Base MSRP directly confirmed as $68,600; every feature listed above directly confirmed via toyota.com this pass."
Toyota,4Runner,Trailhunter,2026,Part-time 4WD,Hybrid,SUV,Everest | Standard |  | ;; Underground | Standard |  | ;; Black | Standard |  | ;; Ice Cap | Standard |  | ,"Mineral SofTex (single, standard interior offering) | Standard |  | ",18-in. bronze-finished alloy wheels with TOYOTA center caps | Standard |  |  (no upgrade wheel offered on this trim),Power tilt/slide moonroof with sunshade | Unavailable |  | ,"5-passenger, 2-row only; no 3rd-row seat offered | Standard |  | ",i-FORCE MAX 2.4L Turbo Hybrid powertrain | Standard |  | ;; Part-time 4-Wheel Drive (only drivetrain offered) | Standard |  | ,Leather seating | Unavailable (SofTex only) |  | ;; Heated front seats | Standard |  | ;; Heated steering wheel | Standard |  | ;; Power liftgate | Unavailable |  | ;; Wireless (Qi) phone charging | Standard |  | ;; Moonroof | Unavailable |  | ;; ARB roof rack | Standard |  | ;; Digital Key capability | Standalone | $275 | ,,https://www.toyota.com/configurator/build/step/color/year/2026/series/4runner/model/8636/,,"Base MSRP directly confirmed as $68,400. Transmission confirmed as 8-Speed Automatic. Only standalone option shown in the configurator's Options tab was Digital Key Capability ($275) - Trailhunter's extensive overlanding gear (ARB roof rack, rock rails, all-terrain tires, etc.) appears to be bundled as standard equipment rather than offered as configurator options/packages, so no package_definitions entries apply. Heated-seat/steering-wheel status inferred from the identical Options-tab behavior seen on Platinum/TRD Pro (both confirmed standard) rather than independently re-verified via the spec-comparison tool for Trailhunter specifically, since the Interior category on that grouping's spec page could not be re-expanded to double-check within this pass."
Toyota,Grand Highlander,LE,2026,FWD (standard); AWD optional per Edmunds trims-comparison page - see discrepancy_notes,Gas,SUV,Celestial Silver Metallic | Standalone | | ;; Ruby Flare Pearl | Standalone | | ;; Blueprint | Standalone | | ;; Storm Cloud | Standalone | | ;; Midnight Black Metallic | Standalone | | ;; Wind Chill Pearl | Standalone | |,Black (cloth) | Standard | | ;; Light Gray (cloth) | Standard | |,18 x 7.5-in alloy wheels (255/65R18 tires) | Standard | |,No sunroof/moonroof offered on this trim | Unavailable | |,"2nd-row bench seat, 8-passenger total (3rd-row manual folding split-bench) | Standard | |","2.4L turbocharged inline-4, 265 hp / 310 lb-ft, 8-speed automatic transmission | Standard | |","Leather seating | Unavailable | | ;; Heated front seats | Unavailable | | ;; Heated steering wheel | Unavailable | | ;; Power liftgate (standard, not hands-free) | Standard | | ;; Adaptive cruise control (Toyota Safety Sense 3.0) | Standard | | ;; Wireless charging | Unavailable | | ;; Moonroof | Unavailable | |",,"https://www.edmunds.com/toyota/grand-highlander/2026/st-402084357/features-specs/ ;; https://www.edmunds.com/toyota/grand-highlander/2026/trims/ ;; https://www.kbb.com/toyota/grand-highlander/2026/ ;; https://www.carsdirect.com/toyota/grand-highlander/2026/colors ;; https://www.toyota.com/grandhighlander/ (landing page only reachable; /pricing/, /2026/, /2026/features/ all returned HTTP 403 to automated fetch this session)","Edmunds' trims-comparison page states FWD is standard with AWD optional for LE. However, the Edmunds per-style features-specs page fetched for this trim's specific style ID describes 'All wheel drive' as the configuration shown - this most likely reflects the AWD-equipped style variant of the trim (Edmunds lists FWD and AWD as separate 'styles' under the same trim name) rather than contradicting the FWD-standard claim, but this was not independently re-verified live on Toyota's own site this session.","Toyota.com Build & Price configurator was not accessible this session (Chrome browser extension stayed disconnected across repeated retries; direct fetch of toyota.com pricing/build pages returned HTTP 403; pressroom.toyota.com blocked by environment egress policy). Data sourced from Edmunds' manufacturer-fed per-trim features-specs pages (style-ID keyed, mirrors factory build sheets) as primary, cross-checked against KBB.com, Cars.com, CarsDirect, and a Toyota-dealer trim-guide blog. Per-color extra-cost pricing (which of the 6-7 colors carry the ~$475 premium- paint surcharge referenced in Edmunds' options list) could not be determined without live configurator access, so left blank rather than guessed. No genuine multi-item bundled 'package' was found anywhere for this model - Grand Highlander appears to sell factory options a-la-carte (moonroof, wheels, tow hitch, etc.), so package_definitions is blank for every row. MSRP varies by source: $43,755 (Edmunds) vs. $43,355 (KBB) - ~$400 spread, likely destination-fee or as-of-date rounding difference; not resolved without live Toyota pricing."
Toyota,Grand Highlander,XLE,2026,FWD (standard); AWD optional per Edmunds trims-comparison page - see discrepancy_notes,Gas,SUV,Celestial Silver Metallic | Standalone | | ;; Ruby Flare Pearl | Standalone | | ;; Blueprint | Standalone | | ;; Storm Cloud | Standalone | | ;; Midnight Black Metallic | Standalone | | ;; Wind Chill Pearl | Standalone | |,Black (SofTex synthetic leather) | Standard | | ;; Light Gray (SofTex synthetic leather) | Standard | |,18 x 7.5-in alloy wheels (255/65R18 tires) | Standard | |,"Panoramic moonroof | Standalone | $1,350 |","2nd-row bench seat, 8-passenger total | Standalone | No additional cost | ;; 2nd-row captain's chairs, 7-passenger total | Standalone | No additional cost |","2.4L turbocharged inline-4, 265 hp / 310 lb-ft, 8-speed automatic transmission | Standard | |","Leather seating (SofTex synthetic leather standard; genuine leather not offered) | Unavailable | | ;; Heated front seats | Standard | | ;; Heated steering wheel | Unavailable | | ;; Power liftgate (standard, not hands-free) | Standard | | ;; Adaptive cruise control (Toyota Safety Sense 3.0) | Standard | | ;; Wireless charging | Standard | | ;; Moonroof (panoramic) | Standalone | $1,350 |",,"https://www.edmunds.com/toyota/grand-highlander/2026/st-402084361/features-specs/ ;; https://www.edmunds.com/toyota/grand-highlander/2026/trims/ ;; https://www.kbb.com/toyota/grand-highlander/2026/ ;; https://www.carsdirect.com/toyota/grand-highlander/2026/colors ;; https://www.toyota.com/grandhighlander/ (landing page only reachable; /pricing/, /2026/, /2026/features/ all returned HTTP 403 to automated fetch this session)",Same FWD-standard/AWD-optional vs. AWD-configured-style ambiguity as LE - see LE's discrepancy note.,"Toyota.com Build & Price configurator was not accessible this session (Chrome browser extension stayed disconnected across repeated retries; direct fetch of toyota.com pricing/build pages returned HTTP 403; pressroom.toyota.com blocked by environment egress policy). Data sourced from Edmunds' manufacturer-fed per-trim features-specs pages (style-ID keyed, mirrors factory build sheets) as primary, cross-checked against KBB.com, Cars.com, CarsDirect, and a Toyota-dealer trim-guide blog. Per-color extra-cost pricing (which of the 6-7 colors carry the ~$475 premium- paint surcharge referenced in Edmunds' options list) could not be determined without live configurator access, so left blank rather than guessed. No genuine multi-item bundled 'package' was found anywhere for this model - Grand Highlander appears to sell factory options a-la-carte (moonroof, wheels, tow hitch, etc.), so package_definitions is blank for every row. MSRP varies by source: $46,525 (Edmunds) vs. $46,125 (KBB) - ~$400 spread."
Toyota,Grand Highlander,Limited,2026,FWD (standard); AWD optional per Edmunds trims-comparison page - see discrepancy_notes,Gas,SUV,Heavy Metal | Standalone | | ;; Ruby Flare Pearl | Standalone | | ;; Blueprint | Standalone | | ;; Storm Cloud | Standalone | | ;; Midnight Black Metallic | Standalone | | ;; Wind Chill Pearl | Standalone | |,Black (leather) | Standard | | ;; Light Gray (leather) | Standard | |,20 x 8.0-in alloy wheels (255/55R20 tires) | Standard | |,"Panoramic moonroof | Standalone | $1,350 |","2nd-row bench seat, 8-passenger total | Standalone | No additional cost | ;; 2nd-row captain's chairs, 7-passenger total | Standalone | No additional cost |","2.4L turbocharged inline-4, 265 hp / 310 lb-ft, 8-speed automatic transmission | Standard | |","Leather seating | Standard | | ;; Heated + ventilated front seats; heated 2nd-row seats | Standard | | ;; Heated steering wheel | Standard | | ;; Hands-free power liftgate | Standard | | ;; Adaptive cruise control (Toyota Safety Sense 3.0) | Standard | | ;; Wireless charging (carried forward from XLE; not individually re-confirmed on the Limited-specific spec fetch) | Standard | | ;; Moonroof (panoramic) | Standalone | $1,350 |",,"https://www.edmunds.com/toyota/grand-highlander/2026/st-402084360/features-specs/ ;; https://www.edmunds.com/toyota/grand-highlander/2026/trims/ ;; https://www.kbb.com/toyota/grand-highlander/2026/ ;; https://www.carsdirect.com/toyota/grand-highlander/2026/colors ;; https://www.toyota.com/grandhighlander/ (landing page only reachable; /pricing/, /2026/, /2026/features/ all returned HTTP 403 to automated fetch this session)",Same FWD-standard/AWD-optional vs. AWD-configured-style ambiguity as LE - see LE's discrepancy note.,"Toyota.com Build & Price configurator was not accessible this session (Chrome browser extension stayed disconnected across repeated retries; direct fetch of toyota.com pricing/build pages returned HTTP 403; pressroom.toyota.com blocked by environment egress policy). Data sourced from Edmunds' manufacturer-fed per-trim features-specs pages (style-ID keyed, mirrors factory build sheets) as primary, cross-checked against KBB.com, Cars.com, CarsDirect, and a Toyota-dealer trim-guide blog. Per-color extra-cost pricing (which of the 6-7 colors carry the ~$475 premium- paint surcharge referenced in Edmunds' options list) could not be determined without live configurator access, so left blank rather than guessed. No genuine multi-item bundled 'package' was found anywhere for this model - Grand Highlander appears to sell factory options a-la-carte (moonroof, wheels, tow hitch, etc.), so package_definitions is blank for every row. MSRP varies by source: $51,255 (Edmunds) vs. $50,855 (KBB) - ~$400 spread."
Toyota,Grand Highlander,Platinum,2026,AWD (standard/only),Gas,SUV,Heavy Metal | Standalone | | ;; Ruby Flare Pearl | Standalone | | ;; Blueprint | Standalone | | ;; Storm Cloud | Standalone | | ;; Midnight Black Metallic | Standalone | | ;; Wind Chill Pearl | Standalone | |,Black (leather) | Standard | | ;; Light Gray (leather) | Standard | | ;; Portobello (leather) | Standard | |,20 x 8.0-in alloy wheels (255/55R20 tires) | Standard | |,1st-row power glass extended moonroof | Standard | | ;; 2nd-row fixed glass moonroof | Standard | |,"2nd-row captain's chairs, 7-passenger total (no bench option offered) | Standard | |","2.4L turbocharged inline-4, 265 hp / 310 lb-ft, 8-speed automatic transmission | Standard | |","Leather seating | Standard | | ;; Heated + ventilated front seats; multi-level heated + ventilated 2nd-row seats | Standard | | ;; Heated steering wheel (inferred carried forward from Limited; not individually re-confirmed on the Platinum-specific spec fetch) | Standard | | ;; Hands-free power liftgate (inferred carried forward from Limited) | Standard | | ;; Adaptive cruise control + Traffic Jam Assist | Standard | | ;; Wireless charging (inferred carried forward from Limited) | Standard | | ;; Moonroof (dual panoramic, 1st + 2nd row glass) | Standard | |",,"https://www.edmunds.com/toyota/grand-highlander/2026/st-402084358/features-specs/ ;; https://www.edmunds.com/toyota/grand-highlander/2026/trims/ ;; https://www.kbb.com/toyota/grand-highlander/2026/ ;; https://www.carsdirect.com/toyota/grand-highlander/2026/colors ;; https://www.toyota.com/grandhighlander/ (landing page only reachable; /pricing/, /2026/, /2026/features/ all returned HTTP 403 to automated fetch this session)",No discrepancy on drivetrain - all sources agree Platinum is AWD-only/standard.,"Toyota.com Build & Price configurator was not accessible this session (Chrome browser extension stayed disconnected across repeated retries; direct fetch of toyota.com pricing/build pages returned HTTP 403; pressroom.toyota.com blocked by environment egress policy). Data sourced from Edmunds' manufacturer-fed per-trim features-specs pages (style-ID keyed, mirrors factory build sheets) as primary, cross-checked against KBB.com, Cars.com, CarsDirect, and a Toyota-dealer trim-guide blog. Per-color extra-cost pricing (which of the 6-7 colors carry the ~$475 premium- paint surcharge referenced in Edmunds' options list) could not be determined without live configurator access, so left blank rather than guessed. No genuine multi-item bundled 'package' was found anywhere for this model - Grand Highlander appears to sell factory options a-la-carte (moonroof, wheels, tow hitch, etc.), so package_definitions is blank for every row. MSRP varies by source: $56,940 (Edmunds) vs. $56,540 (KBB) vs. $55,445 (Edmunds style-spec page, a third figure) - up to ~$1,500 spread across sources; base MSRP not independently confirmed via a live Toyota source this session."
Toyota,Grand Highlander,Hybrid LE,2026,AWD (standard/only) - see discrepancy_notes re: brief's FWD premise,Hybrid,SUV,Celestial Silver Metallic | Standalone | | ;; Ruby Flare Pearl | Standalone | | ;; Blueprint | Standalone | | ;; Storm Cloud | Standalone | | ;; Midnight Black Metallic | Standalone | | ;; Wind Chill Pearl | Standalone | |,Black (cloth) | Standard | | ;; Light Gray (cloth) | Standard | |,18 x 7.5-in alloy wheels (255/65R18 tires) | Standard | |,No sunroof/moonroof offered on this trim | Unavailable | |,"2nd-row bench seat, 8-passenger total (3rd-row manual folding split-bench) | Standard | |","2.5L inline-4 hybrid, 245 hp net combined, electronically controlled CVT (eCVT) | Standard | | ;; Hybrid MAX is a distinct, more powerful hybrid powertrain (2.4L turbo hybrid, 362 hp net combined, 6-speed automatic) offered only on Hybrid MAX Limited/Platinum - NOT a trim name for the regular hybrid, confirmed via KBB/Edmunds/Cars.com listings for 'Grand Highlander Hybrid MAX' as a distinct powertrain designation | Standard | |","Leather seating | Unavailable | | ;; Heated front seats | Unavailable | | ;; Heated steering wheel | Unavailable | | ;; Power liftgate (standard, not hands-free) | Standard | | ;; Adaptive cruise control (Toyota Safety Sense 3.0) | Standard | | ;; Wireless charging | Unavailable | | ;; Moonroof | Unavailable | |",,"https://www.edmunds.com/toyota/grand-highlander-hybrid/2026/st-402084655/features-specs/ ;; https://www.edmunds.com/toyota/grand-highlander-hybrid/2026/trims/ ;; https://www.toyotaofseattle.com/blog/2026-toyota-grand-highlander-hybrid-trim-levels-explained ;; https://www.cars.com/research/toyota-grand_highlander_hybrid-2026/specs/ ;; https://www.carsdirect.com/toyota/grand-highlander-hybrid/2026/colors ;; https://www.toyota.com/grandhighlander/ (landing page only reachable; /pricing/, /2026/, /2026/features/ all returned HTTP 403 to automated fetch this session)","IMPORTANT: this research brief's premise labeled Hybrid LE as 'FWD', but multiple independent real sources (Edmunds trims-comparison page, Cars.com specs page, and a Toyota-dealer trim-guide blog) all state Hybrid LE is AWD-only/AWD-standard with no FWD option. Reported here as AWD per the corroborated real-world data rather than forced to match the brief's FWD assumption, per the no-fabrication rule.","Toyota.com Build & Price configurator was not accessible this session (Chrome browser extension stayed disconnected across repeated retries; direct fetch of toyota.com pricing/build pages returned HTTP 403; pressroom.toyota.com blocked by environment egress policy). Data sourced from Edmunds' manufacturer-fed per-trim features-specs pages (style-ID keyed, mirrors factory build sheets) as primary, cross-checked against KBB.com, Cars.com, CarsDirect, and a Toyota-dealer trim-guide blog. Per-color extra-cost pricing (which of the 6-7 colors carry the ~$475 premium- paint surcharge referenced in Edmunds' options list) could not be determined without live configurator access, so left blank rather than guessed. No genuine multi-item bundled 'package' was found anywhere for this model - Grand Highlander appears to sell factory options a-la-carte (moonroof, wheels, tow hitch, etc.), so package_definitions is blank for every row. MSRP varies by source: $47,105 (Edmunds trims page) vs. $46,300 (KBB) vs. $45,610 (Toyota-dealer blog) - roughly $1,500 spread across sources."
Toyota,Grand Highlander,Hybrid XLE,2026,FWD (standard); AWD optional (confirmed - the one Hybrid trim matching the brief's FWD premise),Hybrid,SUV,Celestial Silver Metallic | Standalone | | ;; Ruby Flare Pearl | Standalone | | ;; Blueprint | Standalone | | ;; Storm Cloud | Standalone | | ;; Midnight Black Metallic | Standalone | | ;; Wind Chill Pearl | Standalone | |,Black (SofTex synthetic leather) | Standard | | ;; Light Gray (SofTex synthetic leather) | Standard | |,18 x 7.5-in alloy wheels (255/65R18 tires) | Standard | |,"Panoramic moonroof | Standalone | $1,350 |","2nd-row bench seat, 8-passenger total | Standalone | No additional cost | ;; 2nd-row captain's chairs, 7-passenger total | Standalone | No additional cost |","2.5L inline-4 hybrid, 245 hp net combined, electronically controlled CVT (eCVT) | Standard | | ;; Hybrid MAX is a distinct, more powerful hybrid powertrain (2.4L turbo hybrid, 362 hp net combined, 6-speed automatic) offered only on Hybrid MAX Limited/Platinum - NOT a trim name for the regular hybrid, confirmed via KBB/Edmunds/Cars.com listings for 'Grand Highlander Hybrid MAX' as a distinct powertrain designation | Standard | |","Leather seating (SofTex synthetic leather standard; genuine leather not offered) | Unavailable | | ;; Heated front seats | Standard | | ;; Heated steering wheel | Unavailable | | ;; Power liftgate (standard, not hands-free) | Standard | | ;; Adaptive cruise control (Toyota Safety Sense 3.0) | Standard | | ;; Wireless charging | Standard | | ;; Moonroof (panoramic) | Standalone | $1,350 |",,"https://www.edmunds.com/toyota/grand-highlander-hybrid/2026/st-402084657/features-specs/ ;; https://www.edmunds.com/toyota/grand-highlander-hybrid/2026/trims/ ;; https://www.toyotaofseattle.com/blog/2026-toyota-grand-highlander-hybrid-trim-levels-explained ;; https://www.cars.com/research/toyota-grand_highlander_hybrid-2026/specs/ ;; https://www.carsdirect.com/toyota/grand-highlander-hybrid/2026/colors ;; https://www.toyota.com/grandhighlander/ (landing page only reachable; /pricing/, /2026/, /2026/features/ all returned HTTP 403 to automated fetch this session)","Consistent with the brief's FWD label - this is the one Hybrid trim where multiple sources agree FWD is standard with AWD optional (confirmed by Edmunds trims page, Cars.com specs, and dealer blog, the last of which gives distinct FWD ($46,780) vs. AWD ($48,380) MSRPs).","Toyota.com Build & Price configurator was not accessible this session (Chrome browser extension stayed disconnected across repeated retries; direct fetch of toyota.com pricing/build pages returned HTTP 403; pressroom.toyota.com blocked by environment egress policy). Data sourced from Edmunds' manufacturer-fed per-trim features-specs pages (style-ID keyed, mirrors factory build sheets) as primary, cross-checked against KBB.com, Cars.com, CarsDirect, and a Toyota-dealer trim-guide blog. Per-color extra-cost pricing (which of the 6-7 colors carry the ~$475 premium- paint surcharge referenced in Edmunds' options list) could not be determined without live configurator access, so left blank rather than guessed. No genuine multi-item bundled 'package' was found anywhere for this model - Grand Highlander appears to sell factory options a-la-carte (moonroof, wheels, tow hitch, etc.), so package_definitions is blank for every row. MSRP varies by source and by drivetrain: $48,275 (Edmunds trims page, drivetrain unspecified) vs. $49,500 (KBB) vs. $46,780 FWD / $48,380 AWD (Toyota-dealer blog, which splits the trim by drivetrain - this is the only source that gives an explicit FWD price point)."
Toyota,Grand Highlander,Hybrid Limited,2026,AWD (standard/only) - see discrepancy_notes re: brief's FWD premise,Hybrid,SUV,Heavy Metal | Standalone | | ;; Ruby Flare Pearl | Standalone | | ;; Blueprint | Standalone | | ;; Storm Cloud | Standalone | | ;; Midnight Black Metallic | Standalone | | ;; Wind Chill Pearl | Standalone | |,Black (leather) | Standard | | ;; Light Gray (leather) | Standard | |,20 x 8.0-in alloy wheels (255/55R20 tires) | Standard | |,"Panoramic moonroof | Standalone | $1,350 |","2nd-row bench seat, 8-passenger total | Standalone | No additional cost | ;; 2nd-row captain's chairs, 7-passenger total | Standalone | No additional cost |","2.5L inline-4 hybrid, 245 hp net combined, electronically controlled CVT (eCVT) | Standard | | ;; Hybrid MAX is a distinct, more powerful hybrid powertrain (2.4L turbo hybrid, 362 hp net combined, 6-speed automatic) offered only on Hybrid MAX Limited/Platinum - NOT a trim name for the regular hybrid, confirmed via KBB/Edmunds/Cars.com listings for 'Grand Highlander Hybrid MAX' as a distinct powertrain designation | Standard | |","Leather seating | Standard | | ;; Heated + ventilated front seats; heated 2nd-row seats | Standard | | ;; Heated steering wheel | Standard | | ;; Hands-free power liftgate | Standard | | ;; Adaptive cruise control (Toyota Safety Sense 3.0) | Standard | | ;; Wireless charging (carried forward from XLE; not individually re-confirmed on the Limited-specific spec fetch) | Standard | | ;; Moonroof (panoramic) | Standalone | $1,350 |",,"https://www.edmunds.com/toyota/grand-highlander-hybrid/2026/st-402084659/features-specs/ ;; https://www.edmunds.com/toyota/grand-highlander-hybrid/2026/trims/ ;; https://www.toyotaofseattle.com/blog/2026-toyota-grand-highlander-hybrid-trim-levels-explained ;; https://www.cars.com/research/toyota-grand_highlander_hybrid-2026/specs/ ;; https://www.carsdirect.com/toyota/grand-highlander-hybrid/2026/colors ;; https://www.toyota.com/grandhighlander/ (landing page only reachable; /pricing/, /2026/, /2026/features/ all returned HTTP 403 to automated fetch this session)","IMPORTANT: this research brief's premise labeled Hybrid Limited as 'FWD', but multiple independent real sources (Edmunds trims-comparison page, Cars.com specs page, and a Toyota-dealer trim-guide blog) all state Hybrid Limited is AWD-only/AWD-standard with no FWD option. Reported here as AWD per the corroborated real-world data.","Toyota.com Build & Price configurator was not accessible this session (Chrome browser extension stayed disconnected across repeated retries; direct fetch of toyota.com pricing/build pages returned HTTP 403; pressroom.toyota.com blocked by environment egress policy). Data sourced from Edmunds' manufacturer-fed per-trim features-specs pages (style-ID keyed, mirrors factory build sheets) as primary, cross-checked against KBB.com, Cars.com, CarsDirect, and a Toyota-dealer trim-guide blog. Per-color extra-cost pricing (which of the 6-7 colors carry the ~$475 premium- paint surcharge referenced in Edmunds' options list) could not be determined without live configurator access, so left blank rather than guessed. No genuine multi-item bundled 'package' was found anywhere for this model - Grand Highlander appears to sell factory options a-la-carte (moonroof, wheels, tow hitch, etc.), so package_definitions is blank for every row. MSRP varies by source: $54,605 (Edmunds) vs. $54,200 (KBB) vs. $53,110 (dealer blog, matches the Edmunds style-spec page's own quoted starting MSRP of $53,110)."
Toyota,Grand Highlander,Hybrid Nightshade,2026,AWD (standard/only) - see discrepancy_notes re: brief's FWD premise,Hybrid,SUV,Cement | Standalone | | ;; Midnight Black Metallic | Standalone | | ;; Wind Chill Pearl | Standalone | |,Black (leather) | Standard | |,20 x 8.0-in black-painted alloy wheels (255/55R20 tires) | Standard | |,"Panoramic moonroof | Standalone | $1,350 |","2nd-row captain's chairs, 7-passenger total (no bench option offered) | Standard | |","2.5L inline-4 hybrid, 245 hp net combined, electronically controlled CVT (eCVT) | Standard | | ;; Hybrid MAX is a distinct, more powerful hybrid powertrain (2.4L turbo hybrid, 362 hp net combined, 6-speed automatic) offered only on Hybrid MAX Limited/Platinum - NOT a trim name for the regular hybrid, confirmed via KBB/Edmunds/Cars.com listings for 'Grand Highlander Hybrid MAX' as a distinct powertrain designation | Standard | |","Leather seating (Black only) | Standard | | ;; Heated front seats (inferred carried forward from Limited-based equipment; Edmunds' Nightshade-specific spec fetch listed power seat adjustment but did not explicitly restate 'heated' for this trim) | Standard | | ;; Heated steering wheel (inferred, not individually re-confirmed) | Standard | | ;; Hands-free power liftgate (inferred, not individually re-confirmed) | Standard | | ;; Adaptive cruise control (Toyota Safety Sense 3.0) | Standard | | ;; Wireless charging (inferred, not individually re-confirmed) | Standard | | ;; Moonroof (panoramic) | Standalone | $1,350 |",,"https://www.edmunds.com/toyota/grand-highlander-hybrid/2026/st-402084653/features-specs/ ;; https://www.edmunds.com/toyota/grand-highlander-hybrid/2026/trims/ ;; https://www.toyotaofseattle.com/blog/2026-toyota-grand-highlander-hybrid-trim-levels-explained ;; https://www.cars.com/research/toyota-grand_highlander_hybrid-2026/specs/ ;; https://www.carsdirect.com/toyota/grand-highlander-hybrid/2026/colors ;; https://www.toyota.com/grandhighlander/ (landing page only reachable; /pricing/, /2026/, /2026/features/ all returned HTTP 403 to automated fetch this session)","IMPORTANT: this research brief's premise labeled Hybrid Nightshade as 'FWD', but multiple independent real sources (Edmunds trims-comparison page, Cars.com specs page, and a Toyota-dealer trim-guide blog) all state Hybrid Nightshade is AWD-only/AWD-standard with no FWD option. Reported here as AWD per the corroborated real-world data.","Toyota.com Build & Price configurator was not accessible this session (Chrome browser extension stayed disconnected across repeated retries; direct fetch of toyota.com pricing/build pages returned HTTP 403; pressroom.toyota.com blocked by environment egress policy). Data sourced from Edmunds' manufacturer-fed per-trim features-specs pages (style-ID keyed, mirrors factory build sheets) as primary, cross-checked against KBB.com, Cars.com, CarsDirect, and a Toyota-dealer trim-guide blog. Per-color extra-cost pricing (which of the 6-7 colors carry the ~$475 premium- paint surcharge referenced in Edmunds' options list) could not be determined without live configurator access, so left blank rather than guessed. No genuine multi-item bundled 'package' was found anywhere for this model - Grand Highlander appears to sell factory options a-la-carte (moonroof, wheels, tow hitch, etc.), so package_definitions is blank for every row. MSRP varies by source: $55,585 (Edmunds) vs. $55,200 (KBB) vs. $54,090 (dealer blog). Nightshade's exterior-color palette is deliberately limited (only 3 of the usual 6-7 colors) - confirmed consistently by both the Edmunds style-spec fetch and general knowledge of how Toyota structures blacked-out special-edition trims."
Toyota,Grand Highlander,Hybrid MAX Limited,2026,AWD (standard/only),Hybrid MAX,SUV,Cement | Standalone | | ;; Ruby Flare Pearl | Standalone | | ;; Heavy Metal | Standalone | | ;; Storm Cloud | Standalone | | ;; Blueprint | Standalone | | ;; Midnight Black Metallic | Standalone | | ;; Wind Chill Pearl | Standalone | |,Black (leather/sueded microfiber) | Standard | | ;; Light Gray (leather/sueded microfiber) | Standard | |,"20 x 8.0-in two-tone machined-and-black alloy wheels (255/55R20 tires) | Standard | | ;; 20-in Satin Black alloy wheels (factory accessory upgrade) | Standalone | $1,600 |","Panoramic moonroof | Standalone | $1,350 |","2nd-row captain's chairs, 7-passenger total | Standard | | ;; 2nd-row bench seat, 8-passenger total (availability on this specific trim inferred from Limited-tier pattern, not independently reconfirmed) | Standalone | Unconfirmed |","2.4L turbocharged inline-4 hybrid (""Hybrid MAX""), 362 hp net combined, 6-speed automatic transmission - distinct and more powerful than the standard 2.5L/245 hp Hybrid powertrain used on LE/XLE/Limited/Nightshade; confirmed as a real, separate powertrain designation across KBB, Edmunds, and Cars.com | Standard | |","Leather seating (leather/sueded microfiber) | Standard | | ;; Heated + ventilated front seats; heated reclining 2nd-row seats | Standard | | ;; Heated steering wheel (inferred carried forward from Limited trim family; not individually re-confirmed on this spec fetch) | Standard | | ;; Hands-free power liftgate (inferred, not individually re-confirmed) | Standard | | ;; Adaptive cruise control (Toyota Safety Sense 3.0) | Standard | | ;; Wireless charging (inferred, not individually re-confirmed) | Standard | | ;; Moonroof (panoramic) | Standalone | $1,350 |",,"https://www.edmunds.com/toyota/grand-highlander-hybrid/2026/st-402084658/features-specs/ ;; https://www.edmunds.com/toyota/grand-highlander-hybrid/2026/trims/ ;; https://www.toyotaofseattle.com/blog/2026-toyota-grand-highlander-hybrid-trim-levels-explained ;; https://www.cars.com/research/toyota-grand_highlander_hybrid-2026/specs/ ;; https://www.carsdirect.com/toyota/grand-highlander-hybrid/2026/colors ;; https://www.toyota.com/grandhighlander/ (landing page only reachable; /pricing/, /2026/, /2026/features/ all returned HTTP 403 to automated fetch this session)","No discrepancy - all sources agree Hybrid MAX trims are AWD-only, consistent with the brief's premise.","Toyota.com Build & Price configurator was not accessible this session (Chrome browser extension stayed disconnected across repeated retries; direct fetch of toyota.com pricing/build pages returned HTTP 403; pressroom.toyota.com blocked by environment egress policy). Data sourced from Edmunds' manufacturer-fed per-trim features-specs pages (style-ID keyed, mirrors factory build sheets) as primary, cross-checked against KBB.com, Cars.com, CarsDirect, and a Toyota-dealer trim-guide blog. Per-color extra-cost pricing (which of the 6-7 colors carry the ~$475 premium- paint surcharge referenced in Edmunds' options list) could not be determined without live configurator access, so left blank rather than guessed. No genuine multi-item bundled 'package' was found anywhere for this model - Grand Highlander appears to sell factory options a-la-carte (moonroof, wheels, tow hitch, etc.), so package_definitions is blank for every row. MSRP varies by source: $57,585 (Edmunds) vs. $56,400 (KBB) vs. $56,090 (dealer blog)."
Toyota,Grand Highlander,Hybrid MAX Platinum,2026,AWD (standard/only),Hybrid MAX,SUV,Cement | Standalone | | ;; Ruby Flare Pearl | Standalone | | ;; Heavy Metal | Standalone | | ;; Storm Cloud | Standalone | | ;; Blueprint | Standalone | | ;; Midnight Black Metallic | Standalone | | ;; Wind Chill Pearl | Standalone | |,Black (leather/sueded microfiber) | Standard | | ;; Light Gray (leather/sueded microfiber) | Standard | | ;; Portobello (leather/sueded microfiber) | Standard | |,20 x 8.0-in alloy wheels (255/55R20 tires) | Standard | |,1st-row power glass extended moonroof | Standard | | ;; 2nd-row fixed glass moonroof | Standard | |,"2nd-row captain's chairs, 7-passenger total (no bench option offered) | Standard | |","2.4L turbocharged inline-4 hybrid (""Hybrid MAX""), 362 hp net combined, 6-speed automatic transmission - distinct and more powerful than the standard 2.5L/245 hp Hybrid powertrain used on LE/XLE/Limited/Nightshade; confirmed as a real, separate powertrain designation across KBB, Edmunds, and Cars.com | Standard | |","Leather seating (leather/sueded microfiber) | Standard | | ;; Heated + ventilated front seats (8-way power, both rows) | Standard | | ;; Heated steering wheel (inferred carried forward from Platinum trim family; not individually re-confirmed on this spec fetch) | Standard | | ;; Hands-free power liftgate (inferred, not individually re-confirmed) | Standard | | ;; Adaptive cruise control + Traffic Jam Assist + 360-degree camera + head-up display + digital rearview mirror | Standard | | ;; Wireless charging (inferred, not individually re-confirmed) | Standard | | ;; Moonroof (dual panoramic, 1st-row power glass extended + 2nd-row fixed glass) | Standard | |",,"https://www.edmunds.com/toyota/grand-highlander-hybrid/2026/st-402084656/features-specs/ ;; https://www.edmunds.com/toyota/grand-highlander-hybrid/2026/trims/ ;; https://www.toyotaofseattle.com/blog/2026-toyota-grand-highlander-hybrid-trim-levels-explained ;; https://www.cars.com/research/toyota-grand_highlander_hybrid-2026/specs/ ;; https://www.carsdirect.com/toyota/grand-highlander-hybrid/2026/colors ;; https://www.toyota.com/grandhighlander/ (landing page only reachable; /pricing/, /2026/, /2026/features/ all returned HTTP 403 to automated fetch this session)","No discrepancy - all sources agree Hybrid MAX trims are AWD-only, consistent with the brief's premise.","Toyota.com Build & Price configurator was not accessible this session (Chrome browser extension stayed disconnected across repeated retries; direct fetch of toyota.com pricing/build pages returned HTTP 403; pressroom.toyota.com blocked by environment egress policy). Data sourced from Edmunds' manufacturer-fed per-trim features-specs pages (style-ID keyed, mirrors factory build sheets) as primary, cross-checked against KBB.com, Cars.com, CarsDirect, and a Toyota-dealer trim-guide blog. Per-color extra-cost pricing (which of the 6-7 colors carry the ~$475 premium- paint surcharge referenced in Edmunds' options list) could not be determined without live configurator access, so left blank rather than guessed. No genuine multi-item bundled 'package' was found anywhere for this model - Grand Highlander appears to sell factory options a-la-carte (moonroof, wheels, tow hitch, etc.), so package_definitions is blank for every row. MSRP varies by source: $61,670 (Edmunds) vs. $60,300 (KBB) vs. $60,175 (dealer blog)."
Toyota,Sequoia,SR5,2026,"RWD standard, 4WD optional",Hybrid,SUV,"Midnight Black Metallic | Standalone | extra cost not disclosed by secondary sources | ;; Celestial Silver Metallic | Standalone | extra cost not disclosed | ;; Ice Cap | Standalone | extra cost not disclosed | ;; Lunar Rock | Standalone | extra cost not disclosed | ;; Magnetic Gray Metallic | Standalone | extra cost not disclosed | ;; Mudbath | Standalone | extra cost not disclosed | ;; Supersonic Red | Standalone | extra cost not disclosed | ;; Wind Chill Pearl | Standalone | extra cost not disclosed | ;; Blueprint | Standalone | extra cost not disclosed |  ;; Wave Maker | Unavailable | | TRD Pro-exclusive color, not offered on this trim (confirmed via Edmunds car-news article citing Toyota)",Black fabric | Standard | | ;; Black or Boulder leather | Package-only | | SR5 Premium Package,"18-in silver alloy wheels | Standard | | (Toyota South); note: one Edmunds 'typically equipped' pull separately showed 20-in wheels/P265/60R20 tires on a Sequoia build, but that page did not specify trim - likely reflects a higher trim or optioned build, not confirmed as SR5-specific",Roof/moonroof status conflicting across sources for this trim - not resolved without Toyota's own configurator,8-passenger (2nd-row bench) standard per general Sequoia lineup convention; not explicitly itemized per-trim in sourced pages - treat seating count as UNCONFIRMED for this specific trim,"i-FORCE MAX 3.4L twin-turbo V6 hybrid, 437 hp; torque cited as 583 lb-ft (most dealer/press sources) or 538 lb-ft (one Edmunds pull, likely a data error) - not resolved; this trim: RWD standard, 4WD optional",Heated front seats | Standard | |  ;; Ventilated front seats | Unavailable | | not offered on SR5 per Tustin Toyota research page ;; Heated steering wheel | Unavailable | | not confirmed standard on SR5; sources cover Limited and above only ;; Power liftgate | Package-only | | SR5 Premium Package (hands-free power liftgate) ;; Adaptive cruise control | Standard | | Toyota Safety Sense (full-speed dynamic radar cruise control) standard on all Sequoia trims ;; Wireless phone charging | Unavailable | | not listed for SR5 in sourced research pages ;; Leather seating | Package-only | | SR5 Premium Package (leather-trimmed seats); standard trim is fabric,"SR5 Premium Package | $2,085 (per Cargurus; contents also independently corroborated by McGee Toyota) | contents: leather-trimmed seats, 14-in Toyota Audio Multimedia touchscreen, power-folding 3rd-row seats, hands-free power liftgate, dual 400W/120V power outlets",https://www.edmunds.com/toyota/sequoia/2026/trims/ ; https://www.edmunds.com/toyota/sequoia/2026/features-specs/ ; https://www.toyotaofglendale.com/manufacturer-research/2026-toyota-sequoia-trims-pricing/ ; https://www.toyotasouth.com/blog/2026-toyota-sequoia-capstone-vs-other-sequoia-trims-what-you-get ; https://www.mcgeetoyotaofclaremont.com/toyota-sequoia-interior.htm ; https://www.tustintoyota.com/research/2026-toyota-sequoia-features-specs/ ; https://www.cargurus.com/research/articles/2026-toyota-sequoia-pricing-specs-release-date ; https://www.carsdirect.com/toyota/sequoia/2026/colors ; https://www.edmunds.com/car-news/2026-trd-pro-color-wave-maker.html ; https://www.spitzertoyota.com/ev-research/2026-toyota-sequoia-trim-levels-and-prices/,Roof/moonroof status is CONFLICTING across sources for SR5: Toyota South dealer page states 'Sunroof: None'; Toyota of Glendale dealer page states SR5 'includes a power tilt/slide moonroof'; a generic Edmunds features-specs pull (for an unspecified 'typically equipped' Sequoia) states a '1st row power glass extended moonroof' is standard equipment lineup-wide. Left as CONFLICTING rather than guessed.,"Toyota's live Build & Price tool (toyota.com) and Toyota USA Newsroom (pressroom.toyota.com) both returned HTTP 403 to direct fetch this session, and the Chrome browser tool (reported as confirmed working) failed to connect after 4 retries with waits (10-20s) and repeated 'extension disconnected'/timeout errors, as did the remote-device browser path (device did not respond within 60s). Data below is therefore sourced from Edmunds, KBB, CarsDirect, Cargurus, Motor1, Cars.com, Carscoops, Autoblog, and franchised Toyota-dealer research pages that mirror Toyota spec sheets, cross-checked against each other. Per-trim exact extra-cost dollar figures for individual exterior/interior colors were not found on any secondary source (they typically say 'use Build & Price for exact cost') and are left blank rather than estimated. Full 10-color list (CarsDirect) not cross-confirmed per-trim against Toyota's own configurator (inaccessible this session); dealer sites list an aggregate lineup color palette without a trim-by-color matrix."
Toyota,Sequoia,Limited,2026,"RWD standard, 4WD optional",Hybrid,SUV,"Midnight Black Metallic | Standalone | extra cost not disclosed by secondary sources | ;; Celestial Silver Metallic | Standalone | extra cost not disclosed | ;; Ice Cap | Standalone | extra cost not disclosed | ;; Lunar Rock | Standalone | extra cost not disclosed | ;; Magnetic Gray Metallic | Standalone | extra cost not disclosed | ;; Mudbath | Standalone | extra cost not disclosed | ;; Supersonic Red | Standalone | extra cost not disclosed | ;; Wind Chill Pearl | Standalone | extra cost not disclosed | ;; Blueprint | Standalone | extra cost not disclosed |  ;; Wave Maker | Unavailable | | TRD Pro-exclusive color, not offered on this trim (confirmed via Edmunds car-news article citing Toyota)","Leather-trimmed seating, color not specified in sourced pages | Standard | | ",20-in gray/machined-finish alloy wheels | Standard | | ,Roof/moonroof status not explicitly confirmed for this trim - see discrepancy_notes,"Seating capacity/configuration (7 vs 8, bench vs captain's chairs) not clearly documented per-trim in sourced pages - UNCONFIRMED for this specific trim","i-FORCE MAX 3.4L twin-turbo V6 hybrid, 437 hp; torque cited as 583 lb-ft (most dealer/press sources) or 538 lb-ft (one Edmunds pull, likely a data error) - not resolved; this trim: RWD standard, 4WD optional","Heated front seats | Standard | |  ;; Ventilated front seats | Standard | |  ;; Heated steering wheel | Standard | |  ;; Power liftgate | Standard | |  ;; Adaptive cruise control | Standard | | Toyota Safety Sense standard on all Sequoia trims ;; Wireless phone charging | Standalone | extra cost not disclosed | listed as 'available' (optional) per Tustin Toyota research page, standard-vs-optional not fully confirmed ;; Leather seating | Standard | | ",No manufacturer package documented for this trim in sourced pages; option content largely standard,https://www.edmunds.com/toyota/sequoia/2026/trims/ ; https://www.edmunds.com/toyota/sequoia/2026/features-specs/ ; https://www.toyotaofglendale.com/manufacturer-research/2026-toyota-sequoia-trims-pricing/ ; https://www.toyotasouth.com/blog/2026-toyota-sequoia-capstone-vs-other-sequoia-trims-what-you-get ; https://www.mcgeetoyotaofclaremont.com/toyota-sequoia-interior.htm ; https://www.tustintoyota.com/research/2026-toyota-sequoia-features-specs/ ; https://www.cargurus.com/research/articles/2026-toyota-sequoia-pricing-specs-release-date ; https://www.carsdirect.com/toyota/sequoia/2026/colors ; https://www.edmunds.com/car-news/2026-trd-pro-color-wave-maker.html ; https://www.spitzertoyota.com/ev-research/2026-toyota-sequoia-trim-levels-and-prices/,"Toyota South dealer page states 'Sunroof: None' for Limited, but this is not cross-confirmed by any other source found this session; Toyota's official trim-by-trim equipment matrix was inaccessible (see confidence_notes). Left as UNCONFIRMED.","Toyota's live Build & Price tool (toyota.com) and Toyota USA Newsroom (pressroom.toyota.com) both returned HTTP 403 to direct fetch this session, and the Chrome browser tool (reported as confirmed working) failed to connect after 4 retries with waits (10-20s) and repeated 'extension disconnected'/timeout errors, as did the remote-device browser path (device did not respond within 60s). Data below is therefore sourced from Edmunds, KBB, CarsDirect, Cargurus, Motor1, Cars.com, Carscoops, Autoblog, and franchised Toyota-dealer research pages that mirror Toyota spec sheets, cross-checked against each other. Per-trim exact extra-cost dollar figures for individual exterior/interior colors were not found on any secondary source (they typically say 'use Build & Price for exact cost') and are left blank rather than estimated. Full 10-color list (CarsDirect) not cross-confirmed per-trim against Toyota's own configurator (inaccessible this session); dealer sites list an aggregate lineup color palette without a trim-by-color matrix."
Toyota,Sequoia,Platinum,2026,4WD standard,Hybrid,SUV,"Midnight Black Metallic | Standalone | extra cost not disclosed by secondary sources | ;; Celestial Silver Metallic | Standalone | extra cost not disclosed | ;; Ice Cap | Standalone | extra cost not disclosed | ;; Lunar Rock | Standalone | extra cost not disclosed | ;; Magnetic Gray Metallic | Standalone | extra cost not disclosed | ;; Mudbath | Standalone | extra cost not disclosed | ;; Supersonic Red | Standalone | extra cost not disclosed | ;; Wind Chill Pearl | Standalone | extra cost not disclosed | ;; Blueprint | Standalone | extra cost not disclosed |  ;; Wave Maker | Unavailable | | TRD Pro-exclusive color, not offered on this trim (confirmed via Edmunds car-news article citing Toyota)","Leather-trimmed seating (2nd-row captain's chairs), color not specified in sourced pages | Standard | | ",20-in dark gray alloy wheels | Standard | | ,Panoramic (glass) moonroof | Standard | | ,7-passenger with 2nd-row reclining captain's chairs per Edmunds/Toyota South dealer pages,"i-FORCE MAX 3.4L twin-turbo V6 hybrid, 437 hp; torque cited as 583 lb-ft (most dealer/press sources) or 538 lb-ft (one Edmunds pull, likely a data error) - not resolved; this trim: 4WD standard",Heated front seats | Standard | |  ;; Ventilated front seats | Standard | | front and 2nd-row captain's chairs ;; Heated steering wheel | Standard | |  ;; Power liftgate | Standard | |  ;; Adaptive cruise control | Standard | | Toyota Safety Sense standard on all Sequoia trims ;; Wireless phone charging | Standalone | extra cost not disclosed | 'available' per Tustin Toyota research page ;; Leather seating | Standard | | ,No manufacturer package documented for this trim in sourced pages beyond standard equipment; air suspension upgrade mentioned as 'available' by Toyota South dealer page but price/package name not given,https://www.edmunds.com/toyota/sequoia/2026/trims/ ; https://www.edmunds.com/toyota/sequoia/2026/features-specs/ ; https://www.toyotaofglendale.com/manufacturer-research/2026-toyota-sequoia-trims-pricing/ ; https://www.toyotasouth.com/blog/2026-toyota-sequoia-capstone-vs-other-sequoia-trims-what-you-get ; https://www.mcgeetoyotaofclaremont.com/toyota-sequoia-interior.htm ; https://www.tustintoyota.com/research/2026-toyota-sequoia-features-specs/ ; https://www.cargurus.com/research/articles/2026-toyota-sequoia-pricing-specs-release-date ; https://www.carsdirect.com/toyota/sequoia/2026/colors ; https://www.edmunds.com/car-news/2026-trd-pro-color-wave-maker.html ; https://www.spitzertoyota.com/ev-research/2026-toyota-sequoia-trim-levels-and-prices/,,"Toyota's live Build & Price tool (toyota.com) and Toyota USA Newsroom (pressroom.toyota.com) both returned HTTP 403 to direct fetch this session, and the Chrome browser tool (reported as confirmed working) failed to connect after 4 retries with waits (10-20s) and repeated 'extension disconnected'/timeout errors, as did the remote-device browser path (device did not respond within 60s). Data below is therefore sourced from Edmunds, KBB, CarsDirect, Cargurus, Motor1, Cars.com, Carscoops, Autoblog, and franchised Toyota-dealer research pages that mirror Toyota spec sheets, cross-checked against each other. Per-trim exact extra-cost dollar figures for individual exterior/interior colors were not found on any secondary source (they typically say 'use Build & Price for exact cost') and are left blank rather than estimated. Full 10-color list (CarsDirect) not cross-confirmed per-trim against Toyota's own configurator (inaccessible this session); dealer sites list an aggregate lineup color palette without a trim-by-color matrix."
Toyota,Sequoia,TRD Pro,2026,4WD only,Hybrid,SUV,Midnight Black Metallic | Standalone | extra cost not disclosed by secondary sources | ;; Celestial Silver Metallic | Standalone | extra cost not disclosed | ;; Ice Cap | Standalone | extra cost not disclosed | ;; Lunar Rock | Standalone | extra cost not disclosed | ;; Magnetic Gray Metallic | Standalone | extra cost not disclosed | ;; Mudbath | Standalone | extra cost not disclosed | ;; Supersonic Red | Standalone | extra cost not disclosed | ;; Wind Chill Pearl | Standalone | extra cost not disclosed | ;; Blueprint | Standalone | extra cost not disclosed |  ;; Wave Maker | Standalone | extra cost not disclosed | TRD Pro-exclusive color (also used on Tacoma/4Runner/Tundra TRD Pro per Edmunds/Toyota pressroom),SofTex-trimmed seating in exclusive 'Cockpit Red' | Standard | | ,18-in BBS forged wheels | Standard | | ,No moonroof per Toyota South dealer page; however McGee Toyota interior page separately lists 'moonroof' among TRD Pro features,Seating capacity not clearly documented for TRD Pro in sourced pages - UNCONFIRMED,"i-FORCE MAX 3.4L twin-turbo V6 hybrid, 437 hp; torque cited as 583 lb-ft (most dealer/press sources) or 538 lb-ft (one Edmunds pull, likely a data error) - not resolved; this trim: 4WD only",Heated front seats | Standard | |  ;; Ventilated front seats | Unconfirmed | | not clearly documented for TRD Pro in sourced pages ;; Heated steering wheel | Standard (assumed) | | inferred from Limited+ standard fitment; not explicitly confirmed for TRD Pro ;; Power liftgate | Standard (assumed) | | inferred; not explicitly confirmed for TRD Pro ;; Adaptive cruise control | Standard | | Toyota Safety Sense standard on all Sequoia trims ;; Wireless phone charging | Unconfirmed | | not documented in sourced pages ;; Leather seating | Standard | | SofTex trim in exclusive 'Cockpit Red' per Toyota South dealer page,"TRD Off-Road Package | price conflicting: $1,750 (Cargurus) vs $2,820 (Edmunds features-specs pull) | contents: 18-in all-terrain wheels, Bilstein shocks, skid plates, locking rear differential (applicability to TRD Pro vs other 4WD trims not fully confirmed - TRD Pro already includes FOX shocks/skid plates standard, so this package may actually apply to Limited/Platinum 4WD rather than TRD Pro; not resolved) ;; TRD Performance Package | $2,299 (Edmunds) | contents not detailed in sourced pages ;; Towing Technology Package | $850 (Edmunds) | contents not detailed in sourced pages (typically tow mirrors/trailer brake controller on other Toyota trucks)",https://www.edmunds.com/toyota/sequoia/2026/trims/ ; https://www.edmunds.com/toyota/sequoia/2026/features-specs/ ; https://www.toyotaofglendale.com/manufacturer-research/2026-toyota-sequoia-trims-pricing/ ; https://www.toyotasouth.com/blog/2026-toyota-sequoia-capstone-vs-other-sequoia-trims-what-you-get ; https://www.mcgeetoyotaofclaremont.com/toyota-sequoia-interior.htm ; https://www.tustintoyota.com/research/2026-toyota-sequoia-features-specs/ ; https://www.cargurus.com/research/articles/2026-toyota-sequoia-pricing-specs-release-date ; https://www.carsdirect.com/toyota/sequoia/2026/colors ; https://www.edmunds.com/car-news/2026-trd-pro-color-wave-maker.html ; https://www.spitzertoyota.com/ev-research/2026-toyota-sequoia-trim-levels-and-prices/,Roof/moonroof status CONFLICTING between Toyota South ('Sunroof: None') and McGee Toyota interior page (lists moonroof as a TRD Pro feature). Not resolved.,"Toyota's live Build & Price tool (toyota.com) and Toyota USA Newsroom (pressroom.toyota.com) both returned HTTP 403 to direct fetch this session, and the Chrome browser tool (reported as confirmed working) failed to connect after 4 retries with waits (10-20s) and repeated 'extension disconnected'/timeout errors, as did the remote-device browser path (device did not respond within 60s). Data below is therefore sourced from Edmunds, KBB, CarsDirect, Cargurus, Motor1, Cars.com, Carscoops, Autoblog, and franchised Toyota-dealer research pages that mirror Toyota spec sheets, cross-checked against each other. Per-trim exact extra-cost dollar figures for individual exterior/interior colors were not found on any secondary source (they typically say 'use Build & Price for exact cost') and are left blank rather than estimated. Full 10-color list (CarsDirect) not cross-confirmed per-trim against Toyota's own configurator (inaccessible this session); dealer sites list an aggregate lineup color palette without a trim-by-color matrix."
Toyota,Sequoia,1794 Edition,2026,4WD standard,Hybrid,SUV,"Midnight Black Metallic | Standalone | extra cost not disclosed by secondary sources | ;; Celestial Silver Metallic | Standalone | extra cost not disclosed | ;; Ice Cap | Standalone | extra cost not disclosed | ;; Lunar Rock | Standalone | extra cost not disclosed | ;; Magnetic Gray Metallic | Standalone | extra cost not disclosed | ;; Mudbath | Standalone | extra cost not disclosed | ;; Supersonic Red | Standalone | extra cost not disclosed | ;; Wind Chill Pearl | Standalone | extra cost not disclosed | ;; Blueprint | Standalone | extra cost not disclosed |  ;; Wave Maker | Unavailable | | TRD Pro-exclusive color, not offered on this trim (confirmed via Edmunds car-news article citing Toyota)",Saddle Tan leather-trimmed seats with open-pore walnut trim | Standard | | ,20-in machined-finish alloy wheels | Standard | | ,Panoramic (glass) moonroof | Standard | | ,Seating capacity not clearly documented for 1794 Edition in sourced pages - UNCONFIRMED; general trim positioning (captain's chairs era) suggests 7-passenger but not confirmed,"i-FORCE MAX 3.4L twin-turbo V6 hybrid, 437 hp; torque cited as 583 lb-ft (most dealer/press sources) or 538 lb-ft (one Edmunds pull, likely a data error) - not resolved; this trim: 4WD standard",Heated front seats | Standard | |  ;; Ventilated front seats | Standard | |  ;; Heated steering wheel | Standard | |  ;; Power liftgate | Standard | |  ;; Adaptive cruise control | Standard | | Toyota Safety Sense standard on all Sequoia trims ;; Wireless phone charging | Standalone | extra cost not disclosed | 'available' per Tustin Toyota research page ;; Leather seating | Standard | | Saddle Tan leather with open-pore walnut trim,No manufacturer package documented for this trim in sourced pages,https://www.edmunds.com/toyota/sequoia/2026/trims/ ; https://www.edmunds.com/toyota/sequoia/2026/features-specs/ ; https://www.toyotaofglendale.com/manufacturer-research/2026-toyota-sequoia-trims-pricing/ ; https://www.toyotasouth.com/blog/2026-toyota-sequoia-capstone-vs-other-sequoia-trims-what-you-get ; https://www.mcgeetoyotaofclaremont.com/toyota-sequoia-interior.htm ; https://www.tustintoyota.com/research/2026-toyota-sequoia-features-specs/ ; https://www.cargurus.com/research/articles/2026-toyota-sequoia-pricing-specs-release-date ; https://www.carsdirect.com/toyota/sequoia/2026/colors ; https://www.edmunds.com/car-news/2026-trd-pro-color-wave-maker.html ; https://www.spitzertoyota.com/ev-research/2026-toyota-sequoia-trim-levels-and-prices/,,"Toyota's live Build & Price tool (toyota.com) and Toyota USA Newsroom (pressroom.toyota.com) both returned HTTP 403 to direct fetch this session, and the Chrome browser tool (reported as confirmed working) failed to connect after 4 retries with waits (10-20s) and repeated 'extension disconnected'/timeout errors, as did the remote-device browser path (device did not respond within 60s). Data below is therefore sourced from Edmunds, KBB, CarsDirect, Cargurus, Motor1, Cars.com, Carscoops, Autoblog, and franchised Toyota-dealer research pages that mirror Toyota spec sheets, cross-checked against each other. Per-trim exact extra-cost dollar figures for individual exterior/interior colors were not found on any secondary source (they typically say 'use Build & Price for exact cost') and are left blank rather than estimated. Full 10-color list (CarsDirect) not cross-confirmed per-trim against Toyota's own configurator (inaccessible this session); dealer sites list an aggregate lineup color palette without a trim-by-color matrix."
Toyota,Sequoia,Capstone,2026,4WD standard,Hybrid,SUV,"Midnight Black Metallic | Standalone | extra cost not disclosed by secondary sources | ;; Celestial Silver Metallic | Standalone | extra cost not disclosed | ;; Ice Cap | Standalone | extra cost not disclosed | ;; Lunar Rock | Standalone | extra cost not disclosed | ;; Magnetic Gray Metallic | Standalone | extra cost not disclosed | ;; Mudbath | Standalone | extra cost not disclosed | ;; Supersonic Red | Standalone | extra cost not disclosed | ;; Wind Chill Pearl | Standalone | extra cost not disclosed | ;; Blueprint | Standalone | extra cost not disclosed |  ;; Wave Maker | Unavailable | | TRD Pro-exclusive color, not offered on this trim (confirmed via Edmunds car-news article citing Toyota)",Premium textured leather upholstery in 'Shale' with dark-gray American walnut trim | Standard | | ,22-in dark chrome/machined-finish alloy wheels | Standard | | largest wheel offered in lineup,Panoramic (glass) moonroof | Standard | | ,7-passenger with 2nd-row captain's chairs (top trim positioning); not explicitly itemized as a seat count in sourced pages - largely consistent with Platinum/1794 pattern but not 100% confirmed,"i-FORCE MAX 3.4L twin-turbo V6 hybrid, 437 hp; torque cited as 583 lb-ft (most dealer/press sources) or 538 lb-ft (one Edmunds pull, likely a data error) - not resolved; this trim: 4WD standard",Heated front seats | Standard | |  ;; Ventilated front seats | Standard | | front and 2nd row ;; Heated steering wheel | Standard | |  ;; Power liftgate | Standard | | power-extending running boards also standard ;; Adaptive cruise control | Standard | | Toyota Safety Sense standard on all Sequoia trims ;; Wireless phone charging | Standalone | extra cost not disclosed | 'available' per Tustin Toyota research page ;; Leather seating | Standard | | Premium textured leather in 'Shale' with dark-gray American walnut trim,No manufacturer package documented for this trim in sourced pages,https://www.edmunds.com/toyota/sequoia/2026/trims/ ; https://www.edmunds.com/toyota/sequoia/2026/features-specs/ ; https://www.toyotaofglendale.com/manufacturer-research/2026-toyota-sequoia-trims-pricing/ ; https://www.toyotasouth.com/blog/2026-toyota-sequoia-capstone-vs-other-sequoia-trims-what-you-get ; https://www.mcgeetoyotaofclaremont.com/toyota-sequoia-interior.htm ; https://www.tustintoyota.com/research/2026-toyota-sequoia-features-specs/ ; https://www.cargurus.com/research/articles/2026-toyota-sequoia-pricing-specs-release-date ; https://www.carsdirect.com/toyota/sequoia/2026/colors ; https://www.edmunds.com/car-news/2026-trd-pro-color-wave-maker.html ; https://www.spitzertoyota.com/ev-research/2026-toyota-sequoia-trim-levels-and-prices/,,"Toyota's live Build & Price tool (toyota.com) and Toyota USA Newsroom (pressroom.toyota.com) both returned HTTP 403 to direct fetch this session, and the Chrome browser tool (reported as confirmed working) failed to connect after 4 retries with waits (10-20s) and repeated 'extension disconnected'/timeout errors, as did the remote-device browser path (device did not respond within 60s). Data below is therefore sourced from Edmunds, KBB, CarsDirect, Cargurus, Motor1, Cars.com, Carscoops, Autoblog, and franchised Toyota-dealer research pages that mirror Toyota spec sheets, cross-checked against each other. Per-trim exact extra-cost dollar figures for individual exterior/interior colors were not found on any secondary source (they typically say 'use Build & Price for exact cost') and are left blank rather than estimated. Full 10-color list (CarsDirect) not cross-confirmed per-trim against Toyota's own configurator (inaccessible this session); dealer sites list an aggregate lineup color palette without a trim-by-color matrix."
Toyota,Land Cruiser,1958,2026,"4WD (full-time, part-time low-range transfer case)",Hybrid,SUV,"Ice Cap | Standalone | extra cost not disclosed | ;; Wind Chill Pearl | Standalone | extra cost not disclosed | ;; Underground | Standalone | extra cost not disclosed | ;; Black | Standard/Standalone (unconfirmed which) | | ;; Meteor Shower | Standalone | extra cost not disclosed | ;; Trail Dust | Standalone | extra cost not disclosed | two-tone version pairs with Grayscape roof, trim-restriction unconfirmed ;; Heritage Blue | Standalone | extra cost not disclosed | two-tone version pairs with Grayscape roof, trim-restriction unconfirmed","Fabric seat trim, heated front seats only (not ventilated) | Standard | | ",18-in wheels | Standard | | no alternate wheel size documented for this trim (standard-only per Autoblog),"Moonroof | Unavailable | | Premium Package (which includes the moonroof) is exclusive to the Land Cruiser grade, not offered on 1958, per North Hollywood Toyota research page","2-row, 5-passenger, 60/40 split-fold rear bench","i-FORCE MAX 2.4L turbocharged inline-4 hybrid, 326 hp / 465 lb-ft, 8-speed automatic, full-time 4WD (both trims share this powertrain)","Heated front seats | Standard | |  ;; Ventilated front seats | Unavailable | | fabric-only, no ventilation on 1958 per Young Toyota dealer page ;; Heated steering wheel | Standard | | per Young Toyota dealer page, both trims include heated leather steering wheel ;; Power liftgate | Unconfirmed | | Young Toyota page lists power liftgate only under the higher 'Base'/Land Cruiser trim section; not confirmed whether 1958 gets manual or power liftgate ;; Adaptive cruise control | Standard | | Toyota Safety Sense 3.0 standard on both Land Cruiser trims per KBB/press coverage ;; Wireless phone charging | Unavailable | | not offered on 1958; Qi wireless charging is part of the Land Cruiser-grade-exclusive Premium Package ;; Leather seating | Unavailable | | fabric only on 1958; no leather option documented",No manufacturer package documented as available for the 1958 trim in sourced pages (Premium Package is Land Cruiser-grade exclusive),https://www.edmunds.com/toyota/land-cruiser/2026/msrp/ ; https://www.autoblog.com/carbuying/2026-toyota-land-cruiser-trim-matchup-base-1958-vs-land-cruiser ; https://www.theautochannel.com/news/2025/09/12/1578132-2026-toyota-land-cruiser.html ; https://www.youngtoyota.com/blog/2026/may/22/2026-toyota-land-cruiser-interior-features.htm ; https://forum.ih8mud.com/threads/thoughts-on-landcruiser-premium-package.1340950/ ; https://www.landcruiserforum.com/threads/20-wheel-on-prem-package.1074/ ; https://www.carsdirect.com/toyota/land-cruiser/2026,"2026 starting MSRP cited inconsistently across sources: $57,200 excl. $1,450 fee (dealer reprint of Toyota press release) vs $59,095 (Edmunds, likely incl. destination) - approx $1,400-1,900 spread, consistent with one including destination and one not, but not fully reconciled","Toyota's live Build & Price tool (toyota.com) and Toyota USA Newsroom (pressroom.toyota.com) both returned HTTP 403 to direct fetch this session, and the Chrome browser tool (reported as confirmed working) failed to connect after 4 retries with waits (10-20s) and repeated 'extension disconnected'/timeout errors, as did the remote-device browser path (device did not respond within 60s). Data below is therefore sourced from Edmunds, KBB, CarsDirect, Cargurus, Motor1, Cars.com, Carscoops, Autoblog, and franchised Toyota-dealer research pages that mirror Toyota spec sheets, cross-checked against each other. Per-trim exact extra-cost dollar figures for individual exterior/interior colors were not found on any secondary source (they typically say 'use Build & Price for exact cost') and are left blank rather than estimated. Exact per-color extra cost and full trim-restriction matrix (which of the 7-8 colors are offered on 1958 vs Land Cruiser grade) were not found on any secondary source; Toyota's own configurator is the only source with that granularity and was inaccessible this session."
Toyota,Land Cruiser,Land Cruiser,2026,"4WD (full-time, part-time low-range transfer case)",Hybrid,SUV,"Ice Cap | Standalone | extra cost not disclosed | ;; Wind Chill Pearl | Standalone | extra cost not disclosed | ;; Underground | Standalone | extra cost not disclosed | ;; Black | Standard/Standalone (unconfirmed which) | | ;; Meteor Shower | Standalone | extra cost not disclosed | ;; Trail Dust | Standalone | extra cost not disclosed | two-tone version pairs with Grayscape roof, trim-restriction unconfirmed ;; Heritage Blue | Standalone | extra cost not disclosed | two-tone version pairs with Grayscape roof, trim-restriction unconfirmed",SofTex-trimmed front seats (heated + ventilated standard) | Standard | | ;; Leather-trimmed memory/power driver's seat | Package-only | | Premium Package,"18-in wheels | Standard | | ;; 20-in wheels | Standalone | $1,200 (per US Land Cruiser owner-forum discussion; forum thread may reference a related model year/generation, not independently confirmed via Toyota's own configurator) | note: forum reports this is bundled into the Premium Package (no opt-out) in Canada, but sold as a separate standalone option in the US","Power moonroof with sunshade | Package-only | included in Premium Package total price $4,600 | Premium Package","2-row, 5-passenger, 60/40 split-fold rear bench","i-FORCE MAX 2.4L turbocharged inline-4 hybrid, 326 hp / 465 lb-ft, 8-speed automatic, full-time 4WD (both trims share this powertrain)","Heated front seats | Standard | |  ;; Ventilated front seats | Standard | |  ;; Heated steering wheel | Standard | |  ;; Power liftgate | Standard | |  ;; Adaptive cruise control | Standard | | Toyota Safety Sense 3.0 standard ;; Wireless phone charging | Package-only | included in Premium Package total price $4,600 | Premium Package (Qi-compatible) ;; Leather seating | Package-only | included in Premium Package total price $4,600 (driver's seat only; front passenger/other seats remain SofTex per package description) | Premium Package","Premium Package | $4,600 (per IH8MUD forum discussion of Toyota's official package price/content) | contents: 14-speaker JBL Premium Audio, illuminated entry with running boards, Digital Key capability, power moonroof with sunshade, center console cool box, digital rearview mirror, Qi-compatible wireless charging, leather-trimmed memory/power driver's seat, Head-Up Display, Lane Change Assist, Front Cross-Traffic Alert, Traffic Jam Assist (Lane Change Assist/Traffic Jam Assist require Toyota Drive Connect subscription)",https://www.edmunds.com/toyota/land-cruiser/2026/msrp/ ; https://www.autoblog.com/carbuying/2026-toyota-land-cruiser-trim-matchup-base-1958-vs-land-cruiser ; https://www.theautochannel.com/news/2025/09/12/1578132-2026-toyota-land-cruiser.html ; https://www.youngtoyota.com/blog/2026/may/22/2026-toyota-land-cruiser-interior-features.htm ; https://forum.ih8mud.com/threads/thoughts-on-landcruiser-premium-package.1340950/ ; https://www.landcruiserforum.com/threads/20-wheel-on-prem-package.1074/ ; https://www.carsdirect.com/toyota/land-cruiser/2026,"2026 starting MSRP cited inconsistently: $63,275 (Autoblog) vs $63,940 (Edmunds) vs $63,675 (implied 2026 baseline in Carscoops' 2027 delta calc) - roughly a $650 spread across sources","Toyota's live Build & Price tool (toyota.com) and Toyota USA Newsroom (pressroom.toyota.com) both returned HTTP 403 to direct fetch this session, and the Chrome browser tool (reported as confirmed working) failed to connect after 4 retries with waits (10-20s) and repeated 'extension disconnected'/timeout errors, as did the remote-device browser path (device did not respond within 60s). Data below is therefore sourced from Edmunds, KBB, CarsDirect, Cargurus, Motor1, Cars.com, Carscoops, Autoblog, and franchised Toyota-dealer research pages that mirror Toyota spec sheets, cross-checked against each other. Per-trim exact extra-cost dollar figures for individual exterior/interior colors were not found on any secondary source (they typically say 'use Build & Price for exact cost') and are left blank rather than estimated. Exact per-color extra cost and full trim-restriction matrix (which of the 7-8 colors are offered on 1958 vs Land Cruiser grade) were not found on any secondary source; Toyota's own configurator is the only source with that granularity and was inaccessible this session."
Toyota,Land Cruiser,1958,2027,"4WD (full-time, part-time low-range transfer case)",Hybrid,SUV,"Ice Cap | Standalone | extra cost not disclosed | ;; Wind Chill Pearl | Standalone | extra cost not disclosed | ;; Underground | Standalone | extra cost not disclosed | ;; Black | Standard/Standalone (unconfirmed which) | | ;; Meteor Shower | Standalone | extra cost not disclosed | ;; Trail Dust | Standalone | extra cost not disclosed | two-tone version pairs with Grayscape roof, trim-restriction unconfirmed ;; Heritage Blue | Standalone | extra cost not disclosed | two-tone version pairs with Grayscape roof, trim-restriction unconfirmed ;; Inked | Standalone | extra cost not disclosed | new color added for MY2027 per KBB/Automotive Addicts","Fabric seat trim, heated front seats only (not ventilated) | Standard | | no change noted for MY2027",18-in wheels | Standard | | no alternate wheel size documented for this trim,Moonroof | Unavailable | | still Land Cruiser-grade-exclusive via Premium Package per Motor1/Carscoops MY2027 coverage; no change noted for 1958,"2-row, 5-passenger, 60/40 split-fold rear bench","i-FORCE MAX 2.4L turbocharged inline-4 hybrid, 326 hp / 465 lb-ft, 8-speed automatic, full-time 4WD (both trims share this powertrain)","Heated front seats | Standard | |  ;; Ventilated front seats | Unavailable | |  ;; Heated steering wheel | Standard | |  ;; Power liftgate | Unconfirmed | | see MY2026 1958 note - not resolved for MY2027 either ;; Adaptive cruise control | Standard | | Toyota Safety Sense 3.0 standard ;; Wireless phone charging | Unavailable | |  ;; Leather seating | Unavailable | |  ;; Raised air intake (Toyota's term; explicitly NOT a true snorkel/not water-tight per Motor1) | Standalone | $980 | new-for-2027 option, confirmed available on 1958 per Motor1",No manufacturer package documented as available for the 1958 trim in sourced pages,https://www.edmunds.com/toyota/land-cruiser/2026/msrp/ ; https://www.autoblog.com/carbuying/2026-toyota-land-cruiser-trim-matchup-base-1958-vs-land-cruiser ; https://www.theautochannel.com/news/2025/09/12/1578132-2026-toyota-land-cruiser.html ; https://www.youngtoyota.com/blog/2026/may/22/2026-toyota-land-cruiser-interior-features.htm ; https://forum.ih8mud.com/threads/thoughts-on-landcruiser-premium-package.1340950/ ; https://www.landcruiserforum.com/threads/20-wheel-on-prem-package.1074/ ; https://www.carsdirect.com/toyota/land-cruiser/2026 ; https://www.kbb.com/car-news/toyota-announces-pricing-for-the-2027-land-cruiser/ ; https://www.carscoops.com/2026/04/2027-toyota-land-cruiser-pricing/ ; https://www.cars.com/articles/how-much-is-the-2027-toyota-land-cruiser-523485/ ; https://www.automotiveaddicts.com/121821/2027-toyota-land-cruiser-invoice-price-dealer-cost-how-to-get-best-deal-near-you ; https://www.motor1.com/news/792633/2027-toyota-land-cruiser-air-intake/ ; https://www.northhollywoodtoyota.com/2027-toyota-land-cruiser-trims-pricing,"2027 1958 starting MSRP is the SINGLE BIGGEST DISCREPANCY found in this research pass - four secondary sources give four different figures, all claiming to cite Toyota's official announcement: KBB: $59,330 (incl. $1,450 destination); Carscoops: $57,880 (dest. listed separately at $1,495, described as 'up $280 from 2026'); Cars.com: $59,375 (incl. destination, dest. amount not stated); Automotive Addicts: $59,330 (incl. $1,495 destination, 'up ~$235 from 2026'). Even the two sources that agree on $59,330 disagree on the destination fee ($1,450 vs $1,495) baked into it, and Carscoops' figure is ~$1,450-1,500 lower than the other three. Not reconciled without Toyota's own official price release page (inaccessible this session).","Toyota's live Build & Price tool (toyota.com) and Toyota USA Newsroom (pressroom.toyota.com) both returned HTTP 403 to direct fetch this session, and the Chrome browser tool (reported as confirmed working) failed to connect after 4 retries with waits (10-20s) and repeated 'extension disconnected'/timeout errors, as did the remote-device browser path (device did not respond within 60s). Data below is therefore sourced from Edmunds, KBB, CarsDirect, Cargurus, Motor1, Cars.com, Carscoops, Autoblog, and franchised Toyota-dealer research pages that mirror Toyota spec sheets, cross-checked against each other. Per-trim exact extra-cost dollar figures for individual exterior/interior colors were not found on any secondary source (they typically say 'use Build & Price for exact cost') and are left blank rather than estimated. Exact per-color extra cost and full trim-restriction matrix (which of the 7-8 colors are offered on 1958 vs Land Cruiser grade) were not found on any secondary source; Toyota's own configurator is the only source with that granularity and was inaccessible this session."
Toyota,Land Cruiser,Land Cruiser,2027,"4WD (full-time, part-time low-range transfer case)",Hybrid,SUV,"Ice Cap | Standalone | extra cost not disclosed | ;; Wind Chill Pearl | Standalone | extra cost not disclosed | ;; Underground | Standalone | extra cost not disclosed | ;; Black | Standard/Standalone (unconfirmed which) | | ;; Meteor Shower | Standalone | extra cost not disclosed | ;; Trail Dust | Standalone | extra cost not disclosed | two-tone version pairs with Grayscape roof, trim-restriction unconfirmed ;; Heritage Blue | Standalone | extra cost not disclosed | two-tone version pairs with Grayscape roof, trim-restriction unconfirmed ;; Inked | Standalone | extra cost not disclosed | new color added for MY2027 per KBB/Automotive Addicts",SofTex-trimmed front seats (heated + ventilated standard) | Standard | | ;; Leather-trimmed memory/power driver's seat | Package-only | | Premium Package,"18-in wheels | Standard | | ;; 20-in wheels | Standalone | $1,200 (2026 figure per forum; MY2027 price not separately confirmed) | ","Power moonroof with sunshade | Package-only | included in Premium Package total price $4,905 | Premium Package","2-row, 5-passenger, 60/40 split-fold rear bench","i-FORCE MAX 2.4L turbocharged inline-4 hybrid, 326 hp / 465 lb-ft, 8-speed automatic, full-time 4WD (both trims share this powertrain)","Heated front seats | Standard | |  ;; Ventilated front seats | Standard | |  ;; Heated steering wheel | Standard | |  ;; Power liftgate | Standard | |  ;; Adaptive cruise control | Standard | | Toyota Safety Sense 3.0 standard ;; Wireless phone charging | Package-only | included in Premium Package | Premium Package ;; Leather seating | Package-only | included in Premium Package (driver's seat) | Premium Package ;; Heated + ventilated 2nd-row (outboard) seats | Package-only | included in Premium Package, new content for MY2027 | Premium Package ;; Raised air intake (not a true snorkel per Motor1) | Standalone | $980 | new-for-2027 option","Premium Package | $4,905 per Motor1 (article states this is 'up $550 from the previous year,' which is internally inconsistent with the $4,600 MY2026 figure sourced from IH8MUD forum - $4,600 + $550 = $5,150, not $4,905; the $250-550 discrepancy is not reconciled) | contents: prior Premium Package content (14-speaker JBL, moonroof, wireless charging, HUD, leather driver's seat, digital key, etc.) PLUS new-for-2027 heated/ventilated outboard 2nd-row seats",https://www.edmunds.com/toyota/land-cruiser/2026/msrp/ ; https://www.autoblog.com/carbuying/2026-toyota-land-cruiser-trim-matchup-base-1958-vs-land-cruiser ; https://www.theautochannel.com/news/2025/09/12/1578132-2026-toyota-land-cruiser.html ; https://www.youngtoyota.com/blog/2026/may/22/2026-toyota-land-cruiser-interior-features.htm ; https://forum.ih8mud.com/threads/thoughts-on-landcruiser-premium-package.1340950/ ; https://www.landcruiserforum.com/threads/20-wheel-on-prem-package.1074/ ; https://www.carsdirect.com/toyota/land-cruiser/2026 ; https://www.kbb.com/car-news/toyota-announces-pricing-for-the-2027-land-cruiser/ ; https://www.carscoops.com/2026/04/2027-toyota-land-cruiser-pricing/ ; https://www.cars.com/articles/how-much-is-the-2027-toyota-land-cruiser-523485/ ; https://www.automotiveaddicts.com/121821/2027-toyota-land-cruiser-invoice-price-dealer-cost-how-to-get-best-deal-near-you ; https://www.motor1.com/news/792633/2027-toyota-land-cruiser-air-intake/ ; https://www.northhollywoodtoyota.com/2027-toyota-land-cruiser-trims-pricing,"2027 Land Cruiser (base/upper) starting MSRP also varies by source: KBB $64,175 (incl. $1,450 dest.); Carscoops $62,725 (dest. $1,495, 'down $950 from 2026'); Cars.com $65,450 (incl. destination); Automotive Addicts ~$62,925-$63,880. Spread of roughly $2,700 across sources for the same trim/year - not reconciled without Toyota's official price release.","Toyota's live Build & Price tool (toyota.com) and Toyota USA Newsroom (pressroom.toyota.com) both returned HTTP 403 to direct fetch this session, and the Chrome browser tool (reported as confirmed working) failed to connect after 4 retries with waits (10-20s) and repeated 'extension disconnected'/timeout errors, as did the remote-device browser path (device did not respond within 60s). Data below is therefore sourced from Edmunds, KBB, CarsDirect, Cargurus, Motor1, Cars.com, Carscoops, Autoblog, and franchised Toyota-dealer research pages that mirror Toyota spec sheets, cross-checked against each other. Per-trim exact extra-cost dollar figures for individual exterior/interior colors were not found on any secondary source (they typically say 'use Build & Price for exact cost') and are left blank rather than estimated. Exact per-color extra cost and full trim-restriction matrix (which of the 7-8 colors are offered on 1958 vs Land Cruiser grade) were not found on any secondary source; Toyota's own configurator is the only source with that granularity and was inaccessible this session."
Toyota,Tundra,SR,2026,"RWD (standard); 4WD available (+$3,000, confirmed via Edmunds style-ID price delta: $44,260 4WD vs $41,260 RWD base)",Gas,pickup truck,Magnetic Gray Metallic | Standalone |  |  ;; Celestial Silver Metallic | Standalone |  |  ;; Supersonic Red | Standalone |  |  ;; Midnight Black Metallic | Standalone |  |  ;; Ice Cap | Standalone |  | ,Black (cloth) | Standard |  | ,"18 x 8.0 in. styled-steel wheels, P245/75R18 | Standard |  | ","Moonroof/panoramic roof | Unavailable |  |  (confirmed ""Not Available"" on Edmunds 2026 Tundra trim-comparison chart)","Double Cab or CrewMax cab (bed lengths 5.5'/6.5' CrewMax, 6.5'/8.1' Double Cab per Toyota lineup structure); front bucket seats, 4-way manual adjustment; 60/40 split-fold rear bench; 5-passenger, 2-row. Edmunds-sampled configuration used for feature confirmation: CrewMax, 77.6 in. box.","RWD | Standard | Included |  ;; 4WD | Standalone | $3,000 | ","Leather | Unavailable |  |  ;; Heated Seats | Unavailable |  |  ;; Heated Steering Wheel | Unavailable |  |  ;; Spray-On Bed Liner | Standalone | $599 |  ;; Hard Tri-Fold Tonneau Cover | Standalone | $1,350 |  ;; Adaptive Cruise Control | Standard |  |  ;; Moonroof | Unavailable |  | ","Bed Utility Package w/Cargo Storage | $1,026 | contents: not itemized in source ;; Security Package | $969 | contents: not itemized in source",https://www.tustintoyota.com/research/2026-tundra-trims-pricing/ ;; https://www.cars.com/research/toyota-tundra-2026/ ;; https://www.edmunds.com/toyota/tundra/2026/trims/ ;; https://www.edmunds.com/toyota/tundra/2026/st-402061137/features-specs/,"MSRP $41,260 confirmed identically by Toyota-derived base price (tustintoyota) and by cars.com's destination-inclusive figure ($43,355 - $2,095 destination = $41,260). Edmunds RWD/CrewMax style page independently matched $41,260 exactly.","LIVE ACCESS NOTE: Toyota's live Build & Price tool could NOT be reached this session. The Claude-in-Chrome browser extension reported 'disconnected' on every retry (tabs_context_mcp attempted ~8 times over 4+ minutes), and direct fetches to toyota.com / pressroom.toyota.com were blocked by this environment's network egress policy (403 on CONNECT, confirmed via proxy status log). Per the approved-fallback instruction this required trying the live tool first, which was done and failed for infrastructure reasons, not model-year availability. Exact per-color extra-cost premiums not disclosed by any source (left blank rather than estimated). Whether a lower-cost Double Cab price differs from the CrewMax price sampled on Edmunds is not confirmed."
Toyota,Tundra,SR5,2026,"RWD (standard); 4WD available (+$3,000, per uniform 4WD-adder pattern confirmed on SR/Limited)",Gas,pickup truck,Magnetic Gray Metallic | Standalone |  |  ;; Blueprint | Standalone |  |  ;; Celestial Silver Metallic | Standalone |  |  ;; Supersonic Red | Standalone |  |  ;; Mudbath | Standalone |  |  ;; Midnight Black Metallic | Standalone |  |  ;; Ice Cap | Standalone |  |  ;; Lunar Rock | Standalone |  | ,Black (cloth) | Standard |  |  ;; Boulder (leather) | Standalone | not confirmed |  ;; Black (leather) | Standalone | not confirmed | ,"18 x 8.0 in. alloy wheels, P265/70R18 | Standard |  | ","Moonroof/panoramic roof | Unavailable |  |  (""Not Available"" per Edmunds trim-comparison chart)","Double Cab or CrewMax cab, multiple bed lengths; front bucket seats with 8-way power driver seat; 60/40 split-fold rear bench; 5-passenger, 2-row. Edmunds-sampled configuration: CrewMax, 4WD, 77.6 in. box (MSRP $52,375 for that specific build).","RWD | Standard | Included |  ;; 4WD | Standalone | $3,000 | ","Leather | Standalone | not confirmed |  ;; Heated Seats | Unavailable | not found as standard or optional in sourced specs |  ;; Heated Steering Wheel | Standalone | $320 |  ;; Spray-On Bed Liner | Standalone | $599 |  ;; Hard Tri-Fold Tonneau Cover | Standalone | $1,350 |  ;; Adaptive Cruise Control | Standard |  |  ;; Moonroof | Unavailable |  | ","SR5 Convenience Package | $530 | contents: not itemized in source ;; SR5 Premium Package | $2,610 | contents: not itemized in source",https://www.tustintoyota.com/research/2026-tundra-trims-pricing/ ;; https://www.cars.com/research/toyota-tundra-2026/ ;; https://www.edmunds.com/toyota/tundra/2026/trims/ ;; https://www.edmunds.com/toyota/tundra/2026/st-402077555/features-specs/,"Base RWD MSRP ($46,510, tustintoyota; matches cars.com destination-inclusive $48,605) differs from the Edmunds-sampled CrewMax+4WD build ($52,375) by $5,865 -- larger than the $3,000 4WD adder alone, implying a CrewMax cab-over-Double-Cab premium of roughly $2,865 that could not be independently itemized.","LIVE ACCESS NOTE: Toyota's live Build & Price tool could NOT be reached this session. The Claude-in-Chrome browser extension reported 'disconnected' on every retry (tabs_context_mcp attempted ~8 times over 4+ minutes), and direct fetches to toyota.com / pressroom.toyota.com were blocked by this environment's network egress policy (403 on CONNECT, confirmed via proxy status log). Per the approved-fallback instruction this required trying the live tool first, which was done and failed for infrastructure reasons, not model-year availability. Heated-seat availability and exact leather-interior surcharge could not be confirmed for SR5 specifically."
Toyota,Tundra,Limited,2026,"RWD (standard); 4WD available (+$3,000, confirmed exactly via Edmunds: $57,860 4WD vs $54,860 RWD base)",Gas,pickup truck,Magnetic Gray Metallic | Standalone |  |  ;; Blueprint | Standalone |  |  ;; Celestial Silver Metallic | Standalone |  |  ;; Wind Chill Pearl | Standalone |  |  ;; Supersonic Red | Standalone |  |  ;; Mudbath | Standalone |  |  ;; Midnight Black Metallic | Standalone |  |  ;; Ice Cap | Standalone |  |  ;; Lunar Rock | Standalone |  | ,Boulder (leather) | Standard |  |  ;; Black (leather) | Standard |  | ,"20 x 8.0 in. painted alloy wheels, all-season tires | Standard |  | ","Power Tilt/Slide Panoramic Roof | Standalone | $1,350 | ","CrewMax cab only (5.5' or 6.5' bed); front bucket seats, 8-way power driver and 8-way power passenger seat; split-fold rear bench; 5-passenger, 2-row.","RWD | Standard | Included |  ;; 4WD | Standalone | $3,000 | ","Leather | Standard |  |  ;; Heated + Ventilated Front Seats | Standard |  |  ;; Heated Leather-Wrapped Steering Wheel | Standalone | $150 |  ;; Spray-On Bed Liner | Standalone | $599 |  ;; Hard Tri-Fold Tonneau Cover | Standalone | $1,350 |  ;; Adaptive Cruise Control | Standard |  |  ;; Moonroof (Power Tilt/Slide Panoramic Roof) | Standalone | $1,350 | ",Limited Premium Package | $395 | contents: not itemized in source ;; Tow Tech Package | $850 | contents: wireless trailer camera (per naming on other trims; full contents not itemized),https://www.tustintoyota.com/research/2026-tundra-trims-pricing/ ;; https://www.cars.com/research/toyota-tundra-2026/ ;; https://www.edmunds.com/toyota/tundra/2026/trims/ ;; https://www.edmunds.com/toyota/tundra/2026/st-402077559/features-specs/,"None material for MSRP (multiple sources agree on $54,860 RWD base). Note the moonroof is OPTIONAL on Limited, unlike Platinum/1794/TRD Pro/Capstone where it is standard -- this is a real trim-ladder step, not a data error.","LIVE ACCESS NOTE: Toyota's live Build & Price tool could NOT be reached this session. The Claude-in-Chrome browser extension reported 'disconnected' on every retry (tabs_context_mcp attempted ~8 times over 4+ minutes), and direct fetches to toyota.com / pressroom.toyota.com were blocked by this environment's network egress policy (403 on CONNECT, confirmed via proxy status log). Per the approved-fallback instruction this required trying the live tool first, which was done and failed for infrastructure reasons, not model-year availability. Limited Premium Package price ($395) was found on the Limited Hybrid spec page and applied here by trim-tier inference; not independently re-confirmed on a gas-Limited-specific listing."
Toyota,Tundra,Limited Hybrid,2026,"RWD (confirmed available via Edmunds hybrid style page); 4WD also available per Toyota of Bourbonnais trim overview, price delta not independently confirmed for this hybrid trim (gas-trim pattern is +$3,000)",Hybrid (i-FORCE MAX),pickup truck,Magnetic Gray Metallic | Standalone |  |  ;; Blueprint | Standalone |  |  ;; Celestial Silver Metallic | Standalone |  |  ;; Wind Chill Pearl | Standalone |  |  ;; Supersonic Red | Standalone |  |  ;; Midnight Black Metallic | Standalone |  |  ;; Ice Cap | Standalone |  |  ;; Lunar Rock | Standalone |  | ,Boulder (leather) | Standard |  |  ;; Black (leather) | Standard |  | ,"20 x 8.0 in. painted alloy wheels, P265/60R20 | Standard |  | ","Power Tilt/Slide Panoramic Roof | Standalone | $1,350 | ","CrewMax cab only (5.5' or 6.5' bed); front bucket seats, leather upholstery standard; split-fold rear bench; 5-passenger, 2-row.","RWD | Standard (confirmed) | Included |  ;; 4WD | Standalone, price for this trim unconfirmed | not confirmed | ","Leather | Standard |  |  ;; Heated Front Seats | Standard |  |  ;; Heated Leather-Wrapped Steering Wheel | Standalone | $150 |  ;; Spray-On Bed Liner | Standalone | $599 |  ;; Hard Tri-Fold Tonneau Cover | Standalone | $1,295 |  ;; Adaptive Cruise Control | Standard |  |  ;; Moonroof (Power Tilt/Slide Panoramic Roof) | Standalone | $1,350 | ",Limited Premium Package | $395 | contents: not itemized in source ;; Tow Tech Package | $850 | contents: not itemized in source,https://www.toyotaofbourbonnais.com/research-tundra-trims/ ;; https://www.toyotaofmadison.net/blogs/6030/2026-toyota-tundra-hybrid-features-and-capabilities ;; https://www.edmunds.com/toyota/tundra/2026/hybrid/st-402077564/features-specs/ ;; https://www.edmunds.com/toyota/tundra/2026/trims/,"IMPORTANT: this research brief's premise labeled Limited Hybrid as 4WD-only. Two independent dealer sources (Toyota of Bourbonnais, Toyota of Madison) agree the starting MSRP is $58,560, and Edmunds' own structured spec page for this exact hybrid Limited style lists the sampled configuration as REAR wheel drive, not 4WD -- meaning Limited Hybrid follows the same RWD-standard/4WD-optional pattern as the gas trims rather than being 4WD-exclusive.","LIVE ACCESS NOTE: Toyota's live Build & Price tool could NOT be reached this session. The Claude-in-Chrome browser extension reported 'disconnected' on every retry (tabs_context_mcp attempted ~8 times over 4+ minutes), and direct fetches to toyota.com / pressroom.toyota.com were blocked by this environment's network egress policy (403 on CONNECT, confirmed via proxy status log). Per the approved-fallback instruction this required trying the live tool first, which was done and failed for infrastructure reasons, not model-year availability. Tonneau price shown here ($1,295) differs slightly from the gas Limited's $1,350 in the sources found; both are reported as-is rather than reconciled. 4WD price premium specific to this hybrid trim not independently confirmed."
Toyota,Tundra,Platinum,2026,"RWD (standard); 4WD available (+$3,000 per uniform adder pattern; Edmunds-sampled 4WD long-bed build priced $67,025)",Gas,pickup truck,Magnetic Gray Metallic | Standalone |  |  ;; Blueprint | Standalone |  |  ;; Celestial Silver Metallic | Standalone |  |  ;; Wind Chill Pearl | Standalone |  |  ;; Supersonic Red | Standalone |  |  ;; Mudbath | Standalone |  |  ;; Midnight Black Metallic | Standalone |  |  ;; Lunar Rock | Standalone |  | ,Black (leather) | Standard |  | ,"20 x 8.0 in. painted alloy wheels, all-season tires | Standard |  |  ;; 22 in. dark chrome/machined alloy wheels | Standalone, price unconfirmed | not confirmed | ",1st-row power glass moonroof + 2nd-row fixed glass moonroof (panoramic) | Standard |  | ,"CrewMax cab only; front bucket seats, 10-way power driver and passenger with power lumbar; split-fold rear bench; 5-passenger, 2-row.","RWD | Standard | Included |  ;; 4WD | Standalone | $3,000 | ","Leather | Standard |  |  ;; Heated + Ventilated Front Seats | Standard |  |  ;; Heated Steering Wheel | Standard |  |  ;; Spray-On Bed Liner | Standalone | $599 |  ;; Tonneau Cover | Standalone, exact price unconfirmed for this trim | not confirmed |  ;; Adaptive Cruise Control | Standard |  |  ;; Moonroof (panoramic, dual glass) | Standard |  | ","Bed Utility Package w/Cargo Storage | $1,026 | contents: not itemized in source ;; Bed Utility Package w/Extender | $831 | contents: not itemized in source",https://www.tustintoyota.com/research/2026-tundra-trims-pricing/ ;; https://www.cars.com/research/toyota-tundra-2026/ ;; https://www.edmunds.com/toyota/tundra/2026/trims/ ;; https://www.edmunds.com/toyota/tundra/2026/st-402077560/features-specs/ ;; https://www.beamantoyota.com/helpful-resources/2026-tundra-specifications/,"22-in dark-chrome wheel option is mentioned on two dealer-blog aggregator pages (Beaman Toyota, DCH Wappingers) but was NOT present on the Edmunds structured style-spec page for Platinum, which showed only 20-in alloy as standard with no optional wheel upgrade listed -- flagged as unconfirmed rather than included as fact.","LIVE ACCESS NOTE: Toyota's live Build & Price tool could NOT be reached this session. The Claude-in-Chrome browser extension reported 'disconnected' on every retry (tabs_context_mcp attempted ~8 times over 4+ minutes), and direct fetches to toyota.com / pressroom.toyota.com were blocked by this environment's network egress policy (403 on CONNECT, confirmed via proxy status log). Per the approved-fallback instruction this required trying the live tool first, which was done and failed for infrastructure reasons, not model-year availability. Tonneau-cover price for Platinum specifically was not stated in the sampled spec page (only Bed Utility packages were listed); the $1,350/$1,295 figures seen on other trims are not assumed to carry over."
Toyota,Tundra,Platinum Hybrid,2026,"4WD (confirmed as the only configuration found across all sources, including Edmunds' structured spec page; no RWD Platinum Hybrid listing was found)",Hybrid (i-FORCE MAX),pickup truck,Magnetic Gray Metallic | Standalone |  |  ;; Blueprint | Standalone |  |  ;; Celestial Silver Metallic | Standalone |  |  ;; Wind Chill Pearl | Standalone |  |  ;; Supersonic Red | Standalone |  |  ;; Mudbath | Standalone |  |  ;; Midnight Black Metallic | Standalone |  |  ;; Lunar Rock | Standalone |  | ,Black (leather) | Standard |  | ,20 x 8.0 in. painted alloy wheels | Standard |  | ,1st-row power glass moonroof + 2nd-row fixed glass moonroof (panoramic) | Standard |  | ,"CrewMax cab only (65.6 in. / 5.5' bed sampled); front bucket seats, 10-way power driver and passenger; split-fold rear bench; 5-passenger, 2-row.",4WD | Standard / only drivetrain found | Included |  ;; RWD | Availability not confirmed in any source checked | n/a | ,"Leather | Standard |  |  ;; Heated + Ventilated Front and Rear Seats | Standard |  |  ;; Heated Steering Wheel | Standard |  |  ;; Spray-On Bed Liner | Standalone | $599 |  ;; Tonneau Cover | Standalone, price unconfirmed for this trim | not confirmed |  ;; Adaptive Cruise Control | Standard |  |  ;; Moonroof (panoramic, dual glass) | Standard |  | ",not confirmed for this specific hybrid trim (gas Platinum's Bed Utility packages found; not independently verified to carry over),https://www.toyotaofbourbonnais.com/research-tundra-trims/ ;; https://www.toyotaofmadison.net/blogs/6030/2026-toyota-tundra-hybrid-features-and-capabilities ;; https://www.edmunds.com/toyota/tundra/2026/st-402077567/features-specs/,"MSRP $70,605 agrees exactly across two independent dealer sources AND the Edmunds structured spec page, all three describing this as a 4WD-drive configuration -- unlike Limited Hybrid, no RWD Platinum Hybrid configuration was located, suggesting 4WD may in fact be mandatory for this trim (matching the original research brief's assumption, in contrast to the other hybrid trims).","LIVE ACCESS NOTE: Toyota's live Build & Price tool could NOT be reached this session. The Claude-in-Chrome browser extension reported 'disconnected' on every retry (tabs_context_mcp attempted ~8 times over 4+ minutes), and direct fetches to toyota.com / pressroom.toyota.com were blocked by this environment's network egress policy (403 on CONNECT, confirmed via proxy status log). Per the approved-fallback instruction this required trying the live tool first, which was done and failed for infrastructure reasons, not model-year availability. Absence of a RWD listing is not proof one doesn't exist -- only that none was found among the sources checked."
Toyota,Tundra,1794 Edition,2026,"RWD (standard, confirmed directly via Edmunds style page showing ""rear wheel drive"" at exactly the $64,380 base MSRP); 4WD available (+$3,000 per uniform adder pattern, not independently re-confirmed for this trim)",Gas,pickup truck,Magnetic Gray Metallic | Standalone |  |  ;; Blueprint | Standalone |  |  ;; Celestial Silver Metallic | Standalone |  |  ;; Wind Chill Pearl | Standalone |  |  ;; Midnight Black Metallic | Standalone |  |  ;; Lunar Rock | Standalone |  | ,"Saddle Tan (leather, American walnut wood-grain trim) | Standard |  | ","20 x 8.0 in. alloy wheels, P265/60R20 | Standard |  | ",1st-row power glass moonroof + 2nd-row fixed glass moonroof (panoramic) | Standard |  | ,"CrewMax cab only (65.6 in. / 5.5' bed sampled); front bucket seats, 10-way power driver and passenger with massage function; split-fold rear bench; 5-passenger, 2-row.","RWD | Standard | Included |  ;; 4WD | Standalone, price not independently re-confirmed for this trim | ~$3,000 (pattern) | ","Leather | Standard |  |  ;; Heated + Ventilated + Massaging Front Seats | Standard |  |  ;; Heated Steering Wheel | Standard |  |  ;; Spray-On Bed Liner | Standalone | $599 |  ;; Hard Tri-Fold Tonneau Cover | Standalone | $1,350 |  ;; Adaptive Cruise Control | Standard |  |  ;; Moonroof (panoramic, dual glass) | Standard |  | ","no named package found in sources checked for this trim (only individually-priced standalone options: bed liner, tonneau cover)",https://www.tustintoyota.com/research/2026-tundra-trims-pricing/ ;; https://www.cars.com/research/toyota-tundra-2026/ ;; https://www.edmunds.com/toyota/tundra/2026/trims/ ;; https://www.edmunds.com/toyota/tundra/2026/st-402077550/features-specs/,"Supersonic Red, Mudbath, and Ice Cap are NOT offered on 1794 Edition per Edmunds' structured spec list, consistent with a separate dealer color-guide's note that Supersonic Red is unavailable on this trim.","LIVE ACCESS NOTE: Toyota's live Build & Price tool could NOT be reached this session. The Claude-in-Chrome browser extension reported 'disconnected' on every retry (tabs_context_mcp attempted ~8 times over 4+ minutes), and direct fetches to toyota.com / pressroom.toyota.com were blocked by this environment's network egress policy (403 on CONNECT, confirmed via proxy status log). Per the approved-fallback instruction this required trying the live tool first, which was done and failed for infrastructure reasons, not model-year availability. "
Toyota,Tundra,1794 Edition Hybrid,2026,4WD (confirmed as the only configuration found via Edmunds structured spec page; no RWD 1794 Edition Hybrid listing was found),Hybrid (i-FORCE MAX),pickup truck,Magnetic Gray Metallic | Standalone |  |  ;; Blueprint | Standalone |  |  ;; Celestial Silver Metallic | Standalone |  |  ;; Wind Chill Pearl | Standalone |  |  ;; Mudbath | Standalone |  |  ;; Midnight Black Metallic | Standalone |  |  ;; Lunar Rock | Standalone |  | ,"Saddle Tan (leather, American walnut wood-grain trim) | Standard |  | ","20 x 8.0 in. alloy wheels, P265/60R20 | Standard |  | ",1st-row power glass moonroof + 2nd-row fixed glass moonroof (panoramic) | Standard |  | ,"CrewMax cab only; front bucket seats, 10-way power driver and passenger with massage function; split-fold rear bench; 5-passenger, 2-row.",4WD | Standard / only drivetrain found | Included |  ;; RWD | Availability not confirmed in any source checked | n/a | ,"Leather | Standard |  |  ;; Heated + Ventilated + Massaging Front Seats | Standard |  |  ;; Heated Steering Wheel | Standard |  |  ;; Spray-On Bed Liner | Standalone | $599 |  ;; Tonneau Cover | Standalone, price unconfirmed for this trim | not confirmed |  ;; Adaptive Cruise Control | Standard |  |  ;; Moonroof (panoramic, dual glass) | Standard |  | ",no named package found in sources checked for this trim,https://www.toyotaofbourbonnais.com/research-tundra-trims/ ;; https://www.toyotaofmadison.net/blogs/6030/2026-toyota-tundra-hybrid-features-and-capabilities ;; https://www.edmunds.com/toyota/tundra/2026/st-402077572/features-specs/,"Two independent dealer sources report starting MSRP of $71,305; the Edmunds structured spec page for a 6.5'-bed 4WD build shows $71,635, a $330 difference consistent with a long-bed premium rather than a data conflict. Base MSRP of $71,305 (5.5' bed) is used here. This trim's Edmunds sample also includes Mudbath as an exterior color option, which is NOT offered on the gas 1794 Edition -- flagged as a real trim-specific difference, not an error.","LIVE ACCESS NOTE: Toyota's live Build & Price tool could NOT be reached this session. The Claude-in-Chrome browser extension reported 'disconnected' on every retry (tabs_context_mcp attempted ~8 times over 4+ minutes), and direct fetches to toyota.com / pressroom.toyota.com were blocked by this environment's network egress policy (403 on CONNECT, confirmed via proxy status log). Per the approved-fallback instruction this required trying the live tool first, which was done and failed for infrastructure reasons, not model-year availability. "
Toyota,Tundra,TRD Pro,2026,"4WD only (part-time 4WD, standard; no RWD variant offered)",Hybrid (i-FORCE MAX),pickup truck,Magnetic Gray Metallic | Standalone |  |  ;; Wave Maker (TRD Pro exclusive) | Standalone |  |  ;; Midnight Black Metallic | Standalone |  |  ;; Ice Cap | Standalone |  | ,Black (leatherette/SofTex) | Standard |  |  ;; Cockpit Red (leatherette/SofTex) | Standalone | not confirmed | ,"18 x 8.0 in. painted alloy wheels, all-terrain tires P285/65R18 | Standard |  | ",1st-row power glass moonroof + 2nd-row fixed glass moonroof (panoramic) | Standard |  | ,"CrewMax cab only, 5.5' bed; front bucket seats (leatherette/SofTex material); split-fold rear bench; 5-passenger, 2-row.","4WD | Standard, only drivetrain offered | Included | ","Leather | Unavailable | leatherette/SofTex standard instead |  ;; Heated + Ventilated Front Seats | Standard |  |  ;; Heated Steering Wheel | Unavailable, not found in standard-equipment list |  |  ;; Spray-On Bed Liner | Standalone | $599 |  ;; Tonneau Cover | Standalone, price unconfirmed for this trim | not confirmed |  ;; Adaptive Cruise Control | Standard |  |  ;; Moonroof (panoramic, dual glass) | Standard |  | ","TRD Performance Package | $2,999 | contents: not itemized in source ;; Tow Tech Package w/ Wireless Trailer Camera | $850 | contents: wireless trailer camera ;; TRD PRO Tow Mirrors Grade Package | $290 | contents: tow mirrors ;; Bed Utility Package w/Cargo Storage | $1,026 | contents: not itemized in source ;; Security Package | $969 | contents: not itemized in source",https://www.tustintoyota.com/research/2026-tundra-trims-pricing/ ;; https://www.cars.com/research/toyota-tundra-2026/ ;; https://www.edmunds.com/toyota/tundra/2026/trims/ ;; https://www.edmunds.com/toyota/tundra/2026/st-402077569/features-specs/,"A dealer color-guide aggregator (Doral Toyota) additionally claimed Celestial Silver Metallic and Supersonic Red as TRD Pro colors; Edmunds' structured spec page for this exact style did not list either, only Magnetic Gray Metallic, Wave Maker, Midnight Black Metallic, and Ice Cap -- the more specific/structured Edmunds source was trusted over the general dealer blog.","LIVE ACCESS NOTE: Toyota's live Build & Price tool could NOT be reached this session. The Claude-in-Chrome browser extension reported 'disconnected' on every retry (tabs_context_mcp attempted ~8 times over 4+ minutes), and direct fetches to toyota.com / pressroom.toyota.com were blocked by this environment's network egress policy (403 on CONNECT, confirmed via proxy status log). Per the approved-fallback instruction this required trying the live tool first, which was done and failed for infrastructure reasons, not model-year availability. "
Toyota,Tundra,Capstone,2026,4WD only (standard; no RWD variant offered),Hybrid (i-FORCE MAX),pickup truck,Magnetic Gray Metallic | Standalone |  |  ;; Blueprint | Standalone |  |  ;; Celestial Silver Metallic | Standalone |  |  ;; Wind Chill Pearl | Standalone |  |  ;; Supersonic Red | Standalone |  |  ;; Midnight Black Metallic | Standalone |  | ,Shale (premium textured/semi-aniline leather) | Standard |  | ,"22 in. chrome alloy wheels, P265/50R22 | Standard |  | ","Panoramic moonroof | Standard |  |  (confirmed via Edmunds 2026 Tundra trim-comparison chart, which lists Capstone sunroof as ""Standard""; the Capstone style-specific spec page did not separately restate the roof line item)","CrewMax cab only, 5.5' bed; front bucket seats, 10-way power driver and passenger with massage function; split-fold rear bench; 5-passenger, 2-row.","4WD | Standard, only drivetrain offered | Included | ","Leather (premium) | Standard |  |  ;; Heated + Ventilated + Massaging Front Seats (and heated rear seats) | Standard |  |  ;; Heated Steering Wheel | Standard |  |  ;; Spray-On Bed Liner | Standalone | $599 |  ;; Tonneau Cover | Standalone | $1,295 |  ;; Adaptive Cruise Control | Standard |  |  ;; Moonroof | Standard |  | ","TRD Performance Package | $2,999 | contents: not itemized in source ;; Tow Tech Package | $850 | contents: not itemized in source ;; Security Package | $969 | contents: not itemized in source",https://www.tustintoyota.com/research/2026-tundra-trims-pricing/ ;; https://www.cars.com/research/toyota-tundra-2026/ ;; https://www.edmunds.com/toyota/tundra/2026/trims/ ;; https://www.edmunds.com/toyota/tundra/2026/st-402077565/features-specs/,"Roof status for Capstone was not explicitly restated on its own Edmunds style-spec page (unlike Platinum/1794/TRD Pro, which each explicitly listed the dual-moonroof equipment line); status of ""Standard"" is taken from Edmunds' separate trim-comparison chart rather than the style page itself, and is flagged with lower confidence than the other trims' roof entries.","LIVE ACCESS NOTE: Toyota's live Build & Price tool could NOT be reached this session. The Claude-in-Chrome browser extension reported 'disconnected' on every retry (tabs_context_mcp attempted ~8 times over 4+ minutes), and direct fetches to toyota.com / pressroom.toyota.com were blocked by this environment's network egress policy (403 on CONNECT, confirmed via proxy status log). Per the approved-fallback instruction this required trying the live tool first, which was done and failed for infrastructure reasons, not model-year availability. Roof standard/optional status inferred from the trim-comparison chart rather than an explicit equipment-list line on the Capstone style page itself; treat with slightly lower confidence than other rows."
Toyota,Crown,XLE,2026,AWD,Hybrid,sedan,Black | Standard |  |  ;; Storm Cloud | Standard |  |  ;; Oxygen White | Standard |  |  ;; Finish Line Red | Standard |  |  ;; Heavy Metal | Standard |  |  ;; Bronze Age | Standard |  | ,Black leather | Standard |  |  ;; Macadamia leather | Standard |  |  ;; Black/Saddle Tan leather | Standard |  | ,19-in. painted alloy wheels | Standard |  | ,Moonroof/panoramic roof | Unavailable |  | ,5-passenger; front bucket seats; split-folding rear seatback. Platinum adds 8-way power driver/front-passenger seats w/ memory and power tilt/telescoping steering column.,"2.5L 4-cylinder Toyota Hybrid System (THS), 236 hp / 163 lb-ft combined (Toyota-stated), electronic on-demand AWD | Standard |  | ","Leather-trimmed seats | Standard |  |  ;; Heated front seats | Standard |  |  ;; Ventilated front seats | Standard |  |  ;; Heated steering wheel | Standard |  |  ;; Adaptive cruise control (Dynamic Radar Cruise Control, part of Toyota Safety Sense 3.0) | Standard |  |  ;; Wireless (Qi) charging | Standard |  |  ;; Heated rear seats | Unavailable |  |  ;; Moonroof/panoramic roof | Unavailable |  | ",,https://www.toyota.com/crown/ ;; https://www.edmunds.com/toyota/crown/2026/trims/ ;; https://www.edmunds.com/toyota/crown/2026/features-specs/ ;; https://www.edmunds.com/toyota/crown/2026/ ;; https://www.wilsonvilletoyota.com/blog/blog/the-2026-toyota-crown-brings-a-blend-of-bold-and-unique-features-to-the-road-ahead/ (dealer-hosted mirror of Toyota's official 2026 Crown press release; pressroom.toyota.com/the-2026-toyota-crown-brings-a-blend-of-bold-and-unique-features-to-the-road-ahead/ returned HTTP 403 to every automated fetch attempt this session),"Edmunds' XLE trim page explicitly lists only heated+ventilated FRONT seats (no rear); a Toyota-press-release mirror describes 'heated rear seats' as standard without a stated trim carve-out. Trusted Edmunds' explicit per-trim call-out for XLE (Unavailable) over the generic press-release phrasing, consistent with XLE being the base grade.","No live browser/Toyota Build & Price access this session (Claude-in-Chrome extension reported 'disconnected' on every retry over several minutes); toyota.com's deep configurator and features paths (/crown/features/, /crown/2026/, /configurator/...) and pressroom.toyota.com returned HTTP 403 to automated fetch, consistent with the tooling gap flagged in this project's Camry/Sienna and Highlander passes. Data sourced from toyota.com's reachable top-level model page, Edmunds' per-trim trims/features-specs pages, and a dealer-hosted verbatim mirror of Toyota's own MY2026 press release. Per-trim restriction of the 3 interior color choices (Black / Macadamia / Black-Saddle Tan) was not itemized by any source reached — listed as available across all trims per Edmunds' un-segmented color list; flagged unconfirmed per-trim. Power trunk/liftgate status not stated by any MY2026 source found for any trim — omitted from common_features rather than guessed (Toyota's MY2027 press mirror explicitly calls out 'hands-free power trunk' as standard on Platinum only, which may or may not apply retroactively to MY2026; not assumed). Bi-tone (Platinum) surcharge amount not found in any source — left blank rather than assumed $0."
Toyota,Crown,Limited,2026,AWD,Hybrid,sedan,Black | Standard |  |  ;; Storm Cloud | Standard |  |  ;; Oxygen White | Standard |  |  ;; Finish Line Red | Standard |  |  ;; Heavy Metal | Standard |  |  ;; Bronze Age | Standard |  | ,Black leather | Standard |  |  ;; Macadamia leather | Standard |  |  ;; Black/Saddle Tan leather | Standard |  | ,19-in. painted alloy wheels | Standard |  |  ;; 21-in. dark-metallic 10-spoke alloy wheels | Package-only |  | Advanced Technology Package,Panoramic fixed-glass roof w/ power sunshade | Standard |  | ,5-passenger; front bucket seats; split-folding rear seatback. Platinum adds 8-way power driver/front-passenger seats w/ memory and power tilt/telescoping steering column.,"2.5L 4-cylinder Toyota Hybrid System (THS), 236 hp / 163 lb-ft combined (Toyota-stated), electronic on-demand AWD | Standard |  | ","Leather-trimmed seats | Standard |  |  ;; Heated front seats | Standard |  |  ;; Ventilated front seats | Standard |  |  ;; Heated steering wheel | Standard |  |  ;; Adaptive cruise control (Dynamic Radar Cruise Control, part of Toyota Safety Sense 3.0) | Standard |  |  ;; Wireless (Qi) charging | Standard |  |  ;; Heated rear seats | Standard |  |  ;; Moonroof/panoramic roof (fixed-glass, power sunshade) | Standard |  | ","Advanced Technology Package (Limited grade only; not offered on Nightshade, XLE, or Platinum) | $3,570 | contents: Panoramic View Monitor, Digital Key capability, Traffic Jam Assist, Lane Change Assist, Front Cross-Traffic Alert, 21-in. dark-metallic 10-spoke alloy wheel upgrade",https://www.toyota.com/crown/ ;; https://www.edmunds.com/toyota/crown/2026/trims/ ;; https://www.edmunds.com/toyota/crown/2026/features-specs/ ;; https://www.edmunds.com/toyota/crown/2026/ ;; https://www.wilsonvilletoyota.com/blog/blog/the-2026-toyota-crown-brings-a-blend-of-bold-and-unique-features-to-the-road-ahead/ (dealer-hosted mirror of Toyota's official 2026 Crown press release; pressroom.toyota.com/the-2026-toyota-crown-brings-a-blend-of-bold-and-unique-features-to-the-road-ahead/ returned HTTP 403 to every automated fetch attempt this session),None material identified vs. Edmunds for this trim.,"No live browser/Toyota Build & Price access this session (Claude-in-Chrome extension reported 'disconnected' on every retry over several minutes); toyota.com's deep configurator and features paths (/crown/features/, /crown/2026/, /configurator/...) and pressroom.toyota.com returned HTTP 403 to automated fetch, consistent with the tooling gap flagged in this project's Camry/Sienna and Highlander passes. Data sourced from toyota.com's reachable top-level model page, Edmunds' per-trim trims/features-specs pages, and a dealer-hosted verbatim mirror of Toyota's own MY2026 press release. Per-trim restriction of the 3 interior color choices (Black / Macadamia / Black-Saddle Tan) was not itemized by any source reached — listed as available across all trims per Edmunds' un-segmented color list; flagged unconfirmed per-trim. Power trunk/liftgate status not stated by any MY2026 source found for any trim — omitted from common_features rather than guessed (Toyota's MY2027 press mirror explicitly calls out 'hands-free power trunk' as standard on Platinum only, which may or may not apply retroactively to MY2026; not assumed). Bi-tone (Platinum) surcharge amount not found in any source — left blank rather than assumed $0."
Toyota,Crown,Nightshade,2026,AWD,Hybrid,sedan,Black | Standard |  |  ;; Storm Cloud | Standard |  |  ;; Oxygen White | Standard |  |  ;; Finish Line Red | Standard |  |  ;; Heavy Metal | Standard |  |  ;; Bronze Age | Standard |  | ,Black leather | Standard |  |  ;; Macadamia leather | Standard |  |  ;; Black/Saddle Tan leather | Standard |  | ,21-in. 10-spoke matte-black-finish alloy wheels | Standard |  | ,Panoramic fixed-glass roof w/ power sunshade | Standard |  | ,5-passenger; front bucket seats; split-folding rear seatback. Platinum adds 8-way power driver/front-passenger seats w/ memory and power tilt/telescoping steering column.,"2.5L 4-cylinder Toyota Hybrid System (THS), 236 hp / 163 lb-ft combined (Toyota-stated), electronic on-demand AWD | Standard |  | ","Leather-trimmed seats | Standard |  |  ;; Heated front seats | Standard |  |  ;; Ventilated front seats | Standard |  |  ;; Heated steering wheel | Standard |  |  ;; Adaptive cruise control (Dynamic Radar Cruise Control, part of Toyota Safety Sense 3.0) | Standard |  |  ;; Wireless (Qi) charging | Standard |  |  ;; Heated rear seats | Standard |  |  ;; Moonroof/panoramic roof (fixed-glass, power sunshade) | Standard |  | ",,https://www.toyota.com/crown/ ;; https://www.edmunds.com/toyota/crown/2026/trims/ ;; https://www.edmunds.com/toyota/crown/2026/features-specs/ ;; https://www.edmunds.com/toyota/crown/2026/ ;; https://www.wilsonvilletoyota.com/blog/blog/the-2026-toyota-crown-brings-a-blend-of-bold-and-unique-features-to-the-road-ahead/ (dealer-hosted mirror of Toyota's official 2026 Crown press release; pressroom.toyota.com/the-2026-toyota-crown-brings-a-blend-of-bold-and-unique-features-to-the-road-ahead/ returned HTTP 403 to every automated fetch attempt this session),Toyota's press-release mirror explicitly states the Advanced Technology Package is 'not available on Nightshade' even though Nightshade is built off the Limited grade — confirmed absent rather than omitted by oversight.,"No live browser/Toyota Build & Price access this session (Claude-in-Chrome extension reported 'disconnected' on every retry over several minutes); toyota.com's deep configurator and features paths (/crown/features/, /crown/2026/, /configurator/...) and pressroom.toyota.com returned HTTP 403 to automated fetch, consistent with the tooling gap flagged in this project's Camry/Sienna and Highlander passes. Data sourced from toyota.com's reachable top-level model page, Edmunds' per-trim trims/features-specs pages, and a dealer-hosted verbatim mirror of Toyota's own MY2026 press release. Per-trim restriction of the 3 interior color choices (Black / Macadamia / Black-Saddle Tan) was not itemized by any source reached — listed as available across all trims per Edmunds' un-segmented color list; flagged unconfirmed per-trim. Power trunk/liftgate status not stated by any MY2026 source found for any trim — omitted from common_features rather than guessed (Toyota's MY2027 press mirror explicitly calls out 'hands-free power trunk' as standard on Platinum only, which may or may not apply retroactively to MY2026; not assumed). Bi-tone (Platinum) surcharge amount not found in any source — left blank rather than assumed $0."
Toyota,Crown,Platinum,2026,AWD,Hybrid,sedan,Black | Standard |  |  ;; Storm Cloud | Standard |  |  ;; Oxygen White | Standard |  |  ;; Finish Line Red | Standard |  |  ;; Heavy Metal | Standard |  |  ;; Bronze Age | Standard |  |  ;; Bi-tone: Black w/ Oxygen White | Standalone |  |  ;; Bi-tone: Black w/ Heavy Metal | Standalone |  |  ;; Bi-tone: Black w/ Finish Line Red | Standalone |  |  ;; Bi-tone: Black w/ Bronze Age | Standalone |  | ,Black leather | Standard |  |  ;; Macadamia leather | Standard |  |  ;; Black/Saddle Tan leather | Standard |  | ,21-in. machined-finish 10-spoke alloy wheels with black accents | Standard |  | ,Panoramic fixed-glass roof w/ power sunshade | Standard |  | ,5-passenger; front bucket seats; split-folding rear seatback. Platinum adds 8-way power driver/front-passenger seats w/ memory and power tilt/telescoping steering column.,"Hybrid MAX 2.4L turbocharged 4-cylinder + electric motor(s), 340 hp / 400 lb-ft combined (Toyota-stated), 6-speed direct-shift automatic, full-time electronic AWD | Standard |  | ","Leather-trimmed seats | Standard |  |  ;; Heated front seats | Standard |  |  ;; Ventilated front seats | Standard |  |  ;; Heated steering wheel | Standard |  |  ;; Adaptive cruise control (Dynamic Radar Cruise Control, part of Toyota Safety Sense 3.0) | Standard |  |  ;; Wireless (Qi) charging | Standard |  |  ;; Heated rear seats | Standard |  |  ;; Moonroof/panoramic roof (fixed-glass, power sunshade) | Standard |  |  ;; Head-Up Display (10-in.) | Standard |  | ",,https://www.toyota.com/crown/ ;; https://www.edmunds.com/toyota/crown/2026/trims/ ;; https://www.edmunds.com/toyota/crown/2026/features-specs/ ;; https://www.edmunds.com/toyota/crown/2026/ ;; https://www.wilsonvilletoyota.com/blog/blog/the-2026-toyota-crown-brings-a-blend-of-bold-and-unique-features-to-the-road-ahead/ (dealer-hosted mirror of Toyota's official 2026 Crown press release; pressroom.toyota.com/the-2026-toyota-crown-brings-a-blend-of-bold-and-unique-features-to-the-road-ahead/ returned HTTP 403 to every automated fetch attempt this session),Hybrid MAX powertrain uses a 2.4L turbo engine per Toyota's own materials and 3 independent outlets; one secondary MY2027 source (CarsDirect) separately mis-stated a 2.5L displacement for this same Hybrid MAX unit — see MY2027 Platinum row discrepancy_notes.,"No live browser/Toyota Build & Price access this session (Claude-in-Chrome extension reported 'disconnected' on every retry over several minutes); toyota.com's deep configurator and features paths (/crown/features/, /crown/2026/, /configurator/...) and pressroom.toyota.com returned HTTP 403 to automated fetch, consistent with the tooling gap flagged in this project's Camry/Sienna and Highlander passes. Data sourced from toyota.com's reachable top-level model page, Edmunds' per-trim trims/features-specs pages, and a dealer-hosted verbatim mirror of Toyota's own MY2026 press release. Per-trim restriction of the 3 interior color choices (Black / Macadamia / Black-Saddle Tan) was not itemized by any source reached — listed as available across all trims per Edmunds' un-segmented color list; flagged unconfirmed per-trim. Power trunk/liftgate status not stated by any MY2026 source found for any trim — omitted from common_features rather than guessed (Toyota's MY2027 press mirror explicitly calls out 'hands-free power trunk' as standard on Platinum only, which may or may not apply retroactively to MY2026; not assumed). Bi-tone (Platinum) surcharge amount not found in any source — left blank rather than assumed $0."
Toyota,Crown,XLE Hybrid,2027,AWD,Hybrid,sedan,Oxygen White | Standard |  |  ;; Bronze Age | Standard |  |  ;; Heavy Metal | Standard |  |  ;; Finish Line Red | Standard |  |  ;; Storm Cloud | Standard |  |  ;; Inked (new for MY2027) | Standard |  | ,Black leather | Standard |  |  ;; Macadamia leather | Standard |  |  ;; Black/Saddle Tan leather | Standard |  | ,19-in. alloy wheels (carried from MY2026 spec; not independently re-confirmed for MY2027) | Standard |  | ,Moonroof/panoramic roof (carried from MY2026 spec; not independently re-confirmed for MY2027) | Unavailable |  | ,5-passenger; front bucket seats; split-folding rear seatback (carried forward from MY2026; not independently re-stated for MY2027 in sources reached). Platinum: hands-free power trunk confirmed standard for MY2027 (new/explicitly stated).,"Fifth-generation Toyota Hybrid System (THS 5), 2.5L 4-cylinder + front and rear electric motors, standard electronic on-demand AWD, EPA-est. ~40 mpg combined; hp/torque NOT published by Toyota for this grade as of 2026-09-09 | Standard |  |  ;; Paddle shifters (new for MY2027) | Standard |  | ","Leather-trimmed seats | Standard |  |  ;; Heated front seats | Standard |  |  ;; Ventilated front seats | Standard |  |  ;; Heated steering wheel | Standard |  |  ;; Adaptive cruise control (Dynamic Radar Cruise Control, part of Toyota Safety Sense 3.0) | Standard |  |  ;; Wireless (Qi) charging | Standard |  |  ;; Heated rear seats | Standard |  |  ;; Moonroof/panoramic roof (fixed, panoramic) | Standard |  | ",,https://www.toyota.com/crown/ ;; https://www.autoevolution.com/news/2027-toyota-crown-breaks-cover-with-minimal-upgrades-and-a-slight-price-bump-273247.html ;; https://www.carsdirect.com/toyota/crown/2027 ;; https://autos.yahoo.com/new-vehicles-and-reviews/articles/2027-toyota-crown-gets-smarter-230010801.html ;; https://media.toyota.ca/en/releases/2026/leveling-up-luxury--2027-toyota-crown-adds-next-gen-hybrid-power.html (Toyota Canada newsroom mirror of the US 2027 Crown press release) ;; pressroom.toyota.com/leveling-up-luxury-2027-toyota-crown-adds-next-gen-hybrid-power-and-bold-styling/ (attempted primary source; returned HTTP 403 every attempt),"Three secondary MY2027 pricing sources (autoevolution, carsdirect, Yahoo) each give a different MSRP for XLE ($41,640 / $42,935 / $41,640) though all agree it's only a modest increase over MY2026's $41,440 — not material to this schema (no price column) but flagged since pricing is otherwise a useful cross-check signal for data freshness.","Same tooling gap as MY2026 (no live browser this session; pressroom.toyota.com and toyota.com deep paths 403). Toyota's own MY2027 press release could not be reached directly; a Toyota Canada newsroom mirror of the same release was used, but that release only details Limited and Platinum grades (Canada's Crown lineup appears to omit XLE/Nightshade) — so XLE and Nightshade Hybrid wheel/roof/interior-restriction details for MY2027 are carried forward from confirmed MY2026 figures rather than independently re-confirmed for MY2027; flagged wherever this applies. hp/torque for XLE/Limited/Nightshade Hybrid (THS5) is genuinely unpublished by Toyota as of 2026-09-09 across every source checked (autoevolution, carsdirect, Yahoo/press mirror, Toyota Canada) — consistent with this project's prior MY2027 Toyota research pass; left blank per the no-fabrication rule. Whether solid 'Black' paint remains offered for MY2027 alongside the new 'Inked' color could not be confirmed in any source — omitted rather than guessed (may have been renamed/replaced by Inked, or may still exist alongside it). Saddle Tan leather addition confirmed on Limited by 2 independent sources; a 3rd source (Yahoo/press-derived) additionally claims Platinum also gains Saddle Tan but this was not corroborated elsewhere — included only on the Limited row."
Toyota,Crown,Nightshade Hybrid,2027,AWD,Hybrid,sedan,Oxygen White | Standard |  |  ;; Bronze Age | Standard |  |  ;; Heavy Metal | Standard |  |  ;; Finish Line Red | Standard |  |  ;; Storm Cloud | Standard |  |  ;; Inked (new for MY2027) | Standard |  | ,Black leather | Standard |  |  ;; Macadamia leather | Standard |  |  ;; Black/Saddle Tan leather | Standard |  | ,21-in. matte-black-finish alloy wheels (carried from MY2026 spec; not independently re-confirmed for MY2027) | Standard |  | ,Panoramic fixed-glass roof (carried from MY2026 spec; not independently re-confirmed for MY2027) | Standard |  | ,5-passenger; front bucket seats; split-folding rear seatback (carried forward from MY2026; not independently re-stated for MY2027 in sources reached). Platinum: hands-free power trunk confirmed standard for MY2027 (new/explicitly stated).,"Fifth-generation Toyota Hybrid System (THS 5), 2.5L 4-cylinder + front and rear electric motors, standard electronic on-demand AWD, EPA-est. ~40 mpg combined; hp/torque NOT published by Toyota for this grade as of 2026-09-09 | Standard |  |  ;; Paddle shifters (new for MY2027) | Standard |  | ","Leather-trimmed seats | Standard |  |  ;; Heated front seats | Standard |  |  ;; Ventilated front seats | Standard |  |  ;; Heated steering wheel | Standard |  |  ;; Adaptive cruise control (Dynamic Radar Cruise Control, part of Toyota Safety Sense 3.0) | Standard |  |  ;; Wireless (Qi) charging | Standard |  |  ;; Heated rear seats | Standard |  |  ;; Moonroof/panoramic roof (fixed, panoramic) | Standard |  | ",,https://www.toyota.com/crown/ ;; https://www.autoevolution.com/news/2027-toyota-crown-breaks-cover-with-minimal-upgrades-and-a-slight-price-bump-273247.html ;; https://www.carsdirect.com/toyota/crown/2027 ;; https://autos.yahoo.com/new-vehicles-and-reviews/articles/2027-toyota-crown-gets-smarter-230010801.html ;; https://media.toyota.ca/en/releases/2026/leveling-up-luxury--2027-toyota-crown-adds-next-gen-hybrid-power.html (Toyota Canada newsroom mirror of the US 2027 Crown press release) ;; pressroom.toyota.com/leveling-up-luxury-2027-toyota-crown-adds-next-gen-hybrid-power-and-bold-styling/ (attempted primary source; returned HTTP 403 every attempt),"Secondary sources disagree on Nightshade's MY2027 price relative to Limited: autoevolution has Nightshade priced BELOW Limited ($48,965 vs $49,720, a reversal of the MY2026 ordering where Nightshade > Limited), while CarsDirect keeps Nightshade above Limited ($51,015 vs $50,260, consistent with the MY2026 pattern). Treated as a likely error/typo in one of the two secondary sources; not resolvable without Toyota's own build tool, and not material to this schema's columns.","Same tooling gap as MY2026 (no live browser this session; pressroom.toyota.com and toyota.com deep paths 403). Toyota's own MY2027 press release could not be reached directly; a Toyota Canada newsroom mirror of the same release was used, but that release only details Limited and Platinum grades (Canada's Crown lineup appears to omit XLE/Nightshade) — so XLE and Nightshade Hybrid wheel/roof/interior-restriction details for MY2027 are carried forward from confirmed MY2026 figures rather than independently re-confirmed for MY2027; flagged wherever this applies. hp/torque for XLE/Limited/Nightshade Hybrid (THS5) is genuinely unpublished by Toyota as of 2026-09-09 across every source checked (autoevolution, carsdirect, Yahoo/press mirror, Toyota Canada) — consistent with this project's prior MY2027 Toyota research pass; left blank per the no-fabrication rule. Whether solid 'Black' paint remains offered for MY2027 alongside the new 'Inked' color could not be confirmed in any source — omitted rather than guessed (may have been renamed/replaced by Inked, or may still exist alongside it). Saddle Tan leather addition confirmed on Limited by 2 independent sources; a 3rd source (Yahoo/press-derived) additionally claims Platinum also gains Saddle Tan but this was not corroborated elsewhere — included only on the Limited row."
Toyota,Crown,Limited Hybrid,2027,AWD,Hybrid,sedan,Oxygen White | Standard |  |  ;; Bronze Age | Standard |  |  ;; Heavy Metal | Standard |  |  ;; Finish Line Red | Standard |  |  ;; Storm Cloud | Standard |  |  ;; Inked (new for MY2027) | Standard |  | ,Black leather | Standard |  |  ;; Macadamia leather | Standard |  |  ;; Black/Saddle Tan leather | Standard |  |  ;; Saddle Tan leather (new for MY2027 on Limited) | Standard |  | ,19-in. alloy wheels | Standard |  | ,Fixed panoramic moonroof | Standard |  | ,5-passenger; front bucket seats; split-folding rear seatback (carried forward from MY2026; not independently re-stated for MY2027 in sources reached). Platinum: hands-free power trunk confirmed standard for MY2027 (new/explicitly stated).,"Fifth-generation Toyota Hybrid System (THS 5), 2.5L 4-cylinder + front and rear electric motors, standard electronic on-demand AWD, EPA-est. ~40 mpg combined; hp/torque NOT published by Toyota for this grade as of 2026-09-09 | Standard |  |  ;; Paddle shifters (new for MY2027) | Standard |  | ","Leather-trimmed seats | Standard |  |  ;; Heated front seats | Standard |  |  ;; Ventilated front seats | Standard |  |  ;; Heated steering wheel | Standard |  |  ;; Adaptive cruise control (Dynamic Radar Cruise Control, part of Toyota Safety Sense 3.0) | Standard |  |  ;; Wireless (Qi) charging | Standard |  |  ;; Heated rear seats | Standard |  |  ;; Moonroof/panoramic roof (fixed, panoramic) | Standard |  | ","Advanced Technology Package (carried forward from MY2026; name/eligibility not independently re-confirmed for MY2027, exact MY2027 price not found) | price not confirmed for MY2027 | contents (MY2026 baseline, presumed carried over): Panoramic View Monitor, Digital Key capability, Traffic Jam Assist, Lane Change Assist, Front Cross-Traffic Alert",https://www.toyota.com/crown/ ;; https://www.autoevolution.com/news/2027-toyota-crown-breaks-cover-with-minimal-upgrades-and-a-slight-price-bump-273247.html ;; https://www.carsdirect.com/toyota/crown/2027 ;; https://autos.yahoo.com/new-vehicles-and-reviews/articles/2027-toyota-crown-gets-smarter-230010801.html ;; https://media.toyota.ca/en/releases/2026/leveling-up-luxury--2027-toyota-crown-adds-next-gen-hybrid-power.html (Toyota Canada newsroom mirror of the US 2027 Crown press release) ;; pressroom.toyota.com/leveling-up-luxury-2027-toyota-crown-adds-next-gen-hybrid-power-and-bold-styling/ (attempted primary source; returned HTTP 403 every attempt),None material beyond the general MY2027 pricing variance across secondary sources noted above.,"Same tooling gap as MY2026 (no live browser this session; pressroom.toyota.com and toyota.com deep paths 403). Toyota's own MY2027 press release could not be reached directly; a Toyota Canada newsroom mirror of the same release was used, but that release only details Limited and Platinum grades (Canada's Crown lineup appears to omit XLE/Nightshade) — so XLE and Nightshade Hybrid wheel/roof/interior-restriction details for MY2027 are carried forward from confirmed MY2026 figures rather than independently re-confirmed for MY2027; flagged wherever this applies. hp/torque for XLE/Limited/Nightshade Hybrid (THS5) is genuinely unpublished by Toyota as of 2026-09-09 across every source checked (autoevolution, carsdirect, Yahoo/press mirror, Toyota Canada) — consistent with this project's prior MY2027 Toyota research pass; left blank per the no-fabrication rule. Whether solid 'Black' paint remains offered for MY2027 alongside the new 'Inked' color could not be confirmed in any source — omitted rather than guessed (may have been renamed/replaced by Inked, or may still exist alongside it). Saddle Tan leather addition confirmed on Limited by 2 independent sources; a 3rd source (Yahoo/press-derived) additionally claims Platinum also gains Saddle Tan but this was not corroborated elsewhere — included only on the Limited row."
Toyota,Crown,Platinum Hybrid MAX,2027,AWD,Hybrid,sedan,Oxygen White | Standard |  |  ;; Bronze Age | Standard |  |  ;; Heavy Metal | Standard |  |  ;; Finish Line Red | Standard |  |  ;; Storm Cloud | Standard |  |  ;; Inked (new for MY2027) | Standard |  |  ;; Bi-tone: Black roof w/ Oxygen White | Standalone |  |  ;; Bi-tone: Black roof w/ Heavy Metal | Standalone |  |  ;; Bi-tone: Black roof w/ Finish Line Red | Standalone |  |  ;; Bi-tone: Black roof w/ Bronze Age | Standalone |  | ,Black leather | Standard |  |  ;; Macadamia leather | Standard |  |  ;; Black/Saddle Tan leather | Standard |  | ,21-in. machined 10-spoke alloy wheels with black accents | Standard |  | ,Fixed panoramic moonroof | Standard |  | ,5-passenger; front bucket seats; split-folding rear seatback (carried forward from MY2026; not independently re-stated for MY2027 in sources reached). Platinum: hands-free power trunk confirmed standard for MY2027 (new/explicitly stated).,"Fifth-generation Toyota Hybrid System (THS 5), 2.5L 4-cylinder + front and rear electric motors, standard electronic on-demand AWD, EPA-est. ~40 mpg combined; hp/torque NOT published by Toyota for this grade as of 2026-09-09 | Standard |  |  ;; Paddle shifters (new for MY2027) | Standard |  | ","Leather-trimmed seats | Standard |  |  ;; Heated front seats | Standard |  |  ;; Ventilated front seats | Standard |  |  ;; Heated steering wheel | Standard |  |  ;; Adaptive cruise control (Dynamic Radar Cruise Control, part of Toyota Safety Sense 3.0) | Standard |  |  ;; Wireless (Qi) charging | Standard |  |  ;; Heated rear seats | Standard |  |  ;; Moonroof/panoramic roof (fixed, panoramic) | Standard |  | ",,https://www.toyota.com/crown/ ;; https://www.autoevolution.com/news/2027-toyota-crown-breaks-cover-with-minimal-upgrades-and-a-slight-price-bump-273247.html ;; https://www.carsdirect.com/toyota/crown/2027 ;; https://autos.yahoo.com/new-vehicles-and-reviews/articles/2027-toyota-crown-gets-smarter-230010801.html ;; https://media.toyota.ca/en/releases/2026/leveling-up-luxury--2027-toyota-crown-adds-next-gen-hybrid-power.html (Toyota Canada newsroom mirror of the US 2027 Crown press release) ;; pressroom.toyota.com/leveling-up-luxury-2027-toyota-crown-adds-next-gen-hybrid-power-and-bold-styling/ (attempted primary source; returned HTTP 403 every attempt),"CarsDirect's MY2027 article states the Hybrid MAX engine is a 'turbocharged 2.5L,' which conflicts with Toyota's own press materials and three other independent outlets (autoevolution, Yahoo/press mirror, Toyota Canada newsroom), all of which state 2.4L turbocharged and which also match the MY2026 spec exactly. Treated CarsDirect's 2.5L figure as an error and used 2.4L.","Same tooling gap as MY2026 (no live browser this session; pressroom.toyota.com and toyota.com deep paths 403). Toyota's own MY2027 press release could not be reached directly; a Toyota Canada newsroom mirror of the same release was used, but that release only details Limited and Platinum grades (Canada's Crown lineup appears to omit XLE/Nightshade) — so XLE and Nightshade Hybrid wheel/roof/interior-restriction details for MY2027 are carried forward from confirmed MY2026 figures rather than independently re-confirmed for MY2027; flagged wherever this applies. hp/torque for XLE/Limited/Nightshade Hybrid (THS5) is genuinely unpublished by Toyota as of 2026-09-09 across every source checked (autoevolution, carsdirect, Yahoo/press mirror, Toyota Canada) — consistent with this project's prior MY2027 Toyota research pass; left blank per the no-fabrication rule. Whether solid 'Black' paint remains offered for MY2027 alongside the new 'Inked' color could not be confirmed in any source — omitted rather than guessed (may have been renamed/replaced by Inked, or may still exist alongside it). Saddle Tan leather addition confirmed on Limited by 2 independent sources; a 3rd source (Yahoo/press-derived) additionally claims Platinum also gains Saddle Tan but this was not corroborated elsewhere — included only on the Limited row."
Toyota,Crown Signia,XLE,2026,AWD,Hybrid,SUV,Black | Standard |  |  ;; Storm Cloud | Standard |  |  ;; Oxygen White | Standard |  |  ;; Finish Line Red | Standard |  |  ;; Bronze Age | Standard |  | ,Black leather | Standard |  |  ;; Saddle Tan leather | Standard |  | ,19-in. painted alloy wheels (225/55R19 tires) | Standard |  | ,No sunroof/moonroof offered | Unavailable |  | ,5-passenger; leather-trimmed heated/ventilated front seats with 8-way power adjustment and driver memory; heated outboard rear seats; split-folding rear seatback.,"2.5L 4-cylinder Hybrid (gas/electric), 240 hp / 178 lb-ft combined (Toyota-stated), electronic on-demand AWD, CVT. No Hybrid MAX variant is offered on Crown Signia (Hybrid MAX is Crown sedan Platinum-only) | Standard |  | ",Leather-trimmed seats | Standard |  |  ;; Heated front seats | Standard |  |  ;; Ventilated front seats | Standard |  |  ;; Heated rear seats | Standard |  |  ;; Wireless (Qi) charging | Standard |  |  ;; Moonroof/panoramic roof | Unavailable |  | ,"Advanced Technology Package (Edmunds states available on both XLE and Limited) | $1,865 | contents: Panoramic View Monitor, Lane Change Assist, Traffic Jam Assist, and enhanced parking/front cross-traffic assist (worded slightly differently across 2 dealer sources — core 3 items consistent, 4th item name varies) ;; Preferred Accessory Package | $319-$409 (range given by source, exact price/contents by item not itemized) | contents: not itemized by source",https://www.toyota.com/crownsignia/ ;; https://www.edmunds.com/toyota/crown-signia/2026/trims/ ;; https://www.edmunds.com/toyota/crown-signia/2026/features-specs/ ;; https://www.edmunds.com/toyota/crown-signia/2026/ ;; https://www.toyotaoforlando.com/blogs/6087/2026-toyota-crown-signia ;; https://www.toyotaofclermont.com/blogs/6088/2026-toyota-crown-signia/ ;; https://www.autoblog.com/news/2026-toyota-crown-new-paint-pricing (pressroom.toyota.com/twice-is-nice-toyota-crown-signia-adds-two-tone-paint-for-2026/ attempted as primary; returned HTTP 403),"toyota.com's own XLE feature list explicitly states 'heated and ventilated front seats, and heated rear seats' as standard — this was trusted over any implication that heated rear seats might be a higher-trim-only feature (unlike Crown sedan, where Edmunds explicitly denies heated rear seats on the base XLE grade). Genuinely different standard-equipment pattern between the two nameplates' base grades, not an extraction inconsistency.","Same tooling gap as Crown sedan (no live browser this session; pressroom.toyota.com 403'd every attempt for the 'Twice is Nice' MY2026 two-tone-paint press release). Sourced from toyota.com's reachable crownsignia landing page, Edmunds' trims/features-specs pages, 2 independent Toyota-dealer blog mirrors of Toyota's press materials, and an Autoblog article specifically about the MY2026 pricing change. Heated steering wheel, power liftgate, and adaptive cruise control status could NOT be confirmed specifically for Crown Signia in any source reached this session — omitted from common_features rather than assumed, despite Toyota Safety Sense adaptive cruise being near-universal across the current Toyota lineup. Two-tone paint surcharge amount not found in any of 3 sources checked, including one specifically about MY2026 pricing changes — tagged Standalone with cost left blank rather than assumed $0. Interior color per-trim restriction (Black vs Saddle Tan availability by grade) not itemized by any source — listed as available on both trims per Edmunds' un-segmented color list; flagged unconfirmed per-trim."
Toyota,Crown Signia,Limited,2026,AWD,Hybrid,SUV,Black | Standard |  |  ;; Storm Cloud | Standard |  |  ;; Oxygen White | Standard |  |  ;; Finish Line Red | Standard |  |  ;; Bronze Age | Standard |  |  ;; Bi-tone: Black roof w/ Storm Cloud (new for MY2026) | Standalone |  |  ;; Bi-tone: Black roof w/ Bronze Age (new for MY2026) | Standalone |  |  ;; Bi-tone: Black roof w/ Oxygen White (new for MY2026) | Standalone |  |  ;; Bi-tone: Black roof w/ Finish Line Red (new for MY2026) | Standalone |  | ,Black leather | Standard |  |  ;; Saddle Tan leather | Standard |  | ,21-in. 7-twin-spoke dark-gray-metallic alloy wheels (225/45R21 tires) | Standard |  | ,Panoramic fixed-glass roof with power sunshade | Standard |  | ,5-passenger; leather-trimmed heated/ventilated front seats with 8-way power adjustment and driver memory; heated outboard rear seats; split-folding rear seatback.,"2.5L 4-cylinder Hybrid (gas/electric), 240 hp / 178 lb-ft combined (Toyota-stated), electronic on-demand AWD, CVT. No Hybrid MAX variant is offered on Crown Signia (Hybrid MAX is Crown sedan Platinum-only) | Standard |  | ","Leather-trimmed seats | Standard |  |  ;; Heated front seats | Standard |  |  ;; Ventilated front seats | Standard |  |  ;; Heated rear seats | Standard |  |  ;; Wireless (Qi) charging | Standard |  |  ;; Moonroof/panoramic roof (fixed-glass, power sunshade) | Standard |  | ","Advanced Technology Package (Edmunds states available on both XLE and Limited) | $1,865 | contents: Panoramic View Monitor, Lane Change Assist, Traffic Jam Assist, and enhanced parking/front cross-traffic assist (worded slightly differently across 2 dealer sources — core 3 items consistent, 4th item name varies) ;; Preferred Accessory Package | $319-$409 (range given by source, exact price/contents by item not itemized) | contents: not itemized by source",https://www.toyota.com/crownsignia/ ;; https://www.edmunds.com/toyota/crown-signia/2026/trims/ ;; https://www.edmunds.com/toyota/crown-signia/2026/features-specs/ ;; https://www.edmunds.com/toyota/crown-signia/2026/ ;; https://www.toyotaoforlando.com/blogs/6087/2026-toyota-crown-signia ;; https://www.toyotaofclermont.com/blogs/6088/2026-toyota-crown-signia/ ;; https://www.autoblog.com/news/2026-toyota-crown-new-paint-pricing (pressroom.toyota.com/twice-is-nice-toyota-crown-signia-adds-two-tone-paint-for-2026/ attempted as primary; returned HTTP 403),"MSRP cross-check only (not a schema field): toyota.com's own crownsignia page (~$44,490 / $48,890) vs. the matchmaker dataset's existing MY2026 figures (~$44,690 / $49,090) vs. Autoblog's dedicated MY2026-pricing article ($44,390 / $48,790) disagree by $100-$300 per trim across all three. Toyota's own site was treated as most authoritative where reachable; the ~$200-300 spread across sources was not resolved and is noted here for awareness even though price is outside this CSV's schema.","Same tooling gap as Crown sedan (no live browser this session; pressroom.toyota.com 403'd every attempt for the 'Twice is Nice' MY2026 two-tone-paint press release). Sourced from toyota.com's reachable crownsignia landing page, Edmunds' trims/features-specs pages, 2 independent Toyota-dealer blog mirrors of Toyota's press materials, and an Autoblog article specifically about the MY2026 pricing change. Heated steering wheel, power liftgate, and adaptive cruise control status could NOT be confirmed specifically for Crown Signia in any source reached this session — omitted from common_features rather than assumed, despite Toyota Safety Sense adaptive cruise being near-universal across the current Toyota lineup. Two-tone paint surcharge amount not found in any of 3 sources checked, including one specifically about MY2026 pricing changes — tagged Standalone with cost left blank rather than assumed $0. Interior color per-trim restriction (Black vs Saddle Tan availability by grade) not itemized by any source — listed as available on both trims per Edmunds' un-segmented color list; flagged unconfirmed per-trim."
Toyota,Corolla,LE,2027,FWD,Gas,sedan,Blueprint | Standalone |  |  ;; Classic Silver Metallic | Standalone |  |  ;; Ruby Flare Pearl | Standalone |  |  ;; Inked | Standalone |  |  ;; Underground | Standalone |  |  ;; Celestite Gray Metallic | Standalone |  |  ;; Wind Chill Pearl | Standalone |  |  ;; Ice Cap | Standalone |  | ,Light Gray Cloth | Standard | $0 |  ;; Macadamia/Mocha Cloth | Standard | $0 |  ;; Black Cloth | Standard | $0 | ,16-in. steel wheels with full wheel covers | Standard | $0 |  ;; 16-in. alloy wheels | Package-only | included | LE Premium Package,Moonroof/Sunroof | Unavailable |  | ,"5-passenger, 2-row seating; bucket front seats with 6-way manual driver's seat (height-adjustable) and 4-way manual front passenger seat; fixed configuration, no seating options offered on this trim.","2.0L 4-cyl. Dynamic Force gas engine (169 hp), CVT, Front-Wheel Drive only -- no AWD is offered on any gas Corolla trim (AWD is hybrid-only across the Corolla lineup).","Leather seating | Unavailable (cloth only; Corolla never offers genuine leather, only SofTex synthetic on upper trims) |  |  ;; Heated seats | Unconfirmed/not listed as standard |  |  ;; Heated steering wheel | Unconfirmed/not listed as standard |  |  ;; Adaptive cruise control | Standard | $0 |  ;; Wireless charging | Unconfirmed (not itemized by Edmunds' MY2027 LE features-specs page; likely bundled in LE Premium Package by analogy to the Hybrid LE Premium Package, but not independently confirmed for gas LE) |  |  ;; Moonroof | Unavailable |  | ","LE Premium Package | $1,135 | contents: not itemized by Edmunds for gas LE specifically; the identically-priced Hybrid LE Premium Package (confirmed via CarsDirect/toyota.com-sourced content) contains push-button start, Smart Key System, 16-in. alloy wheels, and wireless phone charging -- applied here by reasonable cross-reference only, not independently itemized for the gas LE trim ;; Preferred Accessory Package w/ All-Weather Floor Liners | $682 | contents: not itemized by source ;; Body Protection Package | $535 | contents: not itemized by source ;; Carpet Mat Package | $309 | contents: not itemized by source",https://edmunds.com/toyota/corolla/2027/sedan/features-specs ; https://www.edmunds.com/toyota/corolla/2027/ ; https://www.westsidetoyota.com/2027-toyota-corolla-color-options/ ; https://www.plazatoyota.com/2027-toyota-corolla-whats-new-release-date-and-pricing-for-nyc-drivers.htm ; https://www.carsdirect.com/toyota/corolla/2027/colors,"No material pricing conflicts found across Edmunds, CarsDirect-derived, and dealer-editorial sources for gas LE ($23,325 base MSRP agrees everywhere). Toyota's own live Build & Price configurator could not be reached this session: the Claude-in-Chrome browser extension reported 'disconnected' on every tabs_context_mcp/navigate/tabs_create_mcp attempt across 6 retries spanning ~2 minutes (matching the exact failure mode the sibling Corolla Cross MY2026 pass hit), and direct automated fetches of toyota.com/configurator/... and pressroom.toyota.com URLs all returned HTTP 403 (bot protection). This is a tooling/access gap, not evidence that Toyota has withheld MY2027 Corolla from its configurator -- third-party sources confirm MY2027 Corolla (sedan, hybrid, and hatchback) is live and on sale now. Per the brief's approved fallback, this pass used Edmunds' live MY2027 features-specs pages, Toyota's own CarsDirect-mirrored spec sheet (toyota.com/vehicles/corolla/2027 content), a real dealer window-sticker page (Keith Pierson Toyota, VIN 5YFS4MCE4VP36B065, a specific in-stock 2027 Corolla SE), and Toyota-affiliated/dealer editorial pages (Plaza Toyota, Westside Toyota, Legends Toyota, Liberty Toyota) as the primary sources, cross-checked against KBB, Cars.com, MotorWeek, and Yahoo Autos.","Per-color extra-cost is confirmed only for Wind Chill Pearl on the SE trim ($475, via an actual dealer window-sticker page); LE-specific per-color surcharges were not found in any MY2027 source and are left blank rather than assumed from the MY2026 pattern. Heated seats/heated steering wheel/wireless charging status for gas LE were not explicitly stated by any MY2027 source found (Edmunds' own scrape said 'not listed'), so these are marked Unconfirmed rather than guessed as Unavailable."
Toyota,Corolla,SE,2027,FWD,Gas,sedan,Wind Chill Pearl | Standalone | +$475 |  ;; Blueprint | Standalone |  |  ;; Classic Silver Metallic | Standalone |  |  ;; Ruby Flare Pearl | Standalone |  |  ;; Inked | Standalone |  |  ;; Underground | Standalone |  |  ;; Celestite Gray Metallic | Standalone |  |  ;; Ice Cap | Standalone |  | ,"Moonstone Premium Fabric | Standard | $0 |  ;; Black/Red Premium Fabric | Unconfirmed for MY2027 (matches the MY2026 SE Hybrid interior pairing by analogy, not independently confirmed for MY2027 gas SE) |  | ","18-in. alloy wheels, graphite-colored finish, P225/40R18 tires | Standard | $0 | ",Moonroof/Sunroof | Unavailable |  | ,"5-passenger, 2-row seating with sport-styled front seats; fixed configuration, no seating options offered on this trim.","2.0L 4-cyl. Dynamic Force gas engine (169 hp), CVT, Front-Wheel Drive only -- no AWD is offered on any gas Corolla trim.","Leather seating | Unavailable (Premium Fabric only) |  |  ;; Heated seats | Unconfirmed/not listed on the dealer window sticker checked |  |  ;; Heated steering wheel | Unconfirmed/not listed on the dealer window sticker checked |  |  ;; Adaptive cruise control | Standard (Full-Speed Range Dynamic Radar Cruise Control) | $0 |  ;; Wireless charging | Unconfirmed for sedan SE (dealer sticker checked did not list it as included; may be Package-only via an SE Premium Package as on the hatchback, but a sedan-specific SE Premium Package price/content was not found) |  |  ;; Moonroof | Unavailable |  | ",SE Premium Package | price not found for the sedan SE specifically (the sedan SE window sticker checked showed no such package installed; the same-named hatchback SE Premium Package is $800 and the MY2026 SE Hybrid Premium Package was $965 -- these differ by body style/powertrain so are not substituted here) | contents: unknown for sedan gas SE,https://www.keithpiersontoyota.com/new-Jacksonville-2027-Toyota-Corolla-SE-5YFS4MCE4VP36B065 ; https://www.westsidetoyota.com/2027-toyota-corolla-color-options/ ; https://edmunds.com/toyota/corolla/2027/sedan/features-specs,"The one directly-sourced real vehicle (a specific in-stock VIN at a Toyota dealer) shows a $475 'Premium Paint' surcharge tied to Wind Chill Pearl, matching the MY2026 pilot's finding of the same surcharge on the same color -- no conflict. Toyota's own live Build & Price configurator could not be reached this session: the Claude-in-Chrome browser extension reported 'disconnected' on every tabs_context_mcp/navigate/tabs_create_mcp attempt across 6 retries spanning ~2 minutes (matching the exact failure mode the sibling Corolla Cross MY2026 pass hit), and direct automated fetches of toyota.com/configurator/... and pressroom.toyota.com URLs all returned HTTP 403 (bot protection). This is a tooling/access gap, not evidence that Toyota has withheld MY2027 Corolla from its configurator -- third-party sources confirm MY2027 Corolla (sedan, hybrid, and hatchback) is live and on sale now. Per the brief's approved fallback, this pass used Edmunds' live MY2027 features-specs pages, Toyota's own CarsDirect-mirrored spec sheet (toyota.com/vehicles/corolla/2027 content), a real dealer window-sticker page (Keith Pierson Toyota, VIN 5YFS4MCE4VP36B065, a specific in-stock 2027 Corolla SE), and Toyota-affiliated/dealer editorial pages (Plaza Toyota, Westside Toyota, Legends Toyota, Liberty Toyota) as the primary sources, cross-checked against KBB, Cars.com, MotorWeek, and Yahoo Autos.","SE Premium Package pricing/contents for the SEDAN body style specifically could not be confirmed by any MY2027 source found in this pass (only the hatchback SE Premium Package, $800, was confirmed); left as an open gap rather than assumed equal to the hatchback or to MY2026's $965 hybrid figure."
Toyota,Corolla,XSE,2027,FWD,Gas,sedan,"Wind Chill Pearl | Standalone | +$475 (confirmed on SE; assumed same surcharge tier on XSE per MY2026 pattern, not independently re-confirmed on an XSE sticker) |  ;; Blueprint | Standalone |  |  ;; Classic Silver Metallic | Standalone |  |  ;; Ruby Flare Pearl | Standalone |  |  ;; Inked | Standalone |  |  ;; Underground | Standalone |  |  ;; Celestite Gray Metallic | Standalone |  |  ;; Ice Cap | Standalone |  | ","Heated SofTex (synthetic leather) | Standard | $0 | (specific color-name pairings, e.g. Black/Macadamia, not confirmed for MY2027 XSE gas sedan)",18-in. alloy wheels | Standard | $0 | (exact finish name not confirmed for the gas XSE sedan specifically),1st-row power glass moonroof | Standard | $0 | ,"5-passenger, 2-row seating with 8-way power-adjustable, heated driver's seat (SofTex trim); fixed configuration, no seating options offered on this trim.","2.0L 4-cyl. Dynamic Force gas engine (169 hp), CVT, Front-Wheel Drive only -- no AWD is offered on any gas Corolla trim.","Leather seating | Standard (SofTex synthetic leather -- no genuine leather offered on Corolla) | $0 |  ;; Heated seats | Standard | $0 |  ;; Heated steering wheel | Unconfirmed -- not directly mentioned by any MY2027 source found |  |  ;; Adaptive cruise control | Standard | $0 |  ;; Wireless charging | Unconfirmed for gas sedan XSE specifically (standard on the confirmed hatchback SE trim and typically bundled with the 10.5-in. touchscreen XSE gets standard, but not independently confirmed by name for the sedan XSE) |  |  ;; Moonroof | Standard | $0 | ","No packages found/needed -- XSE gas sedan appears to bundle its distinguishing features (moonroof, heated SofTex, 12.3-in. cluster, 10.5-in. screen, paddle shifters) as standard equipment rather than in an optional package, per the dealer trim-highlights summary used as a source.",https://www.plazatoyota.com/2027-toyota-corolla-whats-new-release-date-and-pricing-for-nyc-drivers.htm ; https://www.westsidetoyota.com/2027-toyota-corolla-color-options/,"Toyota's own live Build & Price configurator could not be reached this session: the Claude-in-Chrome browser extension reported 'disconnected' on every tabs_context_mcp/navigate/tabs_create_mcp attempt across 6 retries spanning ~2 minutes (matching the exact failure mode the sibling Corolla Cross MY2026 pass hit), and direct automated fetches of toyota.com/configurator/... and pressroom.toyota.com URLs all returned HTTP 403 (bot protection). This is a tooling/access gap, not evidence that Toyota has withheld MY2027 Corolla from its configurator -- third-party sources confirm MY2027 Corolla (sedan, hybrid, and hatchback) is live and on sale now. Per the brief's approved fallback, this pass used Edmunds' live MY2027 features-specs pages, Toyota's own CarsDirect-mirrored spec sheet (toyota.com/vehicles/corolla/2027 content), a real dealer window-sticker page (Keith Pierson Toyota, VIN 5YFS4MCE4VP36B065, a specific in-stock 2027 Corolla SE), and Toyota-affiliated/dealer editorial pages (Plaza Toyota, Westside Toyota, Legends Toyota, Liberty Toyota) as the primary sources, cross-checked against KBB, Cars.com, MotorWeek, and Yahoo Autos.",This row leans on one dealer-editorial summary (Plaza Toyota) for its trim-highlights content since Edmunds' and Cars.com's MY2027 sedan pages did not break out SE/XSE-specific feature tables the way they did for the hatchback; heated steering wheel and wireless-charging status are left Unconfirmed rather than guessed.
Toyota,Corolla,LE Hybrid,2027,FWD,Hybrid,sedan,Blueprint | Standalone |  |  ;; Classic Silver Metallic | Standalone |  |  ;; Ruby Flare Pearl | Standalone |  |  ;; Inked | Standalone |  |  ;; Underground | Standalone |  |  ;; Celestite Gray Metallic | Standalone |  |  ;; Wind Chill Pearl | Standalone | +$475 (confirmed price tier on gas SE; not independently re-confirmed on a Hybrid LE sticker) |  ;; Ice Cap | Standalone |  | ,Cloth upholstery (color choices not itemized by name in any MY2027 hybrid-specific source found) | Standard | $0 | ,16-in. steel or alloy wheels (source states both without separating by config) | Standard/Unconfirmed split | $0 |  ;; 16-in. alloy wheels | Package-only | included | LE Premium Package,Moonroof/Sunroof | Unavailable |  | ,"5-passenger, 2-row seating with 60/40 split-folding rear bench; fixed configuration, no seating options offered on this trim.","1.8L 4-cyl. hybrid engine (138 hp combined), ECVT; Front-Wheel Drive is standard, All-Wheel Drive (Electronic On-Demand AWD) is offered as a selectable option on this same trim for +$1,400 -- confirmed directly by a toyota.com-sourced trim page ('All-wheel drive is available on the LE and SE for $1,400') and by CarsDirect listing 'LE 4dr All-Wheel Drive Sedan' as a distinct style.","Leather seating | Unavailable (cloth only) |  |  ;; Heated seats | Unconfirmed/likely Unavailable (not mentioned; matches MY2026 LE Hybrid, which was Unavailable) |  |  ;; Heated steering wheel | Unconfirmed/likely Unavailable (not mentioned; matches MY2026 LE Hybrid, which was Unavailable) |  |  ;; Adaptive cruise control | Standard | $0 |  ;; Wireless charging | Package-only | included | LE Premium Package ;; Moonroof | Unavailable |  | ","LE Premium Package | $1,135 | contents: push-button start, Smart Key System, 16-in. alloy wheels, wireless phone charging pad",https://www.carsdirect.com/toyota/corolla-hybrid/2027 ; https://www.carsdirect.com/toyota/corolla-hybrid/2027/specs ; https://autos.yahoo.com/new-vehicles-and-reviews/articles/2027-toyota-corolla-trims-one-140000493.html ; https://www.plazatoyota.com/2027-toyota-corolla-whats-new-release-date-and-pricing-for-nyc-drivers.htm,"Base MSRP reconciles cleanly across sources once the destination fee is accounted for: Plaza Toyota/Yahoo state $25,175 (base MSRP), CarsDirect states $26,470, and $25,175 + $1,295 destination = $26,470 exactly -- not a real conflict, just different price bases. IMPORTANT: the task brief's premise that MY2027 adds an AWD hybrid option 'not present in MY2026' does NOT hold up -- this project's own MY2026 Corolla pilot data (toyota-configurator-pilot-2026-09-09.csv) shows Toyota's MY2026 configurator already offered AWD as a same-trim-page selectable option on both LE Hybrid and SE Hybrid at the identical +$1,400 price point confirmed here for MY2027. What appears new/different for MY2027 is packaging, not availability: third-party trim trackers (CarsDirect's own spec-page trim list, individual dealer inventory VINs at Holman/Toyota West/Walser/Tonkin) now enumerate 'SE 4dr All-Wheel Drive Sedan' as a fully separate style/trim line item, whereas MY2026 Toyota's own build tool presented it as an AWD toggle within one LE Hybrid / SE Hybrid trim tile rather than a distinct trim. The AWD hybrid option itself (SE Hybrid AWD, +$1,400, Electronic On-Demand AWD with flat trunk floor) IS real and on sale for MY2027 -- confirmed independently by CarsDirect (toyota.com-sourced trim list showing 'SE 4dr All-Wheel Drive Sedan' as a distinct style) and by Plaza Toyota's dealer price sheet ($29,015 AWD vs $27,615 FWD = exactly $1,400, matching the AWD upcharge CarsDirect's toyota.com-sourced content states explicitly: 'All-wheel drive is available on the LE and SE for $1,400') -- it just is not a new-for-2027 feature the way the brief assumed. Toyota's own live Build & Price configurator could not be reached this session: the Claude-in-Chrome browser extension reported 'disconnected' on every tabs_context_mcp/navigate/tabs_create_mcp attempt across 6 retries spanning ~2 minutes (matching the exact failure mode the sibling Corolla Cross MY2026 pass hit), and direct automated fetches of toyota.com/configurator/... and pressroom.toyota.com URLs all returned HTTP 403 (bot protection). This is a tooling/access gap, not evidence that Toyota has withheld MY2027 Corolla from its configurator -- third-party sources confirm MY2027 Corolla (sedan, hybrid, and hatchback) is live and on sale now. Per the brief's approved fallback, this pass used Edmunds' live MY2027 features-specs pages, Toyota's own CarsDirect-mirrored spec sheet (toyota.com/vehicles/corolla/2027 content), a real dealer window-sticker page (Keith Pierson Toyota, VIN 5YFS4MCE4VP36B065, a specific in-stock 2027 Corolla SE), and Toyota-affiliated/dealer editorial pages (Plaza Toyota, Westside Toyota, Legends Toyota, Liberty Toyota) as the primary sources, cross-checked against KBB, Cars.com, MotorWeek, and Yahoo Autos.",Exact interior color names and a clean steel-vs-alloy wheel split for the base LE Hybrid were not found in any MY2027 source (CarsDirect's own spec page hedges with '16-inch steel or aluminum wheels' without saying which is standard) -- left partially unconfirmed rather than assumed identical to the gas LE.
Toyota,Corolla,SE Hybrid,2027,FWD,Hybrid,sedan,"Blueprint | Standalone |  |  ;; Classic Silver Metallic | Standalone |  |  ;; Ruby Flare Pearl | Standalone |  |  ;; Inked | Standalone |  |  ;; Underground | Standalone |  |  ;; Celestite Gray Metallic | Standalone |  |  ;; Wind Chill Pearl | Standalone | +$475 (confirmed tier on gas SE; not independently re-confirmed on an SE Hybrid sticker) |  ;; Ice Cap | Standalone | $0 |  ;; Supersonic Red | Package-only | included | 60th Anniversary Special Edition (exclusive to this 2,500-unit special edition, based on SE Hybrid; not orderable as a standalone color on regular SE Hybrid)",Sport fabric upholstery (specific color-pair names not itemized for the regular SE Hybrid in any MY2027 source found; the 60th Anniversary Special Edition specifically uses Black/Red sport fabric) | Standard | $0 | ,"18-in. painted alloy wheels (gray finish, by analogy to the gas SE and the MY2026 SE Hybrid; not independently re-confirmed on an MY2027 SE Hybrid source) | Standard | $0 | ",Moonroof/Sunroof | Unavailable |  | ,"5-passenger, 2-row seating with sport front seats; fixed configuration, no seating options offered on this trim.","1.8L 4-cyl. hybrid engine (138 hp combined), ECVT; Front-Wheel Drive is standard, All-Wheel Drive (Electronic On-Demand AWD) is offered as a selectable option on this same trim for +$1,400 -- see SE Hybrid AWD row for the priced-out AWD configuration.","Leather seating | Unavailable (sport fabric only) |  |  ;; Heated seats | Unconfirmed/likely Unavailable (not mentioned; matches MY2026 SE Hybrid, which was Unavailable) |  |  ;; Heated steering wheel | Unconfirmed/likely Unavailable (not mentioned; matches MY2026 SE Hybrid, which was Unavailable) |  |  ;; Adaptive cruise control | Standard | $0 |  ;; Wireless charging | Package-only (by analogy to MY2026's identically-priced SE Premium Package; price confirmed for MY2027 but exact contents not independently re-itemized this cycle) | included | SE Premium Package ;; Moonroof | Unavailable |  | ","SE Premium Package | $965 | contents: not independently re-itemized by an MY2027 source this pass; price matches the MY2026 SE Hybrid Premium Package exactly, whose confirmed MY2026 contents were a 10.5-in. touchscreen, 12.3-in. digital instrument cluster, and wireless phone charging -- carried forward here by direct price match, flagged as not independently re-verified for MY2027","https://www.carsdirect.com/toyota/corolla-hybrid/2027 ; https://www.plazatoyota.com/2027-toyota-corolla-whats-new-release-date-and-pricing-for-nyc-drivers.htm ; https://pressroom.toyota.com/built-for-generations-toyota-corolla-celebrates-60-years-with-2027-special-edition/ (title/existence confirmed via search; full content not fetchable, see fallback note)","Base MSRP reconciles cleanly across sources once destination is added: Plaza Toyota states $27,615 base, CarsDirect states $28,910, and $27,615 + $1,295 = $28,910 exactly. IMPORTANT: the task brief's premise that MY2027 adds an AWD hybrid option 'not present in MY2026' does NOT hold up -- this project's own MY2026 Corolla pilot data (toyota-configurator-pilot-2026-09-09.csv) shows Toyota's MY2026 configurator already offered AWD as a same-trim-page selectable option on both LE Hybrid and SE Hybrid at the identical +$1,400 price point confirmed here for MY2027. What appears new/different for MY2027 is packaging, not availability: third-party trim trackers (CarsDirect's own spec-page trim list, individual dealer inventory VINs at Holman/Toyota West/Walser/Tonkin) now enumerate 'SE 4dr All-Wheel Drive Sedan' as a fully separate style/trim line item, whereas MY2026 Toyota's own build tool presented it as an AWD toggle within one LE Hybrid / SE Hybrid trim tile rather than a distinct trim. The AWD hybrid option itself (SE Hybrid AWD, +$1,400, Electronic On-Demand AWD with flat trunk floor) IS real and on sale for MY2027 -- confirmed independently by CarsDirect (toyota.com-sourced trim list showing 'SE 4dr All-Wheel Drive Sedan' as a distinct style) and by Plaza Toyota's dealer price sheet ($29,015 AWD vs $27,615 FWD = exactly $1,400, matching the AWD upcharge CarsDirect's toyota.com-sourced content states explicitly: 'All-wheel drive is available on the LE and SE for $1,400') -- it just is not a new-for-2027 feature the way the brief assumed. Toyota's own live Build & Price configurator could not be reached this session: the Claude-in-Chrome browser extension reported 'disconnected' on every tabs_context_mcp/navigate/tabs_create_mcp attempt across 6 retries spanning ~2 minutes (matching the exact failure mode the sibling Corolla Cross MY2026 pass hit), and direct automated fetches of toyota.com/configurator/... and pressroom.toyota.com URLs all returned HTTP 403 (bot protection). This is a tooling/access gap, not evidence that Toyota has withheld MY2027 Corolla from its configurator -- third-party sources confirm MY2027 Corolla (sedan, hybrid, and hatchback) is live and on sale now. Per the brief's approved fallback, this pass used Edmunds' live MY2027 features-specs pages, Toyota's own CarsDirect-mirrored spec sheet (toyota.com/vehicles/corolla/2027 content), a real dealer window-sticker page (Keith Pierson Toyota, VIN 5YFS4MCE4VP36B065, a specific in-stock 2027 Corolla SE), and Toyota-affiliated/dealer editorial pages (Plaza Toyota, Westside Toyota, Legends Toyota, Liberty Toyota) as the primary sources, cross-checked against KBB, Cars.com, MotorWeek, and Yahoo Autos.","SE Premium Package contents and per-trim interior color names were not independently re-confirmed for MY2027 (the exact $965 price match to MY2026 is the strongest available evidence they are unchanged, but this is inference, not direct confirmation). The 60th Anniversary Special Edition's existence, base trim (SE Hybrid), colors, and 2,500-unit run are confirmed via Toyota's own press-release title and a dealer summary that paraphrases it, but the full press release text could not be fetched (pressroom.toyota.com returned 403 to every fetch attempt)."
Toyota,Corolla,SE Hybrid,2027,AWD,Hybrid,sedan,Same color lineup as SE Hybrid FWD (no AWD-specific color restrictions found in any source) | Standalone |  | see SE Hybrid FWD row for the full list,Same as SE Hybrid FWD (no AWD-specific interior restrictions found in any source) | Standard | $0 | ,Same 18-in. alloy wheels as SE Hybrid FWD (no AWD-specific wheel found in any source) | Standard | $0 | ,Moonroof/Sunroof | Unavailable |  | ,"5-passenger, 2-row seating with sport front seats; same as SE Hybrid FWD -- AWD hardware does not change seating capacity, though it does add a raised, non-flat trunk floor per the analogous LE Hybrid AWD note (not independently re-confirmed for SE Hybrid AWD specifically).","1.8L 4-cyl. hybrid engine (138 hp combined) paired with Electronic On-Demand All-Wheel Drive, ECVT; a factory option on the SE Hybrid trim for +$1,400 over FWD, priced at $29,015 total base MSRP ($27,615 FWD + $1,400) -- confirmed by Plaza Toyota's price sheet and corroborated by a toyota.com-sourced statement ('All-wheel drive is available on the LE and SE for $1,400') and by CarsDirect independently listing 'SE 4dr All-Wheel Drive Sedan' as a distinct trim/style.",Leather seating | Unavailable (sport fabric only) |  |  ;; Heated seats | Unconfirmed/likely Unavailable (no AWD-specific change found; matches FWD SE Hybrid) |  |  ;; Heated steering wheel | Unconfirmed/likely Unavailable (no AWD-specific change found) |  |  ;; Adaptive cruise control | Standard | $0 |  ;; Wireless charging | Package-only (same as FWD SE Hybrid) | included | SE Premium Package ;; Moonroof | Unavailable |  | ,"SE Premium Package | $965 | contents: same caveat as the FWD SE Hybrid row -- not independently re-itemized for MY2027, carried forward from the identically-priced MY2026 package (10.5-in. touchscreen, 12.3-in. digital cluster, wireless charging)",https://www.plazatoyota.com/2027-toyota-corolla-whats-new-release-date-and-pricing-for-nyc-drivers.htm ; https://www.carsdirect.com/toyota/corolla-hybrid/2027 ; https://www.carsdirect.com/toyota/corolla-hybrid/2027/specs,"IMPORTANT: the task brief's premise that MY2027 adds an AWD hybrid option 'not present in MY2026' does NOT hold up -- this project's own MY2026 Corolla pilot data (toyota-configurator-pilot-2026-09-09.csv) shows Toyota's MY2026 configurator already offered AWD as a same-trim-page selectable option on both LE Hybrid and SE Hybrid at the identical +$1,400 price point confirmed here for MY2027. What appears new/different for MY2027 is packaging, not availability: third-party trim trackers (CarsDirect's own spec-page trim list, individual dealer inventory VINs at Holman/Toyota West/Walser/Tonkin) now enumerate 'SE 4dr All-Wheel Drive Sedan' as a fully separate style/trim line item, whereas MY2026 Toyota's own build tool presented it as an AWD toggle within one LE Hybrid / SE Hybrid trim tile rather than a distinct trim. The AWD hybrid option itself (SE Hybrid AWD, +$1,400, Electronic On-Demand AWD with flat trunk floor) IS real and on sale for MY2027 -- confirmed independently by CarsDirect (toyota.com-sourced trim list showing 'SE 4dr All-Wheel Drive Sedan' as a distinct style) and by Plaza Toyota's dealer price sheet ($29,015 AWD vs $27,615 FWD = exactly $1,400, matching the AWD upcharge CarsDirect's toyota.com-sourced content states explicitly: 'All-wheel drive is available on the LE and SE for $1,400') -- it just is not a new-for-2027 feature the way the brief assumed. Pricing itself reconciles cleanly: $27,615 (FWD base) + $1,400 (AWD upcharge) = $29,015, matching Plaza Toyota's directly-quoted AWD price exactly, and $29,015 + $1,295 destination = $30,310, close to (not independently checked against) any single all-in AWD figure. Toyota's own live Build & Price configurator could not be reached this session: the Claude-in-Chrome browser extension reported 'disconnected' on every tabs_context_mcp/navigate/tabs_create_mcp attempt across 6 retries spanning ~2 minutes (matching the exact failure mode the sibling Corolla Cross MY2026 pass hit), and direct automated fetches of toyota.com/configurator/... and pressroom.toyota.com URLs all returned HTTP 403 (bot protection). This is a tooling/access gap, not evidence that Toyota has withheld MY2027 Corolla from its configurator -- third-party sources confirm MY2027 Corolla (sedan, hybrid, and hatchback) is live and on sale now. Per the brief's approved fallback, this pass used Edmunds' live MY2027 features-specs pages, Toyota's own CarsDirect-mirrored spec sheet (toyota.com/vehicles/corolla/2027 content), a real dealer window-sticker page (Keith Pierson Toyota, VIN 5YFS4MCE4VP36B065, a specific in-stock 2027 Corolla SE), and Toyota-affiliated/dealer editorial pages (Plaza Toyota, Westside Toyota, Legends Toyota, Liberty Toyota) as the primary sources, cross-checked against KBB, Cars.com, MotorWeek, and Yahoo Autos.","CONFIRMS the SE Hybrid AWD trim is real for MY2027 (this is the key finding the brief asked to verify) via two independent sources (Plaza Toyota pricing + CarsDirect's separate style listing) plus a toyota.com-sourced general statement about AWD pricing. However, no source was found that documents AWD-specific differences in colors, wheels, or interior beyond the drivetrain/price itself, so those columns are marked as 'same as FWD' by absence of any stated difference, not by direct confirmation of parity."
Toyota,Corolla,XLE Hybrid,2027,FWD,Hybrid,sedan,Blueprint | Standalone |  |  ;; Classic Silver Metallic | Standalone |  |  ;; Ruby Flare Pearl | Standalone |  |  ;; Inked | Standalone |  |  ;; Underground | Standalone |  |  ;; Celestite Gray Metallic | Standalone |  |  ;; Wind Chill Pearl | Standalone | +$475 (confirmed tier on gas SE; not independently re-confirmed on an XLE Hybrid sticker) |  ;; Ice Cap | Standalone |  | ,"SofTex (synthetic leather) upholstery (specific color-pair names, e.g. Black/Macadamia-Mocha as in MY2026, not independently re-confirmed for MY2027 XLE Hybrid) | Standard | $0 | ",16-in. alloy wheels | Standard | $0 | ,1st-row power glass moonroof | Standard | $0 | ,"5-passenger, 2-row seating with a power-adjustable driver's seat; fixed configuration, no seating options offered on this trim.","1.8L 4-cyl. hybrid engine (138 hp combined), ECVT, Front-Wheel Drive only -- no AWD option is offered on this trim (confirmed by CarsDirect's spec-page trim list, which shows only 'XLE 4dr Front-Wheel Drive Sedan' with no AWD counterpart, matching the MY2026 pattern).","Leather seating | Standard (SofTex synthetic leather -- no genuine leather offered on Corolla) | $0 |  ;; Heated seats | Standard | $0 |  ;; Heated steering wheel | Unconfirmed -- not directly mentioned by any MY2027 source found |  |  ;; Adaptive cruise control | Standard | $0 |  ;; Wireless charging | Unconfirmed for MY2027 specifically (standard on MY2026 XLE Hybrid per the pilot data, and the top trim's 10.5-in. touchscreen typically bundles it, but not independently re-confirmed this pass) |  |  ;; Moonroof | Standard | $0 | ","No packages found/needed for MY2027 XLE Hybrid -- its distinguishing features (moonroof, SofTex, heated seats, 8-way power driver's seat) appear to be standard equipment rather than optional, consistent with the MY2026 pattern.",https://www.carsdirect.com/toyota/corolla-hybrid/2027 ; https://www.carsdirect.com/toyota/corolla-hybrid/2027/specs ; https://www.plazatoyota.com/2027-toyota-corolla-whats-new-release-date-and-pricing-for-nyc-drivers.htm,"Base MSRP reconciles cleanly: Plaza Toyota states $29,540 base, CarsDirect states $30,835, and $29,540 + $1,295 destination = $30,835 exactly. No AWD option found for this trim in any source, consistent across all sources checked. Toyota's own live Build & Price configurator could not be reached this session: the Claude-in-Chrome browser extension reported 'disconnected' on every tabs_context_mcp/navigate/tabs_create_mcp attempt across 6 retries spanning ~2 minutes (matching the exact failure mode the sibling Corolla Cross MY2026 pass hit), and direct automated fetches of toyota.com/configurator/... and pressroom.toyota.com URLs all returned HTTP 403 (bot protection). This is a tooling/access gap, not evidence that Toyota has withheld MY2027 Corolla from its configurator -- third-party sources confirm MY2027 Corolla (sedan, hybrid, and hatchback) is live and on sale now. Per the brief's approved fallback, this pass used Edmunds' live MY2027 features-specs pages, Toyota's own CarsDirect-mirrored spec sheet (toyota.com/vehicles/corolla/2027 content), a real dealer window-sticker page (Keith Pierson Toyota, VIN 5YFS4MCE4VP36B065, a specific in-stock 2027 Corolla SE), and Toyota-affiliated/dealer editorial pages (Plaza Toyota, Westside Toyota, Legends Toyota, Liberty Toyota) as the primary sources, cross-checked against KBB, Cars.com, MotorWeek, and Yahoo Autos.","Moonroof, heated seats, SofTex, and 16-in. alloy wheels standard status all come from a single dealer-editorial summary (Plaza Toyota) paraphrasing Toyota's own site content; treated as reliable since it matches the MY2026 XLE Hybrid pattern exactly, but not independently cross-checked against a second live MY2027 source for this specific trim."
Toyota,Corolla,SE,2027,FWD,Gas,hatchback,Inferno | Standalone |  |  ;; Inked | Standalone |  |  ;; Ice Cap | Standalone |  |  ;; Wind Chill Pearl | Standalone |  |  ;; Classic Silver Metallic | Standalone |  |  ;; Magnetic Gray Metallic | Standalone |  |  ;; Finish Line Red | Standalone |  |  ;; Blueprint | Standalone |  |  ;; Blueprint/Black roof (two-tone) | Standalone | +$500 |  ;; Magnetic Gray Metallic/Black roof (two-tone) | Standalone |  |  ;; Wind Chill Pearl/Black roof (two-tone) | Standalone |  |  ;; Classic Silver Metallic/Black roof (two-tone) | Standalone |  |  ;; Finish Line Red/Black roof (two-tone) | Standalone |  | ,Black Cloth | Standard | $0 |  ;; Moonstone Cloth | Standard | $0 | ,"16-in. wheels, all-season 205/55R16 tires | Standard | $0 |  ;; 18-in. Alloy Wheel, Gloss White (accessory) | Standalone | +$1,495 | ",Moonroof/Sunroof | Unavailable/Unconfirmed -- not mentioned by any hatchback-specific source found (Edmunds' own features-specs scrape for this trim explicitly noted moonroof was 'not mentioned') |  | ,"5-passenger, 2-row seating with bucket front seats (6-way manual driver's seat with seatback pockets, 4-way manual passenger seat) and a split-folding rear seatback; fixed configuration, no seating options offered on this trim.","2.0L 4-cyl. gas engine (169 hp, 151 lb-ft), CVT, Front-Wheel Drive only -- no hybrid or AWD hatchback is offered.",Leather seating | Unavailable (cloth only) |  |  ;; Heated seats | Unavailable (not listed; heated seats are XSE-hatchback-only) |  |  ;; Heated steering wheel | Unavailable/Unconfirmed -- not mentioned by any source found |  |  ;; Adaptive cruise control | Standard | $0 |  ;; Wireless charging | Standard | $0 |  ;; Moonroof | Unavailable/Unconfirmed |  | ,"SE Premium Package | $800 | contents: 12.3-in. digital instrument cluster, 10.5-in. center touchscreen (upgrading from the standard 7-in. cluster/8-in. touchscreen) ;; Preferred Accessory Package w/ Carpet Mats | $682 | contents: not itemized by source ;; Body Protection Package | $535 | contents: not itemized by source ;; All-Weather Floor Liner Package | $309 | contents: not itemized by source",https://www.edmunds.com/toyota/corolla-hatchback/2027/st-402113051/features-specs/ ; https://www.kbb.com/car-news/2027-toyota-corolla-hatchback-new-screens-white-wheels/ ; https://www.cars.com/articles/how-much-is-the-2027-toyota-corolla-hatchback-527023/ ; https://motorweek.org/this-just-in/2027-toyota-corolla-hatchback-sees-small-changes-still-big-on-value/ ; https://www.legendstoyota.com/2027-corolla-hatchback/ ; https://www.libertytoyota.com/blog/2026/august/19/explore-the-2027-toyota-corolla-hatchback-interior-features.htm ; https://www.edmunds.com/toyota/corolla-hatchback/2027/,"Base MSRP reconciles cleanly across every source once destination is added: Edmunds/Legends Toyota state $24,780 base, KBB/Cars.com/MotorWeek state $26,075 with destination, and $24,780 + $1,295 = $26,075 exactly. The $1,495 white-wheel accessory price and $800 SE Premium Package price are corroborated identically by three independent sources (Edmunds, KBB, MotorWeek). The reintroduced standard hatchback replaces the discontinued FX special-edition trim as of MY2027 per MotorWeek ('the special FX grade has been eliminated'), and the FX's signature white wheels are now sold as a standalone accessory across SE/XSE instead. Toyota's own live Build & Price configurator could not be reached this session: the Claude-in-Chrome browser extension reported 'disconnected' on every tabs_context_mcp/navigate/tabs_create_mcp attempt across 6 retries spanning ~2 minutes (matching the exact failure mode the sibling Corolla Cross MY2026 pass hit), and direct automated fetches of toyota.com/configurator/... and pressroom.toyota.com URLs all returned HTTP 403 (bot protection). This is a tooling/access gap, not evidence that Toyota has withheld MY2027 Corolla from its configurator -- third-party sources confirm MY2027 Corolla (sedan, hybrid, and hatchback) is live and on sale now. Per the brief's approved fallback, this pass used Edmunds' live MY2027 features-specs pages, Toyota's own CarsDirect-mirrored spec sheet (toyota.com/vehicles/corolla/2027 content), a real dealer window-sticker page (Keith Pierson Toyota, VIN 5YFS4MCE4VP36B065, a specific in-stock 2027 Corolla SE), and Toyota-affiliated/dealer editorial pages (Plaza Toyota, Westside Toyota, Legends Toyota, Liberty Toyota) as the primary sources, cross-checked against KBB, Cars.com, MotorWeek, and Yahoo Autos.","Moonroof availability could not be confirmed either way for the hatchback body style from any source -- notably, the sedan XSE has a confirmed standard moonroof while no hatchback source (SE or XSE) mentions one at all, which may mean the hatchback body simply omits it entirely (as Corolla Cross's XLE/Hybrid XSE trims do per the sibling pass), but this was not explicitly stated by any source found, so it is marked Unconfirmed rather than assumed Unavailable."
Toyota,Corolla,XSE,2027,FWD,Gas,hatchback,"Inferno | Standalone |  |  ;; Inked | Standalone |  |  ;; Ice Cap | Standalone |  |  ;; Wind Chill Pearl | Standalone |  |  ;; Classic Silver Metallic | Standalone |  |  ;; Magnetic Gray Metallic | Standalone |  |  ;; Finish Line Red | Standalone |  |  ;; Blueprint | Standalone |  |  ;; Blueprint/Black roof (two-tone) | Standalone | +$500 (confirmed on SE; assumed same on XSE, not independently re-confirmed) |  ;; Magnetic Gray Metallic/Black roof (two-tone) | Standalone |  |  ;; Wind Chill Pearl/Black roof (two-tone) | Standalone |  |  ;; Classic Silver Metallic/Black roof (two-tone) | Standalone |  |  ;; Finish Line Red/Black roof (two-tone) | Standalone |  | ",Black SofTex with fabric inserts | Standard | $0 |  ;; Moonstone SofTex with fabric inserts | Standard | $0 | ,"18-in. wheels | Standard | $0 |  ;; 18-in. Alloy Wheel, Gloss White (accessory) | Standalone | +$1,495 | ","Moonroof/Sunroof | Unavailable/Unconfirmed -- not mentioned by any hatchback-specific source found, notably absent even though the sedan XSE has a confirmed standard moonroof |  | ","5-passenger, 2-row seating with heated sport front seats (8-way power-adjustable driver's seat) and a split-folding rear seatback; fixed configuration, no seating options offered on this trim.","2.0L 4-cyl. gas engine (169 hp, 151 lb-ft), CVT, Front-Wheel Drive only -- no hybrid or AWD hatchback is offered.",Leather seating | Standard (SofTex synthetic leather with fabric inserts -- no genuine leather offered on Corolla) | $0 |  ;; Heated seats | Standard | $0 |  ;; Heated steering wheel | Unavailable/Unconfirmed -- not mentioned by any source found |  |  ;; Adaptive cruise control | Standard | $0 |  ;; Wireless charging | Standard (by direct extension of the confirmed-standard status on the SE hatchback; not independently re-stated by name for XSE in the sources checked) | $0 |  ;; Moonroof | Unavailable/Unconfirmed |  | ,"No packages found/needed -- XSE hatchback's distinguishing features (12.3-in. cluster, 10.5-in. touchscreen, dual-zone climate, SofTex, heated 8-way power driver's seat, LED foglights, chrome rear-bumper trim) appear to be standard equipment rather than optional, per Edmunds/KBB/Liberty Toyota.",https://www.kbb.com/car-news/2027-toyota-corolla-hatchback-new-screens-white-wheels/ ; https://www.libertytoyota.com/blog/2026/august/19/explore-the-2027-toyota-corolla-hatchback-interior-features.htm ; https://motorweek.org/this-just-in/2027-toyota-corolla-hatchback-sees-small-changes-still-big-on-value/ ; https://www.edmunds.com/toyota/corolla-hatchback/2027/hatchback/features-specs/ ; https://www.edmunds.com/toyota/corolla-hatchback/2027/ ; https://www.legendstoyota.com/2027-corolla-hatchback/,"Base MSRP reconciles cleanly: Edmunds/Legends Toyota state $27,875 base, KBB/Cars.com/MotorWeek state $29,170 with destination, and $27,875 + $1,295 = $29,170 exactly. One Edmunds scrape of the XSE features-specs page returned a garbled/concatenated color and package list that appeared to duplicate SE-trim line items (including an odd 'SE Premium Package +$800' entry on the XSE page, which would not make sense since XSE already gets those features standard) -- this looks like a page-scraping artifact rather than a real XSE-specific package, so it was not carried into this row. Toyota's own live Build & Price configurator could not be reached this session: the Claude-in-Chrome browser extension reported 'disconnected' on every tabs_context_mcp/navigate/tabs_create_mcp attempt across 6 retries spanning ~2 minutes (matching the exact failure mode the sibling Corolla Cross MY2026 pass hit), and direct automated fetches of toyota.com/configurator/... and pressroom.toyota.com URLs all returned HTTP 403 (bot protection). This is a tooling/access gap, not evidence that Toyota has withheld MY2027 Corolla from its configurator -- third-party sources confirm MY2027 Corolla (sedan, hybrid, and hatchback) is live and on sale now. Per the brief's approved fallback, this pass used Edmunds' live MY2027 features-specs pages, Toyota's own CarsDirect-mirrored spec sheet (toyota.com/vehicles/corolla/2027 content), a real dealer window-sticker page (Keith Pierson Toyota, VIN 5YFS4MCE4VP36B065, a specific in-stock 2027 Corolla SE), and Toyota-affiliated/dealer editorial pages (Plaza Toyota, Westside Toyota, Legends Toyota, Liberty Toyota) as the primary sources, cross-checked against KBB, Cars.com, MotorWeek, and Yahoo Autos.",Wireless charging and moonroof status for XSE are inferred/extended from the SE hatchback and sedan XSE findings respectively rather than independently confirmed by name for the hatchback XSE; flagged accordingly rather than stated as directly confirmed.
Toyota,bZ,XLE FWD,2027,FWD,EV,SUV,Blueprint | Standalone | | ;; Heavy Metal | Standalone | | ;; Midnight Black Metallic | Standalone | | ;; Supersonic Red | Standalone | | ;; Wind Chill Pearl | Standalone | | ;; Heavy Metal w/Midnight Black Metallic Roof | Standalone | | ;; Supersonic Red w/Midnight Black Metallic Roof | Standalone | | ;; Wind Chill Pearl w/Midnight Black Metallic Roof | Standalone | |,Black SofTex/cloth mixed-media trim | Standard | | ;; (no alternate interior color confirmed for this trim) | Not confirmed | |,18-in painted aluminum wheels | Standard | |,No glass roof/moonroof offered on this trim (fixed painted roof) | Unavailable | |,"5-seat, 2-row SUV layout; no alternate seating configuration or capacity found for any bZ or bZ Woodland trim in any source","Single front electric motor (FWD); 57.7 kWh battery (base pack, smaller than every other trim); EPA range 236 mi. Horsepower reported inconsistently across secondary sources: 165 hp per Toyota's press release as relayed by Electrek/Autoblog vs 168 hp per CarsDirect's trim-compare tool -- not reconciled, reported as found rather than picking one. Single fixed powertrain; no further battery/motor sub-choice within this trim listing itself (AWD and the larger-battery 'Plus' pack are separate trim listings).","Leather (genuine) | Unavailable | | (lineup uses SofTex synthetic leather/cloth throughout; no genuine leather found on any bZ or bZ Woodland trim in any source) ;; Heated front seats | Standard | | ;; Heated steering wheel | Standard | | ;; Power liftgate | Not confirmed | | (not documented as standard, optional, or unavailable by any source found; Woodland trims explicitly confirm a standard hands-free power tailgate, but no source addressed this for XLE) ;; Adaptive cruise control | Standard | | (part of Toyota Safety Sense 3.0, reported standard lineup-wide) ;; Wireless charging (dual Qi pads) | Standard | | ;; Moonroof/panoramic roof | Unavailable | | (panoramic fixed-glass roof reported only on Limited and Woodland Premium; no standalone moonroof option found for XLE trims in any source) ;; Heat pump | Not confirmed | | (no source addressed heat pump/battery thermal management for MY2027 bZ at all)",,"https://electrek.co/2026/08/04/toyota-2027-bz-prices-35000/ ;; https://electrek.co/2026/08/18/2027-toyota-bz-now-on-sale-how-much-it-costs/ ;; https://www.carsdirect.com/toyota/bz/2027/specs ;; https://www.carsdirect.com/compare/2027-toyota-bz-trims ;; https://www.carsdirect.com/toyota/bz/2027/colors ;; https://www.plazatoyota.com/2027-toyota-bz-whats-changing-release-date-and-pricing-for-nyc-drivers.htm ;; https://theevreport.com/2027-toyota-bz-price-range-september-arrival ;; https://www.truecar.com/overview/toyota/bz/2027/ ;; https://www.autoblog.com/cars/toyota/bz/2027 ;; https://www.frontiertoyota.com/inventory/New-2027-Toyota-bZ-XLE-JTMBCAEB5V135AB14/ ;; https://www.tracytoyota.com/inventory/new-2027-toyota-bz-xle-front-wheel-drive-plus-xle-fwd-plus-jtmbcaeb3va014346/ ;; [BLOCKED 403, could not load] https://www.toyota.com/bz/ ;; [BLOCKED 403, could not load] https://www.toyota.com/bz/features/ ;; [BLOCKED 403, could not load] https://www.toyota.com/vehicles/bz/2027 ;; [BLOCKED 403 after first load] https://pressroom.toyota.com/vehicle/2027-toyota-bz/","Horsepower conflict: 165 hp (Toyota press release via Electrek, Autoblog) vs 168 hp (CarsDirect trim-compare tool) for the same base motor -- could not be reconciled without primary access. Trim-naming check: Toyota's MY2027 press materials (as relayed by Electrek, which quotes Toyota's own announcement) and live dealer inventory feeds (e.g. Tracy Toyota, Toyota Carson -- both list VIN JTMBCAEB3VA014346-style stock as 'XLE Front-Wheel Drive Plus (XLE FWD PLUS)') consistently use 'XLE FWD Plus', confirming Toyota renamed this trim from the MY2026 'XLE Plus FWD' to 'XLE FWD Plus' for MY2027 -- matching the naming given in the task/dataset. CarsDirect's own trim-compare tool, however, still labels the same trim 'XLE Plus FWD' (MY2026-style word order), which appears to be CarsDirect's own un-updated internal naming rather than Toyota's current naming -- flagged as a discrepancy on this row.","PRIMARY-SOURCE ACCESS FAILURE: Toyota's live Build & Price tool could NOT be directly reached this pass. The Claude-in-Chrome browser tool was non-functional for the entire session (tabs_context_mcp/navigate repeatedly returned 'Chrome extension disconnected' or timed out; list_connected_browsers returned empty for most of the session and briefly showed one device connected mid-session but the tab-group RPC still failed immediately after selecting it) despite being described as confirmed working for this session. Direct WebFetch requests to toyota.com (www.toyota.com/bz/, /bz/features/, /vehicles/bz/2027, /vehicles/bzwoodland/2027, and pressroom.toyota.com/vehicle/2027-toyota-bz/) were all blocked with 403 errors (bot detection); only two pressroom sub-pages loaded once each before also 403'ing. All data below therefore comes from secondary/tertiary sources -- Toyota's own press-release content as relayed by Electrek (which quotes Toyota's official pricing/spec sheet directly), CarsDirect, a Plaza Toyota dealer research summary, TheEVReport, TrueCar, Autoblog, and live new-vehicle dealer inventory listings (Tracy Toyota, Frontier Toyota) that reflect Toyota's own DMS/data feed for specific VINs -- rather than a direct primary capture of Toyota's Build & Price configurator. This is a materially weaker sourcing tier than instructed, similar in spirit to (but for a different root cause than) the MY2026 pilot's Wayback-archive fallback. Per-color extra costs could not be found in ANY source for ANY trim -- CarsDirect's own color page for this model explicitly says 'Build your own to see pricing' rather than listing amounts, so all color costs are left blank rather than guessed. Power liftgate and heat pump status could not be confirmed for the non-Woodland trims in any source found (tagged 'Not confirmed' rather than guessed, per the no-fabrication rule)."
Toyota,bZ,XLE FWD Plus,2027,FWD,EV,SUV,Blueprint | Standalone | | ;; Heavy Metal | Standalone | | ;; Midnight Black Metallic | Standalone | | ;; Supersonic Red | Standalone | | ;; Wind Chill Pearl | Standalone | | ;; Heavy Metal w/Midnight Black Metallic Roof | Standalone | | ;; Supersonic Red w/Midnight Black Metallic Roof | Standalone | | ;; Wind Chill Pearl w/Midnight Black Metallic Roof | Standalone | |,Black SofTex/cloth mixed-media trim | Standard | | ;; (no alternate interior color confirmed for this trim) | Not confirmed | |,18-in painted aluminum wheels | Standard | |,No glass roof/moonroof offered on this trim (fixed painted roof) | Unavailable | |,"5-seat, 2-row SUV layout; no alternate seating configuration or capacity found for any bZ or bZ Woodland trim in any source","Single front electric motor (FWD), 221 hp; larger 74.7 kWh battery (same pack as XLE AWD and both Limited trims); EPA range 314 mi -- the longest range in the entire bZ lineup, longer than every AWD/Limited trim despite the lower-output single motor. Single fixed powertrain; no further battery/motor sub-choice within this trim listing itself.",Leather (genuine) | Unavailable | | (SofTex synthetic material used lineup-wide; no genuine leather found) ;; Heated front seats | Standard | | ;; Heated steering wheel | Standard | | ;; Power liftgate | Not confirmed | | ;; Adaptive cruise control | Standard | | ;; Wireless charging (dual Qi pads) | Standard | | ;; Moonroof/panoramic roof | Unavailable | | ;; Heat pump | Not confirmed | |,,"https://electrek.co/2026/08/04/toyota-2027-bz-prices-35000/ ;; https://electrek.co/2026/08/18/2027-toyota-bz-now-on-sale-how-much-it-costs/ ;; https://www.carsdirect.com/toyota/bz/2027/specs ;; https://www.carsdirect.com/compare/2027-toyota-bz-trims ;; https://www.carsdirect.com/toyota/bz/2027/colors ;; https://www.plazatoyota.com/2027-toyota-bz-whats-changing-release-date-and-pricing-for-nyc-drivers.htm ;; https://theevreport.com/2027-toyota-bz-price-range-september-arrival ;; https://www.truecar.com/overview/toyota/bz/2027/ ;; https://www.autoblog.com/cars/toyota/bz/2027 ;; https://www.frontiertoyota.com/inventory/New-2027-Toyota-bZ-XLE-JTMBCAEB5V135AB14/ ;; https://www.tracytoyota.com/inventory/new-2027-toyota-bz-xle-front-wheel-drive-plus-xle-fwd-plus-jtmbcaeb3va014346/ ;; [BLOCKED 403, could not load] https://www.toyota.com/bz/ ;; [BLOCKED 403, could not load] https://www.toyota.com/bz/features/ ;; [BLOCKED 403, could not load] https://www.toyota.com/vehicles/bz/2027 ;; [BLOCKED 403 after first load] https://pressroom.toyota.com/vehicle/2027-toyota-bz/","Trim-naming discrepancy (see also XLE FWD row): dealer inventory feeds and Electrek's relay of Toyota's own press materials both give 'XLE FWD Plus' (order: base grade, drivetrain, sub-grade), matching the task's expected MY2027 naming; CarsDirect's own trim-compare tool instead labels the identical trim 'XLE Plus FWD', which looks like carried-over MY2026 naming on CarsDirect's part rather than Toyota's current naming. Row uses Toyota's/dealer-feed naming ('XLE FWD Plus') per the task instruction to use Toyota's actual current naming. Trim-naming check: Toyota's MY2027 press materials (as relayed by Electrek, which quotes Toyota's own announcement) and live dealer inventory feeds (e.g. Tracy Toyota, Toyota Carson -- both list VIN JTMBCAEB3VA014346-style stock as 'XLE Front-Wheel Drive Plus (XLE FWD PLUS)') consistently use 'XLE FWD Plus', confirming Toyota renamed this trim from the MY2026 'XLE Plus FWD' to 'XLE FWD Plus' for MY2027 -- matching the naming given in the task/dataset. CarsDirect's own trim-compare tool, however, still labels the same trim 'XLE Plus FWD' (MY2026-style word order), which appears to be CarsDirect's own un-updated internal naming rather than Toyota's current naming -- flagged as a discrepancy on this row.","PRIMARY-SOURCE ACCESS FAILURE: Toyota's live Build & Price tool could NOT be directly reached this pass. The Claude-in-Chrome browser tool was non-functional for the entire session (tabs_context_mcp/navigate repeatedly returned 'Chrome extension disconnected' or timed out; list_connected_browsers returned empty for most of the session and briefly showed one device connected mid-session but the tab-group RPC still failed immediately after selecting it) despite being described as confirmed working for this session. Direct WebFetch requests to toyota.com (www.toyota.com/bz/, /bz/features/, /vehicles/bz/2027, /vehicles/bzwoodland/2027, and pressroom.toyota.com/vehicle/2027-toyota-bz/) were all blocked with 403 errors (bot detection); only two pressroom sub-pages loaded once each before also 403'ing. All data below therefore comes from secondary/tertiary sources -- Toyota's own press-release content as relayed by Electrek (which quotes Toyota's official pricing/spec sheet directly), CarsDirect, a Plaza Toyota dealer research summary, TheEVReport, TrueCar, Autoblog, and live new-vehicle dealer inventory listings (Tracy Toyota, Frontier Toyota) that reflect Toyota's own DMS/data feed for specific VINs -- rather than a direct primary capture of Toyota's Build & Price configurator. This is a materially weaker sourcing tier than instructed, similar in spirit to (but for a different root cause than) the MY2026 pilot's Wayback-archive fallback. Per-color extra costs could not be found in ANY source for ANY trim -- CarsDirect's own color page for this model explicitly says 'Build your own to see pricing' rather than listing amounts, so all color costs are left blank rather than guessed. Power liftgate and heat pump status could not be confirmed for the non-Woodland trims in any source found (tagged 'Not confirmed' rather than guessed, per the no-fabrication rule)."
Toyota,bZ,XLE AWD,2027,AWD,EV,SUV,Blueprint | Standalone | | ;; Heavy Metal | Standalone | | ;; Midnight Black Metallic | Standalone | | ;; Supersonic Red | Standalone | | ;; Wind Chill Pearl | Standalone | | ;; Heavy Metal w/Midnight Black Metallic Roof | Standalone | | ;; Supersonic Red w/Midnight Black Metallic Roof | Standalone | | ;; Wind Chill Pearl w/Midnight Black Metallic Roof | Standalone | |,Black SofTex/cloth mixed-media trim | Standard | | ;; (no alternate interior color confirmed for this trim) | Not confirmed | |,18-in painted aluminum wheels | Standard | |,No glass roof/moonroof offered on this trim (fixed painted roof) | Unavailable | |,"5-seat, 2-row SUV layout; no alternate seating configuration or capacity found for any bZ or bZ Woodland trim in any source","Dual electric motors (AWD), 338 hp combined system output; 74.7 kWh battery; EPA range 288 mi. Single fixed powertrain; no further battery/motor sub-choice within this trim listing itself.",Leather (genuine) | Unavailable | | ;; Heated front seats | Standard | | ;; Heated steering wheel | Standard | | ;; Power liftgate | Not confirmed | | ;; Adaptive cruise control | Standard | | ;; Wireless charging (dual Qi pads) | Standard | | ;; Moonroof/panoramic roof | Unavailable | | ;; Heat pump | Not confirmed | |,,"https://electrek.co/2026/08/04/toyota-2027-bz-prices-35000/ ;; https://electrek.co/2026/08/18/2027-toyota-bz-now-on-sale-how-much-it-costs/ ;; https://www.carsdirect.com/toyota/bz/2027/specs ;; https://www.carsdirect.com/compare/2027-toyota-bz-trims ;; https://www.carsdirect.com/toyota/bz/2027/colors ;; https://www.plazatoyota.com/2027-toyota-bz-whats-changing-release-date-and-pricing-for-nyc-drivers.htm ;; https://theevreport.com/2027-toyota-bz-price-range-september-arrival ;; https://www.truecar.com/overview/toyota/bz/2027/ ;; https://www.autoblog.com/cars/toyota/bz/2027 ;; https://www.frontiertoyota.com/inventory/New-2027-Toyota-bZ-XLE-JTMBCAEB5V135AB14/ ;; https://www.tracytoyota.com/inventory/new-2027-toyota-bz-xle-front-wheel-drive-plus-xle-fwd-plus-jtmbcaeb3va014346/ ;; [BLOCKED 403, could not load] https://www.toyota.com/bz/ ;; [BLOCKED 403, could not load] https://www.toyota.com/bz/features/ ;; [BLOCKED 403, could not load] https://www.toyota.com/vehicles/bz/2027 ;; [BLOCKED 403 after first load] https://pressroom.toyota.com/vehicle/2027-toyota-bz/","Trim-naming check: Toyota's MY2027 press materials (as relayed by Electrek, which quotes Toyota's own announcement) and live dealer inventory feeds (e.g. Tracy Toyota, Toyota Carson -- both list VIN JTMBCAEB3VA014346-style stock as 'XLE Front-Wheel Drive Plus (XLE FWD PLUS)') consistently use 'XLE FWD Plus', confirming Toyota renamed this trim from the MY2026 'XLE Plus FWD' to 'XLE FWD Plus' for MY2027 -- matching the naming given in the task/dataset. CarsDirect's own trim-compare tool, however, still labels the same trim 'XLE Plus FWD' (MY2026-style word order), which appears to be CarsDirect's own un-updated internal naming rather than Toyota's current naming -- flagged as a discrepancy on this row.","PRIMARY-SOURCE ACCESS FAILURE: Toyota's live Build & Price tool could NOT be directly reached this pass. The Claude-in-Chrome browser tool was non-functional for the entire session (tabs_context_mcp/navigate repeatedly returned 'Chrome extension disconnected' or timed out; list_connected_browsers returned empty for most of the session and briefly showed one device connected mid-session but the tab-group RPC still failed immediately after selecting it) despite being described as confirmed working for this session. Direct WebFetch requests to toyota.com (www.toyota.com/bz/, /bz/features/, /vehicles/bz/2027, /vehicles/bzwoodland/2027, and pressroom.toyota.com/vehicle/2027-toyota-bz/) were all blocked with 403 errors (bot detection); only two pressroom sub-pages loaded once each before also 403'ing. All data below therefore comes from secondary/tertiary sources -- Toyota's own press-release content as relayed by Electrek (which quotes Toyota's official pricing/spec sheet directly), CarsDirect, a Plaza Toyota dealer research summary, TheEVReport, TrueCar, Autoblog, and live new-vehicle dealer inventory listings (Tracy Toyota, Frontier Toyota) that reflect Toyota's own DMS/data feed for specific VINs -- rather than a direct primary capture of Toyota's Build & Price configurator. This is a materially weaker sourcing tier than instructed, similar in spirit to (but for a different root cause than) the MY2026 pilot's Wayback-archive fallback. Per-color extra costs could not be found in ANY source for ANY trim -- CarsDirect's own color page for this model explicitly says 'Build your own to see pricing' rather than listing amounts, so all color costs are left blank rather than guessed. Power liftgate and heat pump status could not be confirmed for the non-Woodland trims in any source found (tagged 'Not confirmed' rather than guessed, per the no-fabrication rule)."
Toyota,bZ,Limited FWD,2027,FWD,EV,SUV,Blueprint | Standalone | | ;; Heavy Metal | Standalone | | ;; Midnight Black Metallic | Standalone | | ;; Supersonic Red | Standalone | | ;; Wind Chill Pearl | Standalone | | ;; Heavy Metal w/Midnight Black Metallic Roof | Standalone | | ;; Supersonic Red w/Midnight Black Metallic Roof | Standalone | | ;; Wind Chill Pearl w/Midnight Black Metallic Roof | Standalone | |,"Black SofTex leatherette (no cloth mix, per CarsDirect trim-compare table) | Standard | | ;; (no alternate interior color confirmed for the regular Limited grade -- Stone Brown was confirmed only for Woodland/Woodland Premium, not this trim) | Not confirmed | |",20-in machined/painted alloy wheels | Standard | |,Panoramic fixed-glass moonroof | Standard | |,"5-seat, 2-row SUV layout; no alternate seating configuration or capacity found for any bZ or bZ Woodland trim in any source","Single front electric motor (FWD), 221 hp; 74.7 kWh battery; EPA range 299 mi (per Toyota press release via Electrek). Single fixed powertrain; no further battery/motor sub-choice within this trim listing itself.","Leather (genuine) | Unavailable | | (SofTex leatherette, not genuine leather) ;; Heated front + rear seats | Standard | | (Limited adds heated rear seats on top of the base heated front seats) ;; Heated steering wheel | Standard | | ;; Power liftgate | Not confirmed | | ;; Adaptive cruise control | Standard | | ;; Wireless charging (dual Qi pads) | Standard | | ;; Moonroof (panoramic fixed-glass) | Standard | | ;; Heat pump | Not confirmed | |",,"https://electrek.co/2026/08/04/toyota-2027-bz-prices-35000/ ;; https://electrek.co/2026/08/18/2027-toyota-bz-now-on-sale-how-much-it-costs/ ;; https://www.carsdirect.com/toyota/bz/2027/specs ;; https://www.carsdirect.com/compare/2027-toyota-bz-trims ;; https://www.carsdirect.com/toyota/bz/2027/colors ;; https://www.plazatoyota.com/2027-toyota-bz-whats-changing-release-date-and-pricing-for-nyc-drivers.htm ;; https://theevreport.com/2027-toyota-bz-price-range-september-arrival ;; https://www.truecar.com/overview/toyota/bz/2027/ ;; https://www.autoblog.com/cars/toyota/bz/2027 ;; https://www.frontiertoyota.com/inventory/New-2027-Toyota-bZ-XLE-JTMBCAEB5V135AB14/ ;; https://www.tracytoyota.com/inventory/new-2027-toyota-bz-xle-front-wheel-drive-plus-xle-fwd-plus-jtmbcaeb3va014346/ ;; [BLOCKED 403, could not load] https://www.toyota.com/bz/ ;; [BLOCKED 403, could not load] https://www.toyota.com/bz/features/ ;; [BLOCKED 403, could not load] https://www.toyota.com/vehicles/bz/2027 ;; [BLOCKED 403 after first load] https://pressroom.toyota.com/vehicle/2027-toyota-bz/","Pricing conflict: Toyota's official press release (via Electrek) gives Limited FWD MSRP as $43,380 ($44,975 with $1,595 delivery, matching CarsDirect's $44,975 TSRP exactly); Autoblog's own article instead lists 'Limited FWD - $40,580 (inferred)' and separately labels the $43,380/$1,595-delivery figure as 'Limited AWD' -- Autoblog's own text flags this figure as '(inferred)', i.e. Autoblog's own uncertainty marker, so the Toyota-press-release-sourced $43,380 base MSRP is used here as the more reliable figure. Ventilated front seats: Autoblog lists ventilated seats as a Limited FWD feature, but Plaza Toyota's trim-difference summary (sourced from the same Toyota press materials as the pricing) does NOT list ventilated seats as a regular-Limited-grade addition -- only Woodland Premium was confirmed elsewhere to get ventilated seats. Not resolved; ventilated seats not one of the 8 requested common_features so left out of that column, noted here only. Trim-naming check: Toyota's MY2027 press materials (as relayed by Electrek, which quotes Toyota's own announcement) and live dealer inventory feeds (e.g. Tracy Toyota, Toyota Carson -- both list VIN JTMBCAEB3VA014346-style stock as 'XLE Front-Wheel Drive Plus (XLE FWD PLUS)') consistently use 'XLE FWD Plus', confirming Toyota renamed this trim from the MY2026 'XLE Plus FWD' to 'XLE FWD Plus' for MY2027 -- matching the naming given in the task/dataset. CarsDirect's own trim-compare tool, however, still labels the same trim 'XLE Plus FWD' (MY2026-style word order), which appears to be CarsDirect's own un-updated internal naming rather than Toyota's current naming -- flagged as a discrepancy on this row.","PRIMARY-SOURCE ACCESS FAILURE: Toyota's live Build & Price tool could NOT be directly reached this pass. The Claude-in-Chrome browser tool was non-functional for the entire session (tabs_context_mcp/navigate repeatedly returned 'Chrome extension disconnected' or timed out; list_connected_browsers returned empty for most of the session and briefly showed one device connected mid-session but the tab-group RPC still failed immediately after selecting it) despite being described as confirmed working for this session. Direct WebFetch requests to toyota.com (www.toyota.com/bz/, /bz/features/, /vehicles/bz/2027, /vehicles/bzwoodland/2027, and pressroom.toyota.com/vehicle/2027-toyota-bz/) were all blocked with 403 errors (bot detection); only two pressroom sub-pages loaded once each before also 403'ing. All data below therefore comes from secondary/tertiary sources -- Toyota's own press-release content as relayed by Electrek (which quotes Toyota's official pricing/spec sheet directly), CarsDirect, a Plaza Toyota dealer research summary, TheEVReport, TrueCar, Autoblog, and live new-vehicle dealer inventory listings (Tracy Toyota, Frontier Toyota) that reflect Toyota's own DMS/data feed for specific VINs -- rather than a direct primary capture of Toyota's Build & Price configurator. This is a materially weaker sourcing tier than instructed, similar in spirit to (but for a different root cause than) the MY2026 pilot's Wayback-archive fallback. Per-color extra costs could not be found in ANY source for ANY trim -- CarsDirect's own color page for this model explicitly says 'Build your own to see pricing' rather than listing amounts, so all color costs are left blank rather than guessed. Power liftgate and heat pump status could not be confirmed for the non-Woodland trims in any source found (tagged 'Not confirmed' rather than guessed, per the no-fabrication rule)."
Toyota,bZ,Limited AWD,2027,AWD,EV,SUV,Blueprint | Standalone | | ;; Heavy Metal | Standalone | | ;; Midnight Black Metallic | Standalone | | ;; Supersonic Red | Standalone | | ;; Wind Chill Pearl | Standalone | | ;; Heavy Metal w/Midnight Black Metallic Roof | Standalone | | ;; Supersonic Red w/Midnight Black Metallic Roof | Standalone | | ;; Wind Chill Pearl w/Midnight Black Metallic Roof | Standalone | |,"Black SofTex leatherette (no cloth mix, per CarsDirect trim-compare table) | Standard | | ;; (no alternate interior color confirmed for the regular Limited grade) | Not confirmed | |",20-in machined/painted alloy wheels | Standard | |,Panoramic fixed-glass moonroof | Standard | |,"5-seat, 2-row SUV layout; no alternate seating configuration or capacity found for any bZ or bZ Woodland trim in any source","Dual electric motors (AWD), 338 hp combined system output; 74.7 kWh battery; EPA range 278 mi per Toyota's official press release as relayed by Electrek. NOTE: Plaza Toyota's summary table instead lists 299 mi for Limited AWD -- identical to the Limited FWD figure -- which looks like a copy/paste table error on Plaza Toyota's part (an AWD trim should not out-range or tie its FWD sibling given the added motor/weight, and no other source corroborates 299 mi for AWD); Electrek's figure (sourced directly from Toyota's own release) is used here as more reliable, with the conflict noted rather than silently resolved.",Leather (genuine) | Unavailable | | ;; Heated front + rear seats | Standard | | ;; Heated steering wheel | Standard | | ;; Power liftgate | Not confirmed | | ;; Adaptive cruise control | Standard | | ;; Wireless charging (dual Qi pads) | Standard | | ;; Moonroof (panoramic fixed-glass) | Standard | | ;; Heat pump | Not confirmed | |,,"https://electrek.co/2026/08/04/toyota-2027-bz-prices-35000/ ;; https://electrek.co/2026/08/18/2027-toyota-bz-now-on-sale-how-much-it-costs/ ;; https://www.carsdirect.com/toyota/bz/2027/specs ;; https://www.carsdirect.com/compare/2027-toyota-bz-trims ;; https://www.carsdirect.com/toyota/bz/2027/colors ;; https://www.plazatoyota.com/2027-toyota-bz-whats-changing-release-date-and-pricing-for-nyc-drivers.htm ;; https://theevreport.com/2027-toyota-bz-price-range-september-arrival ;; https://www.truecar.com/overview/toyota/bz/2027/ ;; https://www.autoblog.com/cars/toyota/bz/2027 ;; https://www.frontiertoyota.com/inventory/New-2027-Toyota-bZ-XLE-JTMBCAEB5V135AB14/ ;; https://www.tracytoyota.com/inventory/new-2027-toyota-bz-xle-front-wheel-drive-plus-xle-fwd-plus-jtmbcaeb3va014346/ ;; [BLOCKED 403, could not load] https://www.toyota.com/bz/ ;; [BLOCKED 403, could not load] https://www.toyota.com/bz/features/ ;; [BLOCKED 403, could not load] https://www.toyota.com/vehicles/bz/2027 ;; [BLOCKED 403 after first load] https://pressroom.toyota.com/vehicle/2027-toyota-bz/","EPA range conflict for this trim: 278 mi (Electrek, quoting Toyota's press release) vs 299 mi (Plaza Toyota summary table, likely a table error -- see confidence notes). Trim-naming check: Toyota's MY2027 press materials (as relayed by Electrek, which quotes Toyota's own announcement) and live dealer inventory feeds (e.g. Tracy Toyota, Toyota Carson -- both list VIN JTMBCAEB3VA014346-style stock as 'XLE Front-Wheel Drive Plus (XLE FWD PLUS)') consistently use 'XLE FWD Plus', confirming Toyota renamed this trim from the MY2026 'XLE Plus FWD' to 'XLE FWD Plus' for MY2027 -- matching the naming given in the task/dataset. CarsDirect's own trim-compare tool, however, still labels the same trim 'XLE Plus FWD' (MY2026-style word order), which appears to be CarsDirect's own un-updated internal naming rather than Toyota's current naming -- flagged as a discrepancy on this row.","PRIMARY-SOURCE ACCESS FAILURE: Toyota's live Build & Price tool could NOT be directly reached this pass. The Claude-in-Chrome browser tool was non-functional for the entire session (tabs_context_mcp/navigate repeatedly returned 'Chrome extension disconnected' or timed out; list_connected_browsers returned empty for most of the session and briefly showed one device connected mid-session but the tab-group RPC still failed immediately after selecting it) despite being described as confirmed working for this session. Direct WebFetch requests to toyota.com (www.toyota.com/bz/, /bz/features/, /vehicles/bz/2027, /vehicles/bzwoodland/2027, and pressroom.toyota.com/vehicle/2027-toyota-bz/) were all blocked with 403 errors (bot detection); only two pressroom sub-pages loaded once each before also 403'ing. All data below therefore comes from secondary/tertiary sources -- Toyota's own press-release content as relayed by Electrek (which quotes Toyota's official pricing/spec sheet directly), CarsDirect, a Plaza Toyota dealer research summary, TheEVReport, TrueCar, Autoblog, and live new-vehicle dealer inventory listings (Tracy Toyota, Frontier Toyota) that reflect Toyota's own DMS/data feed for specific VINs -- rather than a direct primary capture of Toyota's Build & Price configurator. This is a materially weaker sourcing tier than instructed, similar in spirit to (but for a different root cause than) the MY2026 pilot's Wayback-archive fallback. Per-color extra costs could not be found in ANY source for ANY trim -- CarsDirect's own color page for this model explicitly says 'Build your own to see pricing' rather than listing amounts, so all color costs are left blank rather than guessed. Power liftgate and heat pump status could not be confirmed for the non-Woodland trims in any source found (tagged 'Not confirmed' rather than guessed, per the no-fabrication rule)."
Toyota,bZ,Woodland,2027,AWD,EV,SUV,Raven | Standalone | | ;; Stepping Stone | Standalone | | ;; Halo | Standalone | | ;; Pavement | Standalone | | ;; Steel | Standalone | | ;; Trueno Blue | Standalone | |,Stone Brown SofTex trim | Standalone | | ;; Black SofTex trim | Standalone | |,18-in aluminum wheels with black aero wheel covers | Standard | |,No glass roof/moonroof offered on this trim | Unavailable | |,"5-seat, 2-row SUV layout; no alternate seating configuration or capacity found for any bZ or bZ Woodland trim in any source","Dual electric motors, front and rear axle (standard AWD w/ X-MODE terrain-select system); 375 hp combined system output; 74.7 kWh battery; EPA range up to 281 mi on standard all-season tires, 260 mi with optional all-terrain tires (Woodland-specific higher-output motor tune vs. the regular bZ AWD's 338 hp). 8.4-in ground clearance, 3,500-lb max tow rating, matte-black overfenders and roof rails standard. Single fixed powertrain; no further battery/motor sub-choice within this trim listing itself.","Leather (genuine) | Unavailable | | (SofTex synthetic material) ;; Heated front + outboard rear seats | Standard | | ;; Heated steering wheel | Standard | | ;; Power liftgate (hands-free) | Standard | | (explicitly confirmed as 'hands-free power tailgate' standard on both Woodland trims -- the one trim group where this was directly confirmed) ;; Adaptive cruise control | Standard | | ;; Wireless charging (dual Qi pads) | Standard | | ;; Moonroof/panoramic roof | Unavailable | | (panoramic roof confirmed only on Woodland Premium, not base Woodland) ;; Heat pump | Not confirmed | |",,"https://electrek.co/2026/08/05/2027-toyota-bz-woodland-prices-45000-awd/ ;; https://www.carsdirect.com/toyota/bz-woodland/2027 ;; https://theevreport.com/2027-toyota-bz-woodland-price-range-specs ;; https://www.plazatoyota.com/2027-toyota-bz-whats-changing-release-date-and-pricing-for-nyc-drivers.htm ;; https://pressroom.toyota.com/rugged-powerful-and-charged-up-for-adventure-2027-toyota-bz-woodland/ ;; https://pressroom.toyota.com/vehicle/2027-toyota-bz-woodland/ (loaded once; ground clearance, AWD/X-MODE, 375 hp, cargo, 14-in touchscreen, ambient lighting confirmed here) ;; [BLOCKED 403, could not load] https://www.toyota.com/bzwoodland/ ;; [BLOCKED 403, could not load] https://www.toyota.com/bzwoodland/features/ ;; [BLOCKED 403, could not load] https://www.toyota.com/vehicles/bzwoodland/2027","Woodland uses a completely separate exterior color palette from the regular bZ/XLE/Limited lineup (no shared color names) and a distinct, higher-output AWD powertrain tune -- consistent across all sources checked, no conflicts found on core pricing/spec figures for this trim.","PRIMARY-SOURCE ACCESS FAILURE: Toyota's live Build & Price tool could NOT be directly reached this pass. The Claude-in-Chrome browser tool was non-functional for the entire session (tabs_context_mcp/navigate repeatedly returned 'Chrome extension disconnected' or timed out; list_connected_browsers returned empty for most of the session and briefly showed one device connected mid-session but the tab-group RPC still failed immediately after selecting it) despite being described as confirmed working for this session. Direct WebFetch requests to toyota.com (www.toyota.com/bz/, /bz/features/, /vehicles/bz/2027, /vehicles/bzwoodland/2027, and pressroom.toyota.com/vehicle/2027-toyota-bz/) were all blocked with 403 errors (bot detection); only two pressroom sub-pages loaded once each before also 403'ing. All data below therefore comes from secondary/tertiary sources -- Toyota's own press-release content as relayed by Electrek (which quotes Toyota's official pricing/spec sheet directly), CarsDirect, a Plaza Toyota dealer research summary, TheEVReport, TrueCar, Autoblog, and live new-vehicle dealer inventory listings (Tracy Toyota, Frontier Toyota) that reflect Toyota's own DMS/data feed for specific VINs -- rather than a direct primary capture of Toyota's Build & Price configurator. This is a materially weaker sourcing tier than instructed, similar in spirit to (but for a different root cause than) the MY2026 pilot's Wayback-archive fallback. Per-color extra costs could not be found in ANY source for ANY trim -- CarsDirect's own color page for this model explicitly says 'Build your own to see pricing' rather than listing amounts, so all color costs are left blank rather than guessed. Power liftgate and heat pump status could not be confirmed for the non-Woodland trims in any source found (tagged 'Not confirmed' rather than guessed, per the no-fabrication rule). Pricing confirmed consistent across sources: $45,380 base MSRP / $46,975 with $1,595 delivery (Electrek press-release relay and CarsDirect/Plaza Toyota TSRP both agree exactly)."
Toyota,bZ,Woodland Premium,2027,AWD,EV,SUV,"Raven | Standalone | | ;; Stepping Stone | Standalone | | ;; Halo | Standalone | | ;; Pavement | Standalone | | ;; Steel | Standalone | | ;; Trueno Blue | Standalone | | (CarsDirect notes 'one premium white option' among the six -- which specific color name this refers to, and any associated upcharge, could not be confirmed)",Stone Brown SofTex trim | Standalone | | ;; Black SofTex trim | Standalone | |,"18-in aluminum wheels with black aero wheel covers | Standard | | (not explicitly re-confirmed as unchanged for Premium in any source, but no source mentioned a different wheel for Premium, so reported as same as base Woodland)",Panoramic fixed-glass roof with power sunshade | Standard | |,"5-seat, 2-row SUV layout; no alternate seating configuration or capacity found for any bZ or bZ Woodland trim in any source","Dual electric motors, front and rear axle (standard AWD w/ X-MODE); 375 hp combined system output; 74.7 kWh battery; EPA range up to 281 mi (all-season tires) / 260 mi (all-terrain tires) -- same drivetrain and range figures reported for base Woodland; Premium adds no powertrain change per any source found. Single fixed powertrain; no further battery/motor sub-choice within this trim listing itself.","Leather (genuine) | Unavailable | | (SofTex synthetic material) ;; Heated + ventilated front seats, heated rear seats | Standard | | (ventilated front seats are a Premium-exclusive addition over base Woodland's heated-only front seats) ;; Heated steering wheel | Standard | | ;; Power liftgate (hands-free) | Standard | | ;; Adaptive cruise control | Standard | | ;; Wireless charging (dual Qi pads) | Standard | | ;; Moonroof/panoramic roof | Standard | | (panoramic fixed-glass roof w/ power sunshade is a Premium-exclusive addition -- not available on base Woodland) ;; Heat pump | Not confirmed | |",,"https://electrek.co/2026/08/05/2027-toyota-bz-woodland-prices-45000-awd/ ;; https://www.carsdirect.com/toyota/bz-woodland/2027 ;; https://theevreport.com/2027-toyota-bz-woodland-price-range-specs ;; https://www.plazatoyota.com/2027-toyota-bz-whats-changing-release-date-and-pricing-for-nyc-drivers.htm ;; https://pressroom.toyota.com/rugged-powerful-and-charged-up-for-adventure-2027-toyota-bz-woodland/ ;; https://pressroom.toyota.com/vehicle/2027-toyota-bz-woodland/ (loaded once; ground clearance, AWD/X-MODE, 375 hp, cargo, 14-in touchscreen, ambient lighting confirmed here) ;; [BLOCKED 403, could not load] https://www.toyota.com/bzwoodland/ ;; [BLOCKED 403, could not load] https://www.toyota.com/bzwoodland/features/ ;; [BLOCKED 403, could not load] https://www.toyota.com/vehicles/bzwoodland/2027","No pricing conflicts found for this trim: $47,480 base MSRP / $49,075 with $1,595 delivery agrees exactly across Electrek (press-release relay) and CarsDirect/Plaza Toyota TSRP.","PRIMARY-SOURCE ACCESS FAILURE: Toyota's live Build & Price tool could NOT be directly reached this pass. The Claude-in-Chrome browser tool was non-functional for the entire session (tabs_context_mcp/navigate repeatedly returned 'Chrome extension disconnected' or timed out; list_connected_browsers returned empty for most of the session and briefly showed one device connected mid-session but the tab-group RPC still failed immediately after selecting it) despite being described as confirmed working for this session. Direct WebFetch requests to toyota.com (www.toyota.com/bz/, /bz/features/, /vehicles/bz/2027, /vehicles/bzwoodland/2027, and pressroom.toyota.com/vehicle/2027-toyota-bz/) were all blocked with 403 errors (bot detection); only two pressroom sub-pages loaded once each before also 403'ing. All data below therefore comes from secondary/tertiary sources -- Toyota's own press-release content as relayed by Electrek (which quotes Toyota's official pricing/spec sheet directly), CarsDirect, a Plaza Toyota dealer research summary, TheEVReport, TrueCar, Autoblog, and live new-vehicle dealer inventory listings (Tracy Toyota, Frontier Toyota) that reflect Toyota's own DMS/data feed for specific VINs -- rather than a direct primary capture of Toyota's Build & Price configurator. This is a materially weaker sourcing tier than instructed, similar in spirit to (but for a different root cause than) the MY2026 pilot's Wayback-archive fallback. Per-color extra costs could not be found in ANY source for ANY trim -- CarsDirect's own color page for this model explicitly says 'Build your own to see pricing' rather than listing amounts, so all color costs are left blank rather than guessed. Power liftgate and heat pump status could not be confirmed for the non-Woodland trims in any source found (tagged 'Not confirmed' rather than guessed, per the no-fabrication rule)."
